customer_id,tenure_months,monthly_charges,total_transactions,days_since_last_login,contract_type,payment_method,gender,is_churn
CUST_CH_00001,52,53.68,10,2,Two-Year,Bank Transfer,Female,0
CUST_CH_00002,66,28.98,22,8,Month-to-Month,Bank Transfer,Male,0
CUST_CH_00003,48,109.66,41,52,Month-to-Month,Electronic Check,Female,0
CUST_CH_00004,66,50.97,13,4,Month-to-Month,Electronic Check,Male,1
CUST_CH_00005,33,44.54,42,24,Month-to-Month,Electronic Check,Male,0
CUST_CH_00006,9,53.9,13,53,One-Year,Credit Card,Male,1
CUST_CH_00007,13,54.47,21,13,Two-Year,Credit Card,Male,0
CUST_CH_00008,51,105.83,7,20,Month-to-Month,Bank Transfer,Female,1
CUST_CH_00009,58,116.32,48,18,Two-Year,Electronic Check,Female,1
CUST_CH_00010,14,88.09,5,0,Month-to-Month,Bank Transfer,Male,1
CUST_CH_00011,64,115.49,43,18,Two-Year,Electronic Check,Female,0
CUST_CH_00012,48,109.56,33,38,Month-to-Month,Electronic Check,Female,1
CUST_CH_00013,19,79.37,21,40,One-Year,Bank Transfer,Male,0
CUST_CH_00014,71,78.04,14,3,Month-to-Month,Electronic Check,Male,0
CUST_CH_00015,27,37.42,42,10,Month-to-Month,Electronic Check,Male,0
CUST_CH_00016,37,46.86,38,36,Month-to-Month,Electronic Check,Male,1
CUST_CH_00017,42,67.02,39,26,Two-Year,Electronic Check,Female,0
CUST_CH_00018,54,58.05,29,31,Two-Year,Bank Transfer,Female,0
CUST_CH_00019,63,27.87,13,44,Month-to-Month,Electronic Check,Male,1
CUST_CH_00020,55,74.75,37,35,Month-to-Month,Electronic Check,Male,0
CUST_CH_00021,72,81.77,11,24,Month-to-Month,Credit Card,Male,0
CUST_CH_00022,45,53.78,47,34,Two-Year,Electronic Check,Female,1
CUST_CH_00023,65,34.38,34,5,Month-to-Month,Electronic Check,Male,1
CUST_CH_00024,23,54.46,40,25,Month-to-Month,Bank Transfer,Male,1
CUST_CH_00025,25,71.55,41,7,Month-to-Month,Bank Transfer,Male,0
CUST_CH_00026,71,53.29,5,31,Month-to-Month,Credit Card,Female,0
CUST_CH_00027,53,76.18,14,3,Month-to-Month,Electronic Check,Male,1
CUST_CH_00028,36,82.98,41,5,Month-to-Month,Electronic Check,Female,1
CUST_CH_00029,46,59.59,22,59,Two-Year,Electronic Check,Female,1
CUST_CH_00030,39,64.36,44,18,Month-to-Month,Credit Card,Male,1
CUST_CH_00031,61,73.15,1,46,One-Year,Bank Transfer,Female,1
CUST_CH_00032,65,57.94,49,28,Month-to-Month,Electronic Check,Female,1
CUST_CH_00033,48,85.33,7,33,One-Year,Electronic Check,Female,1
CUST_CH_00034,43,108.11,23,25,Month-to-Month,Electronic Check,Female,1
CUST_CH_00035,63,40.15,42,12,Month-to-Month,Credit Card,Female,1
CUST_CH_00036,45,81.43,14,44,Month-to-Month,Electronic Check,Male,1
CUST_CH_00037,24,62.59,24,19,Month-to-Month,Credit Card,Male,0
CUST_CH_00038,33,53.45,35,56,One-Year,Bank Transfer,Female,0
CUST_CH_00039,42,53.37,13,47,Month-to-Month,Credit Card,Female,1
CUST_CH_00040,29,85.05,10,54,Month-to-Month,Bank Transfer,Female,0
CUST_CH_00041,70,68.88,27,0,Month-to-Month,Bank Transfer,Female,0
CUST_CH_00042,9,20.02,41,51,Month-to-Month,Bank Transfer,Male,1
CUST_CH_00043,38,109.27,48,8,Month-to-Month,Credit Card,Male,1
CUST_CH_00044,15,115.95,42,15,Month-to-Month,Credit Card,Female,1
CUST_CH_00045,49,31.87,50,49,One-Year,Bank Transfer,Female,1
CUST_CH_00046,60,66.38,9,3,Two-Year,Credit Card,Male,1
CUST_CH_00047,62,78.52,26,39,One-Year,Credit Card,Male,1
CUST_CH_00048,36,37.75,39,57,Month-to-Month,Bank Transfer,Male,0
CUST_CH_00049,47,78.63,33,28,One-Year,Credit Card,Female,0
CUST_CH_00050,5,89.6,10,57,Month-to-Month,Bank Transfer,Female,1
CUST_CH_00051,63,49.44,1,38,Two-Year,Credit Card,Female,0
CUST_CH_00052,37,84.44,45,5,Month-to-Month,Bank Transfer,Female,0
CUST_CH_00053,58,33.49,20,30,Month-to-Month,Bank Transfer,Male,0
CUST_CH_00054,44,87.46,23,59,Month-to-Month,Electronic Check,Male,1
CUST_CH_00055,18,102.26,32,42,Month-to-Month,Bank Transfer,Male,1
CUST_CH_00056,16,85.46,38,33,Month-to-Month,Credit Card,Female,1
CUST_CH_00057,23,95.08,6,46,One-Year,Electronic Check,Female,0
CUST_CH_00058,20,76.94,12,35,Month-to-Month,Credit Card,Female,1
CUST_CH_00059,36,89.32,13,29,Two-Year,Bank Transfer,Male,0
CUST_CH_00060,68,103.94,28,3,One-Year,Credit Card,Female,0
CUST_CH_00061,36,72.51,48,35,Two-Year,Bank Transfer,Female,0
CUST_CH_00062,26,111.46,44,50,One-Year,Electronic Check,Female,0
CUST_CH_00063,23,27.4,44,56,Month-to-Month,Credit Card,Male,1
CUST_CH_00064,36,89.65,42,2,Month-to-Month,Credit Card,Female,1
CUST_CH_00065,71,119.0,30,2,Month-to-Month,Electronic Check,Female,1
CUST_CH_00066,59,38.41,30,10,Month-to-Month,Credit Card,Female,1
CUST_CH_00067,71,35.29,2,35,One-Year,Electronic Check,Female,1
CUST_CH_00068,47,73.39,7,38,Month-to-Month,Credit Card,Female,1
CUST_CH_00069,38,45.69,43,44,One-Year,Bank Transfer,Female,0
CUST_CH_00070,41,73.17,46,60,Month-to-Month,Bank Transfer,Male,1
CUST_CH_00071,12,55.94,37,17,Two-Year,Electronic Check,Male,0
CUST_CH_00072,46,110.93,30,37,One-Year,Credit Card,Male,1
CUST_CH_00073,44,113.27,32,23,Month-to-Month,Bank Transfer,Female,1
CUST_CH_00074,37,85.38,10,3,Two-Year,Bank Transfer,Female,0
CUST_CH_00075,14,46.87,16,40,One-Year,Electronic Check,Female,0
CUST_CH_00076,64,82.92,49,34,Month-to-Month,Credit Card,Male,1
CUST_CH_00077,56,53.39,20,54,Two-Year,Bank Transfer,Female,0
CUST_CH_00078,35,26.3,4,11,One-Year,Bank Transfer,Female,0
CUST_CH_00079,25,101.57,15,21,Two-Year,Bank Transfer,Male,1
CUST_CH_00080,47,77.53,17,50,One-Year,Bank Transfer,Female,1
CUST_CH_00081,3,73.53,45,17,One-Year,Credit Card,Female,1
CUST_CH_00082,4,53.62,28,3,Month-to-Month,Credit Card,Female,0
CUST_CH_00083,72,84.21,5,60,Month-to-Month,Credit Card,Male,1
CUST_CH_00084,67,87.8,37,11,Two-Year,Bank Transfer,Female,0
CUST_CH_00085,41,79.93,2,15,Month-to-Month,Bank Transfer,Female,1
CUST_CH_00086,35,63.84,46,41,One-Year,Credit Card,Male,1
CUST_CH_00087,2,48.18,28,17,One-Year,Electronic Check,Female,0
CUST_CH_00088,10,41.33,34,60,Two-Year,Credit Card,Female,1
CUST_CH_00089,7,92.44,47,52,One-Year,Bank Transfer,Female,1
CUST_CH_00090,66,22.93,1,32,One-Year,Electronic Check,Female,0
CUST_CH_00091,67,103.24,26,19,Two-Year,Credit Card,Female,0
CUST_CH_00092,24,105.41,12,59,One-Year,Electronic Check,Male,1
CUST_CH_00093,40,56.26,1,0,Month-to-Month,Credit Card,Male,1
CUST_CH_00094,72,83.43,27,38,Two-Year,Electronic Check,Male,0
CUST_CH_00095,15,77.27,39,41,Month-to-Month,Credit Card,Female,1
CUST_CH_00096,68,34.01,48,25,One-Year,Credit Card,Male,0
CUST_CH_00097,13,93.42,33,34,Month-to-Month,Electronic Check,Male,0
CUST_CH_00098,27,100.53,24,7,Month-to-Month,Bank Transfer,Male,0
CUST_CH_00099,29,69.38,7,49,Two-Year,Electronic Check,Female,0
CUST_CH_00100,18,74.13,26,23,Month-to-Month,Credit Card,Female,1
CUST_CH_00101,45,84.7,18,45,Month-to-Month,Bank Transfer,Female,1
CUST_CH_00102,45,57.26,18,48,Month-to-Month,Credit Card,Male,1
CUST_CH_00103,15,88.04,42,28,Month-to-Month,Credit Card,Female,1
CUST_CH_00104,36,67.9,15,34,Month-to-Month,Bank Transfer,Male,1
CUST_CH_00105,2,23.47,37,33,Two-Year,Electronic Check,Male,0
CUST_CH_00106,12,40.27,18,43,Month-to-Month,Electronic Check,Female,1
CUST_CH_00107,42,72.81,13,41,Month-to-Month,Electronic Check,Female,1
CUST_CH_00108,14,53.62,10,38,Month-to-Month,Credit Card,Male,1
CUST_CH_00109,5,109.87,44,34,One-Year,Electronic Check,Female,1
CUST_CH_00110,43,41.42,4,60,One-Year,Electronic Check,Female,0
CUST_CH_00111,38,64.75,14,31,One-Year,Bank Transfer,Male,0
CUST_CH_00112,3,103.77,13,57,One-Year,Electronic Check,Female,1
CUST_CH_00113,65,54.93,43,11,Month-to-Month,Credit Card,Female,0
CUST_CH_00114,15,112.78,13,34,Month-to-Month,Bank Transfer,Female,1
CUST_CH_00115,31,25.34,41,39,Month-to-Month,Bank Transfer,Female,0
CUST_CH_00116,9,99.93,49,18,Month-to-Month,Bank Transfer,Female,1
CUST_CH_00117,18,97.89,14,14,One-Year,Credit Card,Female,1
CUST_CH_00118,38,110.31,5,25,One-Year,Bank Transfer,Male,1
CUST_CH_00119,61,86.7,35,55,Two-Year,Bank Transfer,Female,0
CUST_CH_00120,70,97.54,8,34,Month-to-Month,Bank Transfer,Female,1
CUST_CH_00121,71,95.52,40,41,Two-Year,Bank Transfer,Female,1
CUST_CH_00122,68,98.02,42,17,Month-to-Month,Credit Card,Male,1
CUST_CH_00123,47,56.59,43,43,Two-Year,Credit Card,Male,0
CUST_CH_00124,42,59.27,40,6,Two-Year,Electronic Check,Female,1
CUST_CH_00125,20,49.54,33,33,Two-Year,Credit Card,Female,0
CUST_CH_00126,72,66.37,27,52,Two-Year,Electronic Check,Female,0
CUST_CH_00127,48,43.12,39,44,Month-to-Month,Electronic Check,Female,1
CUST_CH_00128,33,55.01,18,16,Month-to-Month,Credit Card,Male,0
CUST_CH_00129,49,82.0,47,1,Month-to-Month,Bank Transfer,Male,0
CUST_CH_00130,14,36.65,4,31,One-Year,Credit Card,Male,0
CUST_CH_00131,64,50.89,15,38,Month-to-Month,Electronic Check,Male,1
CUST_CH_00132,50,92.56,15,54,Two-Year,Bank Transfer,Female,0
CUST_CH_00133,9,93.6,36,25,Month-to-Month,Bank Transfer,Male,1
CUST_CH_00134,57,103.98,2,57,Two-Year,Credit Card,Male,0
CUST_CH_00135,54,104.93,29,32,Month-to-Month,Bank Transfer,Female,1
CUST_CH_00136,24,89.25,5,41,One-Year,Electronic Check,Male,0
CUST_CH_00137,25,55.6,14,39,Month-to-Month,Credit Card,Male,0
CUST_CH_00138,18,46.11,33,45,One-Year,Electronic Check,Male,0
CUST_CH_00139,67,30.86,22,32,Month-to-Month,Electronic Check,Male,1
CUST_CH_00140,52,102.9,49,20,Month-to-Month,Electronic Check,Female,0
CUST_CH_00141,34,46.0,23,40,Month-to-Month,Bank Transfer,Female,1
CUST_CH_00142,62,91.88,34,33,Two-Year,Credit Card,Female,0
CUST_CH_00143,29,33.14,30,2,One-Year,Credit Card,Male,0
CUST_CH_00144,69,82.42,9,29,Month-to-Month,Electronic Check,Male,1
CUST_CH_00145,66,110.85,18,38,Two-Year,Bank Transfer,Female,0
CUST_CH_00146,60,41.77,15,26,Month-to-Month,Bank Transfer,Male,1
CUST_CH_00147,27,109.97,8,30,One-Year,Credit Card,Male,1
CUST_CH_00148,65,30.15,16,56,Month-to-Month,Bank Transfer,Male,0
CUST_CH_00149,2,48.21,28,34,One-Year,Electronic Check,Female,0
CUST_CH_00150,13,56.7,26,12,Two-Year,Credit Card,Female,0
CUST_CH_00151,29,43.25,5,25,Month-to-Month,Credit Card,Female,1
CUST_CH_00152,45,22.69,28,16,One-Year,Electronic Check,Female,0
CUST_CH_00153,57,54.47,27,54,One-Year,Electronic Check,Male,0
CUST_CH_00154,8,107.18,18,46,Month-to-Month,Electronic Check,Female,1
CUST_CH_00155,68,49.68,31,22,Month-to-Month,Credit Card,Female,1
CUST_CH_00156,16,80.47,18,23,Month-to-Month,Bank Transfer,Male,1
CUST_CH_00157,14,35.9,11,20,One-Year,Bank Transfer,Female,1
CUST_CH_00158,42,90.46,14,40,Month-to-Month,Credit Card,Male,1
CUST_CH_00159,62,43.88,5,30,Month-to-Month,Bank Transfer,Male,1
CUST_CH_00160,43,24.56,6,5,Month-to-Month,Bank Transfer,Male,0
CUST_CH_00161,28,82.25,2,6,Two-Year,Credit Card,Male,0
CUST_CH_00162,37,36.75,31,28,Month-to-Month,Electronic Check,Female,0
CUST_CH_00163,53,71.25,13,20,One-Year,Electronic Check,Male,0
CUST_CH_00164,17,65.43,46,56,Two-Year,Bank Transfer,Female,0
CUST_CH_00165,36,50.14,12,58,Month-to-Month,Credit Card,Male,1
CUST_CH_00166,58,72.76,29,10,One-Year,Bank Transfer,Female,0
CUST_CH_00167,68,79.73,37,48,Month-to-Month,Bank Transfer,Female,1
CUST_CH_00168,50,32.84,5,33,Two-Year,Credit Card,Female,0
CUST_CH_00169,12,71.92,36,25,One-Year,Electronic Check,Female,1
CUST_CH_00170,37,105.25,38,20,Month-to-Month,Credit Card,Female,1
CUST_CH_00171,57,59.15,7,17,One-Year,Credit Card,Female,0
CUST_CH_00172,32,47.56,25,8,Month-to-Month,Credit Card,Male,1
CUST_CH_00173,55,47.96,9,2,Month-to-Month,Electronic Check,Female,0
CUST_CH_00174,11,93.73,8,56,One-Year,Bank Transfer,Female,1
CUST_CH_00175,32,48.23,20,4,Month-to-Month,Credit Card,Male,0
CUST_CH_00176,27,98.56,5,39,Two-Year,Credit Card,Male,1
CUST_CH_00177,44,95.24,25,2,Month-to-Month,Electronic Check,Male,0
CUST_CH_00178,37,106.44,27,37,Month-to-Month,Bank Transfer,Male,1
CUST_CH_00179,58,66.22,11,60,One-Year,Credit Card,Female,0
CUST_CH_00180,68,66.18,15,27,One-Year,Bank Transfer,Female,1
CUST_CH_00181,12,25.11,44,50,Month-to-Month,Bank Transfer,Male,0
CUST_CH_00182,38,92.25,25,7,Month-to-Month,Credit Card,Female,0
CUST_CH_00183,34,48.83,35,41,One-Year,Electronic Check,Female,1
CUST_CH_00184,32,42.3,7,44,One-Year,Credit Card,Female,1
CUST_CH_00185,72,22.06,17,20,Month-to-Month,Credit Card,Female,1
CUST_CH_00186,31,99.57,12,18,Month-to-Month,Electronic Check,Female,1
CUST_CH_00187,24,114.84,17,51,Two-Year,Electronic Check,Male,1
CUST_CH_00188,27,84.7,9,40,Month-to-Month,Bank Transfer,Female,1
CUST_CH_00189,17,34.83,49,11,Month-to-Month,Bank Transfer,Male,1
CUST_CH_00190,32,83.17,32,12,Two-Year,Credit Card,Male,0
CUST_CH_00191,50,59.79,1,25,One-Year,Bank Transfer,Female,1
CUST_CH_00192,58,74.74,33,18,Month-to-Month,Bank Transfer,Female,1
CUST_CH_00193,52,88.26,4,31,Two-Year,Credit Card,Male,0
CUST_CH_00194,64,110.67,5,54,One-Year,Electronic Check,Male,1
CUST_CH_00195,25,29.61,47,44,Month-to-Month,Bank Transfer,Female,1
CUST_CH_00196,57,47.16,45,54,One-Year,Credit Card,Female,1
CUST_CH_00197,39,115.74,45,30,Month-to-Month,Credit Card,Male,1
CUST_CH_00198,32,78.85,37,44,One-Year,Bank Transfer,Female,1
CUST_CH_00199,49,73.93,31,47,Month-to-Month,Electronic Check,Male,1
CUST_CH_00200,9,39.49,45,60,Month-to-Month,Credit Card,Male,1
CUST_CH_00201,48,68.1,33,32,Month-to-Month,Bank Transfer,Male,1
CUST_CH_00202,3,81.67,33,60,Month-to-Month,Bank Transfer,Female,1
CUST_CH_00203,27,33.64,42,38,Month-to-Month,Bank Transfer,Male,1
CUST_CH_00204,32,83.86,36,49,Month-to-Month,Bank Transfer,Female,1
CUST_CH_00205,24,80.8,21,41,Two-Year,Bank Transfer,Female,0
CUST_CH_00206,38,60.26,19,35,One-Year,Electronic Check,Male,0
CUST_CH_00207,40,48.58,24,38,Month-to-Month,Credit Card,Female,1
CUST_CH_00208,36,37.96,48,23,Month-to-Month,Credit Card,Female,1
CUST_CH_00209,50,50.27,32,22,Month-to-Month,Credit Card,Female,0
CUST_CH_00210,50,68.57,20,41,Two-Year,Bank Transfer,Female,0
CUST_CH_00211,48,116.96,46,19,Month-to-Month,Bank Transfer,Female,1
CUST_CH_00212,72,83.53,48,54,Month-to-Month,Credit Card,Female,0
CUST_CH_00213,3,76.71,50,12,One-Year,Credit Card,Male,1
CUST_CH_00214,29,77.03,40,3,Two-Year,Credit Card,Female,0
CUST_CH_00215,10,47.32,23,5,Two-Year,Electronic Check,Male,0
CUST_CH_00216,14,44.64,4,32,Two-Year,Electronic Check,Male,1
CUST_CH_00217,45,78.15,2,14,Month-to-Month,Bank Transfer,Female,0
CUST_CH_00218,27,22.53,7,49,One-Year,Credit Card,Female,0
CUST_CH_00219,19,73.16,42,44,One-Year,Credit Card,Female,1
CUST_CH_00220,10,75.1,16,31,Month-to-Month,Credit Card,Male,0
CUST_CH_00221,39,54.66,48,7,Month-to-Month,Bank Transfer,Male,1
CUST_CH_00222,64,36.17,2,45,Two-Year,Bank Transfer,Male,1
CUST_CH_00223,46,45.22,27,13,One-Year,Credit Card,Male,1
CUST_CH_00224,15,115.54,49,50,Month-to-Month,Bank Transfer,Male,1
CUST_CH_00225,45,37.47,5,45,Month-to-Month,Credit Card,Female,1
CUST_CH_00226,37,105.84,26,57,Month-to-Month,Electronic Check,Male,1
CUST_CH_00227,69,21.76,42,27,Month-to-Month,Credit Card,Male,1
CUST_CH_00228,63,66.87,31,45,Two-Year,Credit Card,Female,1
CUST_CH_00229,45,86.54,26,18,One-Year,Credit Card,Male,1
CUST_CH_00230,47,31.9,39,24,Month-to-Month,Electronic Check,Female,1
CUST_CH_00231,50,119.37,44,14,Month-to-Month,Electronic Check,Male,1
CUST_CH_00232,37,71.31,15,14,Month-to-Month,Electronic Check,Female,1
CUST_CH_00233,52,110.99,8,24,Month-to-Month,Credit Card,Female,1
CUST_CH_00234,18,80.94,4,39,Two-Year,Credit Card,Male,1
CUST_CH_00235,61,60.08,44,46,One-Year,Bank Transfer,Female,0
CUST_CH_00236,9,27.77,19,45,Month-to-Month,Bank Transfer,Female,1
CUST_CH_00237,61,34.72,36,55,Two-Year,Bank Transfer,Male,1
CUST_CH_00238,35,51.22,33,37,Month-to-Month,Bank Transfer,Male,0
CUST_CH_00239,44,77.61,44,34,One-Year,Electronic Check,Female,0
CUST_CH_00240,59,23.43,22,25,Month-to-Month,Electronic Check,Female,1
CUST_CH_00241,59,29.17,10,42,Month-to-Month,Credit Card,Female,0
CUST_CH_00242,35,90.43,47,33,One-Year,Electronic Check,Male,1
CUST_CH_00243,41,94.99,1,29,One-Year,Electronic Check,Male,1
CUST_CH_00244,1,22.47,42,8,Month-to-Month,Bank Transfer,Female,1
CUST_CH_00245,32,51.14,29,37,Month-to-Month,Credit Card,Female,1
CUST_CH_00246,16,105.25,7,4,Month-to-Month,Credit Card,Male,1
CUST_CH_00247,36,90.76,16,46,Month-to-Month,Electronic Check,Male,1
CUST_CH_00248,36,111.65,12,47,Month-to-Month,Credit Card,Female,1
CUST_CH_00249,13,62.82,38,57,Two-Year,Credit Card,Female,1
CUST_CH_00250,42,96.86,42,7,One-Year,Bank Transfer,Female,1
CUST_CH_00251,32,97.6,31,31,One-Year,Electronic Check,Female,0
CUST_CH_00252,50,32.51,11,25,Month-to-Month,Electronic Check,Female,0
CUST_CH_00253,47,41.25,15,31,Two-Year,Credit Card,Male,1
CUST_CH_00254,26,100.55,36,14,One-Year,Electronic Check,Female,1
CUST_CH_00255,29,40.74,43,45,One-Year,Bank Transfer,Male,1
CUST_CH_00256,39,28.01,42,13,One-Year,Bank Transfer,Female,0
CUST_CH_00257,38,83.39,8,48,Month-to-Month,Bank Transfer,Female,0
CUST_CH_00258,37,27.97,41,11,Two-Year,Credit Card,Male,0
CUST_CH_00259,31,21.83,8,44,Month-to-Month,Bank Transfer,Male,1
CUST_CH_00260,23,53.32,14,24,Month-to-Month,Electronic Check,Male,0
CUST_CH_00261,54,57.04,4,21,One-Year,Credit Card,Female,1
CUST_CH_00262,64,108.64,45,30,Two-Year,Electronic Check,Female,0
CUST_CH_00263,36,118.53,49,23,Two-Year,Bank Transfer,Male,1
CUST_CH_00264,69,34.61,50,22,One-Year,Electronic Check,Female,0
CUST_CH_00265,23,66.38,39,18,Month-to-Month,Credit Card,Male,0
CUST_CH_00266,28,50.36,27,54,Two-Year,Credit Card,Female,0
CUST_CH_00267,11,27.67,4,34,Month-to-Month,Bank Transfer,Female,0
CUST_CH_00268,12,52.9,26,9,Month-to-Month,Credit Card,Male,1
CUST_CH_00269,28,62.16,38,42,One-Year,Bank Transfer,Female,1
CUST_CH_00270,13,29.41,17,18,One-Year,Bank Transfer,Male,0
CUST_CH_00271,22,63.5,14,27,Month-to-Month,Credit Card,Male,1
CUST_CH_00272,54,85.33,15,16,Month-to-Month,Credit Card,Female,1
CUST_CH_00273,3,83.24,17,51,Month-to-Month,Electronic Check,Male,1
CUST_CH_00274,66,94.87,22,11,Month-to-Month,Credit Card,Female,0
CUST_CH_00275,36,61.59,38,51,Two-Year,Credit Card,Female,1
CUST_CH_00276,41,40.36,22,24,Month-to-Month,Credit Card,Female,0
CUST_CH_00277,32,116.74,23,30,Month-to-Month,Credit Card,Male,1
CUST_CH_00278,42,55.43,21,2,Month-to-Month,Credit Card,Male,0
CUST_CH_00279,18,38.19,44,38,Two-Year,Electronic Check,Female,1
CUST_CH_00280,40,99.44,37,40,Month-to-Month,Credit Card,Female,0
CUST_CH_00281,54,35.48,4,27,One-Year,Credit Card,Female,0
CUST_CH_00282,3,95.17,43,24,Month-to-Month,Electronic Check,Male,1
CUST_CH_00283,60,80.11,4,48,One-Year,Electronic Check,Female,1
CUST_CH_00284,70,109.25,7,20,Two-Year,Bank Transfer,Female,1
CUST_CH_00285,70,78.93,43,21,Two-Year,Electronic Check,Male,0
CUST_CH_00286,67,94.81,3,24,One-Year,Bank Transfer,Female,1
CUST_CH_00287,28,27.77,36,2,Month-to-Month,Credit Card,Female,1
CUST_CH_00288,56,110.26,10,10,Month-to-Month,Bank Transfer,Male,0
CUST_CH_00289,50,76.4,39,5,Month-to-Month,Bank Transfer,Female,0
CUST_CH_00290,52,38.16,13,32,One-Year,Credit Card,Female,0
CUST_CH_00291,54,97.65,25,40,Two-Year,Credit Card,Female,1
CUST_CH_00292,23,32.68,2,12,One-Year,Bank Transfer,Female,0
CUST_CH_00293,11,97.57,3,12,Two-Year,Bank Transfer,Male,0
CUST_CH_00294,51,70.74,50,56,Month-to-Month,Electronic Check,Female,0
CUST_CH_00295,44,47.97,5,20,Month-to-Month,Bank Transfer,Male,0
CUST_CH_00296,52,63.34,32,30,One-Year,Bank Transfer,Male,0
CUST_CH_00297,31,47.72,49,32,Two-Year,Electronic Check,Male,0
CUST_CH_00298,70,87.45,37,41,Month-to-Month,Credit Card,Male,1
CUST_CH_00299,58,63.51,4,34,Two-Year,Credit Card,Male,1
CUST_CH_00300,59,20.08,22,16,Month-to-Month,Electronic Check,Female,0
CUST_CH_00301,9,22.95,44,31,Two-Year,Electronic Check,Male,1
CUST_CH_00302,22,115.76,15,56,Month-to-Month,Bank Transfer,Male,0
CUST_CH_00303,28,77.72,22,7,One-Year,Electronic Check,Female,0
CUST_CH_00304,3,32.32,24,51,Two-Year,Electronic Check,Female,1
CUST_CH_00305,50,112.37,11,1,Two-Year,Credit Card,Female,0
CUST_CH_00306,70,108.09,22,42,One-Year,Credit Card,Male,1
CUST_CH_00307,17,59.91,50,32,Month-to-Month,Credit Card,Female,1
CUST_CH_00308,30,39.37,13,23,One-Year,Credit Card,Male,0
CUST_CH_00309,7,67.17,50,32,Month-to-Month,Credit Card,Male,0
CUST_CH_00310,38,57.31,25,36,One-Year,Bank Transfer,Female,1
CUST_CH_00311,42,81.17,45,32,Month-to-Month,Electronic Check,Male,1
CUST_CH_00312,67,91.37,21,17,Month-to-Month,Electronic Check,Male,1
CUST_CH_00313,31,47.23,27,55,Month-to-Month,Credit Card,Female,1
CUST_CH_00314,66,89.99,8,17,One-Year,Bank Transfer,Male,0
CUST_CH_00315,42,39.21,37,10,Month-to-Month,Bank Transfer,Male,1
CUST_CH_00316,54,36.6,24,60,One-Year,Bank Transfer,Female,1
CUST_CH_00317,68,55.13,6,21,Two-Year,Credit Card,Female,0
CUST_CH_00318,12,78.09,34,33,One-Year,Credit Card,Male,1
CUST_CH_00319,35,88.01,22,12,Month-to-Month,Bank Transfer,Female,1
CUST_CH_00320,3,43.17,4,51,Two-Year,Electronic Check,Female,1
CUST_CH_00321,48,50.26,13,12,Two-Year,Bank Transfer,Male,0
CUST_CH_00322,19,93.5,37,32,One-Year,Credit Card,Male,1
CUST_CH_00323,39,101.84,21,35,Month-to-Month,Electronic Check,Female,0
CUST_CH_00324,49,98.47,41,41,Month-to-Month,Bank Transfer,Female,1
CUST_CH_00325,52,118.22,24,53,Month-to-Month,Bank Transfer,Female,1
CUST_CH_00326,7,38.87,18,16,Month-to-Month,Electronic Check,Female,1
CUST_CH_00327,45,35.53,26,33,Month-to-Month,Credit Card,Female,0
CUST_CH_00328,52,63.4,8,9,Month-to-Month,Bank Transfer,Male,0
CUST_CH_00329,10,98.37,7,24,One-Year,Bank Transfer,Male,1
CUST_CH_00330,37,118.1,36,10,One-Year,Electronic Check,Male,0
CUST_CH_00331,33,55.55,4,45,One-Year,Bank Transfer,Male,1
CUST_CH_00332,38,57.61,13,3,Two-Year,Credit Card,Male,1
CUST_CH_00333,71,23.87,25,18,Month-to-Month,Electronic Check,Male,0
CUST_CH_00334,25,30.99,6,21,Two-Year,Credit Card,Female,1
CUST_CH_00335,15,115.84,43,55,Month-to-Month,Credit Card,Male,0
CUST_CH_00336,13,115.77,14,33,Month-to-Month,Bank Transfer,Female,1
CUST_CH_00337,62,56.72,37,37,Two-Year,Credit Card,Female,1
CUST_CH_00338,1,63.06,20,35,Month-to-Month,Bank Transfer,Female,1
CUST_CH_00339,59,61.71,38,44,Month-to-Month,Bank Transfer,Male,0
CUST_CH_00340,32,66.6,3,4,One-Year,Electronic Check,Female,0
CUST_CH_00341,52,21.1,27,57,One-Year,Electronic Check,Female,0
CUST_CH_00342,17,43.35,32,19,Month-to-Month,Electronic Check,Female,1
CUST_CH_00343,8,45.75,5,55,Two-Year,Electronic Check,Male,0
CUST_CH_00344,48,88.4,40,33,One-Year,Bank Transfer,Female,0
CUST_CH_00345,63,94.64,32,16,Month-to-Month,Electronic Check,Female,1
CUST_CH_00346,72,26.25,21,59,One-Year,Electronic Check,Male,1
CUST_CH_00347,41,102.75,41,34,Month-to-Month,Bank Transfer,Female,0
CUST_CH_00348,49,85.62,4,40,Two-Year,Electronic Check,Male,1
CUST_CH_00349,29,62.26,33,18,Month-to-Month,Electronic Check,Female,1
CUST_CH_00350,56,52.79,43,27,Month-to-Month,Electronic Check,Female,1
CUST_CH_00351,3,90.01,6,6,Two-Year,Credit Card,Male,0
CUST_CH_00352,70,72.04,20,3,Month-to-Month,Credit Card,Male,0
CUST_CH_00353,38,36.15,37,55,Two-Year,Bank Transfer,Female,0
CUST_CH_00354,61,83.79,49,51,Two-Year,Credit Card,Female,0
CUST_CH_00355,65,64.47,26,43,One-Year,Bank Transfer,Male,1
CUST_CH_00356,16,102.6,5,50,Month-to-Month,Credit Card,Female,0
CUST_CH_00357,24,86.72,39,14,Month-to-Month,Electronic Check,Female,1
CUST_CH_00358,38,82.11,37,33,One-Year,Electronic Check,Female,1
CUST_CH_00359,2,55.32,35,33,Month-to-Month,Electronic Check,Female,0
CUST_CH_00360,43,24.44,6,11,Two-Year,Bank Transfer,Female,0
CUST_CH_00361,38,40.63,39,3,Month-to-Month,Bank Transfer,Male,1
CUST_CH_00362,26,114.66,31,31,Month-to-Month,Credit Card,Male,1
CUST_CH_00363,41,115.83,21,6,Month-to-Month,Credit Card,Male,0
CUST_CH_00364,8,48.76,34,22,Month-to-Month,Electronic Check,Male,1
CUST_CH_00365,68,49.82,14,14,Month-to-Month,Credit Card,Male,0
CUST_CH_00366,59,117.02,18,12,Two-Year,Bank Transfer,Female,1
CUST_CH_00367,58,84.11,21,27,Month-to-Month,Credit Card,Male,0
CUST_CH_00368,64,46.44,49,4,One-Year,Electronic Check,Female,0
CUST_CH_00369,68,31.12,1,0,One-Year,Bank Transfer,Female,0
CUST_CH_00370,13,117.11,30,28,Month-to-Month,Bank Transfer,Male,1
CUST_CH_00371,68,26.48,23,44,Month-to-Month,Credit Card,Female,0
CUST_CH_00372,40,79.34,24,2,Two-Year,Electronic Check,Female,0
CUST_CH_00373,71,53.79,14,60,Month-to-Month,Electronic Check,Female,1
CUST_CH_00374,30,84.41,43,29,Month-to-Month,Electronic Check,Male,1
CUST_CH_00375,54,30.84,50,18,Two-Year,Bank Transfer,Male,1
CUST_CH_00376,26,45.49,32,43,Month-to-Month,Credit Card,Female,1
CUST_CH_00377,13,105.11,1,53,One-Year,Credit Card,Female,0
CUST_CH_00378,10,91.37,42,33,One-Year,Credit Card,Female,1
CUST_CH_00379,61,70.83,6,26,Month-to-Month,Bank Transfer,Female,0
CUST_CH_00380,29,90.74,6,35,Month-to-Month,Credit Card,Male,1
CUST_CH_00381,10,37.5,15,0,Two-Year,Bank Transfer,Female,0
CUST_CH_00382,47,47.29,12,11,One-Year,Bank Transfer,Male,0
CUST_CH_00383,52,96.5,33,47,Month-to-Month,Electronic Check,Female,0
CUST_CH_00384,55,59.45,49,32,Month-to-Month,Electronic Check,Male,0
CUST_CH_00385,44,119.74,4,52,Month-to-Month,Credit Card,Female,1
CUST_CH_00386,67,25.71,30,40,Month-to-Month,Electronic Check,Male,1
CUST_CH_00387,25,77.39,22,31,One-Year,Credit Card,Female,0
CUST_CH_00388,28,39.22,18,56,Two-Year,Credit Card,Male,0
CUST_CH_00389,53,21.8,25,36,One-Year,Electronic Check,Male,0
CUST_CH_00390,16,68.69,22,21,Month-to-Month,Electronic Check,Male,0
CUST_CH_00391,2,74.48,40,36,Month-to-Month,Electronic Check,Male,1
CUST_CH_00392,68,73.98,38,39,Month-to-Month,Credit Card,Female,0
CUST_CH_00393,10,33.3,7,10,Month-to-Month,Electronic Check,Male,1
CUST_CH_00394,32,94.32,42,10,Month-to-Month,Bank Transfer,Female,1
CUST_CH_00395,32,25.5,33,10,Month-to-Month,Bank Transfer,Male,0
CUST_CH_00396,41,64.56,31,41,Two-Year,Electronic Check,Male,0
CUST_CH_00397,54,88.24,2,25,One-Year,Credit Card,Female,1
CUST_CH_00398,13,67.96,26,12,Month-to-Month,Credit Card,Female,1
CUST_CH_00399,58,59.0,20,21,Month-to-Month,Electronic Check,Male,1
CUST_CH_00400,55,60.78,37,31,Two-Year,Bank Transfer,Male,1
CUST_CH_00401,45,108.88,47,26,Month-to-Month,Bank Transfer,Female,1
CUST_CH_00402,72,116.88,20,33,Two-Year,Credit Card,Male,0
CUST_CH_00403,13,28.64,30,44,Month-to-Month,Credit Card,Female,0
CUST_CH_00404,69,88.79,38,54,Month-to-Month,Bank Transfer,Male,1
CUST_CH_00405,25,30.18,46,31,Two-Year,Credit Card,Female,0
CUST_CH_00406,9,39.38,8,21,One-Year,Bank Transfer,Male,0
CUST_CH_00407,18,76.25,23,56,Month-to-Month,Electronic Check,Male,1
CUST_CH_00408,17,84.24,31,50,Two-Year,Bank Transfer,Female,1
CUST_CH_00409,7,95.75,23,43,Month-to-Month,Bank Transfer,Male,1
CUST_CH_00410,63,35.35,36,11,Two-Year,Bank Transfer,Male,0
CUST_CH_00411,58,31.82,3,28,Month-to-Month,Bank Transfer,Female,1
CUST_CH_00412,42,70.03,3,33,Month-to-Month,Credit Card,Male,0
CUST_CH_00413,56,74.16,32,27,Month-to-Month,Electronic Check,Female,1
CUST_CH_00414,61,94.25,42,48,Month-to-Month,Bank Transfer,Male,1
CUST_CH_00415,62,107.09,17,16,Month-to-Month,Bank Transfer,Male,1
CUST_CH_00416,20,47.77,5,52,One-Year,Credit Card,Male,0
CUST_CH_00417,16,69.6,15,11,Two-Year,Credit Card,Female,0
CUST_CH_00418,29,57.93,43,9,Month-to-Month,Credit Card,Female,1
CUST_CH_00419,36,30.97,20,5,Two-Year,Credit Card,Male,1
CUST_CH_00420,21,114.71,29,20,Month-to-Month,Electronic Check,Female,0
CUST_CH_00421,46,102.19,11,52,Month-to-Month,Electronic Check,Female,0
CUST_CH_00422,66,49.46,41,23,Month-to-Month,Credit Card,Male,1
CUST_CH_00423,23,40.71,50,47,One-Year,Electronic Check,Female,0
CUST_CH_00424,66,30.38,6,58,Month-to-Month,Bank Transfer,Male,0
CUST_CH_00425,57,56.2,48,32,Month-to-Month,Electronic Check,Female,0
CUST_CH_00426,30,51.91,20,28,Two-Year,Electronic Check,Female,0
CUST_CH_00427,71,72.39,44,50,One-Year,Bank Transfer,Female,0
CUST_CH_00428,2,23.88,11,45,Month-to-Month,Electronic Check,Female,1
CUST_CH_00429,60,42.47,4,48,One-Year,Electronic Check,Male,1
CUST_CH_00430,4,104.86,11,42,Month-to-Month,Credit Card,Male,1
CUST_CH_00431,60,83.59,8,4,Two-Year,Electronic Check,Female,0
CUST_CH_00432,17,115.18,6,37,Month-to-Month,Credit Card,Female,1
CUST_CH_00433,19,116.39,5,0,Month-to-Month,Electronic Check,Male,0
CUST_CH_00434,12,89.76,1,37,One-Year,Bank Transfer,Male,0
CUST_CH_00435,43,52.67,16,19,Two-Year,Electronic Check,Male,0
CUST_CH_00436,33,53.0,21,24,One-Year,Electronic Check,Female,1
CUST_CH_00437,66,101.28,38,41,Two-Year,Bank Transfer,Female,0
CUST_CH_00438,5,54.13,42,43,Month-to-Month,Credit Card,Male,1
CUST_CH_00439,50,30.35,45,17,Month-to-Month,Bank Transfer,Male,0
CUST_CH_00440,54,37.0,48,33,One-Year,Bank Transfer,Male,0
CUST_CH_00441,57,101.98,7,48,Two-Year,Electronic Check,Male,0
CUST_CH_00442,71,114.66,12,48,One-Year,Electronic Check,Female,0
CUST_CH_00443,57,95.58,2,17,One-Year,Bank Transfer,Female,0
CUST_CH_00444,40,43.64,5,19,Month-to-Month,Credit Card,Female,0
CUST_CH_00445,48,32.32,6,25,One-Year,Credit Card,Male,0
CUST_CH_00446,12,90.48,45,47,Month-to-Month,Electronic Check,Female,1
CUST_CH_00447,36,89.97,23,44,One-Year,Credit Card,Female,0
CUST_CH_00448,1,34.88,9,16,Month-to-Month,Electronic Check,Female,1
CUST_CH_00449,9,53.28,38,50,Month-to-Month,Credit Card,Male,1
CUST_CH_00450,72,41.26,21,45,One-Year,Credit Card,Male,1
CUST_CH_00451,65,25.63,17,26,Month-to-Month,Electronic Check,Female,1
CUST_CH_00452,48,26.45,5,46,Two-Year,Bank Transfer,Female,1
CUST_CH_00453,25,46.17,48,27,Month-to-Month,Credit Card,Male,0
CUST_CH_00454,41,102.22,36,49,One-Year,Electronic Check,Male,0
CUST_CH_00455,32,86.12,16,23,Two-Year,Bank Transfer,Female,0
CUST_CH_00456,28,95.75,39,7,One-Year,Bank Transfer,Female,1
CUST_CH_00457,39,30.12,20,24,Month-to-Month,Bank Transfer,Male,0
CUST_CH_00458,54,29.21,23,41,Month-to-Month,Electronic Check,Male,0
CUST_CH_00459,37,60.75,7,1,Month-to-Month,Bank Transfer,Male,1
CUST_CH_00460,58,108.34,5,37,Two-Year,Electronic Check,Male,0
CUST_CH_00461,62,110.97,11,46,One-Year,Bank Transfer,Male,1
CUST_CH_00462,5,112.77,38,52,Two-Year,Bank Transfer,Female,1
CUST_CH_00463,4,61.59,14,54,One-Year,Bank Transfer,Male,1
CUST_CH_00464,43,117.01,36,6,Month-to-Month,Electronic Check,Female,0
CUST_CH_00465,34,66.63,34,54,Month-to-Month,Bank Transfer,Male,1
CUST_CH_00466,12,79.83,17,55,Month-to-Month,Bank Transfer,Female,1
CUST_CH_00467,66,82.94,15,18,One-Year,Credit Card,Male,0
CUST_CH_00468,43,116.76,11,42,Two-Year,Bank Transfer,Female,0
CUST_CH_00469,7,65.75,29,46,One-Year,Electronic Check,Female,1
CUST_CH_00470,8,29.45,49,23,Two-Year,Electronic Check,Female,1
CUST_CH_00471,50,90.33,30,0,One-Year,Credit Card,Male,0
CUST_CH_00472,59,73.36,38,9,Month-to-Month,Bank Transfer,Male,0
CUST_CH_00473,45,81.9,14,36,Month-to-Month,Credit Card,Female,1
CUST_CH_00474,51,55.54,17,55,Month-to-Month,Credit Card,Female,0
CUST_CH_00475,61,28.99,29,38,Month-to-Month,Electronic Check,Male,1
CUST_CH_00476,23,68.94,48,56,One-Year,Electronic Check,Male,1
CUST_CH_00477,30,47.15,17,11,One-Year,Electronic Check,Male,0
CUST_CH_00478,53,46.74,37,40,Month-to-Month,Credit Card,Female,1
CUST_CH_00479,2,73.58,27,51,Month-to-Month,Credit Card,Female,1
CUST_CH_00480,33,46.93,33,40,One-Year,Credit Card,Male,0
CUST_CH_00481,66,115.88,22,6,Two-Year,Credit Card,Male,1
CUST_CH_00482,10,101.55,10,57,Two-Year,Credit Card,Male,1
CUST_CH_00483,60,63.58,25,28,Month-to-Month,Bank Transfer,Female,1
CUST_CH_00484,53,28.06,6,18,Month-to-Month,Electronic Check,Female,0
CUST_CH_00485,42,98.07,17,55,One-Year,Electronic Check,Male,0
CUST_CH_00486,65,85.75,14,41,Month-to-Month,Bank Transfer,Male,1
CUST_CH_00487,4,113.2,11,25,Month-to-Month,Credit Card,Male,1
CUST_CH_00488,41,97.77,41,11,Month-to-Month,Credit Card,Male,0
CUST_CH_00489,13,105.68,28,18,Month-to-Month,Credit Card,Female,0
CUST_CH_00490,70,28.38,36,13,Month-to-Month,Credit Card,Female,1
CUST_CH_00491,66,30.6,37,60,One-Year,Bank Transfer,Female,0
CUST_CH_00492,7,93.26,43,18,Month-to-Month,Electronic Check,Male,0
CUST_CH_00493,46,84.81,1,36,Month-to-Month,Electronic Check,Female,1
CUST_CH_00494,35,110.35,15,11,Month-to-Month,Electronic Check,Male,0
CUST_CH_00495,45,119.01,9,32,Month-to-Month,Electronic Check,Female,1
CUST_CH_00496,61,48.69,9,11,Month-to-Month,Credit Card,Female,0
CUST_CH_00497,38,33.42,34,57,Two-Year,Credit Card,Male,1
CUST_CH_00498,55,61.14,10,18,Month-to-Month,Bank Transfer,Female,1
CUST_CH_00499,5,102.75,33,52,One-Year,Credit Card,Female,1
CUST_CH_00500,61,32.01,35,38,Month-to-Month,Bank Transfer,Female,1
CUST_CH_00501,70,66.75,34,39,One-Year,Credit Card,Male,0
CUST_CH_00502,40,75.37,18,8,Two-Year,Credit Card,Female,0
CUST_CH_00503,70,64.0,16,37,One-Year,Credit Card,Male,0
CUST_CH_00504,62,54.38,44,8,Month-to-Month,Credit Card,Male,0
CUST_CH_00505,71,73.53,18,52,Month-to-Month,Bank Transfer,Male,0
CUST_CH_00506,13,85.7,45,53,Month-to-Month,Bank Transfer,Male,1
CUST_CH_00507,3,85.0,50,14,Month-to-Month,Bank Transfer,Female,1
CUST_CH_00508,35,59.26,12,7,Month-to-Month,Electronic Check,Male,0
CUST_CH_00509,22,22.82,29,10,One-Year,Electronic Check,Female,0
CUST_CH_00510,12,88.93,22,17,One-Year,Credit Card,Female,1
CUST_CH_00511,18,98.1,24,33,Month-to-Month,Electronic Check,Female,1
CUST_CH_00512,57,30.49,29,2,Two-Year,Credit Card,Male,0
CUST_CH_00513,4,83.42,18,53,Month-to-Month,Credit Card,Female,1
CUST_CH_00514,43,87.93,8,14,Month-to-Month,Bank Transfer,Female,0
CUST_CH_00515,16,64.54,14,30,Month-to-Month,Bank Transfer,Female,0
CUST_CH_00516,43,105.57,46,29,One-Year,Credit Card,Male,1
CUST_CH_00517,31,87.49,10,60,Month-to-Month,Credit Card,Female,1
CUST_CH_00518,2,55.27,30,16,Month-to-Month,Credit Card,Male,0
CUST_CH_00519,28,24.02,7,10,One-Year,Bank Transfer,Female,1
CUST_CH_00520,65,117.56,42,6,Month-to-Month,Bank Transfer,Female,0
CUST_CH_00521,13,69.26,30,1,Two-Year,Credit Card,Male,0
CUST_CH_00522,49,70.68,8,20,Month-to-Month,Electronic Check,Male,1
CUST_CH_00523,70,61.33,35,60,Month-to-Month,Electronic Check,Female,1
CUST_CH_00524,51,118.44,29,24,One-Year,Bank Transfer,Male,1
CUST_CH_00525,43,29.78,1,28,One-Year,Bank Transfer,Female,0
CUST_CH_00526,6,82.17,34,36,One-Year,Credit Card,Female,0
CUST_CH_00527,50,82.15,22,29,Two-Year,Bank Transfer,Female,0
CUST_CH_00528,42,87.7,46,41,Two-Year,Bank Transfer,Male,0
CUST_CH_00529,25,21.08,15,27,Two-Year,Credit Card,Female,1
CUST_CH_00530,71,107.3,39,13,Month-to-Month,Electronic Check,Female,1
CUST_CH_00531,15,30.16,36,29,Month-to-Month,Electronic Check,Male,1
CUST_CH_00532,32,41.81,5,0,Month-to-Month,Bank Transfer,Female,1
CUST_CH_00533,41,28.51,32,40,One-Year,Credit Card,Male,0
CUST_CH_00534,69,75.06,21,4,Month-to-Month,Electronic Check,Female,1
CUST_CH_00535,15,59.97,25,53,Month-to-Month,Credit Card,Male,1
CUST_CH_00536,43,34.51,34,38,One-Year,Electronic Check,Male,1
CUST_CH_00537,9,61.47,3,33,Month-to-Month,Credit Card,Male,1
CUST_CH_00538,27,66.14,16,20,One-Year,Credit Card,Female,1
CUST_CH_00539,11,107.11,50,8,Two-Year,Electronic Check,Female,0
CUST_CH_00540,47,116.95,15,56,Month-to-Month,Bank Transfer,Female,1
CUST_CH_00541,11,69.53,8,48,Month-to-Month,Bank Transfer,Male,1
CUST_CH_00542,42,116.81,7,54,Month-to-Month,Electronic Check,Male,1
CUST_CH_00543,26,82.99,12,9,One-Year,Electronic Check,Male,1
CUST_CH_00544,57,51.18,11,25,Two-Year,Electronic Check,Female,1
CUST_CH_00545,19,61.33,38,8,Month-to-Month,Bank Transfer,Male,0
CUST_CH_00546,39,85.27,25,1,One-Year,Bank Transfer,Female,1
CUST_CH_00547,58,28.28,47,58,Month-to-Month,Credit Card,Male,1
CUST_CH_00548,64,83.02,39,19,One-Year,Bank Transfer,Female,0
CUST_CH_00549,36,74.84,21,23,Month-to-Month,Electronic Check,Female,1
CUST_CH_00550,5,78.37,6,13,Two-Year,Credit Card,Male,0
CUST_CH_00551,41,31.42,31,59,Two-Year,Electronic Check,Female,1
CUST_CH_00552,33,37.73,32,18,Two-Year,Electronic Check,Male,0
CUST_CH_00553,25,93.91,28,54,Month-to-Month,Credit Card,Female,0
CUST_CH_00554,34,47.97,24,41,Two-Year,Bank Transfer,Female,0
CUST_CH_00555,16,46.3,49,56,Month-to-Month,Credit Card,Female,0
CUST_CH_00556,69,41.38,50,2,One-Year,Credit Card,Male,0
CUST_CH_00557,27,57.17,43,21,Month-to-Month,Credit Card,Female,1
CUST_CH_00558,46,27.89,19,6,One-Year,Credit Card,Male,1
CUST_CH_00559,65,81.83,48,26,Month-to-Month,Bank Transfer,Male,1
CUST_CH_00560,10,47.74,30,41,One-Year,Bank Transfer,Female,1
CUST_CH_00561,36,101.25,50,26,One-Year,Bank Transfer,Male,1
CUST_CH_00562,16,116.6,30,47,Month-to-Month,Bank Transfer,Male,0
CUST_CH_00563,47,89.59,7,21,One-Year,Electronic Check,Female,0
CUST_CH_00564,57,119.34,44,5,Month-to-Month,Electronic Check,Female,0
CUST_CH_00565,54,32.07,23,34,Two-Year,Bank Transfer,Female,0
CUST_CH_00566,4,60.48,9,25,One-Year,Bank Transfer,Female,1
CUST_CH_00567,13,30.14,50,13,Two-Year,Bank Transfer,Male,0
CUST_CH_00568,58,97.65,32,2,Two-Year,Bank Transfer,Female,1
CUST_CH_00569,29,30.91,40,52,Month-to-Month,Credit Card,Female,1
CUST_CH_00570,48,111.71,50,2,Two-Year,Electronic Check,Male,0
CUST_CH_00571,20,106.78,50,58,Two-Year,Electronic Check,Female,1
CUST_CH_00572,29,70.85,48,12,Two-Year,Credit Card,Male,0
CUST_CH_00573,49,91.15,35,54,One-Year,Electronic Check,Male,1
CUST_CH_00574,35,49.19,25,51,Month-to-Month,Credit Card,Female,1
CUST_CH_00575,72,61.65,44,43,One-Year,Electronic Check,Male,1
CUST_CH_00576,25,116.5,2,42,Two-Year,Electronic Check,Male,0
CUST_CH_00577,62,94.06,48,59,Month-to-Month,Electronic Check,Female,0
CUST_CH_00578,15,113.97,23,32,Month-to-Month,Bank Transfer,Male,1
CUST_CH_00579,57,40.23,42,34,Month-to-Month,Electronic Check,Male,1
CUST_CH_00580,67,62.83,31,1,One-Year,Bank Transfer,Female,0
CUST_CH_00581,67,50.27,45,18,One-Year,Credit Card,Female,1
CUST_CH_00582,57,23.83,16,20,Month-to-Month,Credit Card,Male,0
CUST_CH_00583,19,59.56,6,58,Month-to-Month,Credit Card,Female,1
CUST_CH_00584,58,87.64,38,45,Two-Year,Credit Card,Male,0
CUST_CH_00585,23,108.78,13,25,Month-to-Month,Electronic Check,Male,0
CUST_CH_00586,70,114.86,30,35,Month-to-Month,Electronic Check,Female,0
CUST_CH_00587,65,29.31,22,7,Two-Year,Electronic Check,Female,0
CUST_CH_00588,4,37.91,32,10,Month-to-Month,Credit Card,Female,0
CUST_CH_00589,34,61.52,17,51,Month-to-Month,Electronic Check,Male,1
CUST_CH_00590,68,110.67,14,35,Month-to-Month,Bank Transfer,Male,1
CUST_CH_00591,14,99.24,13,54,Month-to-Month,Credit Card,Male,1
CUST_CH_00592,19,64.47,12,17,Month-to-Month,Credit Card,Male,1
CUST_CH_00593,33,108.15,38,16,Two-Year,Credit Card,Female,0
CUST_CH_00594,45,115.15,18,51,One-Year,Credit Card,Male,0
CUST_CH_00595,63,20.24,39,58,Month-to-Month,Electronic Check,Female,1
CUST_CH_00596,58,75.6,26,29,Month-to-Month,Electronic Check,Male,0
CUST_CH_00597,38,87.59,22,57,One-Year,Bank Transfer,Female,1
CUST_CH_00598,3,57.77,11,53,Month-to-Month,Electronic Check,Female,0
CUST_CH_00599,32,29.01,49,20,Month-to-Month,Electronic Check,Male,0
CUST_CH_00600,64,74.08,36,6,Month-to-Month,Electronic Check,Male,1
CUST_CH_00601,17,32.64,30,24,One-Year,Bank Transfer,Male,0
CUST_CH_00602,64,70.65,50,1,Month-to-Month,Electronic Check,Female,1
CUST_CH_00603,46,103.36,40,41,One-Year,Electronic Check,Male,0
CUST_CH_00604,72,58.46,14,9,Month-to-Month,Bank Transfer,Male,0
CUST_CH_00605,46,95.35,42,39,Month-to-Month,Electronic Check,Female,1
CUST_CH_00606,50,75.28,16,51,Month-to-Month,Bank Transfer,Male,1
CUST_CH_00607,12,23.49,49,42,Month-to-Month,Electronic Check,Male,0
CUST_CH_00608,26,67.63,7,47,Two-Year,Credit Card,Male,0
CUST_CH_00609,31,75.15,12,13,Month-to-Month,Credit Card,Male,0
CUST_CH_00610,14,64.53,30,8,Month-to-Month,Electronic Check,Female,0
CUST_CH_00611,30,38.65,29,14,Month-to-Month,Electronic Check,Male,1
CUST_CH_00612,35,88.81,23,52,Month-to-Month,Credit Card,Female,1
CUST_CH_00613,61,25.32,2,48,Month-to-Month,Credit Card,Female,0
CUST_CH_00614,23,98.5,43,31,One-Year,Electronic Check,Female,0
CUST_CH_00615,56,101.03,19,51,Month-to-Month,Electronic Check,Male,1
CUST_CH_00616,69,102.96,5,18,Month-to-Month,Bank Transfer,Female,1
CUST_CH_00617,54,65.37,48,49,One-Year,Credit Card,Female,0
CUST_CH_00618,63,63.62,30,2,One-Year,Electronic Check,Male,1
CUST_CH_00619,12,32.71,33,2,Month-to-Month,Credit Card,Female,1
CUST_CH_00620,22,111.94,40,34,One-Year,Bank Transfer,Female,0
CUST_CH_00621,39,100.89,7,19,Month-to-Month,Electronic Check,Female,0
CUST_CH_00622,24,116.94,16,3,Month-to-Month,Credit Card,Male,0
CUST_CH_00623,61,70.87,1,57,Month-to-Month,Credit Card,Male,1
CUST_CH_00624,51,30.38,46,50,Month-to-Month,Electronic Check,Male,1
CUST_CH_00625,59,71.6,20,47,One-Year,Credit Card,Female,1
CUST_CH_00626,31,53.08,16,4,One-Year,Bank Transfer,Female,0
CUST_CH_00627,66,49.22,10,46,Two-Year,Credit Card,Female,0
CUST_CH_00628,69,116.27,25,50,Month-to-Month,Electronic Check,Male,1
CUST_CH_00629,33,49.25,22,4,Month-to-Month,Bank Transfer,Female,0
CUST_CH_00630,3,113.32,23,3,Two-Year,Bank Transfer,Male,0
CUST_CH_00631,47,77.51,4,45,One-Year,Credit Card,Male,1
CUST_CH_00632,17,38.24,3,8,Two-Year,Electronic Check,Male,0
CUST_CH_00633,57,72.55,44,45,Month-to-Month,Credit Card,Male,0
CUST_CH_00634,44,103.67,22,1,One-Year,Electronic Check,Female,0
CUST_CH_00635,29,102.53,20,9,Month-to-Month,Credit Card,Female,1
CUST_CH_00636,12,28.74,31,38,Month-to-Month,Bank Transfer,Male,1
CUST_CH_00637,61,65.28,39,42,Month-to-Month,Credit Card,Female,1
CUST_CH_00638,65,28.66,1,50,Month-to-Month,Electronic Check,Male,0
CUST_CH_00639,47,33.76,48,28,Month-to-Month,Electronic Check,Male,1
CUST_CH_00640,11,107.9,37,31,Two-Year,Electronic Check,Female,0
CUST_CH_00641,38,57.68,8,10,Month-to-Month,Bank Transfer,Female,1
CUST_CH_00642,42,98.05,20,29,Two-Year,Credit Card,Female,0
CUST_CH_00643,33,62.07,14,12,One-Year,Electronic Check,Male,0
CUST_CH_00644,7,38.44,24,6,Month-to-Month,Electronic Check,Female,0
CUST_CH_00645,41,86.87,44,15,One-Year,Credit Card,Female,0
CUST_CH_00646,15,42.18,47,39,Two-Year,Bank Transfer,Female,0
CUST_CH_00647,27,61.85,35,6,Two-Year,Bank Transfer,Male,1
CUST_CH_00648,20,94.4,50,14,Month-to-Month,Credit Card,Female,0
CUST_CH_00649,36,42.77,30,48,Month-to-Month,Bank Transfer,Female,0
CUST_CH_00650,29,95.93,31,22,Month-to-Month,Bank Transfer,Male,0
CUST_CH_00651,19,94.76,17,21,Month-to-Month,Credit Card,Male,1
CUST_CH_00652,36,82.95,9,20,Month-to-Month,Electronic Check,Male,0
CUST_CH_00653,46,86.71,5,14,One-Year,Bank Transfer,Male,1
CUST_CH_00654,22,50.28,31,32,Month-to-Month,Credit Card,Female,1
CUST_CH_00655,53,85.3,13,0,Month-to-Month,Credit Card,Female,1
CUST_CH_00656,6,61.1,30,18,Two-Year,Credit Card,Male,1
CUST_CH_00657,35,82.83,45,40,Month-to-Month,Credit Card,Male,0
CUST_CH_00658,47,45.28,48,46,Two-Year,Bank Transfer,Male,1
CUST_CH_00659,14,101.96,33,18,Month-to-Month,Bank Transfer,Female,1
CUST_CH_00660,20,92.28,45,60,Month-to-Month,Credit Card,Female,1
CUST_CH_00661,45,74.03,13,2,Month-to-Month,Bank Transfer,Male,1
CUST_CH_00662,29,48.04,15,2,Month-to-Month,Credit Card,Female,0
CUST_CH_00663,43,28.11,29,19,One-Year,Electronic Check,Female,0
CUST_CH_00664,47,61.48,8,30,One-Year,Bank Transfer,Male,0
CUST_CH_00665,37,110.78,27,15,Month-to-Month,Bank Transfer,Male,1
CUST_CH_00666,41,92.57,6,59,Month-to-Month,Bank Transfer,Female,1
CUST_CH_00667,30,114.31,13,13,Month-to-Month,Bank Transfer,Female,1
CUST_CH_00668,25,87.49,13,10,Month-to-Month,Electronic Check,Male,0
CUST_CH_00669,19,64.45,28,54,Month-to-Month,Bank Transfer,Female,1
CUST_CH_00670,18,107.31,9,3,Month-to-Month,Credit Card,Male,0
CUST_CH_00671,43,94.93,26,42,Two-Year,Credit Card,Male,0
CUST_CH_00672,14,68.75,14,48,Month-to-Month,Credit Card,Female,1
CUST_CH_00673,64,91.43,1,57,Two-Year,Electronic Check,Male,1
CUST_CH_00674,26,77.06,44,0,Two-Year,Electronic Check,Male,0
CUST_CH_00675,22,45.01,12,42,Month-to-Month,Bank Transfer,Male,1
CUST_CH_00676,16,91.05,28,60,Month-to-Month,Credit Card,Male,0
CUST_CH_00677,21,101.06,35,36,One-Year,Credit Card,Male,1
CUST_CH_00678,71,47.62,29,10,Month-to-Month,Credit Card,Male,1
CUST_CH_00679,13,117.42,29,45,Two-Year,Bank Transfer,Female,0
CUST_CH_00680,15,29.0,45,12,Month-to-Month,Electronic Check,Male,1
CUST_CH_00681,59,30.27,31,1,Two-Year,Bank Transfer,Male,0
CUST_CH_00682,30,113.7,42,56,Month-to-Month,Bank Transfer,Male,1
CUST_CH_00683,69,69.3,5,16,Month-to-Month,Credit Card,Male,0
CUST_CH_00684,60,21.6,27,35,Month-to-Month,Credit Card,Female,1
CUST_CH_00685,64,20.41,34,54,Month-to-Month,Electronic Check,Female,1
CUST_CH_00686,8,48.94,38,8,Two-Year,Bank Transfer,Male,1
CUST_CH_00687,5,93.79,41,10,One-Year,Bank Transfer,Male,1
CUST_CH_00688,9,26.96,16,46,Two-Year,Bank Transfer,Female,1
CUST_CH_00689,55,116.94,23,19,One-Year,Credit Card,Male,1
CUST_CH_00690,39,48.11,31,55,Month-to-Month,Bank Transfer,Male,0
CUST_CH_00691,9,52.68,23,55,Two-Year,Bank Transfer,Female,0
CUST_CH_00692,14,79.37,50,3,One-Year,Electronic Check,Male,0
CUST_CH_00693,50,53.34,2,1,One-Year,Electronic Check,Female,1
CUST_CH_00694,52,54.13,41,9,Month-to-Month,Credit Card,Female,0
CUST_CH_00695,59,36.14,18,49,One-Year,Electronic Check,Male,1
CUST_CH_00696,27,79.42,13,57,Month-to-Month,Electronic Check,Male,1
CUST_CH_00697,17,65.88,12,31,Two-Year,Credit Card,Male,1
CUST_CH_00698,26,53.01,23,26,Month-to-Month,Electronic Check,Male,1
CUST_CH_00699,61,89.96,38,10,One-Year,Bank Transfer,Female,0
CUST_CH_00700,64,22.32,23,1,Month-to-Month,Bank Transfer,Male,0
CUST_CH_00701,48,90.72,23,47,One-Year,Bank Transfer,Female,1
CUST_CH_00702,9,116.1,35,17,One-Year,Electronic Check,Female,0
CUST_CH_00703,56,119.73,8,56,One-Year,Credit Card,Female,1
CUST_CH_00704,60,74.41,43,14,One-Year,Electronic Check,Female,0
CUST_CH_00705,69,76.54,32,3,Month-to-Month,Bank Transfer,Male,0
CUST_CH_00706,39,111.68,11,21,Two-Year,Electronic Check,Male,1
CUST_CH_00707,36,92.0,36,22,Two-Year,Electronic Check,Male,1
CUST_CH_00708,9,73.38,4,48,One-Year,Bank Transfer,Female,1
CUST_CH_00709,37,62.05,36,30,Month-to-Month,Electronic Check,Female,1
CUST_CH_00710,62,35.53,8,59,Month-to-Month,Bank Transfer,Female,1
CUST_CH_00711,31,53.99,15,36,Two-Year,Credit Card,Female,1
CUST_CH_00712,68,77.18,23,29,Month-to-Month,Electronic Check,Female,1
CUST_CH_00713,51,23.9,28,17,Month-to-Month,Credit Card,Female,1
CUST_CH_00714,18,93.88,15,11,One-Year,Credit Card,Female,0
CUST_CH_00715,41,61.37,14,37,Two-Year,Credit Card,Female,1
CUST_CH_00716,14,86.31,26,32,Two-Year,Electronic Check,Female,1
CUST_CH_00717,3,109.4,17,58,Month-to-Month,Bank Transfer,Female,1
CUST_CH_00718,27,95.77,36,39,Month-to-Month,Electronic Check,Male,0
CUST_CH_00719,10,67.74,32,29,Month-to-Month,Electronic Check,Female,1
CUST_CH_00720,10,110.93,45,25,Month-to-Month,Electronic Check,Female,0
CUST_CH_00721,47,84.94,37,26,Month-to-Month,Bank Transfer,Female,1
CUST_CH_00722,27,49.79,36,48,Month-to-Month,Bank Transfer,Female,0
CUST_CH_00723,26,45.35,15,16,Month-to-Month,Credit Card,Female,1
CUST_CH_00724,16,47.64,47,49,Two-Year,Electronic Check,Female,0
CUST_CH_00725,1,55.29,37,35,Two-Year,Electronic Check,Male,0
CUST_CH_00726,29,108.4,41,33,Month-to-Month,Electronic Check,Female,0
CUST_CH_00727,41,44.68,47,57,Month-to-Month,Electronic Check,Female,0
CUST_CH_00728,31,40.77,19,48,Month-to-Month,Credit Card,Female,1
CUST_CH_00729,51,65.87,10,55,Month-to-Month,Credit Card,Female,1
CUST_CH_00730,20,107.61,2,55,Two-Year,Bank Transfer,Female,0
CUST_CH_00731,52,95.04,24,44,Month-to-Month,Credit Card,Female,0
CUST_CH_00732,37,97.55,48,19,Month-to-Month,Bank Transfer,Male,1
CUST_CH_00733,34,83.02,36,47,Two-Year,Electronic Check,Female,0
CUST_CH_00734,17,96.69,16,21,Month-to-Month,Credit Card,Male,1
CUST_CH_00735,6,85.99,44,13,Month-to-Month,Bank Transfer,Female,0
CUST_CH_00736,16,50.14,31,22,Month-to-Month,Credit Card,Female,1
CUST_CH_00737,60,118.23,33,33,Month-to-Month,Bank Transfer,Male,1
CUST_CH_00738,41,31.17,45,36,One-Year,Bank Transfer,Female,0
CUST_CH_00739,49,102.38,31,6,Month-to-Month,Electronic Check,Female,1
CUST_CH_00740,26,34.15,16,3,One-Year,Electronic Check,Male,1
CUST_CH_00741,6,66.5,12,42,One-Year,Bank Transfer,Male,1
CUST_CH_00742,70,42.62,40,34,One-Year,Credit Card,Female,0
CUST_CH_00743,45,31.81,21,47,Month-to-Month,Electronic Check,Female,1
CUST_CH_00744,38,63.32,26,10,Month-to-Month,Electronic Check,Male,1
CUST_CH_00745,60,59.04,42,58,One-Year,Electronic Check,Male,0
CUST_CH_00746,25,97.49,42,0,Month-to-Month,Bank Transfer,Male,1
CUST_CH_00747,71,42.81,44,53,Month-to-Month,Bank Transfer,Female,1
CUST_CH_00748,55,30.78,34,3,One-Year,Electronic Check,Female,1
CUST_CH_00749,20,29.29,46,22,Month-to-Month,Electronic Check,Male,0
CUST_CH_00750,59,98.0,30,15,Month-to-Month,Bank Transfer,Male,1
CUST_CH_00751,64,88.26,40,10,Two-Year,Credit Card,Female,0
CUST_CH_00752,44,72.03,5,56,Month-to-Month,Credit Card,Female,1
CUST_CH_00753,49,78.16,35,39,Month-to-Month,Credit Card,Male,1
CUST_CH_00754,68,111.21,1,1,One-Year,Electronic Check,Male,0
CUST_CH_00755,42,75.98,6,53,Month-to-Month,Bank Transfer,Female,1
CUST_CH_00756,18,91.61,43,2,One-Year,Credit Card,Female,0
CUST_CH_00757,28,69.6,38,14,Month-to-Month,Bank Transfer,Male,1
CUST_CH_00758,63,89.66,21,5,Month-to-Month,Electronic Check,Male,0
CUST_CH_00759,60,103.86,26,39,One-Year,Bank Transfer,Male,1
CUST_CH_00760,47,39.01,4,55,Month-to-Month,Bank Transfer,Female,1
CUST_CH_00761,39,86.35,36,23,One-Year,Bank Transfer,Male,1
CUST_CH_00762,7,38.67,22,41,Month-to-Month,Electronic Check,Male,0
CUST_CH_00763,62,115.12,40,31,Month-to-Month,Credit Card,Male,0
CUST_CH_00764,57,27.31,45,50,Month-to-Month,Credit Card,Male,1
CUST_CH_00765,31,85.18,25,13,One-Year,Credit Card,Female,0
CUST_CH_00766,28,91.07,19,16,Two-Year,Bank Transfer,Male,1
CUST_CH_00767,64,57.22,16,26,One-Year,Bank Transfer,Male,0
CUST_CH_00768,37,84.12,13,54,Month-to-Month,Credit Card,Male,1
CUST_CH_00769,32,103.95,22,50,Month-to-Month,Electronic Check,Female,1
CUST_CH_00770,60,109.08,19,40,Month-to-Month,Electronic Check,Female,0
CUST_CH_00771,11,105.47,30,7,One-Year,Bank Transfer,Female,0
CUST_CH_00772,19,102.64,11,24,Month-to-Month,Credit Card,Male,1
CUST_CH_00773,21,26.38,35,47,Month-to-Month,Bank Transfer,Female,1
CUST_CH_00774,37,64.54,1,4,Month-to-Month,Credit Card,Female,0
CUST_CH_00775,22,105.6,39,1,Two-Year,Credit Card,Male,0
CUST_CH_00776,65,39.82,4,57,One-Year,Credit Card,Female,0
CUST_CH_00777,60,31.91,7,5,One-Year,Bank Transfer,Male,1
CUST_CH_00778,6,80.49,17,50,Month-to-Month,Credit Card,Female,0
CUST_CH_00779,36,34.63,14,5,One-Year,Credit Card,Female,0
CUST_CH_00780,34,50.35,48,45,One-Year,Electronic Check,Male,0
CUST_CH_00781,58,44.01,34,14,One-Year,Credit Card,Female,1
CUST_CH_00782,19,112.56,5,15,Two-Year,Electronic Check,Female,1
CUST_CH_00783,60,113.47,16,13,Month-to-Month,Credit Card,Female,1
CUST_CH_00784,13,49.44,38,55,Month-to-Month,Credit Card,Female,1
CUST_CH_00785,52,48.38,30,21,Month-to-Month,Electronic Check,Male,1
CUST_CH_00786,45,111.56,8,33,One-Year,Credit Card,Male,0
CUST_CH_00787,52,115.75,50,29,Two-Year,Credit Card,Female,1
CUST_CH_00788,43,105.38,41,1,Two-Year,Credit Card,Male,0
CUST_CH_00789,65,70.51,3,38,Two-Year,Credit Card,Male,1
CUST_CH_00790,70,42.39,29,13,Month-to-Month,Credit Card,Female,0
CUST_CH_00791,53,66.7,43,41,Two-Year,Bank Transfer,Male,0
CUST_CH_00792,42,39.57,48,1,Two-Year,Bank Transfer,Male,0
CUST_CH_00793,28,35.87,45,7,Month-to-Month,Credit Card,Female,0
CUST_CH_00794,44,73.28,14,45,One-Year,Bank Transfer,Male,1
CUST_CH_00795,18,65.95,12,58,Two-Year,Credit Card,Female,0
CUST_CH_00796,45,59.72,20,47,Month-to-Month,Credit Card,Female,0
CUST_CH_00797,59,105.29,30,58,Two-Year,Bank Transfer,Male,0
CUST_CH_00798,61,67.08,23,46,Month-to-Month,Bank Transfer,Male,1
CUST_CH_00799,22,33.24,8,18,Two-Year,Bank Transfer,Male,0
CUST_CH_00800,26,31.36,11,48,Two-Year,Credit Card,Female,0
CUST_CH_00801,2,104.41,5,47,Month-to-Month,Credit Card,Male,1
CUST_CH_00802,32,46.01,50,26,Two-Year,Bank Transfer,Female,0
CUST_CH_00803,16,32.73,30,55,One-Year,Electronic Check,Male,0
CUST_CH_00804,50,54.95,46,13,Month-to-Month,Electronic Check,Female,1
CUST_CH_00805,15,107.44,10,28,One-Year,Credit Card,Male,0
CUST_CH_00806,12,67.6,45,35,Month-to-Month,Electronic Check,Female,1
CUST_CH_00807,69,80.2,29,9,One-Year,Electronic Check,Male,0
CUST_CH_00808,40,61.68,28,20,Two-Year,Bank Transfer,Female,0
CUST_CH_00809,29,63.98,17,9,Month-to-Month,Credit Card,Female,1
CUST_CH_00810,28,50.43,21,3,Month-to-Month,Bank Transfer,Female,1
CUST_CH_00811,31,118.71,36,34,One-Year,Credit Card,Female,1
CUST_CH_00812,22,26.38,28,40,Two-Year,Bank Transfer,Female,0
CUST_CH_00813,15,107.43,22,55,Two-Year,Credit Card,Male,1
CUST_CH_00814,58,106.89,23,27,Two-Year,Electronic Check,Female,1
CUST_CH_00815,43,106.62,23,21,Month-to-Month,Bank Transfer,Male,0
CUST_CH_00816,3,60.48,32,9,Two-Year,Electronic Check,Female,1
CUST_CH_00817,10,110.5,1,18,Month-to-Month,Electronic Check,Female,1
CUST_CH_00818,65,119.44,13,58,Month-to-Month,Electronic Check,Male,1
CUST_CH_00819,35,100.39,19,59,Month-to-Month,Electronic Check,Female,0
CUST_CH_00820,37,51.39,12,6,One-Year,Bank Transfer,Male,0
CUST_CH_00821,7,81.04,30,56,Month-to-Month,Bank Transfer,Female,1
CUST_CH_00822,57,22.72,29,59,One-Year,Credit Card,Male,0
CUST_CH_00823,46,87.83,35,19,One-Year,Electronic Check,Female,0
CUST_CH_00824,4,36.93,29,47,Month-to-Month,Bank Transfer,Female,0
CUST_CH_00825,40,36.02,39,56,One-Year,Electronic Check,Male,0
CUST_CH_00826,54,42.4,22,54,Month-to-Month,Bank Transfer,Female,1
CUST_CH_00827,57,98.57,15,24,Month-to-Month,Electronic Check,Female,1
CUST_CH_00828,54,85.31,13,28,One-Year,Electronic Check,Male,0
CUST_CH_00829,37,111.41,41,30,Month-to-Month,Bank Transfer,Male,1
CUST_CH_00830,69,67.25,25,13,One-Year,Bank Transfer,Male,0
CUST_CH_00831,35,89.54,3,57,Month-to-Month,Credit Card,Male,0
CUST_CH_00832,66,44.59,8,45,Month-to-Month,Bank Transfer,Male,1
CUST_CH_00833,48,63.0,16,21,Two-Year,Credit Card,Male,1
CUST_CH_00834,14,117.54,35,21,Month-to-Month,Bank Transfer,Male,1
CUST_CH_00835,11,57.61,48,25,Month-to-Month,Credit Card,Male,1
CUST_CH_00836,63,28.92,30,27,Month-to-Month,Credit Card,Male,0
CUST_CH_00837,2,78.01,46,16,One-Year,Electronic Check,Female,0
CUST_CH_00838,11,82.62,45,50,One-Year,Bank Transfer,Male,0
CUST_CH_00839,36,56.77,30,9,Month-to-Month,Credit Card,Male,0
CUST_CH_00840,65,75.59,22,60,Two-Year,Electronic Check,Female,1
CUST_CH_00841,24,66.79,36,43,One-Year,Bank Transfer,Female,0
CUST_CH_00842,52,26.73,27,28,One-Year,Electronic Check,Male,1
CUST_CH_00843,23,98.32,16,55,One-Year,Bank Transfer,Female,1
CUST_CH_00844,4,36.68,18,12,Month-to-Month,Credit Card,Female,1
CUST_CH_00845,24,88.59,48,51,Month-to-Month,Bank Transfer,Male,1
CUST_CH_00846,39,23.45,17,44,Two-Year,Bank Transfer,Male,0
CUST_CH_00847,17,91.82,37,10,Two-Year,Bank Transfer,Female,1
CUST_CH_00848,66,119.95,35,12,Month-to-Month,Credit Card,Female,0
CUST_CH_00849,14,102.94,8,12,Month-to-Month,Bank Transfer,Male,0
CUST_CH_00850,46,101.06,20,22,One-Year,Credit Card,Male,0
CUST_CH_00851,8,78.27,21,25,One-Year,Credit Card,Female,0
CUST_CH_00852,37,117.3,41,16,Month-to-Month,Bank Transfer,Male,0
CUST_CH_00853,40,62.46,7,30,One-Year,Bank Transfer,Female,0
CUST_CH_00854,63,29.65,24,55,Month-to-Month,Bank Transfer,Female,1
CUST_CH_00855,31,20.63,16,24,One-Year,Electronic Check,Male,0
CUST_CH_00856,30,28.31,2,11,Month-to-Month,Credit Card,Female,1
CUST_CH_00857,1,30.75,33,45,Two-Year,Bank Transfer,Male,1
CUST_CH_00858,72,84.47,50,31,One-Year,Bank Transfer,Female,1
CUST_CH_00859,7,24.93,31,39,Month-to-Month,Bank Transfer,Female,1
CUST_CH_00860,39,20.86,12,59,One-Year,Credit Card,Female,1
CUST_CH_00861,8,57.73,20,7,Month-to-Month,Bank Transfer,Male,1
CUST_CH_00862,25,104.0,42,28,Two-Year,Bank Transfer,Male,0
CUST_CH_00863,71,65.56,30,48,Two-Year,Credit Card,Male,0
CUST_CH_00864,44,63.35,36,42,Month-to-Month,Credit Card,Male,1
CUST_CH_00865,28,32.26,38,53,One-Year,Bank Transfer,Male,0
CUST_CH_00866,48,84.12,28,9,One-Year,Credit Card,Female,1
CUST_CH_00867,17,75.36,23,53,Month-to-Month,Bank Transfer,Female,1
CUST_CH_00868,10,71.93,15,34,Month-to-Month,Electronic Check,Female,1
CUST_CH_00869,23,97.8,14,7,Month-to-Month,Credit Card,Male,0
CUST_CH_00870,69,57.39,31,57,Month-to-Month,Credit Card,Female,0
CUST_CH_00871,61,37.93,25,2,One-Year,Credit Card,Female,0
CUST_CH_00872,44,26.14,40,44,Month-to-Month,Electronic Check,Female,1
CUST_CH_00873,15,104.16,27,36,Two-Year,Electronic Check,Male,1
CUST_CH_00874,59,95.83,15,23,Month-to-Month,Bank Transfer,Female,0
CUST_CH_00875,44,77.99,33,2,Two-Year,Credit Card,Female,1
CUST_CH_00876,21,79.79,7,30,Two-Year,Credit Card,Male,0
CUST_CH_00877,44,105.43,32,6,Month-to-Month,Credit Card,Female,1
CUST_CH_00878,16,50.75,49,55,Month-to-Month,Bank Transfer,Male,1
CUST_CH_00879,46,114.65,31,0,One-Year,Electronic Check,Female,0
CUST_CH_00880,63,23.26,23,46,Month-to-Month,Bank Transfer,Male,1
CUST_CH_00881,56,34.67,8,0,Two-Year,Credit Card,Female,0
CUST_CH_00882,8,84.03,39,28,Two-Year,Bank Transfer,Male,1
CUST_CH_00883,58,55.3,35,36,Two-Year,Electronic Check,Female,0
CUST_CH_00884,66,72.66,25,25,One-Year,Credit Card,Male,1
CUST_CH_00885,1,88.81,31,9,Month-to-Month,Electronic Check,Female,1
CUST_CH_00886,40,87.58,13,3,One-Year,Electronic Check,Female,0
CUST_CH_00887,12,85.8,3,36,Two-Year,Bank Transfer,Male,1
CUST_CH_00888,14,20.1,31,20,Two-Year,Credit Card,Male,0
CUST_CH_00889,70,68.23,3,27,Two-Year,Electronic Check,Female,1
CUST_CH_00890,4,28.95,7,30,Month-to-Month,Credit Card,Female,1
CUST_CH_00891,53,90.22,35,5,One-Year,Bank Transfer,Male,1
CUST_CH_00892,30,38.2,3,5,Month-to-Month,Credit Card,Female,1
CUST_CH_00893,45,20.81,30,6,Month-to-Month,Bank Transfer,Female,0
CUST_CH_00894,26,72.71,27,44,Month-to-Month,Electronic Check,Female,1
CUST_CH_00895,65,101.55,6,25,Month-to-Month,Credit Card,Male,0
CUST_CH_00896,44,22.62,38,35,Month-to-Month,Credit Card,Male,0
CUST_CH_00897,19,99.34,25,24,Two-Year,Electronic Check,Female,1
CUST_CH_00898,59,32.03,46,54,Two-Year,Electronic Check,Male,0
CUST_CH_00899,21,113.19,27,39,One-Year,Credit Card,Male,1
CUST_CH_00900,64,36.06,6,58,Month-to-Month,Bank Transfer,Male,0
CUST_CH_00901,28,65.4,39,53,Month-to-Month,Electronic Check,Female,1
CUST_CH_00902,4,24.61,10,30,Month-to-Month,Bank Transfer,Male,0
CUST_CH_00903,60,87.17,47,35,One-Year,Bank Transfer,Female,0
CUST_CH_00904,38,48.41,31,23,Two-Year,Credit Card,Female,0
CUST_CH_00905,30,58.22,21,34,Month-to-Month,Bank Transfer,Male,1
CUST_CH_00906,7,35.23,16,0,Two-Year,Electronic Check,Male,1
CUST_CH_00907,42,42.62,28,58,Month-to-Month,Bank Transfer,Male,1
CUST_CH_00908,30,64.87,17,29,One-Year,Bank Transfer,Female,0
CUST_CH_00909,29,46.45,45,51,Month-to-Month,Bank Transfer,Female,1
CUST_CH_00910,43,71.76,16,0,Month-to-Month,Bank Transfer,Male,1
CUST_CH_00911,21,30.18,48,16,Two-Year,Electronic Check,Male,0
CUST_CH_00912,55,36.24,28,9,Two-Year,Credit Card,Male,0
CUST_CH_00913,31,72.24,2,35,One-Year,Bank Transfer,Male,0
CUST_CH_00914,10,91.47,2,30,Month-to-Month,Bank Transfer,Female,1
CUST_CH_00915,72,78.69,15,19,Month-to-Month,Bank Transfer,Female,1
CUST_CH_00916,40,101.83,16,50,Month-to-Month,Bank Transfer,Male,0
CUST_CH_00917,55,34.63,18,4,Month-to-Month,Credit Card,Male,0
CUST_CH_00918,12,79.74,6,36,Month-to-Month,Electronic Check,Female,1
CUST_CH_00919,64,81.96,6,12,Month-to-Month,Bank Transfer,Male,1
CUST_CH_00920,18,25.03,35,29,Month-to-Month,Electronic Check,Male,1
CUST_CH_00921,65,116.27,36,52,Two-Year,Credit Card,Female,1
CUST_CH_00922,12,31.1,5,55,Month-to-Month,Bank Transfer,Male,1
CUST_CH_00923,60,54.99,9,35,Month-to-Month,Electronic Check,Female,0
CUST_CH_00924,4,69.19,47,34,Two-Year,Bank Transfer,Male,0
CUST_CH_00925,42,81.55,20,56,Two-Year,Bank Transfer,Female,0
CUST_CH_00926,18,107.89,34,32,Month-to-Month,Electronic Check,Male,1
CUST_CH_00927,32,37.85,30,46,One-Year,Bank Transfer,Male,1
CUST_CH_00928,30,111.52,7,44,Month-to-Month,Electronic Check,Female,1
CUST_CH_00929,59,21.25,47,13,Month-to-Month,Credit Card,Female,0
CUST_CH_00930,65,106.07,7,40,One-Year,Electronic Check,Female,0
CUST_CH_00931,43,61.45,36,11,Month-to-Month,Credit Card,Female,0
CUST_CH_00932,50,23.26,20,29,One-Year,Electronic Check,Female,0
CUST_CH_00933,48,103.47,35,21,Two-Year,Bank Transfer,Female,0
CUST_CH_00934,24,24.82,20,52,One-Year,Credit Card,Male,1
CUST_CH_00935,13,118.71,20,41,Month-to-Month,Bank Transfer,Female,1
CUST_CH_00936,15,117.96,4,58,Month-to-Month,Bank Transfer,Male,1
CUST_CH_00937,70,75.19,9,1,Two-Year,Electronic Check,Female,1
CUST_CH_00938,59,49.35,49,51,One-Year,Credit Card,Male,1
CUST_CH_00939,70,48.92,27,14,Two-Year,Credit Card,Female,0
CUST_CH_00940,2,61.16,10,30,One-Year,Credit Card,Female,0
CUST_CH_00941,33,23.56,50,26,Month-to-Month,Electronic Check,Male,1
CUST_CH_00942,22,57.39,13,46,Two-Year,Electronic Check,Female,0
CUST_CH_00943,68,87.83,37,21,Month-to-Month,Credit Card,Female,1
CUST_CH_00944,38,45.5,24,13,Two-Year,Electronic Check,Female,0
CUST_CH_00945,32,30.78,31,21,Month-to-Month,Bank Transfer,Female,0
CUST_CH_00946,28,101.1,14,52,Month-to-Month,Credit Card,Male,1
CUST_CH_00947,30,20.58,29,47,One-Year,Bank Transfer,Male,0
CUST_CH_00948,29,111.96,21,60,One-Year,Bank Transfer,Male,1
CUST_CH_00949,23,88.64,19,18,One-Year,Electronic Check,Female,0
CUST_CH_00950,42,76.22,33,26,Month-to-Month,Bank Transfer,Female,0
CUST_CH_00951,57,98.19,13,17,Month-to-Month,Electronic Check,Male,1
CUST_CH_00952,37,70.07,34,9,Month-to-Month,Electronic Check,Male,1
CUST_CH_00953,45,49.64,7,26,Two-Year,Bank Transfer,Female,0
CUST_CH_00954,41,37.98,49,34,One-Year,Bank Transfer,Male,0
CUST_CH_00955,23,92.34,1,41,One-Year,Bank Transfer,Male,1
CUST_CH_00956,17,22.69,7,48,One-Year,Credit Card,Female,0
CUST_CH_00957,32,110.24,49,15,Two-Year,Credit Card,Female,1
CUST_CH_00958,45,102.43,40,28,Month-to-Month,Credit Card,Male,1
CUST_CH_00959,68,116.52,16,16,One-Year,Electronic Check,Female,0
CUST_CH_00960,45,23.92,14,48,One-Year,Electronic Check,Female,1
CUST_CH_00961,25,77.59,42,4,Month-to-Month,Credit Card,Male,1
CUST_CH_00962,1,99.26,12,12,Month-to-Month,Electronic Check,Male,0
CUST_CH_00963,7,83.58,18,23,Month-to-Month,Electronic Check,Female,1
CUST_CH_00964,37,82.61,10,40,Two-Year,Credit Card,Female,1
CUST_CH_00965,47,98.88,8,18,Month-to-Month,Electronic Check,Male,1
CUST_CH_00966,52,44.2,46,42,Two-Year,Credit Card,Female,0
CUST_CH_00967,43,32.94,3,34,Month-to-Month,Credit Card,Female,1
CUST_CH_00968,16,94.67,15,13,Month-to-Month,Electronic Check,Male,1
CUST_CH_00969,49,64.82,42,23,Month-to-Month,Electronic Check,Male,1
CUST_CH_00970,14,49.97,25,56,One-Year,Electronic Check,Male,1
CUST_CH_00971,47,111.25,2,52,Month-to-Month,Bank Transfer,Female,1
CUST_CH_00972,61,43.68,24,39,One-Year,Credit Card,Female,0
CUST_CH_00973,38,98.98,24,49,Two-Year,Credit Card,Female,1
CUST_CH_00974,9,48.51,27,44,Month-to-Month,Electronic Check,Female,1
CUST_CH_00975,29,111.83,31,2,Month-to-Month,Electronic Check,Female,0
CUST_CH_00976,63,55.35,29,12,One-Year,Credit Card,Female,0
CUST_CH_00977,23,22.86,24,50,Two-Year,Credit Card,Female,1
CUST_CH_00978,16,113.5,29,55,One-Year,Credit Card,Male,1
CUST_CH_00979,57,98.97,39,7,Month-to-Month,Bank Transfer,Female,0
CUST_CH_00980,42,37.78,35,25,Month-to-Month,Credit Card,Female,0
CUST_CH_00981,49,102.58,9,22,Month-to-Month,Bank Transfer,Male,0
CUST_CH_00982,43,109.65,42,21,Month-to-Month,Credit Card,Female,1
CUST_CH_00983,37,111.43,21,52,Two-Year,Electronic Check,Male,1
CUST_CH_00984,69,113.18,43,6,Month-to-Month,Bank Transfer,Female,1
CUST_CH_00985,8,83.15,38,12,Month-to-Month,Credit Card,Female,1
CUST_CH_00986,13,57.78,8,41,One-Year,Credit Card,Male,0
CUST_CH_00987,26,47.86,5,43,Two-Year,Electronic Check,Male,1
CUST_CH_00988,47,90.56,10,60,Month-to-Month,Credit Card,Male,1
CUST_CH_00989,36,78.6,9,5,One-Year,Bank Transfer,Female,0
CUST_CH_00990,52,106.39,37,52,Two-Year,Credit Card,Female,0
CUST_CH_00991,6,29.49,26,3,Month-to-Month,Electronic Check,Male,1
CUST_CH_00992,16,84.59,26,29,Month-to-Month,Credit Card,Male,1
CUST_CH_00993,54,63.61,24,58,Month-to-Month,Credit Card,Male,0
CUST_CH_00994,23,115.29,24,18,One-Year,Credit Card,Male,0
CUST_CH_00995,61,45.15,48,13,One-Year,Bank Transfer,Male,0
CUST_CH_00996,35,117.19,26,27,Month-to-Month,Electronic Check,Female,0
CUST_CH_00997,49,63.83,45,49,Two-Year,Bank Transfer,Female,0
CUST_CH_00998,17,33.85,43,45,Month-to-Month,Credit Card,Female,0
CUST_CH_00999,52,30.4,12,60,Month-to-Month,Electronic Check,Male,1
CUST_CH_01000,12,81.69,50,4,Month-to-Month,Electronic Check,Female,0
CUST_CH_01001,60,39.36,10,8,Month-to-Month,Electronic Check,Female,0
CUST_CH_01002,35,78.68,49,50,One-Year,Bank Transfer,Male,0
CUST_CH_01003,56,49.49,28,9,Month-to-Month,Electronic Check,Female,0
CUST_CH_01004,39,52.06,21,23,Two-Year,Bank Transfer,Male,0
CUST_CH_01005,7,119.59,38,53,Month-to-Month,Electronic Check,Female,1
CUST_CH_01006,56,46.64,45,23,One-Year,Electronic Check,Female,1
CUST_CH_01007,38,35.05,30,42,One-Year,Electronic Check,Female,0
CUST_CH_01008,18,73.62,37,49,Month-to-Month,Electronic Check,Male,1
CUST_CH_01009,62,87.97,2,43,Month-to-Month,Credit Card,Female,1
CUST_CH_01010,22,109.92,6,20,One-Year,Electronic Check,Male,0
CUST_CH_01011,23,104.56,33,16,Two-Year,Credit Card,Female,0
CUST_CH_01012,39,38.19,19,8,One-Year,Bank Transfer,Female,1
CUST_CH_01013,11,94.0,11,2,One-Year,Bank Transfer,Male,0
CUST_CH_01014,52,29.43,20,34,Two-Year,Credit Card,Male,1
CUST_CH_01015,66,64.69,26,29,Month-to-Month,Bank Transfer,Male,0
CUST_CH_01016,71,111.41,36,1,Two-Year,Electronic Check,Male,0
CUST_CH_01017,23,116.89,37,1,Month-to-Month,Electronic Check,Female,0
CUST_CH_01018,13,58.35,38,23,Month-to-Month,Electronic Check,Male,0
CUST_CH_01019,15,97.64,5,55,Month-to-Month,Bank Transfer,Male,1
CUST_CH_01020,7,117.8,49,57,Two-Year,Credit Card,Male,1
CUST_CH_01021,3,64.64,37,54,Month-to-Month,Bank Transfer,Male,1
CUST_CH_01022,45,26.02,50,20,Month-to-Month,Bank Transfer,Female,0
CUST_CH_01023,70,54.13,46,26,Two-Year,Electronic Check,Female,0
CUST_CH_01024,8,100.33,3,38,Two-Year,Bank Transfer,Female,0
CUST_CH_01025,29,110.48,3,2,One-Year,Credit Card,Male,1
CUST_CH_01026,4,114.84,17,55,Month-to-Month,Electronic Check,Female,1
CUST_CH_01027,59,23.67,26,44,Two-Year,Bank Transfer,Female,1
CUST_CH_01028,47,33.15,8,31,Month-to-Month,Electronic Check,Female,1
CUST_CH_01029,1,44.05,3,58,Month-to-Month,Electronic Check,Male,1
CUST_CH_01030,11,26.93,16,39,One-Year,Bank Transfer,Female,1
CUST_CH_01031,25,66.93,40,34,One-Year,Electronic Check,Female,0
CUST_CH_01032,10,93.67,40,52,One-Year,Bank Transfer,Male,0
CUST_CH_01033,17,112.54,32,52,Month-to-Month,Bank Transfer,Male,0
CUST_CH_01034,30,78.76,33,4,Month-to-Month,Electronic Check,Male,1
CUST_CH_01035,40,110.0,7,39,Month-to-Month,Bank Transfer,Male,1
CUST_CH_01036,37,69.23,12,22,Month-to-Month,Electronic Check,Male,1
CUST_CH_01037,22,58.64,45,13,Two-Year,Electronic Check,Female,0
CUST_CH_01038,59,89.31,10,5,Month-to-Month,Electronic Check,Female,0
CUST_CH_01039,19,25.83,35,31,One-Year,Credit Card,Female,0
CUST_CH_01040,48,45.68,28,16,Month-to-Month,Bank Transfer,Female,1
CUST_CH_01041,1,93.29,13,32,Month-to-Month,Electronic Check,Female,1
CUST_CH_01042,66,70.44,3,21,Month-to-Month,Bank Transfer,Male,1
CUST_CH_01043,43,102.11,22,4,Month-to-Month,Bank Transfer,Male,0
CUST_CH_01044,67,115.24,31,59,Two-Year,Bank Transfer,Female,0
CUST_CH_01045,24,36.2,39,5,Two-Year,Electronic Check,Female,0
CUST_CH_01046,12,72.07,14,9,Month-to-Month,Electronic Check,Female,0
CUST_CH_01047,52,105.17,21,16,One-Year,Credit Card,Male,0
CUST_CH_01048,7,106.19,24,30,Month-to-Month,Electronic Check,Male,1
CUST_CH_01049,64,63.47,41,27,Month-to-Month,Electronic Check,Male,0
CUST_CH_01050,1,89.46,37,42,Two-Year,Electronic Check,Male,1
CUST_CH_01051,50,43.39,33,9,Month-to-Month,Bank Transfer,Female,1
CUST_CH_01052,59,46.33,10,31,Two-Year,Credit Card,Female,1
CUST_CH_01053,37,48.61,24,11,Month-to-Month,Electronic Check,Male,1
CUST_CH_01054,72,33.88,43,12,Month-to-Month,Bank Transfer,Male,0
CUST_CH_01055,20,119.35,33,24,Month-to-Month,Bank Transfer,Female,1
CUST_CH_01056,10,20.59,30,31,Month-to-Month,Bank Transfer,Female,1
CUST_CH_01057,70,72.61,46,59,Month-to-Month,Bank Transfer,Male,0
CUST_CH_01058,21,113.4,17,28,One-Year,Bank Transfer,Female,0
CUST_CH_01059,14,106.7,38,58,One-Year,Credit Card,Male,0
CUST_CH_01060,26,41.4,28,50,Month-to-Month,Bank Transfer,Female,1
CUST_CH_01061,10,95.0,4,8,Two-Year,Credit Card,Male,1
CUST_CH_01062,49,80.0,22,35,Month-to-Month,Credit Card,Male,0
CUST_CH_01063,55,20.69,47,47,Two-Year,Bank Transfer,Male,1
CUST_CH_01064,8,119.42,32,52,Month-to-Month,Credit Card,Male,1
CUST_CH_01065,39,116.47,20,14,Two-Year,Electronic Check,Female,0
CUST_CH_01066,27,85.78,33,53,Month-to-Month,Electronic Check,Female,0
CUST_CH_01067,22,27.75,34,56,Month-to-Month,Bank Transfer,Male,1
CUST_CH_01068,30,48.36,22,34,Month-to-Month,Electronic Check,Female,1
CUST_CH_01069,10,74.93,1,35,Two-Year,Electronic Check,Male,0
CUST_CH_01070,42,119.17,12,21,Two-Year,Bank Transfer,Female,0
CUST_CH_01071,27,113.56,3,31,Month-to-Month,Electronic Check,Male,0
CUST_CH_01072,38,93.27,46,33,Month-to-Month,Electronic Check,Female,0
CUST_CH_01073,8,58.31,15,52,One-Year,Bank Transfer,Female,1
CUST_CH_01074,69,118.15,20,30,Month-to-Month,Electronic Check,Male,0
CUST_CH_01075,16,86.32,17,16,Month-to-Month,Electronic Check,Female,0
CUST_CH_01076,6,103.59,28,30,One-Year,Electronic Check,Male,1
CUST_CH_01077,67,56.24,36,60,One-Year,Bank Transfer,Female,1
CUST_CH_01078,53,65.98,48,27,Month-to-Month,Credit Card,Male,1
CUST_CH_01079,40,55.05,26,58,Month-to-Month,Electronic Check,Female,1
CUST_CH_01080,9,92.61,45,27,One-Year,Credit Card,Female,1
CUST_CH_01081,42,119.89,8,9,One-Year,Electronic Check,Male,0
CUST_CH_01082,48,95.99,28,19,Month-to-Month,Electronic Check,Female,0
CUST_CH_01083,17,46.2,11,25,One-Year,Credit Card,Male,0
CUST_CH_01084,61,72.06,42,28,Two-Year,Bank Transfer,Female,0
CUST_CH_01085,19,57.89,21,3,Month-to-Month,Credit Card,Female,1
CUST_CH_01086,35,118.01,11,50,Month-to-Month,Bank Transfer,Male,1
CUST_CH_01087,65,26.79,46,56,One-Year,Electronic Check,Female,1
CUST_CH_01088,15,26.51,22,15,Month-to-Month,Bank Transfer,Male,1
CUST_CH_01089,55,75.02,38,4,Month-to-Month,Bank Transfer,Female,0
CUST_CH_01090,7,45.73,46,24,Month-to-Month,Credit Card,Male,1
CUST_CH_01091,29,27.21,26,59,Month-to-Month,Credit Card,Female,0
CUST_CH_01092,23,27.24,41,49,One-Year,Credit Card,Female,0
CUST_CH_01093,7,78.22,18,45,Month-to-Month,Bank Transfer,Female,1
CUST_CH_01094,41,99.55,49,15,Month-to-Month,Credit Card,Male,1
CUST_CH_01095,58,37.93,35,7,One-Year,Credit Card,Female,0
CUST_CH_01096,36,58.24,21,58,Two-Year,Credit Card,Female,0
CUST_CH_01097,41,38.76,30,56,Month-to-Month,Electronic Check,Male,0
CUST_CH_01098,69,101.06,8,36,Month-to-Month,Electronic Check,Male,1
CUST_CH_01099,49,52.03,8,60,One-Year,Credit Card,Female,0
CUST_CH_01100,60,79.49,2,16,Month-to-Month,Electronic Check,Male,1
CUST_CH_01101,41,65.29,19,51,One-Year,Electronic Check,Male,1
CUST_CH_01102,69,79.81,31,53,Month-to-Month,Electronic Check,Female,0
CUST_CH_01103,9,106.8,15,16,Two-Year,Credit Card,Female,0
CUST_CH_01104,25,68.89,42,23,Month-to-Month,Electronic Check,Male,1
CUST_CH_01105,55,119.3,39,53,One-Year,Credit Card,Female,0
CUST_CH_01106,1,94.09,10,9,Month-to-Month,Electronic Check,Female,1
CUST_CH_01107,16,54.2,25,16,Month-to-Month,Credit Card,Female,0
CUST_CH_01108,40,33.91,45,39,Month-to-Month,Credit Card,Female,0
CUST_CH_01109,64,79.48,34,35,Month-to-Month,Electronic Check,Female,1
CUST_CH_01110,63,55.52,18,57,Month-to-Month,Electronic Check,Male,1
CUST_CH_01111,12,70.23,39,42,One-Year,Credit Card,Male,1
CUST_CH_01112,32,76.46,29,45,Month-to-Month,Credit Card,Male,1
CUST_CH_01113,72,26.22,15,41,One-Year,Electronic Check,Female,1
CUST_CH_01114,47,57.25,43,27,Month-to-Month,Bank Transfer,Female,1
CUST_CH_01115,48,69.88,32,2,Month-to-Month,Credit Card,Female,0
CUST_CH_01116,64,40.4,36,48,Two-Year,Electronic Check,Male,0
CUST_CH_01117,27,110.38,42,40,Two-Year,Bank Transfer,Male,0
CUST_CH_01118,43,22.23,28,44,Month-to-Month,Credit Card,Female,1
CUST_CH_01119,34,116.55,36,26,One-Year,Electronic Check,Male,0
CUST_CH_01120,65,72.12,38,30,Month-to-Month,Electronic Check,Female,0
CUST_CH_01121,4,35.91,3,17,Month-to-Month,Bank Transfer,Female,1
CUST_CH_01122,22,117.05,16,42,Month-to-Month,Bank Transfer,Male,0
CUST_CH_01123,28,51.68,44,31,Month-to-Month,Credit Card,Female,0
CUST_CH_01124,53,59.33,15,57,One-Year,Electronic Check,Female,1
CUST_CH_01125,65,47.78,24,53,Month-to-Month,Credit Card,Female,1
CUST_CH_01126,20,67.47,48,36,Month-to-Month,Bank Transfer,Female,1
CUST_CH_01127,69,58.34,28,8,Month-to-Month,Bank Transfer,Female,1
CUST_CH_01128,27,88.58,16,14,Month-to-Month,Bank Transfer,Male,1
CUST_CH_01129,24,51.08,48,60,Month-to-Month,Bank Transfer,Female,1
CUST_CH_01130,36,48.33,31,2,One-Year,Credit Card,Male,0
CUST_CH_01131,39,102.7,35,40,Month-to-Month,Electronic Check,Female,1
CUST_CH_01132,38,114.56,7,25,One-Year,Credit Card,Male,0
CUST_CH_01133,27,89.29,21,41,Month-to-Month,Credit Card,Female,1
CUST_CH_01134,57,64.81,32,40,Month-to-Month,Electronic Check,Male,0
CUST_CH_01135,7,81.79,9,23,Month-to-Month,Credit Card,Female,1
CUST_CH_01136,27,43.13,27,2,One-Year,Credit Card,Female,1
CUST_CH_01137,17,75.98,39,53,One-Year,Bank Transfer,Male,0
CUST_CH_01138,63,74.42,24,12,Month-to-Month,Credit Card,Female,0
CUST_CH_01139,11,21.18,27,26,Month-to-Month,Bank Transfer,Female,1
CUST_CH_01140,44,111.63,35,20,Two-Year,Electronic Check,Male,0
CUST_CH_01141,13,47.24,12,23,Month-to-Month,Bank Transfer,Male,0
CUST_CH_01142,48,57.26,29,39,Month-to-Month,Credit Card,Female,1
CUST_CH_01143,7,81.79,50,29,Month-to-Month,Credit Card,Male,1
CUST_CH_01144,13,62.77,19,57,One-Year,Credit Card,Female,1
CUST_CH_01145,71,111.39,26,35,Month-to-Month,Credit Card,Female,1
CUST_CH_01146,27,31.05,19,8,Month-to-Month,Credit Card,Female,0
CUST_CH_01147,57,68.38,15,11,Two-Year,Credit Card,Female,0
CUST_CH_01148,57,67.52,5,2,Month-to-Month,Credit Card,Male,1
CUST_CH_01149,11,100.73,17,47,Month-to-Month,Credit Card,Female,1
CUST_CH_01150,45,35.38,4,30,Month-to-Month,Electronic Check,Male,0
CUST_CH_01151,5,119.35,17,37,Two-Year,Bank Transfer,Female,1
CUST_CH_01152,44,67.76,50,19,Month-to-Month,Electronic Check,Female,0
CUST_CH_01153,35,62.5,9,29,Month-to-Month,Bank Transfer,Male,1
CUST_CH_01154,63,34.27,45,12,Two-Year,Credit Card,Male,0
CUST_CH_01155,46,69.06,23,28,Month-to-Month,Bank Transfer,Female,1
CUST_CH_01156,18,59.54,26,23,Month-to-Month,Credit Card,Male,1
CUST_CH_01157,21,94.26,49,6,One-Year,Electronic Check,Male,0
CUST_CH_01158,53,60.07,15,17,Two-Year,Bank Transfer,Female,1
CUST_CH_01159,40,68.17,20,11,Month-to-Month,Electronic Check,Male,1
CUST_CH_01160,59,73.88,25,53,One-Year,Credit Card,Female,1
CUST_CH_01161,1,65.48,23,46,Two-Year,Credit Card,Female,0
CUST_CH_01162,26,109.62,42,10,One-Year,Credit Card,Male,0
CUST_CH_01163,52,59.57,38,25,Two-Year,Bank Transfer,Female,0
CUST_CH_01164,21,20.45,15,8,Two-Year,Credit Card,Male,0
CUST_CH_01165,52,103.41,14,34,One-Year,Credit Card,Male,0
CUST_CH_01166,59,82.2,8,2,One-Year,Bank Transfer,Female,0
CUST_CH_01167,30,109.07,16,53,Month-to-Month,Bank Transfer,Female,1
CUST_CH_01168,15,88.33,41,8,Month-to-Month,Electronic Check,Male,0
CUST_CH_01169,53,32.88,46,12,One-Year,Electronic Check,Male,0
CUST_CH_01170,50,96.21,12,43,Month-to-Month,Bank Transfer,Female,1
CUST_CH_01171,52,51.02,19,13,Month-to-Month,Electronic Check,Female,0
CUST_CH_01172,56,108.18,24,46,Month-to-Month,Bank Transfer,Female,1
CUST_CH_01173,12,42.99,26,52,One-Year,Electronic Check,Male,0
CUST_CH_01174,17,71.41,23,16,Month-to-Month,Electronic Check,Male,1
CUST_CH_01175,43,96.09,12,35,Month-to-Month,Bank Transfer,Female,1
CUST_CH_01176,71,101.03,34,6,Two-Year,Bank Transfer,Male,1
CUST_CH_01177,22,94.39,32,10,One-Year,Credit Card,Female,0
CUST_CH_01178,21,100.66,7,34,One-Year,Credit Card,Female,1
CUST_CH_01179,69,29.97,32,42,Month-to-Month,Credit Card,Female,1
CUST_CH_01180,7,78.47,50,26,One-Year,Credit Card,Female,0
CUST_CH_01181,22,34.25,14,48,Month-to-Month,Bank Transfer,Male,0
CUST_CH_01182,53,114.61,17,44,Two-Year,Electronic Check,Female,0
CUST_CH_01183,33,63.01,29,30,Two-Year,Credit Card,Male,1
CUST_CH_01184,21,87.03,34,41,Month-to-Month,Electronic Check,Female,1
CUST_CH_01185,54,21.74,26,21,Month-to-Month,Credit Card,Male,1
CUST_CH_01186,42,50.31,39,40,Month-to-Month,Bank Transfer,Female,1
CUST_CH_01187,32,103.27,40,47,Month-to-Month,Credit Card,Female,1
CUST_CH_01188,16,40.52,39,31,Two-Year,Bank Transfer,Male,0
CUST_CH_01189,4,39.39,16,35,Month-to-Month,Electronic Check,Male,0
CUST_CH_01190,28,22.12,38,23,Month-to-Month,Electronic Check,Female,1
CUST_CH_01191,52,109.12,10,9,One-Year,Electronic Check,Female,0
CUST_CH_01192,21,63.48,17,60,Month-to-Month,Credit Card,Female,1
CUST_CH_01193,68,92.32,35,12,Month-to-Month,Electronic Check,Female,1
CUST_CH_01194,9,56.91,1,26,Month-to-Month,Bank Transfer,Female,1
CUST_CH_01195,32,43.5,24,8,One-Year,Electronic Check,Male,0
CUST_CH_01196,65,37.92,11,49,Month-to-Month,Credit Card,Male,0
CUST_CH_01197,30,29.95,27,21,Month-to-Month,Electronic Check,Female,1
CUST_CH_01198,1,26.98,38,12,One-Year,Credit Card,Female,0
CUST_CH_01199,22,46.51,22,11,Month-to-Month,Credit Card,Female,1
CUST_CH_01200,51,112.07,29,46,Month-to-Month,Credit Card,Male,1
CUST_CH_01201,22,83.28,36,18,Month-to-Month,Credit Card,Female,1
CUST_CH_01202,63,59.92,12,34,Month-to-Month,Bank Transfer,Female,1
CUST_CH_01203,50,86.14,39,2,One-Year,Bank Transfer,Male,1
CUST_CH_01204,22,25.24,17,11,Month-to-Month,Bank Transfer,Male,0
CUST_CH_01205,37,22.84,50,52,Month-to-Month,Credit Card,Male,1
CUST_CH_01206,21,37.71,8,56,One-Year,Credit Card,Female,1
CUST_CH_01207,54,34.61,22,15,Two-Year,Electronic Check,Male,1
CUST_CH_01208,56,85.56,26,29,Month-to-Month,Bank Transfer,Female,1
CUST_CH_01209,54,113.2,30,54,Month-to-Month,Credit Card,Female,1
CUST_CH_01210,36,28.13,30,16,One-Year,Credit Card,Female,1
CUST_CH_01211,25,30.59,40,24,Two-Year,Credit Card,Female,0
CUST_CH_01212,63,62.53,19,30,Month-to-Month,Bank Transfer,Male,1
CUST_CH_01213,16,84.72,31,41,Two-Year,Credit Card,Male,0
CUST_CH_01214,18,82.49,8,54,One-Year,Credit Card,Female,0
CUST_CH_01215,40,64.32,18,26,Month-to-Month,Bank Transfer,Male,1
CUST_CH_01216,39,77.7,48,33,Month-to-Month,Electronic Check,Male,1
CUST_CH_01217,19,68.47,35,4,Two-Year,Credit Card,Female,0
CUST_CH_01218,44,20.76,43,47,Month-to-Month,Electronic Check,Female,0
CUST_CH_01219,20,95.63,39,28,Month-to-Month,Electronic Check,Male,1
CUST_CH_01220,27,26.04,32,14,Month-to-Month,Electronic Check,Male,0
CUST_CH_01221,1,20.55,36,49,Month-to-Month,Bank Transfer,Male,0
CUST_CH_01222,28,112.24,37,33,One-Year,Bank Transfer,Female,0
CUST_CH_01223,71,83.53,14,9,One-Year,Electronic Check,Female,1
CUST_CH_01224,15,94.59,44,21,One-Year,Bank Transfer,Female,0
CUST_CH_01225,27,55.36,20,17,Two-Year,Credit Card,Female,0
CUST_CH_01226,38,95.47,39,1,One-Year,Electronic Check,Male,0
CUST_CH_01227,32,94.35,23,31,Month-to-Month,Credit Card,Female,1
CUST_CH_01228,28,58.91,21,51,Month-to-Month,Electronic Check,Male,0
CUST_CH_01229,71,107.53,45,50,Month-to-Month,Bank Transfer,Male,0
CUST_CH_01230,22,98.64,30,22,Month-to-Month,Bank Transfer,Male,0
CUST_CH_01231,42,28.91,49,3,Month-to-Month,Bank Transfer,Female,1
CUST_CH_01232,28,29.6,24,29,Month-to-Month,Bank Transfer,Male,1
CUST_CH_01233,68,59.08,16,28,Two-Year,Bank Transfer,Female,0
CUST_CH_01234,52,100.98,39,36,Month-to-Month,Credit Card,Female,1
CUST_CH_01235,18,83.21,11,57,Month-to-Month,Credit Card,Male,1
CUST_CH_01236,48,31.31,16,7,Two-Year,Credit Card,Male,1
CUST_CH_01237,38,102.08,49,22,Month-to-Month,Bank Transfer,Male,0
CUST_CH_01238,25,118.03,38,55,Month-to-Month,Electronic Check,Female,1
CUST_CH_01239,4,116.77,9,32,Month-to-Month,Credit Card,Male,1
CUST_CH_01240,56,50.67,5,44,Two-Year,Credit Card,Male,1
CUST_CH_01241,53,77.67,32,50,One-Year,Credit Card,Female,0
CUST_CH_01242,7,37.74,13,59,Month-to-Month,Bank Transfer,Male,1
CUST_CH_01243,20,110.7,18,25,One-Year,Credit Card,Female,0
CUST_CH_01244,10,61.9,33,40,Two-Year,Bank Transfer,Male,0
CUST_CH_01245,57,50.74,34,49,One-Year,Bank Transfer,Male,0
CUST_CH_01246,17,44.75,41,49,One-Year,Bank Transfer,Female,1
CUST_CH_01247,27,56.36,32,34,Month-to-Month,Bank Transfer,Female,1
CUST_CH_01248,42,83.24,1,31,Month-to-Month,Credit Card,Male,1
CUST_CH_01249,49,93.75,30,29,Month-to-Month,Bank Transfer,Male,0
CUST_CH_01250,47,85.34,36,55,Two-Year,Electronic Check,Female,1
CUST_CH_01251,11,70.95,20,7,Month-to-Month,Credit Card,Male,0
CUST_CH_01252,34,38.49,19,44,Month-to-Month,Bank Transfer,Female,1
CUST_CH_01253,25,23.49,31,46,Month-to-Month,Electronic Check,Male,1
CUST_CH_01254,7,76.07,21,31,Month-to-Month,Credit Card,Female,1
CUST_CH_01255,46,84.48,34,46,Month-to-Month,Bank Transfer,Female,1
CUST_CH_01256,35,88.81,50,17,Month-to-Month,Bank Transfer,Female,1
CUST_CH_01257,15,70.97,39,28,Month-to-Month,Credit Card,Female,1
CUST_CH_01258,60,92.57,35,25,Month-to-Month,Credit Card,Male,0
CUST_CH_01259,37,112.46,9,8,Month-to-Month,Electronic Check,Female,0
CUST_CH_01260,55,58.54,4,23,One-Year,Electronic Check,Male,1
CUST_CH_01261,68,34.99,30,14,Two-Year,Credit Card,Female,0
CUST_CH_01262,41,86.71,31,27,One-Year,Credit Card,Male,1
CUST_CH_01263,14,94.75,10,10,One-Year,Bank Transfer,Female,0
CUST_CH_01264,10,91.33,10,28,Month-to-Month,Credit Card,Male,1
CUST_CH_01265,66,78.55,29,12,One-Year,Electronic Check,Male,0
CUST_CH_01266,54,78.37,5,29,Month-to-Month,Bank Transfer,Female,1
CUST_CH_01267,23,35.71,5,22,Month-to-Month,Electronic Check,Male,1
CUST_CH_01268,20,96.97,49,51,Month-to-Month,Electronic Check,Female,1
CUST_CH_01269,16,73.34,5,49,One-Year,Credit Card,Male,1
CUST_CH_01270,13,30.93,12,26,Two-Year,Credit Card,Male,0
CUST_CH_01271,64,103.55,9,25,Month-to-Month,Bank Transfer,Male,1
CUST_CH_01272,69,73.02,22,41,One-Year,Bank Transfer,Female,1
CUST_CH_01273,70,112.12,25,25,Month-to-Month,Bank Transfer,Female,0
CUST_CH_01274,57,93.83,40,34,Month-to-Month,Electronic Check,Female,1
CUST_CH_01275,9,74.37,11,52,Month-to-Month,Credit Card,Male,1
CUST_CH_01276,30,35.95,5,56,Month-to-Month,Credit Card,Male,1
CUST_CH_01277,14,35.7,21,20,Month-to-Month,Bank Transfer,Male,1
CUST_CH_01278,13,29.18,6,34,One-Year,Electronic Check,Female,0
CUST_CH_01279,40,114.67,33,50,Month-to-Month,Bank Transfer,Male,1
CUST_CH_01280,62,84.7,29,8,Month-to-Month,Electronic Check,Female,0
CUST_CH_01281,70,85.35,39,15,Month-to-Month,Electronic Check,Male,0
CUST_CH_01282,12,63.9,49,56,One-Year,Electronic Check,Female,1
CUST_CH_01283,46,24.32,7,0,Two-Year,Credit Card,Male,0
CUST_CH_01284,11,97.95,37,33,Month-to-Month,Credit Card,Male,1
CUST_CH_01285,56,50.89,42,10,Month-to-Month,Credit Card,Female,1
CUST_CH_01286,30,29.45,22,21,One-Year,Credit Card,Male,1
CUST_CH_01287,32,113.99,43,44,Month-to-Month,Bank Transfer,Female,0
CUST_CH_01288,72,112.35,34,17,Month-to-Month,Bank Transfer,Male,0
CUST_CH_01289,26,43.78,32,4,One-Year,Electronic Check,Male,0
CUST_CH_01290,30,97.04,37,24,Month-to-Month,Electronic Check,Male,1
CUST_CH_01291,5,80.0,31,58,One-Year,Credit Card,Female,1
CUST_CH_01292,18,81.66,25,48,Month-to-Month,Bank Transfer,Male,1
CUST_CH_01293,39,70.48,46,11,One-Year,Bank Transfer,Male,0
CUST_CH_01294,2,38.86,46,21,Month-to-Month,Credit Card,Female,1
CUST_CH_01295,71,32.68,19,28,Month-to-Month,Electronic Check,Female,1
CUST_CH_01296,32,105.86,40,41,Month-to-Month,Electronic Check,Female,1
CUST_CH_01297,50,69.83,43,2,Month-to-Month,Bank Transfer,Female,1
CUST_CH_01298,72,96.06,5,49,Month-to-Month,Bank Transfer,Female,0
CUST_CH_01299,47,86.46,45,55,Month-to-Month,Bank Transfer,Male,1
CUST_CH_01300,8,97.33,2,26,Two-Year,Electronic Check,Female,1
CUST_CH_01301,45,25.83,13,54,Month-to-Month,Credit Card,Female,0
CUST_CH_01302,18,95.02,28,19,One-Year,Credit Card,Male,0
CUST_CH_01303,39,33.91,26,23,One-Year,Credit Card,Female,0
CUST_CH_01304,13,44.23,1,56,One-Year,Credit Card,Male,1
CUST_CH_01305,11,100.5,29,38,Month-to-Month,Credit Card,Female,0
CUST_CH_01306,14,53.24,40,48,Month-to-Month,Bank Transfer,Male,0
CUST_CH_01307,22,59.99,18,55,Month-to-Month,Bank Transfer,Male,1
CUST_CH_01308,6,117.65,27,40,Month-to-Month,Credit Card,Female,1
CUST_CH_01309,60,115.63,11,4,Two-Year,Bank Transfer,Female,0
CUST_CH_01310,29,84.23,27,6,One-Year,Bank Transfer,Male,0
CUST_CH_01311,7,54.81,22,56,One-Year,Credit Card,Male,1
CUST_CH_01312,52,72.93,38,14,Month-to-Month,Credit Card,Female,0
CUST_CH_01313,34,71.61,26,15,Month-to-Month,Credit Card,Female,0
CUST_CH_01314,36,76.99,25,1,One-Year,Credit Card,Male,0
CUST_CH_01315,60,75.11,33,0,Month-to-Month,Credit Card,Female,0
CUST_CH_01316,36,90.18,33,7,Month-to-Month,Electronic Check,Female,0
CUST_CH_01317,1,49.45,28,34,One-Year,Electronic Check,Male,1
CUST_CH_01318,47,55.83,48,27,Two-Year,Electronic Check,Female,1
CUST_CH_01319,59,114.93,30,40,One-Year,Credit Card,Female,1
CUST_CH_01320,68,65.4,8,23,One-Year,Bank Transfer,Female,0
CUST_CH_01321,56,28.28,47,8,Two-Year,Credit Card,Female,1
CUST_CH_01322,29,47.69,17,30,Month-to-Month,Credit Card,Male,1
CUST_CH_01323,24,81.52,10,46,One-Year,Credit Card,Male,0
CUST_CH_01324,63,113.19,6,14,Month-to-Month,Credit Card,Female,1
CUST_CH_01325,16,96.97,10,22,One-Year,Credit Card,Female,0
CUST_CH_01326,45,24.48,1,47,Month-to-Month,Credit Card,Female,1
CUST_CH_01327,69,42.38,41,31,Two-Year,Electronic Check,Female,0
CUST_CH_01328,30,71.75,19,12,Month-to-Month,Credit Card,Female,0
CUST_CH_01329,64,22.21,37,6,One-Year,Credit Card,Female,0
CUST_CH_01330,13,71.45,29,59,Month-to-Month,Electronic Check,Female,0
CUST_CH_01331,21,48.32,25,30,Month-to-Month,Credit Card,Female,0
CUST_CH_01332,16,84.3,21,1,One-Year,Bank Transfer,Male,0
CUST_CH_01333,29,88.34,37,35,Two-Year,Bank Transfer,Female,1
CUST_CH_01334,52,28.01,31,50,Two-Year,Credit Card,Female,0
CUST_CH_01335,70,119.87,28,48,One-Year,Bank Transfer,Male,1
CUST_CH_01336,59,109.33,32,15,Two-Year,Credit Card,Female,1
CUST_CH_01337,26,106.76,39,38,Month-to-Month,Bank Transfer,Female,1
CUST_CH_01338,62,90.73,8,7,One-Year,Electronic Check,Male,0
CUST_CH_01339,44,111.86,49,35,Month-to-Month,Credit Card,Female,1
CUST_CH_01340,24,27.69,14,19,Month-to-Month,Bank Transfer,Female,1
CUST_CH_01341,60,67.6,46,43,Month-to-Month,Electronic Check,Male,1
CUST_CH_01342,15,21.72,20,29,One-Year,Credit Card,Male,0
CUST_CH_01343,58,99.62,40,59,Month-to-Month,Bank Transfer,Female,1
CUST_CH_01344,51,110.01,1,38,Month-to-Month,Bank Transfer,Male,0
CUST_CH_01345,28,69.96,20,42,Month-to-Month,Credit Card,Female,1
CUST_CH_01346,71,66.35,12,36,Month-to-Month,Credit Card,Male,0
CUST_CH_01347,8,83.26,25,12,Month-to-Month,Bank Transfer,Female,0
CUST_CH_01348,39,48.03,11,51,Month-to-Month,Credit Card,Female,1
CUST_CH_01349,18,91.86,38,55,Month-to-Month,Credit Card,Female,1
CUST_CH_01350,33,34.56,33,13,Month-to-Month,Credit Card,Male,0
CUST_CH_01351,36,100.91,38,43,Two-Year,Electronic Check,Female,0
CUST_CH_01352,42,46.43,5,15,Month-to-Month,Electronic Check,Female,1
CUST_CH_01353,15,78.36,28,18,Two-Year,Bank Transfer,Female,0
CUST_CH_01354,53,36.87,42,13,Month-to-Month,Credit Card,Female,0
CUST_CH_01355,16,59.74,1,52,Month-to-Month,Electronic Check,Female,1
CUST_CH_01356,47,29.16,23,26,One-Year,Bank Transfer,Male,1
CUST_CH_01357,22,83.12,18,14,Month-to-Month,Electronic Check,Female,1
CUST_CH_01358,36,95.21,44,31,Month-to-Month,Electronic Check,Female,1
CUST_CH_01359,20,43.5,6,41,One-Year,Electronic Check,Male,1
CUST_CH_01360,43,70.62,21,30,One-Year,Electronic Check,Male,0
CUST_CH_01361,18,97.24,19,59,Month-to-Month,Electronic Check,Female,1
CUST_CH_01362,48,107.78,26,9,Month-to-Month,Bank Transfer,Male,1
CUST_CH_01363,71,91.89,5,17,Month-to-Month,Credit Card,Female,1
CUST_CH_01364,67,93.47,43,55,One-Year,Electronic Check,Female,1
CUST_CH_01365,58,97.93,4,11,Month-to-Month,Electronic Check,Male,0
CUST_CH_01366,8,40.62,6,32,Two-Year,Credit Card,Male,0
CUST_CH_01367,49,73.64,27,11,Month-to-Month,Electronic Check,Male,0
CUST_CH_01368,44,111.3,30,13,Month-to-Month,Credit Card,Male,1
CUST_CH_01369,28,28.15,38,18,Two-Year,Bank Transfer,Female,0
CUST_CH_01370,17,95.67,37,15,Two-Year,Electronic Check,Male,0
CUST_CH_01371,40,76.41,23,9,Month-to-Month,Bank Transfer,Male,1
CUST_CH_01372,4,52.48,42,30,Two-Year,Bank Transfer,Female,0
CUST_CH_01373,19,28.68,26,32,Month-to-Month,Credit Card,Female,0
CUST_CH_01374,25,106.63,10,13,One-Year,Credit Card,Female,0
CUST_CH_01375,13,20.62,35,35,Month-to-Month,Credit Card,Male,1
CUST_CH_01376,40,44.87,41,36,Two-Year,Electronic Check,Male,1
CUST_CH_01377,39,37.06,46,21,Two-Year,Electronic Check,Male,0
CUST_CH_01378,9,33.3,19,49,Month-to-Month,Electronic Check,Male,1
CUST_CH_01379,15,88.3,22,5,One-Year,Credit Card,Female,0
CUST_CH_01380,35,114.24,26,30,Month-to-Month,Bank Transfer,Male,1
CUST_CH_01381,12,33.23,46,54,Month-to-Month,Electronic Check,Female,1
CUST_CH_01382,12,108.35,12,9,Month-to-Month,Bank Transfer,Male,0
CUST_CH_01383,55,117.34,39,51,Month-to-Month,Credit Card,Male,1
CUST_CH_01384,28,82.16,34,60,Month-to-Month,Credit Card,Female,1
CUST_CH_01385,9,96.77,12,19,Two-Year,Bank Transfer,Male,0
CUST_CH_01386,37,39.4,50,0,Month-to-Month,Electronic Check,Female,0
CUST_CH_01387,30,100.83,13,58,Month-to-Month,Electronic Check,Male,1
CUST_CH_01388,52,81.03,8,44,Month-to-Month,Electronic Check,Male,1
CUST_CH_01389,44,45.33,45,60,Month-to-Month,Credit Card,Male,1
CUST_CH_01390,63,90.41,27,44,Month-to-Month,Credit Card,Male,1
CUST_CH_01391,49,113.88,4,12,Month-to-Month,Bank Transfer,Female,0
CUST_CH_01392,59,99.83,5,45,One-Year,Credit Card,Female,0
CUST_CH_01393,55,112.48,14,8,Month-to-Month,Electronic Check,Female,1
CUST_CH_01394,63,70.59,49,54,Month-to-Month,Credit Card,Male,1
CUST_CH_01395,14,51.07,14,35,Month-to-Month,Bank Transfer,Female,1
CUST_CH_01396,71,69.1,42,20,Month-to-Month,Credit Card,Female,1
CUST_CH_01397,7,69.7,35,32,Two-Year,Credit Card,Female,0
CUST_CH_01398,26,116.61,40,51,Month-to-Month,Credit Card,Male,1
CUST_CH_01399,69,57.32,42,3,Two-Year,Bank Transfer,Male,0
CUST_CH_01400,17,119.83,48,48,Month-to-Month,Bank Transfer,Female,1
CUST_CH_01401,41,42.38,41,14,One-Year,Bank Transfer,Female,0
CUST_CH_01402,52,45.17,49,28,Month-to-Month,Bank Transfer,Female,1
CUST_CH_01403,70,78.29,11,3,One-Year,Credit Card,Male,0
CUST_CH_01404,37,34.89,20,60,Month-to-Month,Credit Card,Female,0
CUST_CH_01405,24,32.65,16,45,Month-to-Month,Credit Card,Male,0
CUST_CH_01406,36,25.8,41,48,Month-to-Month,Electronic Check,Male,0
CUST_CH_01407,57,68.68,37,6,Month-to-Month,Credit Card,Male,0
CUST_CH_01408,57,67.14,50,60,Month-to-Month,Credit Card,Female,0
CUST_CH_01409,40,68.53,44,16,Month-to-Month,Credit Card,Female,0
CUST_CH_01410,56,94.34,3,43,Month-to-Month,Credit Card,Male,0
CUST_CH_01411,25,31.52,21,32,Month-to-Month,Credit Card,Female,1
CUST_CH_01412,43,90.1,36,43,One-Year,Credit Card,Female,0
CUST_CH_01413,40,26.72,19,31,Two-Year,Credit Card,Male,1
CUST_CH_01414,10,117.81,37,28,One-Year,Bank Transfer,Male,1
CUST_CH_01415,42,92.18,34,4,Two-Year,Bank Transfer,Female,0
CUST_CH_01416,17,44.96,19,25,One-Year,Electronic Check,Female,0
CUST_CH_01417,8,103.6,38,25,One-Year,Credit Card,Male,0
CUST_CH_01418,44,74.02,37,47,Month-to-Month,Credit Card,Female,1
CUST_CH_01419,57,80.78,50,46,Month-to-Month,Bank Transfer,Male,1
CUST_CH_01420,17,29.23,27,7,Month-to-Month,Credit Card,Male,1
CUST_CH_01421,54,111.56,6,16,Two-Year,Credit Card,Male,0
CUST_CH_01422,27,34.42,45,53,Month-to-Month,Bank Transfer,Female,1
CUST_CH_01423,58,31.17,43,27,Month-to-Month,Electronic Check,Female,1
CUST_CH_01424,11,71.86,27,21,Month-to-Month,Credit Card,Male,0
CUST_CH_01425,10,39.61,21,0,One-Year,Credit Card,Male,1
CUST_CH_01426,52,117.26,27,2,One-Year,Credit Card,Female,1
CUST_CH_01427,71,55.38,5,21,One-Year,Electronic Check,Male,1
CUST_CH_01428,23,56.25,48,39,One-Year,Credit Card,Female,1
CUST_CH_01429,9,72.66,40,28,One-Year,Electronic Check,Male,0
CUST_CH_01430,70,59.57,1,21,Month-to-Month,Electronic Check,Male,1
CUST_CH_01431,10,74.69,12,3,One-Year,Credit Card,Male,0
CUST_CH_01432,41,89.76,32,36,One-Year,Credit Card,Female,1
CUST_CH_01433,2,63.86,41,59,One-Year,Credit Card,Male,1
CUST_CH_01434,35,46.45,29,38,One-Year,Electronic Check,Female,0
CUST_CH_01435,14,37.68,41,40,Two-Year,Bank Transfer,Female,1
CUST_CH_01436,45,53.26,2,5,Month-to-Month,Electronic Check,Female,0
CUST_CH_01437,61,28.69,40,55,Month-to-Month,Credit Card,Male,1
CUST_CH_01438,12,86.93,12,31,Month-to-Month,Credit Card,Female,1
CUST_CH_01439,71,45.65,13,41,Month-to-Month,Credit Card,Male,0
CUST_CH_01440,61,55.66,15,33,Month-to-Month,Electronic Check,Male,1
CUST_CH_01441,41,116.87,27,9,One-Year,Bank Transfer,Female,0
CUST_CH_01442,68,52.26,47,16,Two-Year,Electronic Check,Male,0
CUST_CH_01443,16,63.48,4,1,One-Year,Bank Transfer,Male,0
CUST_CH_01444,49,52.47,42,54,Month-to-Month,Electronic Check,Female,1
CUST_CH_01445,41,52.9,5,43,Month-to-Month,Electronic Check,Male,0
CUST_CH_01446,30,47.31,39,59,Two-Year,Credit Card,Male,0
CUST_CH_01447,55,50.88,25,60,One-Year,Bank Transfer,Male,0
CUST_CH_01448,7,90.49,15,21,Month-to-Month,Electronic Check,Male,1
CUST_CH_01449,2,117.23,32,5,Month-to-Month,Electronic Check,Male,1
CUST_CH_01450,17,59.76,34,13,Two-Year,Electronic Check,Male,0
CUST_CH_01451,3,84.74,29,32,Month-to-Month,Bank Transfer,Male,1
CUST_CH_01452,64,97.26,46,52,Month-to-Month,Bank Transfer,Female,1
CUST_CH_01453,12,85.76,47,48,Month-to-Month,Credit Card,Male,1
CUST_CH_01454,63,59.99,4,44,Month-to-Month,Credit Card,Female,0
CUST_CH_01455,16,112.67,10,53,Month-to-Month,Credit Card,Female,1
CUST_CH_01456,30,88.69,3,22,One-Year,Credit Card,Female,1
CUST_CH_01457,22,104.53,24,13,Two-Year,Bank Transfer,Female,1
CUST_CH_01458,2,82.36,24,10,Month-to-Month,Credit Card,Female,1
CUST_CH_01459,58,100.65,11,16,Month-to-Month,Bank Transfer,Male,1
CUST_CH_01460,40,62.03,43,20,Two-Year,Electronic Check,Female,0
CUST_CH_01461,19,40.03,13,6,One-Year,Electronic Check,Female,0
CUST_CH_01462,55,33.3,39,60,Month-to-Month,Electronic Check,Male,0
CUST_CH_01463,47,49.76,34,4,Two-Year,Electronic Check,Female,0
CUST_CH_01464,49,74.83,16,46,One-Year,Credit Card,Male,0
CUST_CH_01465,69,114.78,29,31,Month-to-Month,Bank Transfer,Male,1
CUST_CH_01466,32,49.76,43,25,Month-to-Month,Credit Card,Female,1
CUST_CH_01467,63,91.8,29,18,One-Year,Credit Card,Female,0
CUST_CH_01468,59,45.52,34,38,Two-Year,Credit Card,Female,0
CUST_CH_01469,31,70.58,28,29,One-Year,Bank Transfer,Female,1
CUST_CH_01470,53,56.38,5,41,Month-to-Month,Credit Card,Female,1
CUST_CH_01471,37,41.9,14,2,Two-Year,Bank Transfer,Male,0
CUST_CH_01472,22,83.46,45,41,Two-Year,Bank Transfer,Male,1
CUST_CH_01473,16,68.03,48,34,Month-to-Month,Credit Card,Male,1
CUST_CH_01474,50,84.36,49,14,One-Year,Bank Transfer,Male,0
CUST_CH_01475,51,61.66,9,22,Two-Year,Electronic Check,Female,1
CUST_CH_01476,3,62.91,26,1,Two-Year,Credit Card,Female,0
CUST_CH_01477,48,44.2,43,56,Month-to-Month,Electronic Check,Female,1
CUST_CH_01478,50,46.38,28,10,One-Year,Bank Transfer,Male,1
CUST_CH_01479,66,101.85,26,36,Month-to-Month,Electronic Check,Male,1
CUST_CH_01480,12,116.03,5,58,Month-to-Month,Bank Transfer,Male,1
CUST_CH_01481,68,115.42,50,6,Two-Year,Bank Transfer,Female,0
CUST_CH_01482,66,78.78,28,16,One-Year,Electronic Check,Female,0
CUST_CH_01483,18,95.26,32,18,Month-to-Month,Bank Transfer,Male,1
CUST_CH_01484,68,54.75,15,19,Month-to-Month,Credit Card,Female,0
CUST_CH_01485,48,30.22,33,33,One-Year,Bank Transfer,Male,1
CUST_CH_01486,49,99.46,29,28,Month-to-Month,Electronic Check,Male,1
CUST_CH_01487,34,21.21,42,37,Month-to-Month,Bank Transfer,Male,0
CUST_CH_01488,24,85.21,17,34,Month-to-Month,Credit Card,Female,0
CUST_CH_01489,66,56.85,17,12,One-Year,Credit Card,Female,1
CUST_CH_01490,3,36.0,18,30,Month-to-Month,Bank Transfer,Female,1
CUST_CH_01491,55,22.87,35,12,One-Year,Bank Transfer,Male,0
CUST_CH_01492,24,34.22,23,52,Month-to-Month,Electronic Check,Male,0
CUST_CH_01493,7,78.69,39,4,One-Year,Credit Card,Female,0
CUST_CH_01494,7,21.88,30,57,Month-to-Month,Credit Card,Female,1
CUST_CH_01495,60,45.99,46,53,Month-to-Month,Electronic Check,Female,1
CUST_CH_01496,60,92.38,16,18,Month-to-Month,Electronic Check,Male,1
CUST_CH_01497,28,95.83,33,44,Month-to-Month,Bank Transfer,Female,1
CUST_CH_01498,37,45.9,14,23,Two-Year,Credit Card,Male,0
CUST_CH_01499,27,67.76,41,16,Two-Year,Bank Transfer,Female,1
CUST_CH_01500,16,115.62,1,32,Month-to-Month,Bank Transfer,Female,0
CUST_CH_01501,62,97.27,3,21,Month-to-Month,Bank Transfer,Male,1
CUST_CH_01502,22,114.71,15,24,Month-to-Month,Bank Transfer,Female,0
CUST_CH_01503,62,22.46,32,52,Month-to-Month,Bank Transfer,Female,0
CUST_CH_01504,62,21.83,46,1,Month-to-Month,Electronic Check,Female,0
CUST_CH_01505,45,63.96,5,56,Month-to-Month,Electronic Check,Female,1
CUST_CH_01506,32,67.97,6,0,Month-to-Month,Electronic Check,Male,1
CUST_CH_01507,17,57.79,41,38,Month-to-Month,Bank Transfer,Male,0
CUST_CH_01508,22,37.01,46,52,Month-to-Month,Bank Transfer,Female,1
CUST_CH_01509,10,67.33,17,45,Month-to-Month,Bank Transfer,Male,1
CUST_CH_01510,66,42.17,32,22,Month-to-Month,Electronic Check,Male,0
CUST_CH_01511,54,117.17,31,14,One-Year,Electronic Check,Female,0
CUST_CH_01512,24,47.05,48,46,Month-to-Month,Electronic Check,Female,1
CUST_CH_01513,24,78.85,35,31,Month-to-Month,Bank Transfer,Male,1
CUST_CH_01514,28,43.27,33,40,One-Year,Bank Transfer,Male,0
CUST_CH_01515,54,37.47,45,16,One-Year,Bank Transfer,Female,0
CUST_CH_01516,10,65.36,25,6,One-Year,Credit Card,Male,0
CUST_CH_01517,15,112.89,7,2,Month-to-Month,Electronic Check,Female,0
CUST_CH_01518,40,20.95,36,22,One-Year,Bank Transfer,Female,0
CUST_CH_01519,46,96.22,9,16,Two-Year,Bank Transfer,Male,1
CUST_CH_01520,71,91.72,19,25,Month-to-Month,Electronic Check,Male,0
CUST_CH_01521,30,116.9,10,27,Month-to-Month,Electronic Check,Male,1
CUST_CH_01522,5,43.39,44,41,Month-to-Month,Credit Card,Male,1
CUST_CH_01523,2,26.93,20,39,Month-to-Month,Bank Transfer,Female,1
CUST_CH_01524,4,64.38,44,14,Month-to-Month,Bank Transfer,Female,0
CUST_CH_01525,26,51.93,9,37,Month-to-Month,Bank Transfer,Female,1
CUST_CH_01526,41,107.28,16,30,Month-to-Month,Bank Transfer,Male,1
CUST_CH_01527,72,89.27,11,49,Month-to-Month,Electronic Check,Male,1
CUST_CH_01528,69,54.05,18,56,Month-to-Month,Credit Card,Male,1
CUST_CH_01529,32,57.08,9,19,Two-Year,Bank Transfer,Male,0
CUST_CH_01530,45,36.79,48,9,One-Year,Electronic Check,Female,0
CUST_CH_01531,68,83.49,27,15,Two-Year,Electronic Check,Female,0
CUST_CH_01532,71,46.93,5,54,Month-to-Month,Credit Card,Female,1
CUST_CH_01533,29,61.12,39,27,Month-to-Month,Credit Card,Male,1
CUST_CH_01534,29,35.09,13,27,Month-to-Month,Credit Card,Male,0
CUST_CH_01535,43,94.18,2,6,Month-to-Month,Bank Transfer,Male,0
CUST_CH_01536,54,78.61,16,21,Two-Year,Credit Card,Male,0
CUST_CH_01537,29,75.62,11,59,Month-to-Month,Credit Card,Male,1
CUST_CH_01538,61,26.96,25,42,Two-Year,Bank Transfer,Male,1
CUST_CH_01539,70,55.77,12,60,Two-Year,Bank Transfer,Female,0
CUST_CH_01540,38,68.93,24,8,Two-Year,Credit Card,Female,1
CUST_CH_01541,13,108.53,50,1,Month-to-Month,Credit Card,Female,1
CUST_CH_01542,19,46.37,31,32,Month-to-Month,Credit Card,Male,0
CUST_CH_01543,14,31.12,7,3,Month-to-Month,Credit Card,Female,1
CUST_CH_01544,9,117.98,35,29,Month-to-Month,Credit Card,Female,1
CUST_CH_01545,14,44.55,30,59,One-Year,Bank Transfer,Male,1
CUST_CH_01546,67,23.45,14,15,Month-to-Month,Credit Card,Female,0
CUST_CH_01547,57,54.96,11,41,One-Year,Electronic Check,Male,0
CUST_CH_01548,6,84.2,32,57,Two-Year,Electronic Check,Male,1
CUST_CH_01549,1,24.5,27,55,Month-to-Month,Credit Card,Male,1
CUST_CH_01550,60,70.67,34,56,Two-Year,Electronic Check,Female,1
CUST_CH_01551,51,71.87,21,14,One-Year,Credit Card,Male,0
CUST_CH_01552,64,45.75,24,23,Two-Year,Credit Card,Male,0
CUST_CH_01553,20,74.86,49,53,Month-to-Month,Credit Card,Male,1
CUST_CH_01554,8,103.6,10,19,One-Year,Electronic Check,Male,1
CUST_CH_01555,5,46.55,30,9,Two-Year,Electronic Check,Male,0
CUST_CH_01556,55,83.78,6,3,Month-to-Month,Credit Card,Male,0
CUST_CH_01557,14,84.88,33,7,Two-Year,Credit Card,Male,0
CUST_CH_01558,19,59.67,21,57,Month-to-Month,Electronic Check,Male,1
CUST_CH_01559,54,51.99,40,0,One-Year,Electronic Check,Female,0
CUST_CH_01560,65,118.08,34,9,Month-to-Month,Credit Card,Female,1
CUST_CH_01561,63,37.48,40,20,Month-to-Month,Credit Card,Female,0
CUST_CH_01562,2,27.07,10,14,Month-to-Month,Bank Transfer,Female,1
CUST_CH_01563,62,89.94,14,31,One-Year,Electronic Check,Male,1
CUST_CH_01564,61,69.69,14,12,Two-Year,Electronic Check,Female,0
CUST_CH_01565,57,87.67,24,34,Month-to-Month,Electronic Check,Female,0
CUST_CH_01566,32,52.43,8,53,Month-to-Month,Credit Card,Female,1
CUST_CH_01567,40,62.96,48,36,One-Year,Electronic Check,Female,1
CUST_CH_01568,38,93.09,37,28,Month-to-Month,Electronic Check,Male,0
CUST_CH_01569,15,94.49,16,40,Month-to-Month,Credit Card,Female,0
CUST_CH_01570,62,85.9,4,57,One-Year,Credit Card,Male,1
CUST_CH_01571,18,56.73,31,53,Month-to-Month,Electronic Check,Female,1
CUST_CH_01572,24,20.3,8,8,Month-to-Month,Credit Card,Male,0
CUST_CH_01573,3,110.76,8,53,Month-to-Month,Electronic Check,Male,1
CUST_CH_01574,32,77.05,30,27,Two-Year,Electronic Check,Male,1
CUST_CH_01575,3,46.49,36,24,Month-to-Month,Electronic Check,Male,1
CUST_CH_01576,19,107.73,42,51,Two-Year,Electronic Check,Male,1
CUST_CH_01577,55,21.22,31,32,One-Year,Bank Transfer,Male,1
CUST_CH_01578,67,95.81,17,27,Two-Year,Electronic Check,Female,1
CUST_CH_01579,33,112.48,3,36,Month-to-Month,Bank Transfer,Female,1
CUST_CH_01580,28,55.51,10,3,Two-Year,Bank Transfer,Female,0
CUST_CH_01581,34,117.5,11,59,Month-to-Month,Bank Transfer,Female,1
CUST_CH_01582,36,43.51,5,11,Month-to-Month,Bank Transfer,Female,1
CUST_CH_01583,29,57.45,3,47,Two-Year,Electronic Check,Female,0
CUST_CH_01584,6,90.21,30,4,Month-to-Month,Credit Card,Male,1
CUST_CH_01585,12,36.34,8,6,Month-to-Month,Credit Card,Male,0
CUST_CH_01586,63,85.21,22,14,Month-to-Month,Electronic Check,Male,1
CUST_CH_01587,19,109.66,38,26,Month-to-Month,Credit Card,Female,0
CUST_CH_01588,53,25.48,28,24,One-Year,Credit Card,Female,0
CUST_CH_01589,40,115.22,22,38,Two-Year,Credit Card,Female,0
CUST_CH_01590,32,107.09,17,58,Month-to-Month,Credit Card,Male,1
CUST_CH_01591,35,94.67,14,31,Month-to-Month,Bank Transfer,Female,0
CUST_CH_01592,31,118.93,10,17,Month-to-Month,Bank Transfer,Male,0
CUST_CH_01593,68,36.98,42,20,Month-to-Month,Electronic Check,Male,0
CUST_CH_01594,5,47.65,35,32,Month-to-Month,Bank Transfer,Male,1
CUST_CH_01595,48,86.71,32,33,Month-to-Month,Electronic Check,Male,1
CUST_CH_01596,42,115.15,31,24,Month-to-Month,Bank Transfer,Female,1
CUST_CH_01597,68,36.51,44,53,Month-to-Month,Bank Transfer,Female,1
CUST_CH_01598,61,67.67,27,38,One-Year,Bank Transfer,Male,1
CUST_CH_01599,43,24.67,20,15,Month-to-Month,Bank Transfer,Male,1
CUST_CH_01600,44,112.2,2,18,One-Year,Credit Card,Female,0
CUST_CH_01601,18,50.17,20,23,Month-to-Month,Credit Card,Female,1
CUST_CH_01602,48,97.53,38,6,Month-to-Month,Bank Transfer,Female,0
CUST_CH_01603,15,100.89,5,51,Two-Year,Electronic Check,Male,0
CUST_CH_01604,37,47.43,24,36,Two-Year,Credit Card,Female,1
CUST_CH_01605,51,119.03,25,38,Month-to-Month,Electronic Check,Female,1
CUST_CH_01606,16,34.64,13,1,One-Year,Credit Card,Female,0
CUST_CH_01607,22,26.3,39,20,Two-Year,Credit Card,Male,0
CUST_CH_01608,39,88.86,21,59,Month-to-Month,Electronic Check,Male,1
CUST_CH_01609,42,65.78,8,59,Two-Year,Bank Transfer,Male,1
CUST_CH_01610,34,63.76,25,51,Month-to-Month,Bank Transfer,Female,1
CUST_CH_01611,25,44.35,25,9,Two-Year,Credit Card,Female,0
CUST_CH_01612,22,44.26,13,39,Month-to-Month,Credit Card,Male,0
CUST_CH_01613,34,70.6,9,4,Month-to-Month,Credit Card,Female,1
CUST_CH_01614,4,83.51,27,0,Month-to-Month,Credit Card,Male,1
CUST_CH_01615,19,63.19,34,47,One-Year,Bank Transfer,Male,0
CUST_CH_01616,22,42.41,34,17,Month-to-Month,Electronic Check,Male,0
CUST_CH_01617,31,111.17,12,57,Two-Year,Credit Card,Female,1
CUST_CH_01618,67,36.8,39,37,One-Year,Electronic Check,Female,0
CUST_CH_01619,18,117.58,7,11,Month-to-Month,Credit Card,Female,0
CUST_CH_01620,58,103.96,46,26,One-Year,Bank Transfer,Female,1
CUST_CH_01621,26,109.1,37,55,Month-to-Month,Credit Card,Female,1
CUST_CH_01622,16,51.33,10,31,Month-to-Month,Electronic Check,Male,0
CUST_CH_01623,58,111.42,50,10,Two-Year,Electronic Check,Female,0
CUST_CH_01624,69,57.92,5,16,Month-to-Month,Electronic Check,Female,0
CUST_CH_01625,31,64.91,3,3,Two-Year,Credit Card,Male,0
CUST_CH_01626,15,86.62,36,27,One-Year,Electronic Check,Female,0
CUST_CH_01627,26,85.15,44,22,Two-Year,Credit Card,Male,0
CUST_CH_01628,57,47.11,20,7,Two-Year,Electronic Check,Female,1
CUST_CH_01629,30,62.34,44,4,Two-Year,Electronic Check,Female,1
CUST_CH_01630,19,77.43,49,27,Month-to-Month,Electronic Check,Female,1
CUST_CH_01631,8,75.25,21,42,Month-to-Month,Bank Transfer,Female,1
CUST_CH_01632,25,56.52,14,57,Two-Year,Credit Card,Female,1
CUST_CH_01633,43,37.16,1,25,Month-to-Month,Electronic Check,Male,1
CUST_CH_01634,64,45.09,49,46,One-Year,Credit Card,Male,0
CUST_CH_01635,69,62.03,46,4,One-Year,Credit Card,Female,0
CUST_CH_01636,46,53.33,19,54,Month-to-Month,Electronic Check,Male,0
CUST_CH_01637,7,44.53,6,4,Two-Year,Bank Transfer,Male,0
CUST_CH_01638,15,94.12,28,25,One-Year,Credit Card,Female,0
CUST_CH_01639,22,62.12,36,37,One-Year,Credit Card,Female,1
CUST_CH_01640,4,70.79,22,22,One-Year,Credit Card,Male,0
CUST_CH_01641,70,80.83,15,50,Two-Year,Credit Card,Male,1
CUST_CH_01642,49,62.59,26,38,Month-to-Month,Electronic Check,Male,1
CUST_CH_01643,24,44.01,2,41,One-Year,Credit Card,Male,1
CUST_CH_01644,2,55.56,40,50,One-Year,Credit Card,Male,0
CUST_CH_01645,16,36.9,41,37,Month-to-Month,Credit Card,Female,1
CUST_CH_01646,6,93.48,32,0,Two-Year,Credit Card,Male,0
CUST_CH_01647,2,31.88,30,37,Two-Year,Bank Transfer,Female,1
CUST_CH_01648,47,76.4,15,23,Month-to-Month,Bank Transfer,Male,1
CUST_CH_01649,30,43.1,46,6,Two-Year,Electronic Check,Male,0
CUST_CH_01650,71,37.46,47,45,One-Year,Bank Transfer,Female,0
CUST_CH_01651,29,23.23,48,27,Month-to-Month,Electronic Check,Female,1
CUST_CH_01652,45,51.55,32,60,Month-to-Month,Electronic Check,Male,1
CUST_CH_01653,18,80.25,21,30,Month-to-Month,Credit Card,Female,1
CUST_CH_01654,72,40.74,10,14,Month-to-Month,Bank Transfer,Male,0
CUST_CH_01655,18,91.8,8,46,One-Year,Credit Card,Female,0
CUST_CH_01656,4,28.19,38,57,Month-to-Month,Credit Card,Female,1
CUST_CH_01657,4,58.87,5,12,Month-to-Month,Electronic Check,Female,0
CUST_CH_01658,10,65.41,3,8,One-Year,Credit Card,Female,0
CUST_CH_01659,21,103.41,21,28,Month-to-Month,Electronic Check,Female,1
CUST_CH_01660,20,26.86,21,13,One-Year,Electronic Check,Female,0
CUST_CH_01661,60,72.41,32,47,Month-to-Month,Electronic Check,Female,1
CUST_CH_01662,7,22.81,44,49,Month-to-Month,Bank Transfer,Female,1
CUST_CH_01663,15,107.14,12,2,Month-to-Month,Electronic Check,Male,0
CUST_CH_01664,47,58.25,29,46,Month-to-Month,Electronic Check,Female,0
CUST_CH_01665,53,83.63,12,35,One-Year,Credit Card,Female,1
CUST_CH_01666,72,82.4,39,47,One-Year,Bank Transfer,Female,1
CUST_CH_01667,56,78.9,2,5,Month-to-Month,Electronic Check,Male,1
CUST_CH_01668,12,23.2,48,14,Two-Year,Bank Transfer,Female,0
CUST_CH_01669,39,115.01,1,48,Month-to-Month,Electronic Check,Female,1
CUST_CH_01670,50,74.46,32,60,One-Year,Credit Card,Female,1
CUST_CH_01671,60,64.4,37,27,Month-to-Month,Credit Card,Male,1
CUST_CH_01672,9,99.14,41,9,One-Year,Electronic Check,Male,0
CUST_CH_01673,12,55.71,26,59,Month-to-Month,Bank Transfer,Female,1
CUST_CH_01674,61,119.3,47,51,One-Year,Bank Transfer,Female,1
CUST_CH_01675,25,74.83,21,56,One-Year,Credit Card,Female,0
CUST_CH_01676,18,82.82,39,28,Month-to-Month,Credit Card,Female,1
CUST_CH_01677,10,69.67,24,60,One-Year,Credit Card,Female,1
CUST_CH_01678,24,102.92,4,46,One-Year,Electronic Check,Male,0
CUST_CH_01679,43,88.2,46,33,Month-to-Month,Credit Card,Female,1
CUST_CH_01680,20,50.55,41,11,Month-to-Month,Electronic Check,Female,0
CUST_CH_01681,31,56.84,39,36,One-Year,Electronic Check,Male,1
CUST_CH_01682,5,83.43,21,57,Month-to-Month,Electronic Check,Male,1
CUST_CH_01683,5,40.99,22,15,Month-to-Month,Electronic Check,Female,1
CUST_CH_01684,28,29.8,14,26,Month-to-Month,Electronic Check,Female,1
CUST_CH_01685,60,57.79,27,13,One-Year,Bank Transfer,Male,1
CUST_CH_01686,45,48.45,40,54,Two-Year,Bank Transfer,Male,0
CUST_CH_01687,34,111.82,6,6,Month-to-Month,Electronic Check,Male,1
CUST_CH_01688,29,107.63,19,1,Month-to-Month,Electronic Check,Male,0
CUST_CH_01689,7,77.35,49,44,One-Year,Bank Transfer,Female,1
CUST_CH_01690,64,82.45,13,35,One-Year,Bank Transfer,Male,1
CUST_CH_01691,67,55.43,46,32,Two-Year,Electronic Check,Female,0
CUST_CH_01692,25,58.24,8,38,Month-to-Month,Electronic Check,Male,1
CUST_CH_01693,44,53.81,47,46,One-Year,Bank Transfer,Male,0
CUST_CH_01694,5,116.38,11,6,Month-to-Month,Electronic Check,Male,1
CUST_CH_01695,32,93.43,36,41,Month-to-Month,Bank Transfer,Male,0
CUST_CH_01696,27,109.56,19,49,Month-to-Month,Credit Card,Female,1
CUST_CH_01697,6,116.07,24,49,Month-to-Month,Credit Card,Male,1
CUST_CH_01698,32,58.17,39,19,Month-to-Month,Bank Transfer,Female,0
CUST_CH_01699,29,88.93,22,45,One-Year,Credit Card,Female,0
CUST_CH_01700,9,118.76,45,12,Month-to-Month,Credit Card,Male,0
CUST_CH_01701,48,82.72,44,54,Two-Year,Bank Transfer,Female,1
CUST_CH_01702,24,55.27,25,34,Month-to-Month,Bank Transfer,Male,1
CUST_CH_01703,15,30.7,21,21,One-Year,Bank Transfer,Male,1
CUST_CH_01704,21,22.57,28,32,One-Year,Bank Transfer,Female,1
CUST_CH_01705,57,28.6,33,50,Month-to-Month,Credit Card,Female,0
CUST_CH_01706,23,24.57,13,55,Month-to-Month,Electronic Check,Male,0
CUST_CH_01707,25,32.23,13,21,Two-Year,Electronic Check,Female,0
CUST_CH_01708,49,86.77,35,30,Two-Year,Bank Transfer,Male,1
CUST_CH_01709,5,105.69,44,11,Month-to-Month,Electronic Check,Male,0
CUST_CH_01710,17,87.27,31,42,One-Year,Credit Card,Female,1
CUST_CH_01711,45,33.39,37,37,Month-to-Month,Bank Transfer,Male,1
CUST_CH_01712,29,103.09,29,29,Month-to-Month,Electronic Check,Female,1
CUST_CH_01713,20,78.97,42,25,Month-to-Month,Bank Transfer,Male,1
CUST_CH_01714,61,22.76,23,4,Two-Year,Bank Transfer,Male,0
CUST_CH_01715,25,59.65,16,35,Month-to-Month,Credit Card,Female,1
CUST_CH_01716,33,105.05,47,19,Month-to-Month,Electronic Check,Female,1
CUST_CH_01717,38,85.7,31,21,One-Year,Electronic Check,Male,1
CUST_CH_01718,25,62.09,2,45,Month-to-Month,Credit Card,Male,1
CUST_CH_01719,58,22.53,46,54,Two-Year,Electronic Check,Male,0
CUST_CH_01720,10,90.84,25,54,Month-to-Month,Bank Transfer,Female,1
CUST_CH_01721,55,100.0,20,15,Month-to-Month,Bank Transfer,Female,0
CUST_CH_01722,18,26.2,41,14,One-Year,Bank Transfer,Female,0
CUST_CH_01723,8,60.13,5,5,One-Year,Bank Transfer,Male,0
CUST_CH_01724,19,108.12,32,39,Month-to-Month,Credit Card,Male,1
CUST_CH_01725,45,116.4,1,23,One-Year,Bank Transfer,Female,0
CUST_CH_01726,54,88.89,27,44,One-Year,Bank Transfer,Female,0
CUST_CH_01727,55,45.52,15,14,Month-to-Month,Credit Card,Male,0
CUST_CH_01728,21,84.48,24,48,Two-Year,Bank Transfer,Male,0
CUST_CH_01729,9,68.53,6,14,Two-Year,Bank Transfer,Male,0
CUST_CH_01730,65,79.76,12,51,One-Year,Bank Transfer,Male,0
CUST_CH_01731,66,75.14,21,50,Two-Year,Bank Transfer,Female,1
CUST_CH_01732,56,49.24,11,6,Month-to-Month,Bank Transfer,Male,0
CUST_CH_01733,25,59.16,17,47,Month-to-Month,Bank Transfer,Female,1
CUST_CH_01734,21,80.86,36,58,One-Year,Bank Transfer,Male,1
CUST_CH_01735,55,97.82,38,41,Month-to-Month,Electronic Check,Male,1
CUST_CH_01736,17,56.58,23,11,Two-Year,Credit Card,Female,0
CUST_CH_01737,10,22.56,22,19,One-Year,Bank Transfer,Female,1
CUST_CH_01738,71,56.13,3,20,One-Year,Electronic Check,Male,0
CUST_CH_01739,14,99.82,16,18,One-Year,Bank Transfer,Male,0
CUST_CH_01740,1,46.07,35,54,Month-to-Month,Credit Card,Female,1
CUST_CH_01741,6,115.38,24,5,One-Year,Bank Transfer,Male,0
CUST_CH_01742,10,86.04,21,41,Month-to-Month,Credit Card,Female,1
CUST_CH_01743,59,111.65,23,49,One-Year,Credit Card,Male,0
CUST_CH_01744,3,110.54,4,23,Month-to-Month,Electronic Check,Male,1
CUST_CH_01745,37,100.34,7,56,Month-to-Month,Credit Card,Female,1
CUST_CH_01746,67,92.98,15,53,Month-to-Month,Electronic Check,Female,1
CUST_CH_01747,40,118.68,50,11,Month-to-Month,Bank Transfer,Female,1
CUST_CH_01748,6,64.75,21,29,Month-to-Month,Credit Card,Female,1
CUST_CH_01749,62,41.17,43,54,One-Year,Electronic Check,Female,0
CUST_CH_01750,5,27.12,20,33,One-Year,Credit Card,Male,1
CUST_CH_01751,3,116.0,22,46,Month-to-Month,Electronic Check,Female,1
CUST_CH_01752,55,36.85,14,1,Two-Year,Bank Transfer,Female,1
CUST_CH_01753,67,74.67,22,38,One-Year,Credit Card,Male,0
CUST_CH_01754,32,47.43,15,20,One-Year,Bank Transfer,Male,1
CUST_CH_01755,28,34.73,13,3,Month-to-Month,Electronic Check,Male,0
CUST_CH_01756,33,57.52,49,39,One-Year,Electronic Check,Female,0
CUST_CH_01757,57,41.94,36,40,One-Year,Electronic Check,Female,0
CUST_CH_01758,69,63.04,39,42,Month-to-Month,Electronic Check,Male,1
CUST_CH_01759,47,116.18,24,34,Month-to-Month,Bank Transfer,Female,0
CUST_CH_01760,23,51.3,20,0,Month-to-Month,Credit Card,Female,1
CUST_CH_01761,36,46.27,9,5,Month-to-Month,Electronic Check,Male,0
CUST_CH_01762,16,53.92,7,29,One-Year,Bank Transfer,Female,1
CUST_CH_01763,9,32.12,16,10,Month-to-Month,Electronic Check,Male,1
CUST_CH_01764,17,81.43,37,0,Month-to-Month,Credit Card,Female,0
CUST_CH_01765,32,60.19,30,8,Month-to-Month,Electronic Check,Male,0
CUST_CH_01766,44,58.97,39,42,Month-to-Month,Bank Transfer,Female,1
CUST_CH_01767,19,89.29,3,32,Two-Year,Electronic Check,Male,1
CUST_CH_01768,23,89.97,12,35,Month-to-Month,Bank Transfer,Male,1
CUST_CH_01769,8,75.65,15,45,Month-to-Month,Electronic Check,Male,1
CUST_CH_01770,63,78.92,21,13,Month-to-Month,Credit Card,Female,0
CUST_CH_01771,9,117.53,16,37,Month-to-Month,Bank Transfer,Female,1
CUST_CH_01772,70,119.98,35,53,Month-to-Month,Bank Transfer,Female,0
CUST_CH_01773,65,82.23,32,46,Month-to-Month,Electronic Check,Male,0
CUST_CH_01774,27,67.13,2,21,One-Year,Electronic Check,Male,0
CUST_CH_01775,37,65.43,7,59,Month-to-Month,Bank Transfer,Female,1
CUST_CH_01776,48,100.55,19,35,Month-to-Month,Credit Card,Female,1
CUST_CH_01777,39,75.64,41,54,One-Year,Electronic Check,Female,0
CUST_CH_01778,60,41.89,45,30,One-Year,Electronic Check,Female,1
CUST_CH_01779,61,90.05,21,18,Two-Year,Bank Transfer,Female,0
CUST_CH_01780,42,44.92,50,29,One-Year,Credit Card,Female,0
CUST_CH_01781,29,74.11,27,35,Month-to-Month,Electronic Check,Female,1
CUST_CH_01782,65,56.66,18,47,Month-to-Month,Bank Transfer,Female,1
CUST_CH_01783,49,21.24,10,2,Month-to-Month,Credit Card,Male,1
CUST_CH_01784,26,113.91,7,10,Month-to-Month,Bank Transfer,Female,1
CUST_CH_01785,30,48.59,11,24,Two-Year,Credit Card,Female,0
CUST_CH_01786,6,40.98,22,48,Month-to-Month,Credit Card,Female,1
CUST_CH_01787,1,115.23,7,39,Two-Year,Electronic Check,Female,0
CUST_CH_01788,45,52.92,20,48,One-Year,Bank Transfer,Male,0
CUST_CH_01789,45,74.94,29,30,Two-Year,Bank Transfer,Female,1
CUST_CH_01790,55,110.88,12,52,One-Year,Bank Transfer,Female,0
CUST_CH_01791,52,34.4,37,17,Month-to-Month,Credit Card,Male,1
CUST_CH_01792,60,43.05,48,38,Month-to-Month,Credit Card,Female,1
CUST_CH_01793,29,118.92,38,9,Month-to-Month,Credit Card,Female,0
CUST_CH_01794,19,106.65,24,26,One-Year,Bank Transfer,Male,0
CUST_CH_01795,52,35.77,31,41,Month-to-Month,Electronic Check,Female,1
CUST_CH_01796,30,53.89,3,41,Month-to-Month,Bank Transfer,Female,1
CUST_CH_01797,15,54.61,48,51,One-Year,Electronic Check,Female,0
CUST_CH_01798,27,117.57,17,37,Two-Year,Credit Card,Male,1
CUST_CH_01799,42,50.81,16,46,Month-to-Month,Electronic Check,Male,1
CUST_CH_01800,39,56.53,21,49,Month-to-Month,Bank Transfer,Female,1
CUST_CH_01801,31,109.56,33,1,Month-to-Month,Electronic Check,Male,1
CUST_CH_01802,47,96.38,27,50,Month-to-Month,Credit Card,Male,0
CUST_CH_01803,21,87.35,37,51,Two-Year,Bank Transfer,Female,0
CUST_CH_01804,7,70.0,31,53,Month-to-Month,Bank Transfer,Female,0
CUST_CH_01805,39,115.67,43,30,Two-Year,Bank Transfer,Male,1
CUST_CH_01806,39,22.09,22,11,Month-to-Month,Bank Transfer,Female,1
CUST_CH_01807,11,63.6,46,41,Two-Year,Electronic Check,Male,0
CUST_CH_01808,51,107.57,22,41,Month-to-Month,Credit Card,Female,1
CUST_CH_01809,13,47.61,5,48,Month-to-Month,Bank Transfer,Male,1
CUST_CH_01810,31,62.7,38,21,Month-to-Month,Electronic Check,Male,1
CUST_CH_01811,52,72.2,13,34,Two-Year,Electronic Check,Female,1
CUST_CH_01812,12,20.33,5,23,Month-to-Month,Bank Transfer,Female,0
CUST_CH_01813,25,102.82,37,15,Month-to-Month,Electronic Check,Male,0
CUST_CH_01814,9,35.17,40,34,One-Year,Electronic Check,Male,1
CUST_CH_01815,55,116.16,39,28,Month-to-Month,Credit Card,Male,1
CUST_CH_01816,40,64.96,8,53,One-Year,Bank Transfer,Female,1
CUST_CH_01817,36,63.55,5,31,One-Year,Credit Card,Female,0
CUST_CH_01818,25,22.93,37,39,Month-to-Month,Bank Transfer,Male,1
CUST_CH_01819,43,41.6,35,39,Two-Year,Electronic Check,Male,1
CUST_CH_01820,62,96.57,25,55,One-Year,Electronic Check,Female,1
CUST_CH_01821,32,36.26,35,55,Two-Year,Bank Transfer,Female,1
CUST_CH_01822,63,106.64,28,24,Month-to-Month,Bank Transfer,Female,1
CUST_CH_01823,36,36.93,6,33,One-Year,Bank Transfer,Male,1
CUST_CH_01824,18,116.3,44,38,Month-to-Month,Bank Transfer,Female,1
CUST_CH_01825,67,32.91,14,45,One-Year,Bank Transfer,Female,0
CUST_CH_01826,38,75.47,1,53,Two-Year,Bank Transfer,Female,0
CUST_CH_01827,30,64.17,32,43,One-Year,Electronic Check,Female,0
CUST_CH_01828,27,42.05,36,13,One-Year,Bank Transfer,Male,0
CUST_CH_01829,12,104.65,43,39,One-Year,Bank Transfer,Male,0
CUST_CH_01830,49,52.17,23,45,One-Year,Bank Transfer,Male,0
CUST_CH_01831,27,82.5,11,20,One-Year,Credit Card,Male,0
CUST_CH_01832,26,50.02,3,13,One-Year,Credit Card,Female,0
CUST_CH_01833,20,28.68,30,42,Two-Year,Bank Transfer,Male,1
CUST_CH_01834,18,111.72,3,37,Month-to-Month,Bank Transfer,Female,1
CUST_CH_01835,34,31.14,10,49,Month-to-Month,Electronic Check,Male,1
CUST_CH_01836,51,30.01,18,27,One-Year,Electronic Check,Male,0
CUST_CH_01837,9,38.95,44,23,Month-to-Month,Bank Transfer,Male,1
CUST_CH_01838,37,20.68,34,42,One-Year,Electronic Check,Female,0
CUST_CH_01839,37,38.0,14,15,Two-Year,Electronic Check,Female,0
CUST_CH_01840,60,72.98,27,1,Two-Year,Credit Card,Female,0
CUST_CH_01841,28,100.34,6,48,Month-to-Month,Electronic Check,Female,1
CUST_CH_01842,8,26.54,18,5,Month-to-Month,Credit Card,Female,0
CUST_CH_01843,66,42.45,31,56,Month-to-Month,Credit Card,Female,1
CUST_CH_01844,56,21.89,4,1,Month-to-Month,Credit Card,Male,0
CUST_CH_01845,56,35.43,50,48,Month-to-Month,Credit Card,Male,0
CUST_CH_01846,50,46.34,9,13,Month-to-Month,Bank Transfer,Female,0
CUST_CH_01847,7,92.48,9,26,Month-to-Month,Electronic Check,Female,1
CUST_CH_01848,70,54.18,4,28,One-Year,Credit Card,Male,0
CUST_CH_01849,67,43.26,46,15,Month-to-Month,Electronic Check,Male,1
CUST_CH_01850,14,69.4,17,55,Two-Year,Credit Card,Male,1
CUST_CH_01851,29,53.51,17,34,Two-Year,Credit Card,Female,0
CUST_CH_01852,42,32.67,9,38,Month-to-Month,Electronic Check,Male,1
CUST_CH_01853,69,90.0,29,44,Month-to-Month,Bank Transfer,Female,0
CUST_CH_01854,59,55.25,2,35,Month-to-Month,Bank Transfer,Male,1
CUST_CH_01855,14,87.02,40,16,One-Year,Credit Card,Female,1
CUST_CH_01856,10,41.31,46,54,Two-Year,Bank Transfer,Female,0
CUST_CH_01857,8,83.92,2,6,One-Year,Electronic Check,Female,1
CUST_CH_01858,25,98.47,9,2,Month-to-Month,Bank Transfer,Female,0
CUST_CH_01859,47,86.67,37,39,Two-Year,Electronic Check,Male,1
CUST_CH_01860,45,35.36,15,59,Two-Year,Bank Transfer,Female,0
CUST_CH_01861,30,63.73,4,48,One-Year,Credit Card,Female,0
CUST_CH_01862,18,48.12,26,53,One-Year,Credit Card,Female,1
CUST_CH_01863,45,44.92,28,50,One-Year,Electronic Check,Male,1
CUST_CH_01864,7,80.07,7,12,Two-Year,Credit Card,Female,0
CUST_CH_01865,20,74.0,9,13,Month-to-Month,Electronic Check,Female,1
CUST_CH_01866,6,115.35,37,0,Two-Year,Bank Transfer,Male,1
CUST_CH_01867,25,92.41,37,6,Month-to-Month,Electronic Check,Male,1
CUST_CH_01868,10,68.13,38,11,Month-to-Month,Electronic Check,Male,1
CUST_CH_01869,25,87.63,49,16,Two-Year,Bank Transfer,Female,1
CUST_CH_01870,29,108.74,48,47,Month-to-Month,Electronic Check,Male,1
CUST_CH_01871,15,39.45,48,57,Two-Year,Credit Card,Female,1
CUST_CH_01872,63,92.88,27,58,Month-to-Month,Credit Card,Female,1
CUST_CH_01873,14,67.66,5,11,Month-to-Month,Electronic Check,Male,0
CUST_CH_01874,46,94.29,39,13,Two-Year,Bank Transfer,Male,0
CUST_CH_01875,9,113.22,41,57,Month-to-Month,Credit Card,Male,1
CUST_CH_01876,44,116.47,23,57,Month-to-Month,Electronic Check,Female,1
CUST_CH_01877,41,96.72,44,20,Two-Year,Electronic Check,Male,0
CUST_CH_01878,59,58.34,35,24,Month-to-Month,Electronic Check,Male,0
CUST_CH_01879,56,44.04,49,60,Two-Year,Electronic Check,Male,0
CUST_CH_01880,35,110.05,19,57,One-Year,Credit Card,Male,1
CUST_CH_01881,69,45.65,28,1,Month-to-Month,Bank Transfer,Female,0
CUST_CH_01882,60,78.23,18,53,Month-to-Month,Bank Transfer,Female,0
CUST_CH_01883,37,54.42,20,53,Month-to-Month,Electronic Check,Female,0
CUST_CH_01884,32,89.67,26,7,Month-to-Month,Electronic Check,Female,0
CUST_CH_01885,48,104.25,16,11,Month-to-Month,Electronic Check,Male,0
CUST_CH_01886,16,114.86,13,40,Month-to-Month,Credit Card,Male,1
CUST_CH_01887,37,60.9,26,47,Month-to-Month,Credit Card,Male,0
CUST_CH_01888,72,96.72,26,23,Two-Year,Bank Transfer,Female,1
CUST_CH_01889,52,80.66,22,46,Month-to-Month,Credit Card,Male,1
CUST_CH_01890,38,26.29,44,52,Month-to-Month,Bank Transfer,Male,0
CUST_CH_01891,28,64.98,2,23,One-Year,Bank Transfer,Female,0
CUST_CH_01892,14,65.27,21,15,Month-to-Month,Credit Card,Male,1
CUST_CH_01893,9,83.58,36,23,Month-to-Month,Credit Card,Female,1
CUST_CH_01894,11,112.82,23,9,Two-Year,Credit Card,Male,0
CUST_CH_01895,69,104.45,46,58,One-Year,Electronic Check,Female,1
CUST_CH_01896,30,96.91,43,41,One-Year,Bank Transfer,Female,0
CUST_CH_01897,61,90.27,33,28,Two-Year,Credit Card,Male,0
CUST_CH_01898,36,110.1,22,38,Month-to-Month,Bank Transfer,Female,1
CUST_CH_01899,27,35.18,43,18,Month-to-Month,Bank Transfer,Male,0
CUST_CH_01900,36,117.75,37,3,One-Year,Electronic Check,Female,0
CUST_CH_01901,15,31.65,23,19,Two-Year,Bank Transfer,Male,1
CUST_CH_01902,28,59.8,37,40,Month-to-Month,Credit Card,Female,1
CUST_CH_01903,37,59.57,23,52,One-Year,Credit Card,Female,1
CUST_CH_01904,54,91.31,43,46,One-Year,Electronic Check,Female,0
CUST_CH_01905,15,41.89,12,43,Month-to-Month,Bank Transfer,Male,1
CUST_CH_01906,42,91.59,10,30,Month-to-Month,Bank Transfer,Male,1
CUST_CH_01907,12,71.23,40,45,Month-to-Month,Electronic Check,Male,0
CUST_CH_01908,61,35.34,42,17,Month-to-Month,Bank Transfer,Female,1
CUST_CH_01909,19,77.43,19,55,Month-to-Month,Electronic Check,Male,1
CUST_CH_01910,64,84.82,28,25,Month-to-Month,Credit Card,Female,1
CUST_CH_01911,36,68.98,43,1,One-Year,Bank Transfer,Female,0
CUST_CH_01912,23,106.8,11,32,One-Year,Credit Card,Female,1
CUST_CH_01913,61,62.77,5,26,Month-to-Month,Credit Card,Female,1
CUST_CH_01914,68,21.75,12,7,Two-Year,Credit Card,Female,0
CUST_CH_01915,45,105.5,1,40,One-Year,Electronic Check,Male,1
CUST_CH_01916,36,81.78,32,44,Two-Year,Electronic Check,Male,0
CUST_CH_01917,3,116.53,24,23,Month-to-Month,Electronic Check,Female,1
CUST_CH_01918,62,52.94,48,7,Month-to-Month,Electronic Check,Female,1
CUST_CH_01919,51,119.64,24,44,Month-to-Month,Credit Card,Male,1
CUST_CH_01920,36,47.38,34,29,One-Year,Bank Transfer,Male,0
CUST_CH_01921,52,47.83,44,23,One-Year,Bank Transfer,Female,0
CUST_CH_01922,2,48.18,43,36,Month-to-Month,Credit Card,Male,1
CUST_CH_01923,57,27.48,11,59,One-Year,Credit Card,Female,0
CUST_CH_01924,18,85.35,19,26,Month-to-Month,Credit Card,Male,0
CUST_CH_01925,30,108.66,11,18,Month-to-Month,Bank Transfer,Female,0
CUST_CH_01926,1,64.34,20,3,Month-to-Month,Electronic Check,Female,1
CUST_CH_01927,31,88.66,24,42,Month-to-Month,Bank Transfer,Male,1
CUST_CH_01928,24,27.21,35,30,Month-to-Month,Electronic Check,Female,1
CUST_CH_01929,33,89.96,49,44,Two-Year,Credit Card,Female,0
CUST_CH_01930,28,51.85,26,31,Month-to-Month,Credit Card,Male,0
CUST_CH_01931,29,116.3,9,4,Month-to-Month,Bank Transfer,Male,0
CUST_CH_01932,37,86.08,38,53,Month-to-Month,Electronic Check,Female,1
CUST_CH_01933,30,61.71,26,13,Two-Year,Electronic Check,Female,0
CUST_CH_01934,71,24.46,10,55,Month-to-Month,Bank Transfer,Male,1
CUST_CH_01935,8,47.54,42,32,Month-to-Month,Electronic Check,Male,0
CUST_CH_01936,20,47.0,44,5,One-Year,Electronic Check,Female,1
CUST_CH_01937,26,110.21,45,3,Month-to-Month,Electronic Check,Male,1
CUST_CH_01938,26,117.19,48,2,Month-to-Month,Bank Transfer,Female,0
CUST_CH_01939,56,88.11,11,50,One-Year,Credit Card,Male,0
CUST_CH_01940,40,119.52,44,48,Two-Year,Bank Transfer,Female,0
CUST_CH_01941,15,72.76,39,24,Two-Year,Credit Card,Male,1
CUST_CH_01942,45,48.39,15,46,Two-Year,Bank Transfer,Female,0
CUST_CH_01943,58,38.66,45,52,Month-to-Month,Credit Card,Female,0
CUST_CH_01944,6,57.4,2,49,Two-Year,Bank Transfer,Male,0
CUST_CH_01945,42,60.16,25,53,Month-to-Month,Bank Transfer,Male,1
CUST_CH_01946,16,55.08,38,17,Month-to-Month,Bank Transfer,Male,1
CUST_CH_01947,40,80.57,28,40,One-Year,Credit Card,Male,1
CUST_CH_01948,13,61.13,48,50,One-Year,Bank Transfer,Female,1
CUST_CH_01949,62,101.7,39,55,Month-to-Month,Electronic Check,Female,1
CUST_CH_01950,7,113.6,34,45,Month-to-Month,Credit Card,Male,1
CUST_CH_01951,19,38.17,30,9,Month-to-Month,Bank Transfer,Male,0
CUST_CH_01952,12,103.7,26,39,Month-to-Month,Credit Card,Female,0
CUST_CH_01953,6,111.76,35,33,Month-to-Month,Bank Transfer,Female,1
CUST_CH_01954,67,31.39,26,2,Month-to-Month,Electronic Check,Female,0
CUST_CH_01955,42,107.24,11,9,One-Year,Electronic Check,Female,0
CUST_CH_01956,18,24.22,50,42,Month-to-Month,Electronic Check,Male,1
CUST_CH_01957,50,56.26,3,26,Two-Year,Credit Card,Male,0
CUST_CH_01958,59,51.79,38,44,One-Year,Bank Transfer,Male,0
CUST_CH_01959,34,115.0,47,16,Month-to-Month,Electronic Check,Male,1
CUST_CH_01960,25,86.7,5,10,One-Year,Credit Card,Male,0
CUST_CH_01961,6,56.37,16,3,Month-to-Month,Electronic Check,Female,1
CUST_CH_01962,58,116.16,48,33,One-Year,Electronic Check,Male,0
CUST_CH_01963,35,65.59,30,27,Month-to-Month,Bank Transfer,Male,1
CUST_CH_01964,6,38.84,1,48,Month-to-Month,Credit Card,Female,1
CUST_CH_01965,32,87.08,12,24,Month-to-Month,Credit Card,Male,0
CUST_CH_01966,28,102.49,22,40,Month-to-Month,Bank Transfer,Female,1
CUST_CH_01967,63,73.15,47,43,Month-to-Month,Credit Card,Male,1
CUST_CH_01968,69,49.45,5,53,Month-to-Month,Bank Transfer,Female,1
CUST_CH_01969,11,20.37,17,35,Month-to-Month,Credit Card,Male,0
CUST_CH_01970,54,114.93,39,34,Month-to-Month,Credit Card,Female,0
CUST_CH_01971,52,84.55,47,7,One-Year,Credit Card,Male,0
CUST_CH_01972,20,57.7,43,46,One-Year,Credit Card,Male,0
CUST_CH_01973,31,72.28,28,10,One-Year,Credit Card,Male,1
CUST_CH_01974,43,117.7,19,59,Two-Year,Credit Card,Male,0
CUST_CH_01975,52,29.1,24,8,Two-Year,Bank Transfer,Female,0
CUST_CH_01976,69,64.28,13,12,Month-to-Month,Electronic Check,Male,1
CUST_CH_01977,62,32.51,20,32,Month-to-Month,Electronic Check,Female,0
CUST_CH_01978,47,108.41,8,12,Two-Year,Electronic Check,Female,0
CUST_CH_01979,59,104.13,25,43,Month-to-Month,Credit Card,Female,1
CUST_CH_01980,59,35.52,30,19,Month-to-Month,Credit Card,Male,0
CUST_CH_01981,26,21.95,34,27,Two-Year,Electronic Check,Female,1
CUST_CH_01982,8,65.53,40,17,One-Year,Credit Card,Male,0
CUST_CH_01983,56,34.26,8,52,Month-to-Month,Electronic Check,Female,0
CUST_CH_01984,2,36.66,38,35,One-Year,Bank Transfer,Female,1
CUST_CH_01985,7,36.87,37,43,One-Year,Credit Card,Male,1
CUST_CH_01986,23,94.02,9,52,Month-to-Month,Credit Card,Male,1
CUST_CH_01987,71,61.55,22,39,One-Year,Credit Card,Female,1
CUST_CH_01988,39,109.28,14,44,Month-to-Month,Credit Card,Male,0
CUST_CH_01989,42,42.05,24,33,Month-to-Month,Electronic Check,Male,1
CUST_CH_01990,66,39.36,25,59,One-Year,Bank Transfer,Male,0
CUST_CH_01991,41,102.53,46,19,One-Year,Electronic Check,Female,0
CUST_CH_01992,62,73.66,4,25,One-Year,Electronic Check,Female,0
CUST_CH_01993,56,83.82,17,31,Month-to-Month,Credit Card,Female,0
CUST_CH_01994,30,47.34,20,24,Month-to-Month,Electronic Check,Male,0
CUST_CH_01995,55,67.22,21,36,One-Year,Credit Card,Female,1
CUST_CH_01996,59,86.19,14,48,Two-Year,Electronic Check,Male,0
CUST_CH_01997,28,118.88,36,58,Month-to-Month,Electronic Check,Female,1
CUST_CH_01998,11,75.74,19,24,One-Year,Electronic Check,Male,0
CUST_CH_01999,3,115.79,19,9,One-Year,Bank Transfer,Female,1
CUST_CH_02000,15,38.95,33,50,Two-Year,Bank Transfer,Male,0
CUST_CH_02001,34,83.79,1,22,Month-to-Month,Bank Transfer,Male,1
CUST_CH_02002,37,25.53,2,12,Two-Year,Electronic Check,Male,1
CUST_CH_02003,50,20.05,43,37,Month-to-Month,Bank Transfer,Male,1
CUST_CH_02004,60,74.45,35,37,Month-to-Month,Electronic Check,Male,1
CUST_CH_02005,9,101.8,21,22,Month-to-Month,Bank Transfer,Male,1
CUST_CH_02006,69,106.06,50,43,Month-to-Month,Electronic Check,Male,0
CUST_CH_02007,72,38.19,24,42,Month-to-Month,Credit Card,Female,0
CUST_CH_02008,68,112.54,10,42,Month-to-Month,Electronic Check,Female,1
CUST_CH_02009,52,62.36,47,12,One-Year,Electronic Check,Female,0
CUST_CH_02010,57,32.56,21,45,One-Year,Bank Transfer,Female,0
CUST_CH_02011,43,83.53,6,23,Month-to-Month,Credit Card,Female,1
CUST_CH_02012,67,104.94,7,3,Month-to-Month,Electronic Check,Male,1
CUST_CH_02013,60,27.04,20,42,Month-to-Month,Bank Transfer,Female,1
CUST_CH_02014,20,32.68,17,46,Two-Year,Bank Transfer,Female,1
CUST_CH_02015,65,41.39,41,53,Month-to-Month,Credit Card,Female,0
CUST_CH_02016,66,47.95,27,47,Two-Year,Electronic Check,Male,0
CUST_CH_02017,31,57.89,39,23,One-Year,Bank Transfer,Male,1
CUST_CH_02018,64,109.0,2,59,Two-Year,Bank Transfer,Female,1
CUST_CH_02019,69,56.07,27,43,One-Year,Electronic Check,Male,0
CUST_CH_02020,39,50.09,9,57,One-Year,Electronic Check,Male,0
CUST_CH_02021,59,29.73,44,43,Month-to-Month,Electronic Check,Female,0
CUST_CH_02022,58,93.89,32,13,One-Year,Bank Transfer,Male,0
CUST_CH_02023,11,44.65,34,47,One-Year,Credit Card,Male,1
CUST_CH_02024,26,104.78,13,58,Month-to-Month,Credit Card,Male,1
CUST_CH_02025,32,109.94,37,27,Month-to-Month,Credit Card,Female,0
CUST_CH_02026,5,82.06,42,19,Month-to-Month,Electronic Check,Male,1
CUST_CH_02027,39,71.62,13,36,Month-to-Month,Credit Card,Female,0
CUST_CH_02028,64,97.48,29,12,Two-Year,Bank Transfer,Female,0
CUST_CH_02029,40,38.21,11,4,Month-to-Month,Electronic Check,Female,0
CUST_CH_02030,22,42.83,7,51,One-Year,Bank Transfer,Male,1
CUST_CH_02031,33,98.01,43,44,One-Year,Electronic Check,Male,1
CUST_CH_02032,27,42.82,50,38,Two-Year,Credit Card,Female,1
CUST_CH_02033,50,100.85,9,48,Month-to-Month,Electronic Check,Female,1
CUST_CH_02034,6,76.19,3,6,One-Year,Electronic Check,Female,0
CUST_CH_02035,7,95.87,36,53,Two-Year,Bank Transfer,Female,0
CUST_CH_02036,49,25.27,15,19,Month-to-Month,Bank Transfer,Female,0
CUST_CH_02037,51,63.68,46,29,Month-to-Month,Credit Card,Female,0
CUST_CH_02038,49,53.58,35,1,One-Year,Bank Transfer,Female,1
CUST_CH_02039,26,90.42,12,29,One-Year,Bank Transfer,Male,1
CUST_CH_02040,40,75.75,15,12,Month-to-Month,Electronic Check,Male,0
CUST_CH_02041,41,57.37,18,37,Month-to-Month,Electronic Check,Female,1
CUST_CH_02042,23,28.51,30,57,Month-to-Month,Electronic Check,Female,1
CUST_CH_02043,32,86.22,17,39,Month-to-Month,Credit Card,Female,0
CUST_CH_02044,57,58.36,35,56,Two-Year,Electronic Check,Male,1
CUST_CH_02045,65,106.34,34,33,One-Year,Bank Transfer,Male,0
CUST_CH_02046,12,51.3,14,38,Two-Year,Electronic Check,Female,1
CUST_CH_02047,44,82.76,20,34,One-Year,Electronic Check,Male,1
CUST_CH_02048,45,25.34,9,10,Month-to-Month,Bank Transfer,Female,0
CUST_CH_02049,66,75.1,37,56,Month-to-Month,Bank Transfer,Female,0
CUST_CH_02050,32,30.68,26,44,Month-to-Month,Credit Card,Male,1
CUST_CH_02051,20,111.11,36,29,Two-Year,Bank Transfer,Female,1
CUST_CH_02052,17,63.26,18,0,Month-to-Month,Credit Card,Male,0
CUST_CH_02053,10,44.1,43,50,Two-Year,Bank Transfer,Female,1
CUST_CH_02054,12,103.58,23,4,Month-to-Month,Electronic Check,Male,1
CUST_CH_02055,58,25.24,50,25,Two-Year,Electronic Check,Female,1
CUST_CH_02056,50,51.2,46,5,Two-Year,Bank Transfer,Male,1
CUST_CH_02057,26,65.98,33,15,Month-to-Month,Electronic Check,Female,0
CUST_CH_02058,42,73.52,5,34,Two-Year,Credit Card,Male,0
CUST_CH_02059,60,71.86,34,51,One-Year,Electronic Check,Male,0
CUST_CH_02060,56,70.63,39,15,Month-to-Month,Credit Card,Male,0
CUST_CH_02061,14,39.89,27,21,Two-Year,Bank Transfer,Male,0
CUST_CH_02062,56,22.71,50,51,One-Year,Bank Transfer,Female,1
CUST_CH_02063,20,115.37,13,22,Month-to-Month,Electronic Check,Male,1
CUST_CH_02064,16,79.64,9,21,One-Year,Bank Transfer,Male,0
CUST_CH_02065,9,117.37,3,13,Month-to-Month,Electronic Check,Male,1
CUST_CH_02066,41,92.18,46,7,Month-to-Month,Bank Transfer,Female,1
CUST_CH_02067,28,22.03,49,40,One-Year,Bank Transfer,Female,1
CUST_CH_02068,27,106.2,17,1,One-Year,Bank Transfer,Male,0
CUST_CH_02069,60,84.82,9,41,One-Year,Credit Card,Male,1
CUST_CH_02070,42,24.34,50,31,Two-Year,Bank Transfer,Female,1
CUST_CH_02071,38,32.5,27,5,One-Year,Electronic Check,Female,0
CUST_CH_02072,69,35.84,49,53,Month-to-Month,Electronic Check,Female,1
CUST_CH_02073,48,76.58,35,17,Month-to-Month,Electronic Check,Female,0
CUST_CH_02074,65,94.34,25,20,One-Year,Electronic Check,Male,0
CUST_CH_02075,12,25.98,24,31,Month-to-Month,Credit Card,Male,1
CUST_CH_02076,15,77.05,43,22,One-Year,Credit Card,Female,1
CUST_CH_02077,16,58.81,1,48,Month-to-Month,Credit Card,Female,0
CUST_CH_02078,6,108.17,47,51,Month-to-Month,Electronic Check,Female,1
CUST_CH_02079,65,40.31,12,7,Two-Year,Electronic Check,Male,0
CUST_CH_02080,61,49.31,50,38,One-Year,Bank Transfer,Female,0
CUST_CH_02081,37,20.8,3,0,Month-to-Month,Credit Card,Male,1
CUST_CH_02082,32,52.39,36,41,Two-Year,Bank Transfer,Male,0
CUST_CH_02083,32,76.97,8,34,Two-Year,Bank Transfer,Male,1
CUST_CH_02084,11,112.59,32,31,Month-to-Month,Credit Card,Male,1
CUST_CH_02085,9,35.66,47,46,Month-to-Month,Electronic Check,Female,1
CUST_CH_02086,59,89.92,50,51,Month-to-Month,Electronic Check,Male,1
CUST_CH_02087,14,56.88,37,59,Two-Year,Bank Transfer,Male,0
CUST_CH_02088,28,53.62,27,17,Month-to-Month,Electronic Check,Female,0
CUST_CH_02089,43,35.17,44,33,Month-to-Month,Credit Card,Male,0
CUST_CH_02090,27,78.36,29,35,One-Year,Electronic Check,Male,0
CUST_CH_02091,68,83.07,17,34,Month-to-Month,Credit Card,Male,0
CUST_CH_02092,35,53.07,31,18,Two-Year,Credit Card,Male,0
CUST_CH_02093,40,67.39,1,8,Month-to-Month,Bank Transfer,Female,0
CUST_CH_02094,22,94.6,7,18,One-Year,Credit Card,Male,0
CUST_CH_02095,39,55.71,8,30,Month-to-Month,Credit Card,Female,1
CUST_CH_02096,33,97.0,26,54,One-Year,Bank Transfer,Female,1
CUST_CH_02097,69,97.09,17,58,Month-to-Month,Credit Card,Female,1
CUST_CH_02098,40,68.79,7,13,Month-to-Month,Bank Transfer,Female,0
CUST_CH_02099,35,112.45,45,28,One-Year,Electronic Check,Female,0
CUST_CH_02100,69,38.46,27,0,Two-Year,Credit Card,Male,0
CUST_CH_02101,54,34.58,36,59,Month-to-Month,Electronic Check,Male,0
CUST_CH_02102,21,116.99,21,21,Month-to-Month,Bank Transfer,Female,1
CUST_CH_02103,59,77.62,4,42,Two-Year,Bank Transfer,Female,1
CUST_CH_02104,59,36.18,8,39,Month-to-Month,Credit Card,Male,1
CUST_CH_02105,28,98.65,13,49,Month-to-Month,Credit Card,Female,1
CUST_CH_02106,18,55.32,37,57,Month-to-Month,Bank Transfer,Male,1
CUST_CH_02107,50,92.31,45,14,Month-to-Month,Credit Card,Female,0
CUST_CH_02108,37,107.39,39,7,Month-to-Month,Bank Transfer,Female,0
CUST_CH_02109,3,94.42,42,2,One-Year,Electronic Check,Female,1
CUST_CH_02110,8,60.95,26,51,One-Year,Bank Transfer,Female,1
CUST_CH_02111,25,78.61,33,44,One-Year,Bank Transfer,Female,1
CUST_CH_02112,17,47.56,24,31,Month-to-Month,Bank Transfer,Male,0
CUST_CH_02113,23,45.5,24,12,Two-Year,Electronic Check,Male,0
CUST_CH_02114,52,69.74,32,34,Month-to-Month,Electronic Check,Male,1
CUST_CH_02115,69,91.43,47,54,One-Year,Credit Card,Female,0
CUST_CH_02116,23,60.13,32,9,Month-to-Month,Credit Card,Male,0
CUST_CH_02117,48,55.67,41,30,Month-to-Month,Electronic Check,Female,0
CUST_CH_02118,40,97.9,6,19,Month-to-Month,Bank Transfer,Male,1
CUST_CH_02119,32,106.98,17,34,One-Year,Bank Transfer,Female,1
CUST_CH_02120,12,94.19,3,6,Two-Year,Credit Card,Male,0
CUST_CH_02121,45,114.01,31,57,Month-to-Month,Credit Card,Female,1
CUST_CH_02122,14,71.94,22,41,Month-to-Month,Credit Card,Female,1
CUST_CH_02123,40,54.26,21,42,Month-to-Month,Credit Card,Male,0
CUST_CH_02124,71,53.66,3,60,Two-Year,Credit Card,Male,0
CUST_CH_02125,31,84.21,1,36,Two-Year,Bank Transfer,Female,0
CUST_CH_02126,17,110.02,2,20,One-Year,Credit Card,Male,0
CUST_CH_02127,45,97.02,13,51,Month-to-Month,Bank Transfer,Female,1
CUST_CH_02128,3,89.61,43,24,One-Year,Bank Transfer,Male,0
CUST_CH_02129,71,83.7,48,4,Month-to-Month,Credit Card,Female,0
CUST_CH_02130,63,102.9,31,49,Month-to-Month,Credit Card,Male,1
CUST_CH_02131,50,61.91,1,2,Month-to-Month,Credit Card,Male,0
CUST_CH_02132,1,77.43,13,4,Month-to-Month,Bank Transfer,Female,0
CUST_CH_02133,20,109.29,48,14,Month-to-Month,Credit Card,Male,0
CUST_CH_02134,54,97.23,23,6,Two-Year,Bank Transfer,Female,0
CUST_CH_02135,12,48.54,22,58,Month-to-Month,Credit Card,Female,1
CUST_CH_02136,52,105.93,42,3,Two-Year,Electronic Check,Male,0
CUST_CH_02137,30,81.84,42,44,Two-Year,Electronic Check,Female,0
CUST_CH_02138,59,104.8,31,49,One-Year,Bank Transfer,Female,0
CUST_CH_02139,53,108.71,14,45,Two-Year,Electronic Check,Male,0
CUST_CH_02140,59,82.54,34,41,One-Year,Bank Transfer,Female,0
CUST_CH_02141,39,117.96,49,44,Month-to-Month,Electronic Check,Female,1
CUST_CH_02142,31,35.18,3,35,Month-to-Month,Credit Card,Male,1
CUST_CH_02143,3,53.06,31,5,Two-Year,Electronic Check,Female,0
CUST_CH_02144,46,28.84,44,59,Two-Year,Electronic Check,Male,0
CUST_CH_02145,20,31.7,46,31,One-Year,Credit Card,Female,1
CUST_CH_02146,13,83.68,12,50,Month-to-Month,Bank Transfer,Female,1
CUST_CH_02147,12,25.56,5,56,One-Year,Credit Card,Male,1
CUST_CH_02148,1,110.62,44,23,Month-to-Month,Credit Card,Female,1
CUST_CH_02149,2,54.93,4,1,Month-to-Month,Electronic Check,Female,1
CUST_CH_02150,22,67.9,41,21,Month-to-Month,Electronic Check,Male,1
CUST_CH_02151,46,107.43,3,15,One-Year,Bank Transfer,Male,0
CUST_CH_02152,9,119.66,29,39,Month-to-Month,Electronic Check,Male,1
CUST_CH_02153,56,104.06,38,45,One-Year,Credit Card,Female,0
CUST_CH_02154,46,117.89,35,12,Month-to-Month,Credit Card,Female,1
CUST_CH_02155,31,31.43,25,39,Two-Year,Electronic Check,Male,0
CUST_CH_02156,52,43.14,40,40,Month-to-Month,Bank Transfer,Female,1
CUST_CH_02157,1,28.96,29,38,One-Year,Electronic Check,Female,1
CUST_CH_02158,57,53.73,28,20,Month-to-Month,Bank Transfer,Male,0
CUST_CH_02159,52,57.83,21,1,Two-Year,Bank Transfer,Female,0
CUST_CH_02160,33,60.65,5,59,Month-to-Month,Electronic Check,Male,0
CUST_CH_02161,4,35.69,35,19,Month-to-Month,Electronic Check,Female,1
CUST_CH_02162,1,84.54,34,47,Month-to-Month,Credit Card,Male,1
CUST_CH_02163,20,107.53,22,58,Month-to-Month,Bank Transfer,Male,0
CUST_CH_02164,67,51.68,16,48,Month-to-Month,Credit Card,Male,1
CUST_CH_02165,11,46.33,16,31,Month-to-Month,Bank Transfer,Female,1
CUST_CH_02166,46,77.68,40,9,Two-Year,Credit Card,Male,0
CUST_CH_02167,47,112.21,4,25,Month-to-Month,Bank Transfer,Female,0
CUST_CH_02168,15,47.61,48,30,Month-to-Month,Credit Card,Male,1
CUST_CH_02169,5,66.94,9,37,One-Year,Bank Transfer,Male,0
CUST_CH_02170,11,75.73,39,56,Month-to-Month,Credit Card,Male,1
CUST_CH_02171,67,101.88,13,51,One-Year,Credit Card,Female,1
CUST_CH_02172,50,66.97,20,56,Month-to-Month,Bank Transfer,Male,1
CUST_CH_02173,16,82.32,32,49,Two-Year,Electronic Check,Male,0
CUST_CH_02174,41,96.73,31,54,Two-Year,Credit Card,Male,1
CUST_CH_02175,19,97.37,39,29,Month-to-Month,Credit Card,Male,1
CUST_CH_02176,50,71.13,27,11,Month-to-Month,Bank Transfer,Male,1
CUST_CH_02177,32,111.35,10,5,Month-to-Month,Electronic Check,Female,0
CUST_CH_02178,5,66.32,34,53,Two-Year,Electronic Check,Female,0
CUST_CH_02179,52,37.05,37,21,Month-to-Month,Bank Transfer,Male,0
CUST_CH_02180,17,73.03,49,20,Month-to-Month,Credit Card,Female,1
CUST_CH_02181,44,100.56,3,11,One-Year,Electronic Check,Male,1
CUST_CH_02182,33,99.88,38,60,Month-to-Month,Credit Card,Female,1
CUST_CH_02183,34,24.92,3,9,Month-to-Month,Credit Card,Female,0
CUST_CH_02184,21,83.67,12,34,One-Year,Credit Card,Female,1
CUST_CH_02185,45,82.45,24,28,One-Year,Electronic Check,Female,1
CUST_CH_02186,20,35.95,23,30,Two-Year,Credit Card,Female,0
CUST_CH_02187,14,92.26,31,1,Two-Year,Electronic Check,Female,0
CUST_CH_02188,37,104.37,8,2,Month-to-Month,Bank Transfer,Male,1
CUST_CH_02189,49,53.07,29,12,One-Year,Bank Transfer,Female,0
CUST_CH_02190,61,117.78,22,31,Month-to-Month,Electronic Check,Female,1
CUST_CH_02191,50,35.7,50,20,One-Year,Bank Transfer,Male,0
CUST_CH_02192,67,31.77,11,0,One-Year,Bank Transfer,Male,0
CUST_CH_02193,34,23.97,1,33,Two-Year,Electronic Check,Male,0
CUST_CH_02194,16,77.35,45,2,Month-to-Month,Electronic Check,Female,1
CUST_CH_02195,41,114.37,22,44,Month-to-Month,Credit Card,Male,1
CUST_CH_02196,15,118.84,18,3,Month-to-Month,Bank Transfer,Female,1
CUST_CH_02197,69,55.19,27,8,Month-to-Month,Credit Card,Male,0
CUST_CH_02198,4,82.04,25,1,Month-to-Month,Bank Transfer,Male,0
CUST_CH_02199,68,106.68,17,1,Month-to-Month,Bank Transfer,Female,0
CUST_CH_02200,33,96.95,35,29,Two-Year,Bank Transfer,Female,0
CUST_CH_02201,54,107.8,27,19,Month-to-Month,Bank Transfer,Female,1
CUST_CH_02202,67,98.67,4,39,Month-to-Month,Credit Card,Female,1
CUST_CH_02203,44,32.78,15,20,Month-to-Month,Credit Card,Female,0
CUST_CH_02204,15,112.15,31,27,Month-to-Month,Electronic Check,Male,1
CUST_CH_02205,38,88.4,34,49,Month-to-Month,Credit Card,Male,1
CUST_CH_02206,47,98.02,25,16,Two-Year,Bank Transfer,Male,1
CUST_CH_02207,70,67.21,7,46,Month-to-Month,Credit Card,Male,0
CUST_CH_02208,33,104.91,6,17,Month-to-Month,Bank Transfer,Female,0
CUST_CH_02209,36,53.92,24,42,Month-to-Month,Bank Transfer,Female,1
CUST_CH_02210,48,112.06,37,58,Month-to-Month,Credit Card,Female,1
CUST_CH_02211,18,111.86,6,21,One-Year,Credit Card,Female,1
CUST_CH_02212,57,51.45,45,31,One-Year,Credit Card,Male,1
CUST_CH_02213,22,50.03,4,43,Month-to-Month,Electronic Check,Female,1
CUST_CH_02214,10,104.57,22,40,Month-to-Month,Bank Transfer,Male,1
CUST_CH_02215,9,77.66,28,53,Two-Year,Electronic Check,Male,0
CUST_CH_02216,59,43.17,11,16,Two-Year,Electronic Check,Male,0
CUST_CH_02217,46,32.46,25,51,One-Year,Electronic Check,Male,1
CUST_CH_02218,39,70.61,30,56,Month-to-Month,Electronic Check,Male,1
CUST_CH_02219,60,35.36,5,32,Two-Year,Credit Card,Male,0
CUST_CH_02220,45,112.14,39,33,Month-to-Month,Bank Transfer,Female,1
CUST_CH_02221,45,102.19,36,24,Month-to-Month,Bank Transfer,Male,1
CUST_CH_02222,5,102.94,3,29,Month-to-Month,Electronic Check,Female,1
CUST_CH_02223,68,50.63,14,15,Month-to-Month,Electronic Check,Male,0
CUST_CH_02224,11,60.17,40,0,Two-Year,Credit Card,Female,0
CUST_CH_02225,24,89.65,21,10,Month-to-Month,Electronic Check,Male,0
CUST_CH_02226,27,91.9,25,33,Month-to-Month,Bank Transfer,Female,0
CUST_CH_02227,62,104.34,20,49,Two-Year,Electronic Check,Female,0
CUST_CH_02228,21,81.73,13,2,One-Year,Electronic Check,Male,0
CUST_CH_02229,68,118.81,49,37,One-Year,Electronic Check,Male,0
CUST_CH_02230,18,67.53,16,0,Month-to-Month,Electronic Check,Female,0
CUST_CH_02231,45,34.27,33,24,Month-to-Month,Electronic Check,Female,1
CUST_CH_02232,53,105.76,11,36,One-Year,Bank Transfer,Male,1
CUST_CH_02233,15,95.09,5,22,Month-to-Month,Bank Transfer,Male,1
CUST_CH_02234,27,97.74,14,8,One-Year,Credit Card,Female,0
CUST_CH_02235,11,42.19,39,1,Month-to-Month,Credit Card,Female,0
CUST_CH_02236,9,95.43,31,3,One-Year,Bank Transfer,Female,0
CUST_CH_02237,64,26.53,39,56,One-Year,Electronic Check,Female,0
CUST_CH_02238,59,26.12,23,35,One-Year,Electronic Check,Female,1
CUST_CH_02239,65,34.62,13,11,One-Year,Credit Card,Female,1
CUST_CH_02240,61,62.84,1,54,Month-to-Month,Electronic Check,Female,1
CUST_CH_02241,36,111.78,37,23,Month-to-Month,Credit Card,Female,1
CUST_CH_02242,9,36.56,16,7,One-Year,Electronic Check,Female,0
CUST_CH_02243,63,109.28,49,13,One-Year,Credit Card,Female,1
CUST_CH_02244,70,41.91,18,29,Month-to-Month,Bank Transfer,Male,1
CUST_CH_02245,26,20.62,40,25,One-Year,Credit Card,Male,0
CUST_CH_02246,71,35.31,17,47,Month-to-Month,Bank Transfer,Female,0
CUST_CH_02247,69,32.81,19,35,Two-Year,Electronic Check,Female,0
CUST_CH_02248,5,90.56,7,59,Month-to-Month,Electronic Check,Female,1
CUST_CH_02249,70,91.83,5,18,Two-Year,Credit Card,Female,0
CUST_CH_02250,25,40.59,40,53,Two-Year,Bank Transfer,Female,0
CUST_CH_02251,66,111.37,14,57,One-Year,Electronic Check,Female,0
CUST_CH_02252,58,64.19,50,18,Month-to-Month,Credit Card,Female,0
CUST_CH_02253,2,37.12,29,33,Two-Year,Credit Card,Female,1
CUST_CH_02254,5,69.69,21,14,Month-to-Month,Electronic Check,Female,0
CUST_CH_02255,69,78.92,39,2,Month-to-Month,Bank Transfer,Female,0
CUST_CH_02256,44,39.42,2,38,Month-to-Month,Credit Card,Female,0
CUST_CH_02257,61,88.6,1,34,Month-to-Month,Credit Card,Female,1
CUST_CH_02258,37,29.67,49,52,Two-Year,Electronic Check,Male,1
CUST_CH_02259,39,87.53,13,31,One-Year,Bank Transfer,Female,1
CUST_CH_02260,65,50.64,29,22,Month-to-Month,Bank Transfer,Female,1
CUST_CH_02261,14,46.22,37,28,Month-to-Month,Electronic Check,Female,1
CUST_CH_02262,39,69.68,50,59,One-Year,Electronic Check,Male,0
CUST_CH_02263,34,89.55,1,5,Month-to-Month,Credit Card,Female,0
CUST_CH_02264,67,103.13,10,33,One-Year,Credit Card,Female,1
CUST_CH_02265,26,105.33,41,16,Month-to-Month,Electronic Check,Male,0
CUST_CH_02266,9,54.39,44,57,One-Year,Bank Transfer,Female,0
CUST_CH_02267,66,76.71,8,60,Month-to-Month,Electronic Check,Male,1
CUST_CH_02268,3,98.95,18,23,Two-Year,Electronic Check,Female,0
CUST_CH_02269,35,96.51,27,26,Two-Year,Credit Card,Female,1
CUST_CH_02270,71,42.04,44,42,Month-to-Month,Electronic Check,Female,1
CUST_CH_02271,10,113.98,47,35,Month-to-Month,Credit Card,Female,1
CUST_CH_02272,26,107.7,14,13,One-Year,Bank Transfer,Female,1
CUST_CH_02273,28,55.8,11,11,Month-to-Month,Bank Transfer,Male,1
CUST_CH_02274,22,65.04,6,17,Two-Year,Bank Transfer,Male,0
CUST_CH_02275,47,111.18,41,51,One-Year,Electronic Check,Male,1
CUST_CH_02276,5,97.5,13,16,One-Year,Bank Transfer,Male,0
CUST_CH_02277,11,31.45,33,58,Month-to-Month,Credit Card,Male,1
CUST_CH_02278,43,38.84,26,60,Two-Year,Electronic Check,Female,1
CUST_CH_02279,6,107.55,13,6,Two-Year,Credit Card,Female,1
CUST_CH_02280,59,25.92,24,4,Month-to-Month,Bank Transfer,Male,0
CUST_CH_02281,71,36.05,30,48,Month-to-Month,Bank Transfer,Male,1
CUST_CH_02282,70,31.43,23,42,Month-to-Month,Bank Transfer,Male,1
CUST_CH_02283,55,46.9,17,60,Month-to-Month,Credit Card,Female,1
CUST_CH_02284,60,115.79,32,60,One-Year,Bank Transfer,Female,0
CUST_CH_02285,21,117.31,35,31,One-Year,Bank Transfer,Female,0
CUST_CH_02286,12,67.69,43,17,Month-to-Month,Credit Card,Female,0
CUST_CH_02287,15,51.8,31,23,Month-to-Month,Electronic Check,Male,1
CUST_CH_02288,35,80.08,10,38,Two-Year,Bank Transfer,Female,0
CUST_CH_02289,35,96.21,6,35,Two-Year,Bank Transfer,Male,1
CUST_CH_02290,24,94.89,35,43,One-Year,Electronic Check,Female,1
CUST_CH_02291,70,97.27,12,4,One-Year,Credit Card,Male,1
CUST_CH_02292,45,106.9,30,32,Month-to-Month,Electronic Check,Female,1
CUST_CH_02293,59,119.22,40,49,Month-to-Month,Electronic Check,Male,1
CUST_CH_02294,24,81.02,35,0,One-Year,Credit Card,Female,0
CUST_CH_02295,53,40.89,27,16,One-Year,Credit Card,Male,0
CUST_CH_02296,3,48.14,37,28,Month-to-Month,Bank Transfer,Female,1
CUST_CH_02297,67,37.34,28,42,One-Year,Credit Card,Male,0
CUST_CH_02298,47,86.97,36,8,Month-to-Month,Electronic Check,Male,0
CUST_CH_02299,18,119.99,6,2,Month-to-Month,Electronic Check,Male,0
CUST_CH_02300,16,25.99,42,41,One-Year,Credit Card,Male,0
CUST_CH_02301,22,85.77,41,46,Two-Year,Bank Transfer,Female,1
CUST_CH_02302,44,50.07,13,49,Two-Year,Credit Card,Male,0
CUST_CH_02303,11,90.96,30,40,One-Year,Electronic Check,Female,0
CUST_CH_02304,58,26.07,7,9,Two-Year,Electronic Check,Female,0
CUST_CH_02305,40,100.74,21,31,Two-Year,Electronic Check,Female,0
CUST_CH_02306,38,48.5,28,13,Month-to-Month,Electronic Check,Female,0
CUST_CH_02307,35,110.78,16,0,Month-to-Month,Credit Card,Male,0
CUST_CH_02308,70,63.13,25,36,Two-Year,Bank Transfer,Female,1
CUST_CH_02309,44,119.2,11,31,One-Year,Bank Transfer,Male,0
CUST_CH_02310,35,81.7,22,40,Month-to-Month,Electronic Check,Male,0
CUST_CH_02311,27,22.74,2,46,Month-to-Month,Electronic Check,Male,1
CUST_CH_02312,36,36.87,35,41,One-Year,Electronic Check,Male,1
CUST_CH_02313,31,40.73,39,36,Month-to-Month,Credit Card,Female,0
CUST_CH_02314,43,83.36,8,28,Month-to-Month,Electronic Check,Male,1
CUST_CH_02315,69,86.29,48,23,Month-to-Month,Electronic Check,Female,1
CUST_CH_02316,4,95.37,38,34,Month-to-Month,Credit Card,Male,1
CUST_CH_02317,19,89.08,4,38,Month-to-Month,Bank Transfer,Female,1
CUST_CH_02318,43,62.66,50,7,One-Year,Electronic Check,Female,1
CUST_CH_02319,67,90.16,26,23,Month-to-Month,Electronic Check,Male,1
CUST_CH_02320,19,27.88,6,21,Month-to-Month,Bank Transfer,Female,1
CUST_CH_02321,42,114.72,34,10,Month-to-Month,Electronic Check,Male,1
CUST_CH_02322,66,80.92,10,51,Month-to-Month,Credit Card,Male,1
CUST_CH_02323,3,105.63,36,51,Month-to-Month,Bank Transfer,Male,1
CUST_CH_02324,45,52.19,39,56,Month-to-Month,Bank Transfer,Female,1
CUST_CH_02325,69,32.73,7,52,Month-to-Month,Electronic Check,Male,1
CUST_CH_02326,12,97.47,26,52,Two-Year,Electronic Check,Female,1
CUST_CH_02327,32,80.88,50,2,Month-to-Month,Credit Card,Male,0
CUST_CH_02328,35,106.25,15,6,One-Year,Credit Card,Female,0
CUST_CH_02329,8,25.72,22,26,Month-to-Month,Credit Card,Male,0
CUST_CH_02330,33,78.16,5,11,One-Year,Electronic Check,Male,0
CUST_CH_02331,52,97.55,38,42,Month-to-Month,Bank Transfer,Male,1
CUST_CH_02332,27,88.46,46,39,Month-to-Month,Credit Card,Female,1
CUST_CH_02333,21,95.76,47,28,One-Year,Bank Transfer,Male,1
CUST_CH_02334,65,53.29,23,31,Month-to-Month,Bank Transfer,Female,1
CUST_CH_02335,36,117.74,22,8,Two-Year,Electronic Check,Female,1
CUST_CH_02336,41,100.97,44,55,Two-Year,Electronic Check,Female,1
CUST_CH_02337,30,91.91,40,54,Two-Year,Credit Card,Female,0
CUST_CH_02338,21,24.02,31,14,Month-to-Month,Credit Card,Male,0
CUST_CH_02339,22,53.66,44,16,Month-to-Month,Electronic Check,Female,0
CUST_CH_02340,61,62.54,33,21,Month-to-Month,Bank Transfer,Male,1
CUST_CH_02341,12,105.31,47,41,One-Year,Electronic Check,Male,0
CUST_CH_02342,9,84.58,38,43,Month-to-Month,Electronic Check,Male,1
CUST_CH_02343,6,36.0,8,32,One-Year,Electronic Check,Male,1
CUST_CH_02344,50,81.59,34,41,Two-Year,Bank Transfer,Male,1
CUST_CH_02345,10,115.03,1,0,Month-to-Month,Credit Card,Male,0
CUST_CH_02346,72,71.87,31,10,Month-to-Month,Credit Card,Female,1
CUST_CH_02347,21,57.21,33,11,Two-Year,Credit Card,Female,1
CUST_CH_02348,9,106.04,9,33,Month-to-Month,Electronic Check,Male,1
CUST_CH_02349,68,113.48,40,52,One-Year,Bank Transfer,Male,0
CUST_CH_02350,18,70.19,15,56,Two-Year,Credit Card,Female,0
CUST_CH_02351,4,26.53,39,51,Month-to-Month,Bank Transfer,Female,0
CUST_CH_02352,28,58.83,28,18,Month-to-Month,Credit Card,Male,0
CUST_CH_02353,62,66.18,50,19,One-Year,Credit Card,Female,0
CUST_CH_02354,39,116.79,1,34,Month-to-Month,Electronic Check,Female,1
CUST_CH_02355,71,104.12,21,19,Month-to-Month,Bank Transfer,Female,1
CUST_CH_02356,7,46.61,40,38,Month-to-Month,Credit Card,Female,1
CUST_CH_02357,43,111.82,32,48,Month-to-Month,Electronic Check,Male,0
CUST_CH_02358,32,72.87,32,33,Month-to-Month,Credit Card,Male,0
CUST_CH_02359,8,61.79,22,54,Two-Year,Bank Transfer,Female,1
CUST_CH_02360,48,69.52,5,4,Two-Year,Bank Transfer,Male,0
CUST_CH_02361,46,118.16,33,21,Month-to-Month,Electronic Check,Male,1
CUST_CH_02362,35,59.92,50,20,One-Year,Credit Card,Female,1
CUST_CH_02363,16,57.11,46,50,Two-Year,Bank Transfer,Female,1
CUST_CH_02364,12,109.32,11,20,One-Year,Credit Card,Female,1
CUST_CH_02365,68,75.03,15,37,Two-Year,Credit Card,Male,1
CUST_CH_02366,54,113.26,37,12,Two-Year,Electronic Check,Female,1
CUST_CH_02367,28,50.12,14,1,Month-to-Month,Bank Transfer,Female,0
CUST_CH_02368,20,114.67,32,5,Month-to-Month,Electronic Check,Female,0
CUST_CH_02369,65,75.85,40,13,Month-to-Month,Bank Transfer,Male,1
CUST_CH_02370,21,33.95,28,27,One-Year,Credit Card,Male,1
CUST_CH_02371,47,74.79,3,23,Month-to-Month,Credit Card,Male,1
CUST_CH_02372,20,83.31,3,8,Month-to-Month,Electronic Check,Male,1
CUST_CH_02373,24,45.25,24,9,One-Year,Electronic Check,Male,0
CUST_CH_02374,33,98.43,15,28,One-Year,Credit Card,Female,0
CUST_CH_02375,22,37.62,36,37,Month-to-Month,Electronic Check,Male,1
CUST_CH_02376,33,92.56,21,4,Month-to-Month,Bank Transfer,Female,1
CUST_CH_02377,40,93.94,45,17,Two-Year,Bank Transfer,Male,0
CUST_CH_02378,46,88.38,29,10,Month-to-Month,Electronic Check,Male,1
CUST_CH_02379,69,78.45,39,50,One-Year,Credit Card,Male,1
CUST_CH_02380,67,68.08,1,14,Month-to-Month,Electronic Check,Male,1
CUST_CH_02381,23,81.49,3,9,Month-to-Month,Credit Card,Male,0
CUST_CH_02382,8,55.04,37,34,Month-to-Month,Electronic Check,Male,0
CUST_CH_02383,9,116.79,34,57,One-Year,Electronic Check,Female,1
CUST_CH_02384,47,39.38,37,25,Month-to-Month,Credit Card,Female,0
CUST_CH_02385,35,28.87,36,11,One-Year,Bank Transfer,Female,0
CUST_CH_02386,26,56.73,37,27,One-Year,Credit Card,Male,1
CUST_CH_02387,56,70.43,29,54,One-Year,Bank Transfer,Female,0
CUST_CH_02388,54,56.45,11,54,Two-Year,Bank Transfer,Male,1
CUST_CH_02389,9,39.2,19,27,Month-to-Month,Credit Card,Male,1
CUST_CH_02390,70,76.41,10,12,Month-to-Month,Credit Card,Male,0
CUST_CH_02391,5,69.98,14,55,Two-Year,Bank Transfer,Male,1
CUST_CH_02392,6,65.58,30,20,One-Year,Credit Card,Female,0
CUST_CH_02393,12,36.2,42,50,Month-to-Month,Bank Transfer,Male,0
CUST_CH_02394,64,117.42,21,2,One-Year,Electronic Check,Male,0
CUST_CH_02395,2,62.1,34,21,Month-to-Month,Credit Card,Female,1
CUST_CH_02396,11,82.64,1,47,One-Year,Electronic Check,Female,0
CUST_CH_02397,63,98.69,47,47,Month-to-Month,Bank Transfer,Male,0
CUST_CH_02398,3,25.41,34,4,Two-Year,Bank Transfer,Female,1
CUST_CH_02399,28,66.5,7,44,One-Year,Credit Card,Male,1
CUST_CH_02400,37,114.91,20,8,Two-Year,Bank Transfer,Male,0
CUST_CH_02401,9,38.98,6,6,One-Year,Credit Card,Male,0
CUST_CH_02402,57,45.68,23,46,Month-to-Month,Credit Card,Female,1
CUST_CH_02403,58,100.63,28,52,Two-Year,Electronic Check,Female,0
CUST_CH_02404,57,31.56,31,4,Two-Year,Electronic Check,Female,1
CUST_CH_02405,43,35.42,44,7,One-Year,Electronic Check,Female,0
CUST_CH_02406,1,70.47,20,52,Month-to-Month,Electronic Check,Female,1
CUST_CH_02407,37,63.78,30,49,One-Year,Bank Transfer,Male,0
CUST_CH_02408,9,33.78,41,31,Two-Year,Electronic Check,Female,1
CUST_CH_02409,30,110.04,16,29,One-Year,Bank Transfer,Male,0
CUST_CH_02410,65,81.04,7,20,Month-to-Month,Electronic Check,Female,0
CUST_CH_02411,69,102.03,3,10,Month-to-Month,Bank Transfer,Male,0
CUST_CH_02412,27,84.47,3,56,Two-Year,Bank Transfer,Male,0
CUST_CH_02413,45,67.12,36,42,Two-Year,Credit Card,Male,0
CUST_CH_02414,36,52.7,13,4,Month-to-Month,Electronic Check,Female,1
CUST_CH_02415,7,80.64,35,34,One-Year,Electronic Check,Female,1
CUST_CH_02416,47,96.65,13,55,One-Year,Credit Card,Male,0
CUST_CH_02417,38,46.87,8,5,One-Year,Bank Transfer,Male,1
CUST_CH_02418,60,90.89,38,17,Month-to-Month,Credit Card,Male,1
CUST_CH_02419,69,58.77,46,59,Two-Year,Credit Card,Female,0
CUST_CH_02420,72,67.47,4,4,Month-to-Month,Electronic Check,Male,0
CUST_CH_02421,15,86.22,33,14,Month-to-Month,Credit Card,Male,1
CUST_CH_02422,8,64.02,8,53,Two-Year,Bank Transfer,Male,1
CUST_CH_02423,65,110.97,43,2,Two-Year,Electronic Check,Male,0
CUST_CH_02424,43,56.58,13,30,One-Year,Electronic Check,Female,0
CUST_CH_02425,38,44.75,8,47,Month-to-Month,Bank Transfer,Female,0
CUST_CH_02426,51,84.37,45,28,Month-to-Month,Electronic Check,Female,1
CUST_CH_02427,30,21.53,21,2,One-Year,Electronic Check,Female,0
CUST_CH_02428,59,66.93,7,11,Two-Year,Credit Card,Female,0
CUST_CH_02429,27,54.63,43,34,Month-to-Month,Credit Card,Female,1
CUST_CH_02430,1,49.68,49,33,Month-to-Month,Bank Transfer,Female,1
CUST_CH_02431,14,53.28,34,53,One-Year,Electronic Check,Male,1
CUST_CH_02432,42,99.71,35,21,Month-to-Month,Credit Card,Female,1
CUST_CH_02433,44,38.54,6,32,Month-to-Month,Credit Card,Female,1
CUST_CH_02434,67,20.69,13,30,Two-Year,Electronic Check,Female,0
CUST_CH_02435,18,36.7,20,24,Month-to-Month,Credit Card,Male,0
CUST_CH_02436,60,118.39,42,20,Month-to-Month,Bank Transfer,Male,0
CUST_CH_02437,1,65.41,31,46,Month-to-Month,Credit Card,Male,1
CUST_CH_02438,16,62.28,32,23,Month-to-Month,Credit Card,Male,1
CUST_CH_02439,56,53.72,10,22,Month-to-Month,Electronic Check,Male,1
CUST_CH_02440,5,84.24,7,51,One-Year,Bank Transfer,Female,0
CUST_CH_02441,38,101.68,8,4,Month-to-Month,Electronic Check,Male,1
CUST_CH_02442,24,27.14,9,9,Month-to-Month,Credit Card,Female,0
CUST_CH_02443,32,100.24,36,12,One-Year,Credit Card,Male,1
CUST_CH_02444,13,57.34,50,7,Two-Year,Bank Transfer,Female,0
CUST_CH_02445,11,43.61,16,45,One-Year,Electronic Check,Female,1
CUST_CH_02446,28,62.96,2,30,Month-to-Month,Bank Transfer,Male,1
CUST_CH_02447,30,41.25,20,13,Two-Year,Electronic Check,Male,0
CUST_CH_02448,18,88.56,29,8,One-Year,Credit Card,Female,1
CUST_CH_02449,54,47.48,40,24,Month-to-Month,Bank Transfer,Male,1
CUST_CH_02450,22,20.12,20,13,Month-to-Month,Electronic Check,Male,0
CUST_CH_02451,28,59.08,31,15,Month-to-Month,Credit Card,Male,0
CUST_CH_02452,25,61.18,39,14,Month-to-Month,Credit Card,Female,0
CUST_CH_02453,58,30.89,13,19,Two-Year,Electronic Check,Female,0
CUST_CH_02454,1,36.14,36,8,One-Year,Bank Transfer,Female,1
CUST_CH_02455,7,63.94,25,25,Two-Year,Credit Card,Female,0
CUST_CH_02456,37,100.5,50,6,Month-to-Month,Credit Card,Male,1
CUST_CH_02457,41,63.06,11,19,Two-Year,Electronic Check,Female,0
CUST_CH_02458,46,99.28,44,40,Two-Year,Bank Transfer,Male,1
CUST_CH_02459,58,102.46,42,51,Month-to-Month,Bank Transfer,Female,1
CUST_CH_02460,46,23.54,38,44,One-Year,Bank Transfer,Female,1
CUST_CH_02461,67,95.85,4,19,Two-Year,Electronic Check,Female,0
CUST_CH_02462,1,55.02,28,26,Month-to-Month,Electronic Check,Female,0
CUST_CH_02463,69,23.93,21,44,Month-to-Month,Electronic Check,Female,0
CUST_CH_02464,56,43.74,9,40,Month-to-Month,Electronic Check,Male,1
CUST_CH_02465,39,25.04,10,17,Month-to-Month,Credit Card,Female,1
CUST_CH_02466,59,71.02,33,40,Month-to-Month,Bank Transfer,Female,0
CUST_CH_02467,19,99.45,18,12,Month-to-Month,Electronic Check,Female,1
CUST_CH_02468,8,55.91,31,17,Two-Year,Bank Transfer,Male,0
CUST_CH_02469,39,83.8,9,41,Month-to-Month,Electronic Check,Female,1
CUST_CH_02470,69,42.73,13,6,One-Year,Bank Transfer,Female,0
CUST_CH_02471,36,36.06,1,35,Two-Year,Electronic Check,Female,0
CUST_CH_02472,68,69.16,44,39,Two-Year,Electronic Check,Female,1
CUST_CH_02473,8,62.02,3,42,Month-to-Month,Bank Transfer,Female,0
CUST_CH_02474,53,27.23,34,8,Month-to-Month,Electronic Check,Female,1
CUST_CH_02475,49,87.34,2,27,One-Year,Credit Card,Male,1
CUST_CH_02476,19,109.73,38,3,One-Year,Electronic Check,Male,0
CUST_CH_02477,16,39.8,10,45,One-Year,Bank Transfer,Male,0
CUST_CH_02478,54,23.65,2,46,One-Year,Credit Card,Female,1
CUST_CH_02479,4,50.93,9,11,Month-to-Month,Bank Transfer,Female,0
CUST_CH_02480,58,44.88,1,58,Month-to-Month,Credit Card,Female,1
CUST_CH_02481,56,93.47,31,31,Month-to-Month,Electronic Check,Male,1
CUST_CH_02482,37,31.56,15,24,Month-to-Month,Bank Transfer,Male,0
CUST_CH_02483,55,84.47,12,11,One-Year,Electronic Check,Male,1
CUST_CH_02484,20,30.85,26,1,Two-Year,Bank Transfer,Female,0
CUST_CH_02485,10,98.7,29,19,Month-to-Month,Electronic Check,Female,0
CUST_CH_02486,19,30.49,38,60,Month-to-Month,Bank Transfer,Male,1
CUST_CH_02487,2,36.07,46,49,Two-Year,Bank Transfer,Male,1
CUST_CH_02488,55,61.31,4,58,Two-Year,Credit Card,Female,0
CUST_CH_02489,48,115.16,32,19,One-Year,Electronic Check,Female,0
CUST_CH_02490,1,75.29,37,18,Month-to-Month,Electronic Check,Male,1
CUST_CH_02491,4,59.2,47,40,Month-to-Month,Bank Transfer,Female,1
CUST_CH_02492,38,89.48,32,49,Two-Year,Bank Transfer,Female,1
CUST_CH_02493,65,113.44,36,25,Month-to-Month,Credit Card,Male,1
CUST_CH_02494,31,92.12,40,1,Month-to-Month,Credit Card,Male,0
CUST_CH_02495,28,62.01,1,41,Month-to-Month,Electronic Check,Male,0
CUST_CH_02496,28,63.21,30,17,Month-to-Month,Bank Transfer,Male,0
CUST_CH_02497,36,81.12,39,6,Month-to-Month,Credit Card,Female,1
CUST_CH_02498,53,103.12,4,45,Two-Year,Credit Card,Male,1
CUST_CH_02499,35,31.39,35,7,One-Year,Credit Card,Male,0
CUST_CH_02500,47,108.52,10,25,Month-to-Month,Bank Transfer,Female,0
CUST_CH_02501,42,56.58,44,31,Month-to-Month,Bank Transfer,Male,1
CUST_CH_02502,53,100.56,24,35,One-Year,Bank Transfer,Female,0
CUST_CH_02503,70,93.36,42,15,Month-to-Month,Electronic Check,Male,1
CUST_CH_02504,17,89.37,34,29,Month-to-Month,Electronic Check,Female,0
CUST_CH_02505,35,20.63,41,55,Two-Year,Credit Card,Female,0
CUST_CH_02506,69,113.34,5,35,One-Year,Bank Transfer,Male,0
CUST_CH_02507,61,50.85,40,39,One-Year,Credit Card,Female,1
CUST_CH_02508,30,80.3,15,30,Two-Year,Electronic Check,Female,0
CUST_CH_02509,3,49.13,19,58,One-Year,Bank Transfer,Male,1
CUST_CH_02510,6,32.55,25,46,Month-to-Month,Bank Transfer,Female,1
CUST_CH_02511,16,62.58,23,60,Month-to-Month,Electronic Check,Female,0
CUST_CH_02512,14,72.57,25,23,One-Year,Bank Transfer,Female,1
CUST_CH_02513,43,55.34,37,27,Month-to-Month,Credit Card,Male,1
CUST_CH_02514,31,85.07,31,54,Month-to-Month,Electronic Check,Male,1
CUST_CH_02515,71,67.05,10,3,Month-to-Month,Credit Card,Male,1
CUST_CH_02516,23,22.5,14,37,One-Year,Bank Transfer,Male,0
CUST_CH_02517,61,84.67,46,30,Month-to-Month,Bank Transfer,Male,0
CUST_CH_02518,69,42.57,18,57,Month-to-Month,Electronic Check,Female,0
CUST_CH_02519,45,74.67,45,41,Month-to-Month,Credit Card,Female,1
CUST_CH_02520,23,26.61,7,2,One-Year,Bank Transfer,Male,0
CUST_CH_02521,12,91.52,36,23,Month-to-Month,Electronic Check,Male,1
CUST_CH_02522,23,46.44,12,54,Month-to-Month,Credit Card,Female,1
CUST_CH_02523,34,42.35,6,15,Month-to-Month,Bank Transfer,Female,1
CUST_CH_02524,21,86.18,32,53,One-Year,Electronic Check,Female,0
CUST_CH_02525,29,25.82,4,55,Two-Year,Electronic Check,Female,0
CUST_CH_02526,64,23.67,40,49,Two-Year,Bank Transfer,Female,1
CUST_CH_02527,37,57.78,42,44,Month-to-Month,Bank Transfer,Female,1
CUST_CH_02528,33,46.46,11,32,Month-to-Month,Electronic Check,Male,1
CUST_CH_02529,23,64.13,33,37,Month-to-Month,Electronic Check,Female,1
CUST_CH_02530,16,109.37,12,60,One-Year,Credit Card,Male,1
CUST_CH_02531,27,29.1,39,21,Month-to-Month,Electronic Check,Male,1
CUST_CH_02532,9,117.26,31,9,Month-to-Month,Credit Card,Male,1
CUST_CH_02533,38,91.46,14,16,Month-to-Month,Credit Card,Male,0
CUST_CH_02534,45,119.51,15,31,Two-Year,Electronic Check,Male,0
CUST_CH_02535,30,69.63,14,45,Month-to-Month,Bank Transfer,Female,1
CUST_CH_02536,7,55.28,20,38,One-Year,Credit Card,Male,1
CUST_CH_02537,72,49.58,21,3,Two-Year,Electronic Check,Female,0
CUST_CH_02538,18,109.91,27,50,One-Year,Bank Transfer,Male,1
CUST_CH_02539,4,114.51,13,4,Month-to-Month,Credit Card,Female,1
CUST_CH_02540,67,97.02,1,49,One-Year,Credit Card,Female,1
CUST_CH_02541,64,40.5,43,41,Month-to-Month,Credit Card,Male,1
CUST_CH_02542,1,111.03,40,39,Month-to-Month,Electronic Check,Male,1
CUST_CH_02543,15,46.16,32,4,Two-Year,Credit Card,Male,1
CUST_CH_02544,7,41.44,46,22,One-Year,Bank Transfer,Male,0
CUST_CH_02545,28,105.48,6,38,One-Year,Credit Card,Male,1
CUST_CH_02546,67,119.78,11,10,One-Year,Bank Transfer,Female,0
CUST_CH_02547,23,58.31,48,45,Two-Year,Electronic Check,Male,1
CUST_CH_02548,37,87.66,13,15,Month-to-Month,Credit Card,Male,0
CUST_CH_02549,34,51.16,14,14,Month-to-Month,Electronic Check,Male,1
CUST_CH_02550,67,103.57,15,53,One-Year,Electronic Check,Male,1
CUST_CH_02551,7,78.85,46,33,Two-Year,Credit Card,Male,1
CUST_CH_02552,22,118.51,34,22,Month-to-Month,Credit Card,Male,1
CUST_CH_02553,53,58.81,50,34,One-Year,Bank Transfer,Female,0
CUST_CH_02554,34,93.85,3,29,Two-Year,Bank Transfer,Female,0
CUST_CH_02555,66,112.62,28,29,One-Year,Electronic Check,Male,1
CUST_CH_02556,9,76.19,44,18,Month-to-Month,Electronic Check,Male,1
CUST_CH_02557,24,43.29,35,19,Two-Year,Bank Transfer,Female,0
CUST_CH_02558,30,45.95,21,40,One-Year,Credit Card,Male,0
CUST_CH_02559,40,31.66,11,36,One-Year,Bank Transfer,Female,0
CUST_CH_02560,7,52.17,42,18,Month-to-Month,Bank Transfer,Female,1
CUST_CH_02561,37,75.01,17,42,Month-to-Month,Bank Transfer,Female,1
CUST_CH_02562,48,31.58,1,51,Month-to-Month,Bank Transfer,Male,1
CUST_CH_02563,58,80.67,6,23,Month-to-Month,Bank Transfer,Male,0
CUST_CH_02564,64,73.7,16,43,Two-Year,Bank Transfer,Male,0
CUST_CH_02565,46,49.16,15,31,Month-to-Month,Bank Transfer,Male,0
CUST_CH_02566,44,114.08,2,41,Two-Year,Credit Card,Female,0
CUST_CH_02567,13,89.04,38,26,Month-to-Month,Bank Transfer,Male,0
CUST_CH_02568,38,58.06,14,44,Two-Year,Credit Card,Male,1
CUST_CH_02569,10,84.83,48,48,Two-Year,Bank Transfer,Female,1
CUST_CH_02570,24,88.21,43,30,Month-to-Month,Electronic Check,Male,1
CUST_CH_02571,25,55.83,7,41,Month-to-Month,Bank Transfer,Female,0
CUST_CH_02572,31,69.02,5,39,Two-Year,Credit Card,Male,1
CUST_CH_02573,50,41.53,12,22,Month-to-Month,Electronic Check,Male,1
CUST_CH_02574,3,77.1,40,2,Month-to-Month,Credit Card,Male,1
CUST_CH_02575,35,115.2,12,35,Two-Year,Electronic Check,Female,0
CUST_CH_02576,71,29.68,33,60,Month-to-Month,Credit Card,Female,1
CUST_CH_02577,4,111.52,42,29,Two-Year,Credit Card,Female,1
CUST_CH_02578,12,112.0,21,39,Month-to-Month,Electronic Check,Female,0
CUST_CH_02579,38,87.57,28,34,Two-Year,Bank Transfer,Male,0
CUST_CH_02580,50,95.76,3,37,Month-to-Month,Credit Card,Female,1
CUST_CH_02581,71,44.16,35,2,Month-to-Month,Bank Transfer,Female,0
CUST_CH_02582,50,111.99,31,29,One-Year,Bank Transfer,Male,1
CUST_CH_02583,50,25.57,1,39,One-Year,Electronic Check,Female,1
CUST_CH_02584,14,47.96,8,46,One-Year,Bank Transfer,Female,1
CUST_CH_02585,8,113.15,30,40,One-Year,Bank Transfer,Female,1
CUST_CH_02586,2,41.86,31,58,Two-Year,Electronic Check,Female,1
CUST_CH_02587,4,110.82,30,23,One-Year,Bank Transfer,Female,0
CUST_CH_02588,22,44.93,36,47,One-Year,Credit Card,Male,0
CUST_CH_02589,32,37.18,44,4,One-Year,Bank Transfer,Male,0
CUST_CH_02590,2,56.74,40,60,Two-Year,Bank Transfer,Female,1
CUST_CH_02591,48,25.65,15,10,One-Year,Credit Card,Male,0
CUST_CH_02592,10,101.11,12,15,One-Year,Electronic Check,Male,0
CUST_CH_02593,37,106.92,8,44,One-Year,Electronic Check,Male,0
CUST_CH_02594,60,110.63,32,18,Month-to-Month,Credit Card,Male,1
CUST_CH_02595,52,33.2,39,39,One-Year,Electronic Check,Male,1
CUST_CH_02596,42,113.96,6,33,Month-to-Month,Bank Transfer,Male,1
CUST_CH_02597,65,46.96,24,23,One-Year,Electronic Check,Male,1
CUST_CH_02598,51,74.94,1,47,Month-to-Month,Bank Transfer,Female,1
CUST_CH_02599,39,60.5,23,24,One-Year,Credit Card,Female,0
CUST_CH_02600,37,83.9,23,9,Two-Year,Credit Card,Female,0
CUST_CH_02601,5,93.33,31,57,Two-Year,Bank Transfer,Male,0
CUST_CH_02602,63,88.0,1,55,Month-to-Month,Credit Card,Female,0
CUST_CH_02603,8,56.75,43,7,One-Year,Bank Transfer,Male,0
CUST_CH_02604,17,103.05,2,21,One-Year,Bank Transfer,Female,1
CUST_CH_02605,72,46.77,15,20,Month-to-Month,Electronic Check,Male,0
CUST_CH_02606,16,89.58,10,27,Two-Year,Electronic Check,Female,0
CUST_CH_02607,5,49.16,49,4,Two-Year,Bank Transfer,Female,1
CUST_CH_02608,62,101.89,36,33,One-Year,Bank Transfer,Male,0
CUST_CH_02609,33,81.48,6,57,One-Year,Electronic Check,Male,0
CUST_CH_02610,9,60.22,22,42,One-Year,Credit Card,Female,1
CUST_CH_02611,65,49.08,32,45,One-Year,Bank Transfer,Male,1
CUST_CH_02612,45,111.44,47,5,One-Year,Credit Card,Male,0
CUST_CH_02613,6,50.57,38,44,Month-to-Month,Credit Card,Female,1
CUST_CH_02614,24,27.91,43,39,Month-to-Month,Bank Transfer,Female,1
CUST_CH_02615,56,30.14,39,60,One-Year,Electronic Check,Female,0
CUST_CH_02616,27,32.83,18,20,Month-to-Month,Bank Transfer,Female,1
CUST_CH_02617,2,83.15,18,50,One-Year,Credit Card,Male,0
CUST_CH_02618,8,21.17,33,52,Two-Year,Bank Transfer,Female,1
CUST_CH_02619,57,80.7,12,2,One-Year,Credit Card,Female,0
CUST_CH_02620,71,114.27,25,8,One-Year,Credit Card,Female,0
CUST_CH_02621,40,43.6,22,40,Month-to-Month,Bank Transfer,Female,1
CUST_CH_02622,61,41.59,29,2,Month-to-Month,Bank Transfer,Female,1
CUST_CH_02623,5,38.68,20,41,Month-to-Month,Electronic Check,Female,1
CUST_CH_02624,28,59.64,23,3,Month-to-Month,Bank Transfer,Female,1
CUST_CH_02625,58,68.81,42,28,One-Year,Electronic Check,Male,1
CUST_CH_02626,71,84.91,5,21,Month-to-Month,Credit Card,Male,1
CUST_CH_02627,41,96.74,4,50,Two-Year,Bank Transfer,Female,0
CUST_CH_02628,64,31.44,20,8,Month-to-Month,Bank Transfer,Female,1
CUST_CH_02629,18,77.24,31,14,Month-to-Month,Electronic Check,Male,0
CUST_CH_02630,1,112.41,38,23,Two-Year,Credit Card,Female,0
CUST_CH_02631,30,28.04,45,7,Month-to-Month,Bank Transfer,Male,0
CUST_CH_02632,4,109.95,18,34,Two-Year,Electronic Check,Female,0
CUST_CH_02633,45,99.47,50,42,One-Year,Electronic Check,Male,1
CUST_CH_02634,44,55.05,45,5,Month-to-Month,Bank Transfer,Male,1
CUST_CH_02635,44,87.71,15,48,Two-Year,Credit Card,Male,0
CUST_CH_02636,35,44.19,3,20,Month-to-Month,Bank Transfer,Female,0
CUST_CH_02637,22,72.93,25,44,One-Year,Credit Card,Female,0
CUST_CH_02638,62,104.9,23,30,One-Year,Electronic Check,Male,1
CUST_CH_02639,43,85.96,13,38,Month-to-Month,Electronic Check,Female,1
CUST_CH_02640,46,46.47,12,30,Month-to-Month,Electronic Check,Male,0
CUST_CH_02641,25,20.11,23,41,Month-to-Month,Electronic Check,Male,1
CUST_CH_02642,20,96.86,10,47,One-Year,Bank Transfer,Male,1
CUST_CH_02643,2,35.08,22,6,Month-to-Month,Bank Transfer,Female,1
CUST_CH_02644,23,28.01,35,16,Month-to-Month,Electronic Check,Male,1
CUST_CH_02645,67,63.74,14,30,Month-to-Month,Credit Card,Female,1
CUST_CH_02646,64,101.13,37,5,Month-to-Month,Credit Card,Female,1
CUST_CH_02647,2,85.87,33,0,One-Year,Electronic Check,Female,1
CUST_CH_02648,7,78.84,13,3,One-Year,Electronic Check,Female,0
CUST_CH_02649,60,52.31,47,58,Month-to-Month,Bank Transfer,Male,0
CUST_CH_02650,65,27.76,24,2,Month-to-Month,Electronic Check,Male,0
CUST_CH_02651,59,83.8,26,11,Month-to-Month,Credit Card,Male,0
CUST_CH_02652,7,48.57,26,6,Month-to-Month,Electronic Check,Male,0
CUST_CH_02653,63,52.66,25,16,Month-to-Month,Electronic Check,Male,0
CUST_CH_02654,42,29.6,26,14,Month-to-Month,Electronic Check,Female,1
CUST_CH_02655,48,109.57,44,32,Two-Year,Bank Transfer,Male,0
CUST_CH_02656,29,73.19,26,25,Two-Year,Credit Card,Male,0
CUST_CH_02657,32,94.2,22,0,Month-to-Month,Credit Card,Male,0
CUST_CH_02658,27,75.47,8,38,Month-to-Month,Credit Card,Female,0
CUST_CH_02659,44,40.12,23,46,Month-to-Month,Bank Transfer,Male,1
CUST_CH_02660,23,44.87,13,44,Month-to-Month,Electronic Check,Male,1
CUST_CH_02661,28,58.79,24,9,Month-to-Month,Electronic Check,Female,0
CUST_CH_02662,1,51.22,44,32,Month-to-Month,Credit Card,Female,1
CUST_CH_02663,59,80.81,14,11,Month-to-Month,Credit Card,Male,1
CUST_CH_02664,20,66.19,49,57,Month-to-Month,Bank Transfer,Male,1
CUST_CH_02665,17,84.6,47,0,Month-to-Month,Credit Card,Male,1
CUST_CH_02666,17,74.33,2,50,Month-to-Month,Electronic Check,Female,1
CUST_CH_02667,49,102.29,50,56,One-Year,Electronic Check,Male,0
CUST_CH_02668,18,52.81,12,43,Month-to-Month,Bank Transfer,Female,1
CUST_CH_02669,53,108.64,32,16,Month-to-Month,Credit Card,Female,1
CUST_CH_02670,41,27.97,39,20,One-Year,Electronic Check,Male,0
CUST_CH_02671,20,26.89,3,38,One-Year,Electronic Check,Male,1
CUST_CH_02672,30,114.41,47,42,One-Year,Electronic Check,Male,1
CUST_CH_02673,23,93.18,45,5,Month-to-Month,Bank Transfer,Female,0
CUST_CH_02674,62,77.76,27,12,Month-to-Month,Credit Card,Male,1
CUST_CH_02675,69,29.0,45,11,Month-to-Month,Bank Transfer,Male,1
CUST_CH_02676,31,79.24,10,53,Month-to-Month,Electronic Check,Male,1
CUST_CH_02677,25,53.07,48,38,Two-Year,Electronic Check,Male,1
CUST_CH_02678,12,85.49,37,57,One-Year,Credit Card,Male,1
CUST_CH_02679,31,49.5,48,35,Month-to-Month,Bank Transfer,Female,0
CUST_CH_02680,47,69.5,17,50,Two-Year,Credit Card,Male,1
CUST_CH_02681,29,86.56,41,26,One-Year,Credit Card,Male,0
CUST_CH_02682,70,98.87,9,17,Two-Year,Electronic Check,Female,0
CUST_CH_02683,71,27.1,13,1,Two-Year,Credit Card,Female,0
CUST_CH_02684,27,89.53,10,1,Two-Year,Electronic Check,Female,1
CUST_CH_02685,53,110.53,28,46,One-Year,Electronic Check,Female,0
CUST_CH_02686,39,29.04,9,9,Month-to-Month,Electronic Check,Female,0
CUST_CH_02687,22,50.17,15,32,Two-Year,Electronic Check,Female,1
CUST_CH_02688,32,45.08,1,54,Month-to-Month,Bank Transfer,Female,1
CUST_CH_02689,30,29.56,49,41,Month-to-Month,Credit Card,Female,1
CUST_CH_02690,32,117.19,41,31,One-Year,Bank Transfer,Male,1
CUST_CH_02691,35,28.83,16,36,Two-Year,Credit Card,Female,0
CUST_CH_02692,27,108.74,10,22,Month-to-Month,Electronic Check,Female,1
CUST_CH_02693,4,24.65,4,56,One-Year,Electronic Check,Female,1
CUST_CH_02694,6,61.49,28,21,Two-Year,Credit Card,Male,1
CUST_CH_02695,37,39.93,36,58,Month-to-Month,Credit Card,Female,0
CUST_CH_02696,12,59.64,49,29,Month-to-Month,Bank Transfer,Female,1
CUST_CH_02697,4,64.64,43,49,One-Year,Credit Card,Male,1
CUST_CH_02698,49,62.46,14,51,Month-to-Month,Credit Card,Male,1
CUST_CH_02699,59,32.23,1,39,Month-to-Month,Bank Transfer,Female,0
CUST_CH_02700,11,60.5,10,10,One-Year,Electronic Check,Male,0
CUST_CH_02701,46,103.83,8,9,Month-to-Month,Electronic Check,Male,0
CUST_CH_02702,35,38.92,35,24,Month-to-Month,Electronic Check,Male,1
CUST_CH_02703,56,33.06,39,8,Month-to-Month,Bank Transfer,Male,0
CUST_CH_02704,11,112.5,11,20,Month-to-Month,Bank Transfer,Female,1
CUST_CH_02705,55,40.95,25,47,One-Year,Credit Card,Female,1
CUST_CH_02706,35,69.91,3,8,Month-to-Month,Bank Transfer,Female,0
CUST_CH_02707,51,77.73,14,22,Month-to-Month,Electronic Check,Male,1
CUST_CH_02708,56,71.9,11,60,One-Year,Bank Transfer,Male,0
CUST_CH_02709,70,88.12,48,20,One-Year,Bank Transfer,Male,0
CUST_CH_02710,57,22.74,39,21,Two-Year,Electronic Check,Male,0
CUST_CH_02711,44,98.33,9,23,Month-to-Month,Credit Card,Male,1
CUST_CH_02712,68,27.8,32,33,One-Year,Bank Transfer,Male,1
CUST_CH_02713,39,51.23,44,32,Month-to-Month,Credit Card,Female,0
CUST_CH_02714,18,43.44,34,26,Two-Year,Electronic Check,Female,0
CUST_CH_02715,29,94.12,26,25,Two-Year,Credit Card,Female,1
CUST_CH_02716,24,40.92,21,0,Month-to-Month,Electronic Check,Male,0
CUST_CH_02717,48,76.7,48,55,Month-to-Month,Electronic Check,Male,1
CUST_CH_02718,28,54.44,30,36,Two-Year,Bank Transfer,Male,0
CUST_CH_02719,55,82.59,34,12,One-Year,Credit Card,Female,1
CUST_CH_02720,50,112.99,18,4,One-Year,Credit Card,Female,0
CUST_CH_02721,16,71.52,41,42,Month-to-Month,Credit Card,Female,1
CUST_CH_02722,26,26.79,49,40,Month-to-Month,Electronic Check,Female,1
CUST_CH_02723,58,48.92,18,57,Two-Year,Bank Transfer,Male,1
CUST_CH_02724,19,79.11,13,24,Month-to-Month,Electronic Check,Female,0
CUST_CH_02725,23,69.04,4,8,Month-to-Month,Electronic Check,Female,1
CUST_CH_02726,57,104.26,37,46,Month-to-Month,Bank Transfer,Female,1
CUST_CH_02727,4,79.91,43,19,One-Year,Credit Card,Female,1
CUST_CH_02728,33,23.43,48,7,Month-to-Month,Electronic Check,Female,1
CUST_CH_02729,48,81.26,1,24,Month-to-Month,Credit Card,Male,1
CUST_CH_02730,19,89.0,19,9,One-Year,Credit Card,Female,0
CUST_CH_02731,66,110.72,28,33,Month-to-Month,Credit Card,Male,0
CUST_CH_02732,18,113.39,48,47,Two-Year,Electronic Check,Female,1
CUST_CH_02733,50,81.54,39,42,Two-Year,Electronic Check,Female,0
CUST_CH_02734,24,23.9,33,12,One-Year,Credit Card,Male,0
CUST_CH_02735,20,104.99,36,55,One-Year,Credit Card,Female,1
CUST_CH_02736,61,88.5,25,9,One-Year,Bank Transfer,Female,0
CUST_CH_02737,8,118.83,36,46,Month-to-Month,Credit Card,Female,1
CUST_CH_02738,5,68.48,27,11,Month-to-Month,Credit Card,Female,0
CUST_CH_02739,61,90.28,6,37,Month-to-Month,Bank Transfer,Female,1
CUST_CH_02740,33,108.62,48,14,One-Year,Bank Transfer,Male,1
CUST_CH_02741,66,65.5,21,20,Month-to-Month,Electronic Check,Male,1
CUST_CH_02742,15,99.09,1,33,Month-to-Month,Bank Transfer,Female,1
CUST_CH_02743,62,66.29,47,50,Month-to-Month,Bank Transfer,Female,1
CUST_CH_02744,33,35.01,37,19,One-Year,Bank Transfer,Male,0
CUST_CH_02745,23,60.99,44,24,Month-to-Month,Credit Card,Male,0
CUST_CH_02746,3,83.99,11,53,One-Year,Bank Transfer,Female,0
CUST_CH_02747,52,73.09,15,38,Month-to-Month,Credit Card,Female,1
CUST_CH_02748,34,38.53,28,0,One-Year,Electronic Check,Female,0
CUST_CH_02749,6,84.19,2,15,Two-Year,Bank Transfer,Male,0
CUST_CH_02750,35,97.56,30,8,Month-to-Month,Bank Transfer,Female,0
CUST_CH_02751,70,47.54,49,19,Two-Year,Credit Card,Female,0
CUST_CH_02752,56,49.73,40,41,Month-to-Month,Bank Transfer,Female,1
CUST_CH_02753,4,54.68,11,38,Month-to-Month,Bank Transfer,Female,1
CUST_CH_02754,2,66.3,47,31,One-Year,Bank Transfer,Male,0
CUST_CH_02755,47,52.01,5,34,Two-Year,Electronic Check,Male,1
CUST_CH_02756,71,53.66,19,24,Month-to-Month,Bank Transfer,Female,0
CUST_CH_02757,54,83.01,21,12,One-Year,Electronic Check,Male,1
CUST_CH_02758,2,94.1,23,45,Two-Year,Electronic Check,Female,1
CUST_CH_02759,11,92.31,11,28,Two-Year,Bank Transfer,Male,1
CUST_CH_02760,56,82.54,17,35,Month-to-Month,Bank Transfer,Female,1
CUST_CH_02761,63,36.7,10,53,Month-to-Month,Credit Card,Female,0
CUST_CH_02762,34,64.31,27,41,Month-to-Month,Credit Card,Female,1
CUST_CH_02763,55,81.8,50,33,Two-Year,Bank Transfer,Female,0
CUST_CH_02764,15,89.57,4,14,Two-Year,Electronic Check,Female,0
CUST_CH_02765,66,35.21,11,42,Month-to-Month,Electronic Check,Female,0
CUST_CH_02766,26,113.44,27,17,Month-to-Month,Credit Card,Female,0
CUST_CH_02767,47,20.35,31,41,Two-Year,Bank Transfer,Female,1
CUST_CH_02768,66,61.23,38,36,Month-to-Month,Electronic Check,Female,0
CUST_CH_02769,68,113.81,29,4,Month-to-Month,Credit Card,Female,0
CUST_CH_02770,17,107.03,24,44,Month-to-Month,Bank Transfer,Female,1
CUST_CH_02771,63,98.25,4,10,Two-Year,Electronic Check,Female,1
CUST_CH_02772,7,37.27,40,30,Two-Year,Bank Transfer,Female,0
CUST_CH_02773,21,56.51,38,36,Two-Year,Bank Transfer,Female,0
CUST_CH_02774,10,109.79,22,0,One-Year,Electronic Check,Male,0
CUST_CH_02775,61,65.69,22,12,Two-Year,Electronic Check,Male,0
CUST_CH_02776,67,65.36,18,57,Month-to-Month,Bank Transfer,Male,1
CUST_CH_02777,65,79.96,35,1,Month-to-Month,Credit Card,Female,1
CUST_CH_02778,20,22.12,20,45,Month-to-Month,Electronic Check,Female,1
CUST_CH_02779,44,96.89,25,18,Month-to-Month,Bank Transfer,Male,0
CUST_CH_02780,21,56.43,36,39,Month-to-Month,Electronic Check,Female,0
CUST_CH_02781,34,51.17,40,47,One-Year,Electronic Check,Female,0
CUST_CH_02782,61,82.74,1,50,Month-to-Month,Bank Transfer,Male,1
CUST_CH_02783,28,24.16,47,13,Two-Year,Electronic Check,Male,0
CUST_CH_02784,24,117.17,4,45,Month-to-Month,Electronic Check,Female,1
CUST_CH_02785,14,96.78,12,9,Month-to-Month,Electronic Check,Male,1
CUST_CH_02786,28,117.08,35,54,Two-Year,Credit Card,Male,1
CUST_CH_02787,49,97.76,5,45,Month-to-Month,Electronic Check,Male,1
CUST_CH_02788,7,76.7,43,60,One-Year,Electronic Check,Female,1
CUST_CH_02789,59,67.02,38,27,Month-to-Month,Electronic Check,Female,0
CUST_CH_02790,58,95.09,10,23,Month-to-Month,Electronic Check,Male,0
CUST_CH_02791,38,100.95,39,11,Month-to-Month,Credit Card,Male,0
CUST_CH_02792,52,102.37,35,44,Two-Year,Electronic Check,Female,0
CUST_CH_02793,67,68.26,3,44,Month-to-Month,Bank Transfer,Male,1
CUST_CH_02794,29,91.94,45,19,Two-Year,Bank Transfer,Male,1
CUST_CH_02795,25,109.38,3,55,Month-to-Month,Bank Transfer,Male,1
CUST_CH_02796,9,28.98,19,26,Two-Year,Electronic Check,Female,0
CUST_CH_02797,65,81.99,39,28,Month-to-Month,Electronic Check,Female,1
CUST_CH_02798,25,54.61,10,2,One-Year,Bank Transfer,Male,1
CUST_CH_02799,38,87.91,25,60,Month-to-Month,Credit Card,Male,1
CUST_CH_02800,27,49.62,43,10,One-Year,Credit Card,Female,0
CUST_CH_02801,9,28.58,22,16,Month-to-Month,Bank Transfer,Male,1
CUST_CH_02802,65,119.85,31,15,One-Year,Credit Card,Male,0
CUST_CH_02803,52,100.14,13,43,Two-Year,Bank Transfer,Male,1
CUST_CH_02804,47,23.97,47,8,Month-to-Month,Credit Card,Male,1
CUST_CH_02805,21,101.97,24,32,Month-to-Month,Credit Card,Female,1
CUST_CH_02806,19,65.72,11,11,One-Year,Electronic Check,Male,0
CUST_CH_02807,53,72.7,11,49,Month-to-Month,Bank Transfer,Male,1
CUST_CH_02808,52,74.28,48,17,Two-Year,Electronic Check,Male,0
CUST_CH_02809,28,48.58,23,19,Month-to-Month,Electronic Check,Male,1
CUST_CH_02810,33,101.09,23,12,Month-to-Month,Bank Transfer,Male,0
CUST_CH_02811,9,83.9,28,59,Month-to-Month,Bank Transfer,Female,0
CUST_CH_02812,63,100.26,42,17,One-Year,Electronic Check,Female,0
CUST_CH_02813,23,74.15,12,23,Month-to-Month,Electronic Check,Male,0
CUST_CH_02814,15,86.81,18,12,Two-Year,Credit Card,Female,0
CUST_CH_02815,72,77.38,4,22,Month-to-Month,Bank Transfer,Female,1
CUST_CH_02816,2,76.46,27,38,Month-to-Month,Electronic Check,Male,1
CUST_CH_02817,58,88.06,7,11,Month-to-Month,Bank Transfer,Male,0
CUST_CH_02818,20,29.68,47,31,One-Year,Credit Card,Male,0
CUST_CH_02819,38,106.23,43,31,One-Year,Credit Card,Female,1
CUST_CH_02820,56,73.29,9,51,Month-to-Month,Bank Transfer,Male,0
CUST_CH_02821,7,81.2,7,27,One-Year,Bank Transfer,Male,0
CUST_CH_02822,1,26.0,35,54,Two-Year,Bank Transfer,Male,0
CUST_CH_02823,24,100.42,49,60,One-Year,Electronic Check,Female,1
CUST_CH_02824,72,21.8,23,51,Month-to-Month,Electronic Check,Female,1
CUST_CH_02825,28,33.86,28,47,Month-to-Month,Electronic Check,Male,1
CUST_CH_02826,26,43.22,27,10,One-Year,Bank Transfer,Male,0
CUST_CH_02827,46,34.02,12,30,Month-to-Month,Electronic Check,Female,0
CUST_CH_02828,70,22.69,44,23,Month-to-Month,Bank Transfer,Female,1
CUST_CH_02829,13,113.43,50,54,One-Year,Credit Card,Female,1
CUST_CH_02830,20,71.1,4,9,One-Year,Credit Card,Female,1
CUST_CH_02831,30,102.66,2,60,Month-to-Month,Electronic Check,Female,0
CUST_CH_02832,25,55.87,44,0,Two-Year,Credit Card,Female,0
CUST_CH_02833,15,91.85,5,45,Month-to-Month,Credit Card,Female,0
CUST_CH_02834,19,26.35,46,12,One-Year,Electronic Check,Female,1
CUST_CH_02835,30,96.08,19,2,Month-to-Month,Electronic Check,Female,1
CUST_CH_02836,24,108.76,38,3,Month-to-Month,Electronic Check,Male,0
CUST_CH_02837,66,115.2,20,53,Month-to-Month,Credit Card,Female,0
CUST_CH_02838,20,115.02,37,35,Month-to-Month,Credit Card,Female,1
CUST_CH_02839,23,97.67,21,30,One-Year,Credit Card,Female,0
CUST_CH_02840,39,87.04,36,9,One-Year,Bank Transfer,Female,0
CUST_CH_02841,51,61.62,29,48,Month-to-Month,Electronic Check,Female,0
CUST_CH_02842,2,84.58,25,52,Month-to-Month,Electronic Check,Female,0
CUST_CH_02843,3,38.75,32,14,Two-Year,Electronic Check,Male,0
CUST_CH_02844,26,22.11,4,56,Month-to-Month,Bank Transfer,Female,1
CUST_CH_02845,25,37.35,38,58,One-Year,Electronic Check,Female,0
CUST_CH_02846,41,112.45,20,6,Two-Year,Credit Card,Female,1
CUST_CH_02847,6,74.37,33,28,Month-to-Month,Bank Transfer,Female,1
CUST_CH_02848,28,26.46,8,46,Two-Year,Credit Card,Female,0
CUST_CH_02849,16,24.75,10,43,Month-to-Month,Electronic Check,Male,1
CUST_CH_02850,27,68.61,9,28,Month-to-Month,Credit Card,Female,1
CUST_CH_02851,47,93.5,17,16,Month-to-Month,Bank Transfer,Female,1
CUST_CH_02852,34,50.68,23,51,Month-to-Month,Bank Transfer,Female,0
CUST_CH_02853,37,65.73,9,1,Two-Year,Electronic Check,Male,0
CUST_CH_02854,68,48.41,5,25,Month-to-Month,Bank Transfer,Male,1
CUST_CH_02855,36,78.53,14,11,One-Year,Bank Transfer,Male,0
CUST_CH_02856,67,51.27,26,38,Month-to-Month,Electronic Check,Female,1
CUST_CH_02857,55,40.67,4,31,Two-Year,Bank Transfer,Female,0
CUST_CH_02858,40,110.04,14,45,Month-to-Month,Bank Transfer,Male,1
CUST_CH_02859,32,109.71,41,8,Two-Year,Credit Card,Male,0
CUST_CH_02860,43,39.78,48,10,Two-Year,Bank Transfer,Male,1
CUST_CH_02861,12,103.51,40,33,One-Year,Electronic Check,Male,0
CUST_CH_02862,30,69.15,2,30,One-Year,Credit Card,Male,0
CUST_CH_02863,43,39.25,25,59,One-Year,Electronic Check,Female,1
CUST_CH_02864,49,54.26,36,12,Month-to-Month,Credit Card,Male,1
CUST_CH_02865,45,53.28,48,35,One-Year,Electronic Check,Female,0
CUST_CH_02866,25,53.24,41,45,Month-to-Month,Credit Card,Male,0
CUST_CH_02867,62,74.61,49,16,Month-to-Month,Bank Transfer,Female,1
CUST_CH_02868,21,46.52,41,60,Month-to-Month,Electronic Check,Male,1
CUST_CH_02869,16,71.39,29,21,Month-to-Month,Bank Transfer,Female,1
CUST_CH_02870,9,99.24,41,58,Month-to-Month,Bank Transfer,Male,1
CUST_CH_02871,49,56.18,8,4,Month-to-Month,Electronic Check,Male,0
CUST_CH_02872,29,42.33,10,6,One-Year,Credit Card,Male,0
CUST_CH_02873,26,111.16,15,24,Month-to-Month,Bank Transfer,Female,1
CUST_CH_02874,10,112.03,39,5,Month-to-Month,Credit Card,Male,1
CUST_CH_02875,17,118.26,31,16,Month-to-Month,Credit Card,Male,0
CUST_CH_02876,18,71.57,36,6,Month-to-Month,Electronic Check,Female,0
CUST_CH_02877,31,39.45,14,13,One-Year,Bank Transfer,Female,0
CUST_CH_02878,57,32.27,50,57,Month-to-Month,Credit Card,Female,1
CUST_CH_02879,67,107.71,40,59,Month-to-Month,Credit Card,Male,1
CUST_CH_02880,64,105.78,25,51,One-Year,Electronic Check,Male,0
CUST_CH_02881,2,88.05,48,58,Month-to-Month,Electronic Check,Male,1
CUST_CH_02882,54,48.98,15,52,Month-to-Month,Electronic Check,Male,1
CUST_CH_02883,4,89.67,37,45,Month-to-Month,Bank Transfer,Female,1
CUST_CH_02884,66,119.27,6,21,Month-to-Month,Credit Card,Female,1
CUST_CH_02885,49,116.87,17,38,Month-to-Month,Bank Transfer,Female,1
CUST_CH_02886,35,78.78,18,42,Two-Year,Credit Card,Male,0
CUST_CH_02887,50,107.87,46,30,Two-Year,Credit Card,Female,1
CUST_CH_02888,47,100.3,46,27,Two-Year,Bank Transfer,Male,0
CUST_CH_02889,22,20.17,16,23,Month-to-Month,Bank Transfer,Female,1
CUST_CH_02890,72,104.53,7,56,One-Year,Credit Card,Male,0
CUST_CH_02891,18,31.42,24,24,Month-to-Month,Credit Card,Female,0
CUST_CH_02892,69,69.74,31,33,Month-to-Month,Credit Card,Female,0
CUST_CH_02893,1,73.19,27,33,One-Year,Electronic Check,Female,1
CUST_CH_02894,7,59.87,17,32,Month-to-Month,Credit Card,Male,1
CUST_CH_02895,30,48.37,3,35,Month-to-Month,Bank Transfer,Male,0
CUST_CH_02896,14,33.64,46,44,Two-Year,Credit Card,Male,1
CUST_CH_02897,38,116.04,34,13,Month-to-Month,Electronic Check,Male,1
CUST_CH_02898,70,101.47,14,13,Month-to-Month,Credit Card,Male,0
CUST_CH_02899,21,63.33,36,53,Month-to-Month,Bank Transfer,Female,1
CUST_CH_02900,26,21.27,6,50,Month-to-Month,Bank Transfer,Male,0
CUST_CH_02901,57,89.78,44,39,Month-to-Month,Electronic Check,Female,1
CUST_CH_02902,31,75.52,8,57,Month-to-Month,Electronic Check,Female,1
CUST_CH_02903,34,30.44,10,9,Month-to-Month,Credit Card,Male,1
CUST_CH_02904,40,64.61,3,28,Month-to-Month,Credit Card,Female,0
CUST_CH_02905,52,85.24,24,40,One-Year,Credit Card,Male,1
CUST_CH_02906,66,113.37,17,19,Month-to-Month,Credit Card,Female,0
CUST_CH_02907,2,42.43,27,5,Two-Year,Electronic Check,Female,0
CUST_CH_02908,9,95.12,11,55,Two-Year,Bank Transfer,Male,1
CUST_CH_02909,29,26.35,32,5,Two-Year,Bank Transfer,Female,0
CUST_CH_02910,21,119.64,24,4,Month-to-Month,Credit Card,Male,1
CUST_CH_02911,58,66.83,31,11,Month-to-Month,Credit Card,Male,0
CUST_CH_02912,56,29.14,21,21,One-Year,Credit Card,Female,1
CUST_CH_02913,16,47.14,46,51,Two-Year,Electronic Check,Male,0
CUST_CH_02914,25,27.98,6,18,Two-Year,Electronic Check,Female,1
CUST_CH_02915,56,41.33,18,56,Month-to-Month,Credit Card,Male,0
CUST_CH_02916,9,107.02,41,52,Month-to-Month,Credit Card,Female,1
CUST_CH_02917,62,90.39,13,9,One-Year,Bank Transfer,Female,1
CUST_CH_02918,23,22.22,18,30,Month-to-Month,Bank Transfer,Male,1
CUST_CH_02919,53,43.78,36,56,One-Year,Bank Transfer,Male,1
CUST_CH_02920,33,46.77,25,48,Month-to-Month,Credit Card,Male,1
CUST_CH_02921,11,27.37,22,55,Two-Year,Electronic Check,Female,1
CUST_CH_02922,30,106.53,46,11,Month-to-Month,Credit Card,Male,1
CUST_CH_02923,49,116.57,11,59,Month-to-Month,Bank Transfer,Female,1
CUST_CH_02924,30,43.69,6,19,Month-to-Month,Credit Card,Male,1
CUST_CH_02925,66,115.13,38,13,Month-to-Month,Credit Card,Male,1
CUST_CH_02926,34,114.27,42,56,Two-Year,Bank Transfer,Male,1
CUST_CH_02927,69,51.17,13,59,Month-to-Month,Bank Transfer,Female,1
CUST_CH_02928,59,76.34,39,60,Two-Year,Electronic Check,Male,1
CUST_CH_02929,1,23.56,1,48,One-Year,Bank Transfer,Male,0
CUST_CH_02930,36,96.93,11,24,Month-to-Month,Credit Card,Male,0
CUST_CH_02931,16,106.08,14,29,Month-to-Month,Bank Transfer,Male,1
CUST_CH_02932,28,59.18,29,30,One-Year,Credit Card,Male,0
CUST_CH_02933,10,96.16,26,29,Month-to-Month,Bank Transfer,Male,1
CUST_CH_02934,33,58.55,9,8,Month-to-Month,Credit Card,Female,1
CUST_CH_02935,40,20.59,6,58,Month-to-Month,Bank Transfer,Female,0
CUST_CH_02936,57,78.66,27,21,Month-to-Month,Electronic Check,Male,1
CUST_CH_02937,46,91.71,27,14,Month-to-Month,Electronic Check,Male,1
CUST_CH_02938,1,20.16,26,41,Month-to-Month,Electronic Check,Female,0
CUST_CH_02939,32,76.88,5,31,Month-to-Month,Electronic Check,Male,1
CUST_CH_02940,26,108.07,5,53,Month-to-Month,Credit Card,Female,1
CUST_CH_02941,46,119.32,2,7,Two-Year,Bank Transfer,Female,0
CUST_CH_02942,52,118.86,4,23,Month-to-Month,Credit Card,Female,1
CUST_CH_02943,35,83.82,36,26,Month-to-Month,Bank Transfer,Male,1
CUST_CH_02944,31,49.46,2,55,Month-to-Month,Credit Card,Male,0
CUST_CH_02945,38,21.46,16,8,Month-to-Month,Electronic Check,Male,1
CUST_CH_02946,36,101.11,49,15,Month-to-Month,Electronic Check,Male,1
CUST_CH_02947,35,96.47,1,37,Month-to-Month,Credit Card,Female,0
CUST_CH_02948,14,60.02,31,5,Month-to-Month,Credit Card,Female,1
CUST_CH_02949,38,45.54,23,43,Month-to-Month,Credit Card,Male,0
CUST_CH_02950,27,86.9,6,46,Month-to-Month,Bank Transfer,Male,1
CUST_CH_02951,21,119.19,18,11,Month-to-Month,Bank Transfer,Male,0
CUST_CH_02952,35,98.96,2,42,Month-to-Month,Bank Transfer,Female,0
CUST_CH_02953,39,81.28,35,19,Month-to-Month,Credit Card,Female,0
CUST_CH_02954,21,106.31,23,54,Month-to-Month,Electronic Check,Male,1
CUST_CH_02955,35,39.45,23,5,Month-to-Month,Electronic Check,Female,0
CUST_CH_02956,28,33.92,41,10,Month-to-Month,Bank Transfer,Female,0
CUST_CH_02957,13,113.15,27,14,Month-to-Month,Credit Card,Female,1
CUST_CH_02958,19,42.84,3,39,Month-to-Month,Electronic Check,Female,0
CUST_CH_02959,72,88.45,38,13,Month-to-Month,Electronic Check,Female,0
CUST_CH_02960,57,82.3,38,25,Month-to-Month,Credit Card,Female,1
CUST_CH_02961,11,44.41,13,32,Month-to-Month,Bank Transfer,Female,0
CUST_CH_02962,62,103.03,23,2,Month-to-Month,Electronic Check,Female,1
CUST_CH_02963,67,36.52,30,52,One-Year,Credit Card,Female,0
CUST_CH_02964,50,40.75,50,40,Two-Year,Bank Transfer,Male,1
CUST_CH_02965,43,92.23,10,29,Month-to-Month,Bank Transfer,Female,1
CUST_CH_02966,43,81.3,29,8,Month-to-Month,Electronic Check,Female,1
CUST_CH_02967,2,110.29,32,5,Month-to-Month,Electronic Check,Male,1
CUST_CH_02968,5,29.51,43,12,Month-to-Month,Bank Transfer,Male,0
CUST_CH_02969,39,73.08,6,33,Two-Year,Electronic Check,Female,0
CUST_CH_02970,40,62.68,19,15,Month-to-Month,Credit Card,Male,1
CUST_CH_02971,21,57.61,19,44,Month-to-Month,Bank Transfer,Male,1
CUST_CH_02972,14,94.7,27,56,One-Year,Credit Card,Male,0
CUST_CH_02973,2,23.69,4,6,Two-Year,Electronic Check,Female,0
CUST_CH_02974,16,118.58,37,22,Month-to-Month,Electronic Check,Female,1
CUST_CH_02975,7,118.79,40,15,One-Year,Credit Card,Male,1
CUST_CH_02976,66,51.37,39,53,Two-Year,Credit Card,Male,1
CUST_CH_02977,69,82.41,24,11,Month-to-Month,Credit Card,Female,0
CUST_CH_02978,51,118.67,13,39,Month-to-Month,Credit Card,Female,1
CUST_CH_02979,22,78.65,22,60,Month-to-Month,Bank Transfer,Male,0
CUST_CH_02980,69,62.33,47,38,Month-to-Month,Credit Card,Female,0
CUST_CH_02981,31,118.08,32,56,One-Year,Electronic Check,Female,0
CUST_CH_02982,31,58.74,15,10,Month-to-Month,Bank Transfer,Male,1
CUST_CH_02983,58,81.87,29,56,One-Year,Bank Transfer,Male,0
CUST_CH_02984,28,93.31,49,50,Two-Year,Bank Transfer,Male,1
CUST_CH_02985,46,93.02,7,1,Month-to-Month,Bank Transfer,Male,0
CUST_CH_02986,21,70.93,19,1,Month-to-Month,Bank Transfer,Female,0
CUST_CH_02987,42,22.27,31,42,Month-to-Month,Electronic Check,Female,1
CUST_CH_02988,44,106.12,33,56,One-Year,Bank Transfer,Male,1
CUST_CH_02989,29,24.85,27,42,One-Year,Credit Card,Female,1
CUST_CH_02990,31,61.44,12,17,Month-to-Month,Electronic Check,Female,0
CUST_CH_02991,34,55.73,45,56,Month-to-Month,Bank Transfer,Male,1
CUST_CH_02992,62,87.84,18,46,Month-to-Month,Electronic Check,Male,0
CUST_CH_02993,58,83.13,33,50,Month-to-Month,Electronic Check,Female,1
CUST_CH_02994,41,97.51,18,6,Two-Year,Bank Transfer,Male,0
CUST_CH_02995,57,85.43,3,57,Month-to-Month,Credit Card,Female,1
CUST_CH_02996,42,86.05,39,2,Month-to-Month,Bank Transfer,Male,0
CUST_CH_02997,29,97.23,32,20,Month-to-Month,Credit Card,Female,0
CUST_CH_02998,35,34.35,43,25,Month-to-Month,Credit Card,Female,1
CUST_CH_02999,65,24.12,21,21,Month-to-Month,Credit Card,Male,0
CUST_CH_03000,54,43.55,47,51,Month-to-Month,Electronic Check,Male,1
CUST_CH_03001,57,98.16,26,41,Two-Year,Electronic Check,Male,1
CUST_CH_03002,14,24.27,42,5,Month-to-Month,Bank Transfer,Male,1
CUST_CH_03003,22,109.62,8,23,Two-Year,Electronic Check,Male,1
CUST_CH_03004,72,58.74,2,41,One-Year,Bank Transfer,Male,1
CUST_CH_03005,52,72.8,22,50,Two-Year,Bank Transfer,Female,1
CUST_CH_03006,56,107.0,22,54,Month-to-Month,Credit Card,Male,0
CUST_CH_03007,43,25.15,6,4,Month-to-Month,Bank Transfer,Male,0
CUST_CH_03008,42,22.78,39,36,Month-to-Month,Bank Transfer,Male,0
CUST_CH_03009,66,54.45,33,41,One-Year,Bank Transfer,Male,1
CUST_CH_03010,7,73.67,50,18,Two-Year,Bank Transfer,Male,1
CUST_CH_03011,27,103.47,7,22,Month-to-Month,Bank Transfer,Female,1
CUST_CH_03012,67,74.09,34,59,Two-Year,Credit Card,Female,0
CUST_CH_03013,43,65.4,42,9,One-Year,Electronic Check,Female,0
CUST_CH_03014,60,29.24,11,14,One-Year,Credit Card,Male,0
CUST_CH_03015,21,115.41,23,25,Month-to-Month,Electronic Check,Female,0
CUST_CH_03016,14,37.47,28,50,Month-to-Month,Bank Transfer,Male,0
CUST_CH_03017,3,23.8,13,43,Two-Year,Bank Transfer,Male,0
CUST_CH_03018,20,52.85,24,34,Two-Year,Electronic Check,Male,0
CUST_CH_03019,65,78.72,8,59,Month-to-Month,Electronic Check,Male,1
CUST_CH_03020,72,92.29,20,32,Two-Year,Electronic Check,Female,0
CUST_CH_03021,44,72.63,12,16,Month-to-Month,Bank Transfer,Female,1
CUST_CH_03022,34,87.76,35,19,Month-to-Month,Credit Card,Female,1
CUST_CH_03023,57,83.19,8,27,Month-to-Month,Bank Transfer,Male,1
CUST_CH_03024,37,68.45,49,18,Month-to-Month,Electronic Check,Female,1
CUST_CH_03025,62,62.61,18,2,Month-to-Month,Bank Transfer,Female,1
CUST_CH_03026,20,21.88,17,47,Two-Year,Credit Card,Male,1
CUST_CH_03027,26,41.11,12,6,Two-Year,Bank Transfer,Male,0
CUST_CH_03028,55,28.66,29,28,Month-to-Month,Bank Transfer,Male,1
CUST_CH_03029,18,118.76,17,18,Two-Year,Electronic Check,Female,0
CUST_CH_03030,48,73.94,24,51,One-Year,Bank Transfer,Male,1
CUST_CH_03031,47,39.84,12,2,Two-Year,Electronic Check,Male,0
CUST_CH_03032,61,49.58,29,39,Month-to-Month,Electronic Check,Male,1
CUST_CH_03033,44,68.62,34,58,Two-Year,Bank Transfer,Male,1
CUST_CH_03034,8,81.62,8,1,Month-to-Month,Bank Transfer,Female,1
CUST_CH_03035,14,116.93,37,12,Month-to-Month,Electronic Check,Male,0
CUST_CH_03036,45,57.8,23,10,Month-to-Month,Electronic Check,Male,1
CUST_CH_03037,39,33.39,34,24,Month-to-Month,Credit Card,Male,1
CUST_CH_03038,72,95.08,23,56,One-Year,Credit Card,Male,1
CUST_CH_03039,48,33.49,30,9,Month-to-Month,Credit Card,Male,1
CUST_CH_03040,22,42.26,47,37,Month-to-Month,Bank Transfer,Female,1
CUST_CH_03041,20,27.59,47,15,Two-Year,Credit Card,Male,1
CUST_CH_03042,3,113.83,2,56,Month-to-Month,Credit Card,Male,1
CUST_CH_03043,49,74.41,21,39,Two-Year,Electronic Check,Female,1
CUST_CH_03044,42,97.33,4,51,One-Year,Credit Card,Male,1
CUST_CH_03045,13,47.15,30,1,Month-to-Month,Credit Card,Female,1
CUST_CH_03046,21,76.53,9,40,Month-to-Month,Electronic Check,Male,0
CUST_CH_03047,8,31.88,5,44,Month-to-Month,Bank Transfer,Female,1
CUST_CH_03048,29,89.15,8,15,Two-Year,Bank Transfer,Male,0
CUST_CH_03049,58,78.18,7,19,Month-to-Month,Credit Card,Male,1
CUST_CH_03050,13,20.83,17,55,Two-Year,Electronic Check,Female,1
CUST_CH_03051,15,92.31,20,16,Month-to-Month,Credit Card,Male,0
CUST_CH_03052,31,62.98,21,20,Month-to-Month,Credit Card,Male,0
CUST_CH_03053,26,49.2,6,45,Two-Year,Electronic Check,Male,1
CUST_CH_03054,67,50.8,18,6,Month-to-Month,Bank Transfer,Female,0
CUST_CH_03055,59,118.15,20,14,One-Year,Credit Card,Male,0
CUST_CH_03056,24,29.69,30,34,One-Year,Bank Transfer,Female,0
CUST_CH_03057,57,68.26,22,38,One-Year,Credit Card,Female,1
CUST_CH_03058,55,95.69,48,21,Month-to-Month,Credit Card,Male,1
CUST_CH_03059,15,67.14,31,1,Two-Year,Bank Transfer,Male,0
CUST_CH_03060,4,28.98,2,53,Month-to-Month,Electronic Check,Male,1
CUST_CH_03061,49,91.58,16,58,One-Year,Bank Transfer,Female,1
CUST_CH_03062,56,34.37,46,45,Month-to-Month,Electronic Check,Female,1
CUST_CH_03063,58,39.16,11,37,Month-to-Month,Credit Card,Male,1
CUST_CH_03064,28,50.86,5,48,Month-to-Month,Credit Card,Male,1
CUST_CH_03065,25,31.18,44,16,Month-to-Month,Credit Card,Male,0
CUST_CH_03066,39,46.1,34,54,Month-to-Month,Bank Transfer,Male,1
CUST_CH_03067,34,115.75,30,56,Two-Year,Credit Card,Female,0
CUST_CH_03068,55,115.51,18,15,Month-to-Month,Electronic Check,Female,0
CUST_CH_03069,49,62.6,24,60,Month-to-Month,Bank Transfer,Male,1
CUST_CH_03070,4,57.31,43,0,One-Year,Bank Transfer,Female,1
CUST_CH_03071,12,66.66,24,33,Two-Year,Credit Card,Female,0
CUST_CH_03072,46,22.05,21,3,Month-to-Month,Bank Transfer,Female,0
CUST_CH_03073,56,69.86,40,58,Month-to-Month,Electronic Check,Male,1
CUST_CH_03074,12,46.21,18,39,Two-Year,Credit Card,Female,0
CUST_CH_03075,31,110.07,2,47,Month-to-Month,Bank Transfer,Female,1
CUST_CH_03076,71,111.23,7,11,Month-to-Month,Bank Transfer,Female,0
CUST_CH_03077,6,27.74,49,5,One-Year,Credit Card,Female,1
CUST_CH_03078,3,95.26,16,55,Two-Year,Bank Transfer,Male,1
CUST_CH_03079,21,116.13,34,10,Month-to-Month,Bank Transfer,Male,0
CUST_CH_03080,17,106.22,15,50,Month-to-Month,Credit Card,Female,0
CUST_CH_03081,47,94.44,44,17,Month-to-Month,Bank Transfer,Male,1
CUST_CH_03082,27,42.44,18,57,Month-to-Month,Electronic Check,Male,0
CUST_CH_03083,39,92.31,45,12,One-Year,Credit Card,Male,0
CUST_CH_03084,70,43.72,5,31,Month-to-Month,Electronic Check,Female,0
CUST_CH_03085,67,111.73,8,53,Two-Year,Credit Card,Female,0
CUST_CH_03086,33,94.98,29,34,Month-to-Month,Bank Transfer,Female,1
CUST_CH_03087,57,115.56,33,29,One-Year,Electronic Check,Male,0
CUST_CH_03088,47,76.65,12,3,One-Year,Electronic Check,Male,0
CUST_CH_03089,72,39.53,26,37,Month-to-Month,Bank Transfer,Male,0
CUST_CH_03090,14,91.74,5,5,Two-Year,Bank Transfer,Female,0
CUST_CH_03091,66,20.13,15,29,Month-to-Month,Bank Transfer,Male,1
CUST_CH_03092,46,61.69,42,1,Month-to-Month,Electronic Check,Female,0
CUST_CH_03093,67,88.68,28,16,Two-Year,Credit Card,Female,0
CUST_CH_03094,36,105.35,38,1,Month-to-Month,Bank Transfer,Male,1
CUST_CH_03095,57,87.69,37,43,Month-to-Month,Credit Card,Female,0
CUST_CH_03096,6,49.63,15,43,One-Year,Credit Card,Female,0
CUST_CH_03097,38,80.2,46,11,Month-to-Month,Bank Transfer,Female,1
CUST_CH_03098,64,56.32,35,29,Month-to-Month,Bank Transfer,Male,0
CUST_CH_03099,26,68.96,37,0,Month-to-Month,Electronic Check,Male,0
CUST_CH_03100,63,82.21,25,29,One-Year,Electronic Check,Male,0
CUST_CH_03101,68,44.85,28,33,One-Year,Bank Transfer,Female,0
CUST_CH_03102,26,110.62,37,23,Month-to-Month,Bank Transfer,Female,1
CUST_CH_03103,12,85.69,48,33,Month-to-Month,Electronic Check,Female,1
CUST_CH_03104,6,85.18,5,6,Month-to-Month,Electronic Check,Male,1
CUST_CH_03105,39,51.57,14,33,Month-to-Month,Bank Transfer,Female,1
CUST_CH_03106,66,86.8,42,19,Month-to-Month,Electronic Check,Female,0
CUST_CH_03107,1,35.76,15,4,Two-Year,Bank Transfer,Male,0
CUST_CH_03108,53,106.71,44,46,Two-Year,Bank Transfer,Female,1
CUST_CH_03109,53,102.32,33,32,Month-to-Month,Bank Transfer,Male,1
CUST_CH_03110,31,116.21,12,13,Month-to-Month,Electronic Check,Female,0
CUST_CH_03111,12,81.67,13,5,Month-to-Month,Bank Transfer,Male,0
CUST_CH_03112,9,86.58,21,34,One-Year,Bank Transfer,Female,1
CUST_CH_03113,42,84.39,3,57,Month-to-Month,Bank Transfer,Female,0
CUST_CH_03114,72,99.19,37,46,Month-to-Month,Electronic Check,Male,0
CUST_CH_03115,67,38.79,44,51,One-Year,Credit Card,Female,1
CUST_CH_03116,23,101.84,43,11,Month-to-Month,Electronic Check,Female,0
CUST_CH_03117,17,67.0,49,4,Month-to-Month,Bank Transfer,Female,0
CUST_CH_03118,23,33.37,21,37,Month-to-Month,Credit Card,Male,0
CUST_CH_03119,57,109.6,18,50,One-Year,Credit Card,Male,1
CUST_CH_03120,59,119.61,3,33,Month-to-Month,Bank Transfer,Female,1
CUST_CH_03121,1,64.19,6,15,One-Year,Bank Transfer,Female,0
CUST_CH_03122,14,54.95,2,50,Month-to-Month,Credit Card,Female,0
CUST_CH_03123,70,59.92,26,13,Month-to-Month,Credit Card,Male,1
CUST_CH_03124,8,85.6,37,6,Month-to-Month,Electronic Check,Female,1
CUST_CH_03125,13,80.99,23,14,Month-to-Month,Bank Transfer,Male,1
CUST_CH_03126,68,112.18,49,8,Month-to-Month,Electronic Check,Female,1
CUST_CH_03127,62,27.21,17,51,One-Year,Bank Transfer,Female,1
CUST_CH_03128,36,95.21,42,44,Two-Year,Bank Transfer,Male,0
CUST_CH_03129,51,105.5,13,54,One-Year,Credit Card,Male,0
CUST_CH_03130,5,23.64,29,33,Two-Year,Electronic Check,Female,1
CUST_CH_03131,47,22.58,13,43,One-Year,Bank Transfer,Female,0
CUST_CH_03132,37,115.51,21,11,Month-to-Month,Bank Transfer,Female,0
CUST_CH_03133,54,54.11,20,12,One-Year,Credit Card,Female,0
CUST_CH_03134,15,52.15,50,35,Month-to-Month,Bank Transfer,Female,0
CUST_CH_03135,45,93.18,43,23,Month-to-Month,Credit Card,Female,1
CUST_CH_03136,33,59.96,34,2,Month-to-Month,Credit Card,Female,0
CUST_CH_03137,72,82.08,38,47,Month-to-Month,Bank Transfer,Male,1
CUST_CH_03138,1,21.54,10,32,Month-to-Month,Credit Card,Male,1
CUST_CH_03139,41,107.3,31,59,Month-to-Month,Electronic Check,Male,1
CUST_CH_03140,27,80.01,17,38,Two-Year,Bank Transfer,Female,1
CUST_CH_03141,42,67.48,5,0,Month-to-Month,Electronic Check,Male,0
CUST_CH_03142,59,111.28,41,53,Month-to-Month,Bank Transfer,Female,1
CUST_CH_03143,37,22.63,50,28,Two-Year,Bank Transfer,Female,0
CUST_CH_03144,17,75.07,2,39,Month-to-Month,Bank Transfer,Male,0
CUST_CH_03145,12,75.13,27,16,One-Year,Electronic Check,Male,0
CUST_CH_03146,32,54.88,37,24,Month-to-Month,Credit Card,Female,1
CUST_CH_03147,11,64.38,23,42,Month-to-Month,Credit Card,Male,1
CUST_CH_03148,27,95.67,12,19,One-Year,Electronic Check,Female,0
CUST_CH_03149,40,67.14,13,43,Two-Year,Bank Transfer,Male,1
CUST_CH_03150,59,34.37,3,55,Two-Year,Credit Card,Male,0
CUST_CH_03151,39,32.27,16,35,One-Year,Credit Card,Male,0
CUST_CH_03152,68,113.93,20,27,Month-to-Month,Electronic Check,Male,1
CUST_CH_03153,52,35.15,40,35,Month-to-Month,Credit Card,Female,0
CUST_CH_03154,64,51.64,14,20,Two-Year,Credit Card,Male,0
CUST_CH_03155,53,61.3,39,0,Two-Year,Electronic Check,Female,0
CUST_CH_03156,70,56.0,6,25,One-Year,Bank Transfer,Female,0
CUST_CH_03157,2,103.49,39,44,Two-Year,Bank Transfer,Female,0
CUST_CH_03158,60,35.64,1,27,Month-to-Month,Electronic Check,Male,0
CUST_CH_03159,40,30.12,14,53,Month-to-Month,Bank Transfer,Female,0
CUST_CH_03160,9,89.67,44,58,Month-to-Month,Bank Transfer,Female,1
CUST_CH_03161,10,118.89,26,42,Month-to-Month,Credit Card,Female,0
CUST_CH_03162,30,119.27,17,23,Month-to-Month,Bank Transfer,Male,1
CUST_CH_03163,21,35.77,49,60,Two-Year,Electronic Check,Male,1
CUST_CH_03164,53,21.42,46,38,Month-to-Month,Bank Transfer,Male,1
CUST_CH_03165,48,60.36,2,2,One-Year,Electronic Check,Female,0
CUST_CH_03166,11,97.64,28,31,Month-to-Month,Electronic Check,Female,1
CUST_CH_03167,52,111.16,5,27,Month-to-Month,Bank Transfer,Male,1
CUST_CH_03168,19,26.42,39,42,One-Year,Electronic Check,Female,0
CUST_CH_03169,4,32.69,13,36,Month-to-Month,Electronic Check,Male,1
CUST_CH_03170,69,69.32,25,30,Month-to-Month,Credit Card,Male,1
CUST_CH_03171,47,119.99,4,59,Two-Year,Bank Transfer,Male,1
CUST_CH_03172,10,93.6,17,53,Two-Year,Electronic Check,Male,1
CUST_CH_03173,46,27.45,22,19,One-Year,Electronic Check,Female,1
CUST_CH_03174,35,71.0,32,12,Month-to-Month,Electronic Check,Female,1
CUST_CH_03175,61,40.23,8,50,Month-to-Month,Bank Transfer,Male,1
CUST_CH_03176,27,99.3,35,60,One-Year,Credit Card,Female,0
CUST_CH_03177,59,62.67,33,56,Month-to-Month,Credit Card,Female,1
CUST_CH_03178,37,68.23,48,29,Month-to-Month,Bank Transfer,Male,1
CUST_CH_03179,57,24.9,8,57,Month-to-Month,Bank Transfer,Female,1
CUST_CH_03180,41,54.94,39,20,One-Year,Bank Transfer,Female,0
CUST_CH_03181,58,72.99,12,59,Month-to-Month,Bank Transfer,Female,0
CUST_CH_03182,57,47.01,30,32,Month-to-Month,Bank Transfer,Male,1
CUST_CH_03183,41,35.26,33,0,Month-to-Month,Electronic Check,Female,0
CUST_CH_03184,26,25.21,13,10,One-Year,Bank Transfer,Female,0
CUST_CH_03185,36,57.0,29,55,Two-Year,Electronic Check,Female,0
CUST_CH_03186,8,111.2,33,17,Month-to-Month,Credit Card,Male,0
CUST_CH_03187,32,46.33,38,59,Month-to-Month,Bank Transfer,Male,1
CUST_CH_03188,26,46.08,5,51,One-Year,Electronic Check,Female,1
CUST_CH_03189,24,38.09,11,26,Month-to-Month,Credit Card,Male,0
CUST_CH_03190,47,86.79,6,11,Month-to-Month,Credit Card,Female,1
CUST_CH_03191,26,39.85,31,33,Month-to-Month,Bank Transfer,Male,1
CUST_CH_03192,28,81.18,29,39,Month-to-Month,Electronic Check,Male,1
CUST_CH_03193,62,72.2,12,17,Month-to-Month,Credit Card,Female,1
CUST_CH_03194,69,54.3,18,8,Month-to-Month,Electronic Check,Female,1
CUST_CH_03195,64,84.94,4,41,Two-Year,Electronic Check,Male,0
CUST_CH_03196,7,106.05,22,20,Two-Year,Electronic Check,Female,1
CUST_CH_03197,71,51.33,30,26,Month-to-Month,Electronic Check,Male,0
CUST_CH_03198,10,101.28,15,7,One-Year,Credit Card,Male,0
CUST_CH_03199,18,43.08,10,28,Month-to-Month,Electronic Check,Male,1
CUST_CH_03200,48,100.23,38,59,One-Year,Bank Transfer,Male,0
CUST_CH_03201,39,116.81,24,0,Month-to-Month,Credit Card,Female,1
CUST_CH_03202,67,23.05,5,22,Month-to-Month,Electronic Check,Male,1
CUST_CH_03203,35,94.01,43,20,Month-to-Month,Bank Transfer,Female,0
CUST_CH_03204,24,45.56,35,3,One-Year,Electronic Check,Female,0
CUST_CH_03205,33,88.43,37,1,One-Year,Electronic Check,Male,1
CUST_CH_03206,7,101.08,50,28,One-Year,Electronic Check,Male,1
CUST_CH_03207,8,86.79,42,32,Two-Year,Bank Transfer,Female,1
CUST_CH_03208,14,55.77,5,20,Month-to-Month,Credit Card,Male,1
CUST_CH_03209,66,118.05,12,10,Month-to-Month,Credit Card,Male,0
CUST_CH_03210,68,34.41,2,55,Month-to-Month,Credit Card,Male,1
CUST_CH_03211,15,44.25,19,35,One-Year,Credit Card,Male,1
CUST_CH_03212,51,27.59,10,21,Two-Year,Credit Card,Male,1
CUST_CH_03213,70,115.17,49,44,Month-to-Month,Bank Transfer,Male,1
CUST_CH_03214,52,73.49,46,26,Month-to-Month,Electronic Check,Female,0
CUST_CH_03215,50,107.55,18,60,Month-to-Month,Bank Transfer,Female,1
CUST_CH_03216,68,81.72,24,23,One-Year,Credit Card,Female,1
CUST_CH_03217,37,112.44,32,16,Two-Year,Electronic Check,Female,0
CUST_CH_03218,66,102.45,2,52,One-Year,Electronic Check,Male,1
CUST_CH_03219,4,50.95,45,59,Two-Year,Credit Card,Male,1
CUST_CH_03220,50,45.32,37,42,Two-Year,Credit Card,Female,0
CUST_CH_03221,22,69.75,11,47,Month-to-Month,Electronic Check,Female,1
CUST_CH_03222,14,104.74,35,52,Month-to-Month,Bank Transfer,Male,0
CUST_CH_03223,63,23.14,25,59,Two-Year,Bank Transfer,Male,0
CUST_CH_03224,58,70.02,10,31,One-Year,Bank Transfer,Male,0
CUST_CH_03225,69,35.24,32,8,Two-Year,Electronic Check,Female,0
CUST_CH_03226,19,90.93,22,55,Month-to-Month,Electronic Check,Female,1
CUST_CH_03227,38,93.11,12,15,Two-Year,Electronic Check,Female,0
CUST_CH_03228,29,41.06,23,51,Two-Year,Credit Card,Female,1
CUST_CH_03229,25,113.0,45,49,One-Year,Credit Card,Female,0
CUST_CH_03230,48,31.42,36,58,Two-Year,Credit Card,Male,1
CUST_CH_03231,5,26.74,23,7,Two-Year,Electronic Check,Female,0
CUST_CH_03232,24,104.45,16,36,Month-to-Month,Bank Transfer,Female,1
CUST_CH_03233,37,96.25,10,23,Month-to-Month,Electronic Check,Female,1
CUST_CH_03234,46,55.34,19,20,Month-to-Month,Bank Transfer,Female,0
CUST_CH_03235,65,78.85,4,6,Two-Year,Bank Transfer,Male,0
CUST_CH_03236,9,74.35,3,47,Month-to-Month,Electronic Check,Male,1
CUST_CH_03237,34,114.9,38,8,Month-to-Month,Credit Card,Male,0
CUST_CH_03238,46,78.13,37,13,Month-to-Month,Credit Card,Male,0
CUST_CH_03239,48,24.16,15,60,One-Year,Electronic Check,Male,0
CUST_CH_03240,52,88.68,29,2,Month-to-Month,Bank Transfer,Male,1
CUST_CH_03241,10,73.95,44,2,Two-Year,Bank Transfer,Male,0
CUST_CH_03242,18,105.37,36,3,Month-to-Month,Credit Card,Male,1
CUST_CH_03243,5,57.83,21,57,One-Year,Electronic Check,Female,1
CUST_CH_03244,53,85.22,33,20,Two-Year,Bank Transfer,Male,1
CUST_CH_03245,66,56.46,8,28,Month-to-Month,Credit Card,Male,1
CUST_CH_03246,46,62.72,38,9,Month-to-Month,Credit Card,Female,1
CUST_CH_03247,10,49.1,19,14,One-Year,Bank Transfer,Male,0
CUST_CH_03248,70,20.26,20,4,One-Year,Electronic Check,Female,0
CUST_CH_03249,47,52.22,36,2,Month-to-Month,Bank Transfer,Female,0
CUST_CH_03250,53,95.06,31,54,Month-to-Month,Electronic Check,Female,1
CUST_CH_03251,29,113.99,19,34,Month-to-Month,Electronic Check,Male,0
CUST_CH_03252,2,42.2,5,18,One-Year,Bank Transfer,Male,0
CUST_CH_03253,67,67.82,45,58,Two-Year,Credit Card,Female,1
CUST_CH_03254,61,93.13,5,44,Month-to-Month,Bank Transfer,Female,1
CUST_CH_03255,51,29.89,17,35,Month-to-Month,Credit Card,Female,1
CUST_CH_03256,19,62.87,34,12,Month-to-Month,Bank Transfer,Male,1
CUST_CH_03257,28,71.38,23,53,One-Year,Electronic Check,Male,0
CUST_CH_03258,5,116.37,9,41,One-Year,Bank Transfer,Female,0
CUST_CH_03259,6,53.18,49,8,One-Year,Credit Card,Female,1
CUST_CH_03260,45,47.17,4,17,Month-to-Month,Bank Transfer,Male,0
CUST_CH_03261,66,39.15,48,5,Two-Year,Bank Transfer,Female,1
CUST_CH_03262,17,25.02,10,12,Month-to-Month,Electronic Check,Female,1
CUST_CH_03263,37,44.99,30,8,Month-to-Month,Electronic Check,Female,0
CUST_CH_03264,56,82.81,30,39,Month-to-Month,Bank Transfer,Male,1
CUST_CH_03265,1,118.79,12,57,Month-to-Month,Electronic Check,Male,1
CUST_CH_03266,41,36.27,7,26,One-Year,Bank Transfer,Male,1
CUST_CH_03267,64,76.14,46,45,Two-Year,Electronic Check,Female,0
CUST_CH_03268,29,81.15,26,27,Month-to-Month,Bank Transfer,Male,0
CUST_CH_03269,65,57.78,14,57,Month-to-Month,Bank Transfer,Female,0
CUST_CH_03270,23,114.63,2,55,Two-Year,Electronic Check,Male,1
CUST_CH_03271,47,116.61,37,28,Month-to-Month,Bank Transfer,Female,0
CUST_CH_03272,6,99.43,44,50,Month-to-Month,Bank Transfer,Female,1
CUST_CH_03273,54,61.53,23,53,Month-to-Month,Electronic Check,Male,0
CUST_CH_03274,20,81.91,35,30,Month-to-Month,Credit Card,Male,1
CUST_CH_03275,11,22.85,17,31,Two-Year,Electronic Check,Female,0
CUST_CH_03276,5,116.93,2,18,Month-to-Month,Electronic Check,Male,0
CUST_CH_03277,70,43.23,49,51,One-Year,Credit Card,Male,1
CUST_CH_03278,58,44.48,14,10,Month-to-Month,Credit Card,Female,0
CUST_CH_03279,45,76.81,50,50,One-Year,Electronic Check,Female,0
CUST_CH_03280,56,65.47,39,29,Two-Year,Credit Card,Male,1
CUST_CH_03281,72,68.76,5,0,Month-to-Month,Electronic Check,Male,0
CUST_CH_03282,3,23.85,22,58,Two-Year,Bank Transfer,Male,1
CUST_CH_03283,51,96.87,32,14,One-Year,Bank Transfer,Female,1
CUST_CH_03284,70,27.3,38,8,Month-to-Month,Credit Card,Female,0
CUST_CH_03285,48,33.16,44,10,Month-to-Month,Electronic Check,Female,0
CUST_CH_03286,71,46.22,12,2,One-Year,Bank Transfer,Female,0
CUST_CH_03287,39,96.96,24,27,Month-to-Month,Bank Transfer,Male,1
CUST_CH_03288,19,32.04,33,35,One-Year,Bank Transfer,Male,1
CUST_CH_03289,39,86.25,50,22,Month-to-Month,Credit Card,Female,1
CUST_CH_03290,3,41.02,30,20,One-Year,Bank Transfer,Male,0
CUST_CH_03291,11,68.88,17,11,Month-to-Month,Bank Transfer,Male,1
CUST_CH_03292,34,83.08,14,49,One-Year,Bank Transfer,Male,0
CUST_CH_03293,47,24.05,47,18,Month-to-Month,Credit Card,Male,0
CUST_CH_03294,22,71.48,19,42,Two-Year,Electronic Check,Male,0
CUST_CH_03295,50,74.56,49,28,One-Year,Electronic Check,Female,1
CUST_CH_03296,43,105.95,3,34,Month-to-Month,Credit Card,Male,1
CUST_CH_03297,57,117.61,47,13,Month-to-Month,Bank Transfer,Male,0
CUST_CH_03298,53,57.54,18,3,One-Year,Credit Card,Male,0
CUST_CH_03299,69,117.27,28,6,One-Year,Credit Card,Female,1
CUST_CH_03300,60,69.63,29,13,Month-to-Month,Electronic Check,Male,1
CUST_CH_03301,36,47.69,3,21,Two-Year,Bank Transfer,Male,0
CUST_CH_03302,58,54.68,46,37,Month-to-Month,Electronic Check,Male,0
CUST_CH_03303,26,99.08,23,48,One-Year,Credit Card,Male,1
CUST_CH_03304,56,102.2,1,41,Two-Year,Bank Transfer,Male,0
CUST_CH_03305,28,71.38,39,29,Two-Year,Bank Transfer,Female,1
CUST_CH_03306,37,108.18,18,14,One-Year,Electronic Check,Male,0
CUST_CH_03307,12,84.39,18,6,Month-to-Month,Credit Card,Male,0
CUST_CH_03308,19,40.73,36,10,Two-Year,Bank Transfer,Male,0
CUST_CH_03309,56,24.7,23,0,One-Year,Electronic Check,Female,0
CUST_CH_03310,18,54.05,49,2,One-Year,Electronic Check,Female,0
CUST_CH_03311,1,71.22,45,39,Month-to-Month,Electronic Check,Male,1
CUST_CH_03312,71,21.81,10,42,Month-to-Month,Bank Transfer,Female,1
CUST_CH_03313,66,82.31,46,16,One-Year,Credit Card,Female,0
CUST_CH_03314,44,110.17,41,29,Month-to-Month,Bank Transfer,Female,0
CUST_CH_03315,25,49.75,11,35,Month-to-Month,Electronic Check,Male,1
CUST_CH_03316,65,104.49,4,49,Month-to-Month,Credit Card,Male,1
CUST_CH_03317,31,110.83,39,55,Month-to-Month,Credit Card,Male,1
CUST_CH_03318,19,115.04,37,22,Two-Year,Electronic Check,Male,1
CUST_CH_03319,51,63.22,18,25,One-Year,Bank Transfer,Male,0
CUST_CH_03320,5,58.02,13,19,Month-to-Month,Bank Transfer,Male,1
CUST_CH_03321,10,57.73,46,12,One-Year,Electronic Check,Male,1
CUST_CH_03322,52,100.32,1,60,Month-to-Month,Bank Transfer,Male,0
CUST_CH_03323,66,42.48,9,32,One-Year,Electronic Check,Male,0
CUST_CH_03324,59,81.45,27,55,Month-to-Month,Credit Card,Female,0
CUST_CH_03325,13,42.68,29,18,One-Year,Bank Transfer,Male,0
CUST_CH_03326,71,24.3,46,37,One-Year,Credit Card,Female,1
CUST_CH_03327,52,109.34,32,34,Month-to-Month,Credit Card,Male,1
CUST_CH_03328,23,89.36,50,33,Month-to-Month,Electronic Check,Male,1
CUST_CH_03329,46,102.34,43,1,Two-Year,Credit Card,Female,0
CUST_CH_03330,54,60.03,8,6,One-Year,Credit Card,Female,0
CUST_CH_03331,35,88.18,48,25,Month-to-Month,Credit Card,Male,1
CUST_CH_03332,38,59.17,41,16,Month-to-Month,Credit Card,Female,0
CUST_CH_03333,6,62.34,46,7,One-Year,Electronic Check,Male,1
CUST_CH_03334,54,52.64,29,16,Month-to-Month,Credit Card,Male,0
CUST_CH_03335,40,88.73,6,30,One-Year,Electronic Check,Male,1
CUST_CH_03336,53,97.38,50,33,Month-to-Month,Credit Card,Male,1
CUST_CH_03337,30,25.39,26,33,Month-to-Month,Credit Card,Male,1
CUST_CH_03338,10,115.32,10,54,Month-to-Month,Credit Card,Female,1
CUST_CH_03339,39,24.41,43,5,Month-to-Month,Credit Card,Female,1
CUST_CH_03340,61,85.7,46,58,Month-to-Month,Credit Card,Male,1
CUST_CH_03341,58,67.98,36,54,Month-to-Month,Bank Transfer,Female,1
CUST_CH_03342,63,118.58,23,53,Month-to-Month,Electronic Check,Female,0
CUST_CH_03343,30,93.1,7,33,One-Year,Bank Transfer,Male,1
CUST_CH_03344,46,105.98,19,39,Month-to-Month,Electronic Check,Female,1
CUST_CH_03345,28,69.43,16,31,Month-to-Month,Electronic Check,Female,1
CUST_CH_03346,53,56.0,28,50,Month-to-Month,Electronic Check,Male,1
CUST_CH_03347,9,93.56,26,19,Month-to-Month,Bank Transfer,Male,1
CUST_CH_03348,40,50.31,32,20,Two-Year,Electronic Check,Female,0
CUST_CH_03349,55,76.31,26,3,Month-to-Month,Electronic Check,Male,0
CUST_CH_03350,58,60.56,29,49,Two-Year,Bank Transfer,Male,0
CUST_CH_03351,62,87.05,5,40,Two-Year,Credit Card,Female,0
CUST_CH_03352,65,63.56,43,28,Two-Year,Credit Card,Female,0
CUST_CH_03353,13,94.72,42,51,One-Year,Credit Card,Male,1
CUST_CH_03354,48,74.28,28,1,One-Year,Bank Transfer,Female,0
CUST_CH_03355,23,97.33,44,3,One-Year,Bank Transfer,Female,0
CUST_CH_03356,66,95.98,31,12,Month-to-Month,Electronic Check,Female,0
CUST_CH_03357,24,49.54,48,45,Month-to-Month,Bank Transfer,Male,0
CUST_CH_03358,6,39.31,25,56,Month-to-Month,Electronic Check,Male,1
CUST_CH_03359,50,64.72,19,36,Month-to-Month,Electronic Check,Male,1
CUST_CH_03360,52,22.91,17,45,Month-to-Month,Bank Transfer,Male,1
CUST_CH_03361,53,40.39,11,19,Month-to-Month,Bank Transfer,Female,1
CUST_CH_03362,17,54.37,12,30,Month-to-Month,Electronic Check,Female,1
CUST_CH_03363,25,98.24,47,60,Month-to-Month,Credit Card,Female,1
CUST_CH_03364,54,47.16,32,41,Month-to-Month,Bank Transfer,Male,0
CUST_CH_03365,18,102.78,20,6,Month-to-Month,Credit Card,Male,0
CUST_CH_03366,70,48.39,38,44,Two-Year,Credit Card,Male,0
CUST_CH_03367,11,97.37,42,23,Month-to-Month,Credit Card,Male,1
CUST_CH_03368,57,32.5,17,45,Two-Year,Electronic Check,Female,0
CUST_CH_03369,7,100.22,1,30,Two-Year,Credit Card,Male,1
CUST_CH_03370,26,105.36,17,55,Month-to-Month,Credit Card,Female,1
CUST_CH_03371,45,94.57,7,4,Month-to-Month,Credit Card,Male,0
CUST_CH_03372,65,35.74,21,44,Month-to-Month,Electronic Check,Male,1
CUST_CH_03373,27,95.93,49,4,Month-to-Month,Credit Card,Male,1
CUST_CH_03374,14,102.75,46,50,One-Year,Electronic Check,Male,0
CUST_CH_03375,58,76.11,38,38,Month-to-Month,Electronic Check,Female,1
CUST_CH_03376,22,102.4,28,48,Month-to-Month,Credit Card,Female,1
CUST_CH_03377,17,117.23,6,44,Month-to-Month,Bank Transfer,Male,0
CUST_CH_03378,3,23.05,48,57,Month-to-Month,Credit Card,Female,1
CUST_CH_03379,27,28.39,4,35,Month-to-Month,Bank Transfer,Male,1
CUST_CH_03380,47,97.47,31,59,Two-Year,Electronic Check,Male,1
CUST_CH_03381,2,108.78,14,9,One-Year,Credit Card,Female,1
CUST_CH_03382,1,51.39,4,58,Two-Year,Bank Transfer,Female,0
CUST_CH_03383,68,64.16,19,51,One-Year,Electronic Check,Female,0
CUST_CH_03384,59,110.34,11,16,Month-to-Month,Credit Card,Female,0
CUST_CH_03385,52,91.68,25,36,Month-to-Month,Credit Card,Female,0
CUST_CH_03386,12,110.57,7,15,Two-Year,Electronic Check,Male,0
CUST_CH_03387,49,91.83,32,23,Month-to-Month,Electronic Check,Male,1
CUST_CH_03388,15,51.09,14,20,Two-Year,Credit Card,Female,0
CUST_CH_03389,17,119.2,45,21,One-Year,Credit Card,Male,0
CUST_CH_03390,58,33.68,33,7,One-Year,Electronic Check,Female,0
CUST_CH_03391,46,103.43,1,17,Month-to-Month,Credit Card,Female,0
CUST_CH_03392,15,83.73,19,50,One-Year,Credit Card,Female,0
CUST_CH_03393,23,47.38,13,55,Two-Year,Bank Transfer,Male,1
CUST_CH_03394,14,76.79,42,57,Month-to-Month,Credit Card,Female,0
CUST_CH_03395,1,33.73,25,60,One-Year,Bank Transfer,Male,0
CUST_CH_03396,18,29.08,49,7,Month-to-Month,Electronic Check,Male,0
CUST_CH_03397,67,49.72,37,55,Month-to-Month,Credit Card,Female,0
CUST_CH_03398,9,37.25,28,57,Month-to-Month,Credit Card,Male,1
CUST_CH_03399,26,89.1,34,7,One-Year,Electronic Check,Male,1
CUST_CH_03400,11,44.28,24,54,One-Year,Bank Transfer,Female,0
CUST_CH_03401,37,95.46,13,34,Month-to-Month,Electronic Check,Female,1
CUST_CH_03402,54,26.13,25,12,One-Year,Bank Transfer,Female,1
CUST_CH_03403,68,46.36,43,39,Month-to-Month,Credit Card,Female,1
CUST_CH_03404,39,62.27,28,11,Two-Year,Bank Transfer,Female,0
CUST_CH_03405,57,54.43,44,16,One-Year,Bank Transfer,Female,0
CUST_CH_03406,72,100.38,49,60,Two-Year,Bank Transfer,Male,1
CUST_CH_03407,29,97.71,46,16,Month-to-Month,Bank Transfer,Female,0
CUST_CH_03408,14,23.08,20,21,Month-to-Month,Electronic Check,Female,0
CUST_CH_03409,12,88.04,9,56,Month-to-Month,Bank Transfer,Male,1
CUST_CH_03410,35,79.01,15,27,Month-to-Month,Electronic Check,Female,1
CUST_CH_03411,19,98.74,13,46,One-Year,Bank Transfer,Female,1
CUST_CH_03412,44,21.75,24,47,Month-to-Month,Credit Card,Female,0
CUST_CH_03413,7,117.02,2,38,One-Year,Electronic Check,Female,1
CUST_CH_03414,43,86.74,42,57,Month-to-Month,Electronic Check,Male,0
CUST_CH_03415,58,53.22,32,13,One-Year,Credit Card,Male,0
CUST_CH_03416,25,100.9,5,23,One-Year,Bank Transfer,Female,0
CUST_CH_03417,22,61.87,30,34,Month-to-Month,Bank Transfer,Male,0
CUST_CH_03418,28,77.2,33,48,Month-to-Month,Credit Card,Female,0
CUST_CH_03419,13,99.96,29,26,Month-to-Month,Electronic Check,Male,1
CUST_CH_03420,34,108.3,39,31,Month-to-Month,Bank Transfer,Female,0
CUST_CH_03421,14,22.56,23,45,Month-to-Month,Bank Transfer,Female,1
CUST_CH_03422,22,83.15,46,1,Month-to-Month,Bank Transfer,Male,1
CUST_CH_03423,59,24.16,16,34,Two-Year,Bank Transfer,Male,1
CUST_CH_03424,69,46.25,7,57,Month-to-Month,Bank Transfer,Female,1
CUST_CH_03425,66,70.01,33,9,Month-to-Month,Bank Transfer,Male,0
CUST_CH_03426,44,92.94,22,57,Month-to-Month,Bank Transfer,Female,0
CUST_CH_03427,47,103.13,28,45,One-Year,Credit Card,Male,0
CUST_CH_03428,39,49.11,4,14,Month-to-Month,Credit Card,Female,0
CUST_CH_03429,40,43.35,28,17,Month-to-Month,Bank Transfer,Male,1
CUST_CH_03430,41,119.26,34,47,Month-to-Month,Electronic Check,Female,0
CUST_CH_03431,68,77.3,37,33,Two-Year,Credit Card,Female,0
CUST_CH_03432,62,36.77,50,43,Two-Year,Electronic Check,Male,1
CUST_CH_03433,43,23.99,17,20,One-Year,Bank Transfer,Male,0
CUST_CH_03434,28,60.22,40,14,One-Year,Credit Card,Female,0
CUST_CH_03435,31,26.34,1,37,Month-to-Month,Electronic Check,Male,0
CUST_CH_03436,24,80.31,21,51,Month-to-Month,Bank Transfer,Female,0
CUST_CH_03437,29,35.73,38,6,One-Year,Electronic Check,Female,0
CUST_CH_03438,61,45.26,39,52,Month-to-Month,Bank Transfer,Female,0
CUST_CH_03439,60,30.19,48,36,Month-to-Month,Bank Transfer,Male,0
CUST_CH_03440,71,78.19,49,58,Two-Year,Credit Card,Female,0
CUST_CH_03441,60,55.69,38,52,Month-to-Month,Credit Card,Female,0
CUST_CH_03442,34,44.17,21,18,Month-to-Month,Credit Card,Female,0
CUST_CH_03443,50,22.05,6,5,Month-to-Month,Electronic Check,Female,0
CUST_CH_03444,69,64.33,15,9,One-Year,Credit Card,Female,0
CUST_CH_03445,38,100.76,50,51,One-Year,Bank Transfer,Male,1
CUST_CH_03446,20,65.97,32,8,Two-Year,Credit Card,Female,0
CUST_CH_03447,46,77.7,32,35,Month-to-Month,Electronic Check,Female,1
CUST_CH_03448,41,110.17,31,35,One-Year,Electronic Check,Female,1
CUST_CH_03449,32,114.44,24,1,One-Year,Electronic Check,Female,0
CUST_CH_03450,30,75.55,12,10,Month-to-Month,Bank Transfer,Male,0
CUST_CH_03451,13,64.05,35,54,One-Year,Credit Card,Female,1
CUST_CH_03452,7,99.17,39,53,Month-to-Month,Electronic Check,Female,1
CUST_CH_03453,19,79.36,33,23,Two-Year,Electronic Check,Female,1
CUST_CH_03454,59,107.18,50,49,One-Year,Credit Card,Male,1
CUST_CH_03455,9,93.86,46,31,Month-to-Month,Bank Transfer,Male,1
CUST_CH_03456,9,71.76,21,9,Month-to-Month,Bank Transfer,Male,1
CUST_CH_03457,52,91.26,27,35,Two-Year,Bank Transfer,Female,1
CUST_CH_03458,49,104.45,8,24,Two-Year,Credit Card,Female,1
CUST_CH_03459,69,29.89,24,20,Month-to-Month,Credit Card,Female,1
CUST_CH_03460,55,36.25,20,42,One-Year,Electronic Check,Female,1
CUST_CH_03461,46,86.56,46,30,Month-to-Month,Electronic Check,Male,1
CUST_CH_03462,48,61.78,28,47,Month-to-Month,Electronic Check,Male,1
CUST_CH_03463,13,23.66,5,44,Month-to-Month,Credit Card,Female,1
CUST_CH_03464,68,104.29,3,27,One-Year,Credit Card,Female,0
CUST_CH_03465,66,119.31,36,7,One-Year,Electronic Check,Male,0
CUST_CH_03466,71,58.68,16,1,One-Year,Credit Card,Female,0
CUST_CH_03467,12,109.22,8,14,Month-to-Month,Credit Card,Female,1
CUST_CH_03468,36,71.02,10,16,One-Year,Bank Transfer,Female,0
CUST_CH_03469,19,101.76,28,41,Month-to-Month,Electronic Check,Male,0
CUST_CH_03470,60,30.23,39,17,Month-to-Month,Credit Card,Male,1
CUST_CH_03471,19,30.03,49,60,Month-to-Month,Electronic Check,Female,0
CUST_CH_03472,61,27.19,18,50,Month-to-Month,Bank Transfer,Male,1
CUST_CH_03473,10,114.38,17,31,Two-Year,Electronic Check,Male,0
CUST_CH_03474,43,57.31,31,33,One-Year,Electronic Check,Female,0
CUST_CH_03475,38,35.15,39,58,One-Year,Bank Transfer,Male,0
CUST_CH_03476,7,108.99,9,47,Month-to-Month,Electronic Check,Female,1
CUST_CH_03477,24,116.22,27,52,One-Year,Bank Transfer,Female,1
CUST_CH_03478,72,99.49,2,21,Month-to-Month,Credit Card,Female,1
CUST_CH_03479,2,30.14,34,50,Month-to-Month,Credit Card,Female,1
CUST_CH_03480,17,112.72,13,31,Month-to-Month,Bank Transfer,Male,1
CUST_CH_03481,17,71.85,38,8,Month-to-Month,Bank Transfer,Female,0
CUST_CH_03482,51,79.8,2,29,Two-Year,Electronic Check,Female,0
CUST_CH_03483,53,24.98,48,28,Month-to-Month,Electronic Check,Male,1
CUST_CH_03484,40,83.88,45,49,One-Year,Bank Transfer,Female,1
CUST_CH_03485,65,56.31,11,6,Month-to-Month,Bank Transfer,Female,0
CUST_CH_03486,16,109.76,20,12,Month-to-Month,Credit Card,Male,0
CUST_CH_03487,17,24.93,46,25,One-Year,Bank Transfer,Male,1
CUST_CH_03488,55,92.4,36,9,Month-to-Month,Credit Card,Female,0
CUST_CH_03489,70,20.26,10,17,Month-to-Month,Credit Card,Female,0
CUST_CH_03490,3,68.97,2,6,One-Year,Bank Transfer,Male,0
CUST_CH_03491,56,51.59,4,30,Month-to-Month,Electronic Check,Female,0
CUST_CH_03492,68,103.28,10,3,One-Year,Electronic Check,Male,0
CUST_CH_03493,26,45.76,33,25,Two-Year,Credit Card,Female,0
CUST_CH_03494,65,82.82,14,29,Month-to-Month,Credit Card,Male,1
CUST_CH_03495,24,77.38,41,7,Two-Year,Credit Card,Male,0
CUST_CH_03496,63,106.42,20,35,Two-Year,Bank Transfer,Male,1
CUST_CH_03497,66,82.78,20,23,One-Year,Bank Transfer,Male,1
CUST_CH_03498,34,23.55,19,37,Month-to-Month,Electronic Check,Male,1
CUST_CH_03499,10,22.55,17,16,One-Year,Bank Transfer,Male,0
CUST_CH_03500,46,62.61,43,8,Two-Year,Credit Card,Male,1
CUST_CH_03501,68,98.93,5,42,Month-to-Month,Credit Card,Male,1
CUST_CH_03502,48,104.88,40,8,Month-to-Month,Electronic Check,Male,1
CUST_CH_03503,46,59.44,15,55,One-Year,Electronic Check,Female,0
CUST_CH_03504,48,62.05,49,29,Two-Year,Bank Transfer,Female,0
CUST_CH_03505,52,116.37,46,12,Month-to-Month,Bank Transfer,Female,0
CUST_CH_03506,6,113.5,26,25,Two-Year,Credit Card,Male,0
CUST_CH_03507,39,84.92,37,5,Month-to-Month,Electronic Check,Male,1
CUST_CH_03508,15,49.74,3,26,Two-Year,Credit Card,Male,0
CUST_CH_03509,38,95.74,8,28,Two-Year,Electronic Check,Male,1
CUST_CH_03510,29,70.76,17,1,Month-to-Month,Electronic Check,Female,0
CUST_CH_03511,53,56.85,18,40,One-Year,Bank Transfer,Male,1
CUST_CH_03512,55,119.39,36,7,Month-to-Month,Electronic Check,Female,0
CUST_CH_03513,69,33.7,2,22,Month-to-Month,Electronic Check,Male,1
CUST_CH_03514,46,28.8,9,50,Month-to-Month,Credit Card,Female,1
CUST_CH_03515,1,93.22,25,18,Two-Year,Electronic Check,Male,0
CUST_CH_03516,3,113.29,5,45,Month-to-Month,Electronic Check,Male,1
CUST_CH_03517,54,98.25,28,14,Month-to-Month,Electronic Check,Male,1
CUST_CH_03518,54,76.11,25,47,Two-Year,Credit Card,Male,1
CUST_CH_03519,58,40.61,38,51,Month-to-Month,Bank Transfer,Female,0
CUST_CH_03520,3,55.93,7,56,Month-to-Month,Credit Card,Female,1
CUST_CH_03521,4,92.45,36,37,Month-to-Month,Credit Card,Male,1
CUST_CH_03522,32,27.68,36,22,One-Year,Electronic Check,Female,0
CUST_CH_03523,7,42.57,20,16,Month-to-Month,Credit Card,Female,1
CUST_CH_03524,12,110.9,15,5,Month-to-Month,Credit Card,Female,1
CUST_CH_03525,42,88.23,46,22,Two-Year,Credit Card,Male,1
CUST_CH_03526,16,85.08,40,3,Two-Year,Electronic Check,Female,0
CUST_CH_03527,50,22.03,5,18,Month-to-Month,Electronic Check,Female,1
CUST_CH_03528,45,48.48,28,60,One-Year,Bank Transfer,Male,1
CUST_CH_03529,25,22.75,7,21,Month-to-Month,Credit Card,Female,1
CUST_CH_03530,45,35.36,6,60,Two-Year,Electronic Check,Female,0
CUST_CH_03531,68,101.27,25,21,Month-to-Month,Electronic Check,Female,1
CUST_CH_03532,69,105.79,32,55,Two-Year,Bank Transfer,Male,0
CUST_CH_03533,44,20.55,11,7,Month-to-Month,Electronic Check,Male,1
CUST_CH_03534,47,86.34,5,58,One-Year,Credit Card,Female,1
CUST_CH_03535,51,80.51,15,44,Two-Year,Electronic Check,Male,0
CUST_CH_03536,63,64.65,26,5,Month-to-Month,Credit Card,Female,0
CUST_CH_03537,41,59.47,24,41,Month-to-Month,Credit Card,Male,1
CUST_CH_03538,28,39.08,40,9,Month-to-Month,Bank Transfer,Male,0
CUST_CH_03539,5,98.7,34,55,Month-to-Month,Electronic Check,Male,1
CUST_CH_03540,31,109.99,4,6,Two-Year,Electronic Check,Male,0
CUST_CH_03541,62,73.97,24,2,Month-to-Month,Electronic Check,Female,1
CUST_CH_03542,5,77.73,1,28,One-Year,Bank Transfer,Male,0
CUST_CH_03543,17,106.19,38,57,Two-Year,Bank Transfer,Male,0
CUST_CH_03544,9,62.64,26,7,One-Year,Bank Transfer,Male,1
CUST_CH_03545,11,118.53,29,48,Two-Year,Electronic Check,Female,0
CUST_CH_03546,38,98.03,44,8,Month-to-Month,Credit Card,Male,1
CUST_CH_03547,5,22.61,27,18,Month-to-Month,Electronic Check,Female,1
CUST_CH_03548,22,112.87,23,36,Two-Year,Credit Card,Male,0
CUST_CH_03549,68,45.4,2,57,Month-to-Month,Electronic Check,Male,0
CUST_CH_03550,13,47.14,39,12,Month-to-Month,Electronic Check,Male,0
CUST_CH_03551,27,31.75,36,12,Month-to-Month,Bank Transfer,Female,0
CUST_CH_03552,14,34.87,36,14,Month-to-Month,Electronic Check,Male,1
CUST_CH_03553,72,22.18,29,2,Month-to-Month,Credit Card,Male,0
CUST_CH_03554,54,88.56,47,8,One-Year,Electronic Check,Female,0
CUST_CH_03555,9,58.01,29,45,Month-to-Month,Credit Card,Male,0
CUST_CH_03556,55,57.3,40,13,Month-to-Month,Electronic Check,Female,0
CUST_CH_03557,6,67.6,42,20,Month-to-Month,Electronic Check,Female,0
CUST_CH_03558,13,91.82,49,28,Month-to-Month,Bank Transfer,Female,1
CUST_CH_03559,30,113.95,13,20,Month-to-Month,Credit Card,Male,1
CUST_CH_03560,66,30.58,26,58,Month-to-Month,Electronic Check,Male,1
CUST_CH_03561,39,74.96,42,50,Month-to-Month,Credit Card,Male,0
CUST_CH_03562,44,46.54,37,28,Two-Year,Credit Card,Female,0
CUST_CH_03563,53,111.1,8,31,Month-to-Month,Bank Transfer,Female,0
CUST_CH_03564,6,103.07,35,20,Month-to-Month,Credit Card,Male,0
CUST_CH_03565,63,76.12,45,25,Month-to-Month,Credit Card,Male,1
CUST_CH_03566,57,118.03,21,20,Month-to-Month,Electronic Check,Female,0
CUST_CH_03567,12,61.92,20,20,One-Year,Electronic Check,Male,0
CUST_CH_03568,2,118.76,1,2,Month-to-Month,Credit Card,Male,1
CUST_CH_03569,37,114.16,47,33,One-Year,Bank Transfer,Female,0
CUST_CH_03570,72,117.62,45,31,Month-to-Month,Bank Transfer,Female,1
CUST_CH_03571,15,72.78,28,27,Month-to-Month,Credit Card,Female,1
CUST_CH_03572,12,20.57,9,28,One-Year,Bank Transfer,Male,1
CUST_CH_03573,35,51.85,3,34,One-Year,Bank Transfer,Male,0
CUST_CH_03574,39,106.66,37,19,Two-Year,Electronic Check,Female,0
CUST_CH_03575,62,75.75,19,49,Month-to-Month,Bank Transfer,Female,1
CUST_CH_03576,39,34.99,38,27,Month-to-Month,Electronic Check,Male,1
CUST_CH_03577,42,88.65,1,21,Two-Year,Electronic Check,Male,1
CUST_CH_03578,17,68.67,40,46,Month-to-Month,Credit Card,Male,0
CUST_CH_03579,12,34.77,3,8,Month-to-Month,Electronic Check,Male,0
CUST_CH_03580,53,105.19,31,6,Month-to-Month,Bank Transfer,Female,1
CUST_CH_03581,6,57.27,21,36,Month-to-Month,Electronic Check,Female,1
CUST_CH_03582,48,45.49,27,53,Two-Year,Credit Card,Male,1
CUST_CH_03583,41,84.26,12,34,Month-to-Month,Credit Card,Female,1
CUST_CH_03584,31,56.48,43,26,Month-to-Month,Credit Card,Male,1
CUST_CH_03585,59,66.19,29,60,Month-to-Month,Electronic Check,Female,0
CUST_CH_03586,36,70.16,28,25,Two-Year,Bank Transfer,Male,1
CUST_CH_03587,9,71.73,32,8,Month-to-Month,Credit Card,Male,1
CUST_CH_03588,21,85.66,24,12,Two-Year,Electronic Check,Female,1
CUST_CH_03589,44,74.05,19,22,Month-to-Month,Credit Card,Female,0
CUST_CH_03590,67,67.7,46,15,Month-to-Month,Credit Card,Male,1
CUST_CH_03591,42,97.41,30,6,Two-Year,Bank Transfer,Female,0
CUST_CH_03592,68,53.36,43,25,One-Year,Credit Card,Female,1
CUST_CH_03593,72,45.16,23,12,One-Year,Credit Card,Male,0
CUST_CH_03594,21,84.07,33,2,One-Year,Electronic Check,Female,0
CUST_CH_03595,24,76.12,47,34,Two-Year,Bank Transfer,Male,1
CUST_CH_03596,40,92.64,27,2,Month-to-Month,Bank Transfer,Male,0
CUST_CH_03597,9,26.23,28,48,Month-to-Month,Credit Card,Male,1
CUST_CH_03598,19,40.71,15,10,Two-Year,Electronic Check,Male,0
CUST_CH_03599,51,115.4,31,50,Two-Year,Electronic Check,Male,0
CUST_CH_03600,23,26.68,14,25,Month-to-Month,Electronic Check,Male,1
CUST_CH_03601,50,23.4,34,38,Month-to-Month,Electronic Check,Male,1
CUST_CH_03602,4,72.87,6,41,Month-to-Month,Credit Card,Male,1
CUST_CH_03603,4,97.07,43,12,Month-to-Month,Electronic Check,Male,0
CUST_CH_03604,35,114.06,11,33,Month-to-Month,Bank Transfer,Male,1
CUST_CH_03605,10,99.43,30,40,Two-Year,Credit Card,Male,0
CUST_CH_03606,17,77.86,3,43,Month-to-Month,Credit Card,Male,1
CUST_CH_03607,48,20.7,45,58,Month-to-Month,Bank Transfer,Male,0
CUST_CH_03608,35,84.54,18,56,Two-Year,Bank Transfer,Female,0
CUST_CH_03609,3,49.11,33,32,One-Year,Credit Card,Male,1
CUST_CH_03610,31,41.54,48,22,Two-Year,Bank Transfer,Male,1
CUST_CH_03611,50,45.46,13,32,Two-Year,Electronic Check,Male,0
CUST_CH_03612,55,60.85,40,40,One-Year,Credit Card,Female,0
CUST_CH_03613,30,49.58,20,20,Month-to-Month,Electronic Check,Female,0
CUST_CH_03614,19,116.54,30,39,One-Year,Electronic Check,Male,0
CUST_CH_03615,30,119.48,38,57,One-Year,Credit Card,Female,1
CUST_CH_03616,28,110.83,19,39,Month-to-Month,Credit Card,Male,1
CUST_CH_03617,51,118.61,37,40,Month-to-Month,Credit Card,Male,1
CUST_CH_03618,31,112.43,20,48,One-Year,Electronic Check,Male,0
CUST_CH_03619,31,92.47,47,7,Month-to-Month,Bank Transfer,Male,0
CUST_CH_03620,65,70.87,2,57,One-Year,Credit Card,Male,1
CUST_CH_03621,19,118.19,41,28,Two-Year,Credit Card,Male,1
CUST_CH_03622,47,45.89,11,56,Month-to-Month,Electronic Check,Female,1
CUST_CH_03623,58,74.81,5,24,One-Year,Electronic Check,Male,0
CUST_CH_03624,16,109.76,31,53,Two-Year,Bank Transfer,Female,0
CUST_CH_03625,72,77.96,33,25,Month-to-Month,Electronic Check,Male,0
CUST_CH_03626,12,37.88,13,15,Two-Year,Electronic Check,Female,1
CUST_CH_03627,44,82.52,4,8,Two-Year,Bank Transfer,Male,1
CUST_CH_03628,69,38.92,17,42,Month-to-Month,Electronic Check,Female,1
CUST_CH_03629,37,29.9,24,28,One-Year,Credit Card,Female,0
CUST_CH_03630,54,110.08,9,39,One-Year,Bank Transfer,Male,0
CUST_CH_03631,36,65.92,5,11,Month-to-Month,Electronic Check,Male,1
CUST_CH_03632,53,54.69,39,27,Month-to-Month,Electronic Check,Male,0
CUST_CH_03633,12,79.93,3,0,One-Year,Electronic Check,Male,0
CUST_CH_03634,47,40.16,6,42,One-Year,Electronic Check,Male,0
CUST_CH_03635,14,22.59,18,56,Month-to-Month,Bank Transfer,Female,1
CUST_CH_03636,45,43.33,32,24,Two-Year,Bank Transfer,Female,0
CUST_CH_03637,17,45.61,36,51,Two-Year,Electronic Check,Female,0
CUST_CH_03638,31,37.45,29,41,Month-to-Month,Credit Card,Female,1
CUST_CH_03639,5,110.77,37,7,Month-to-Month,Bank Transfer,Female,1
CUST_CH_03640,50,51.65,23,48,Month-to-Month,Credit Card,Male,1
CUST_CH_03641,31,101.0,19,36,One-Year,Credit Card,Female,0
CUST_CH_03642,57,91.6,27,55,Month-to-Month,Bank Transfer,Male,1
CUST_CH_03643,26,42.53,30,15,Month-to-Month,Bank Transfer,Male,1
CUST_CH_03644,53,27.36,28,49,Month-to-Month,Credit Card,Male,0
CUST_CH_03645,39,65.72,48,57,Month-to-Month,Credit Card,Male,1
CUST_CH_03646,72,108.12,27,47,One-Year,Bank Transfer,Male,0
CUST_CH_03647,5,44.63,42,5,Two-Year,Bank Transfer,Male,0
CUST_CH_03648,27,83.47,39,0,Month-to-Month,Electronic Check,Female,1
CUST_CH_03649,53,58.06,9,59,Month-to-Month,Credit Card,Female,0
CUST_CH_03650,22,66.35,38,41,Two-Year,Bank Transfer,Male,0
CUST_CH_03651,57,94.23,49,4,One-Year,Credit Card,Female,0
CUST_CH_03652,29,64.07,18,46,One-Year,Electronic Check,Female,0
CUST_CH_03653,15,79.99,30,58,One-Year,Credit Card,Male,0
CUST_CH_03654,7,80.53,29,29,Month-to-Month,Electronic Check,Female,1
CUST_CH_03655,65,86.85,42,49,Two-Year,Electronic Check,Male,1
CUST_CH_03656,44,92.45,50,9,Month-to-Month,Electronic Check,Male,1
CUST_CH_03657,4,24.37,24,34,Month-to-Month,Electronic Check,Female,1
CUST_CH_03658,26,38.71,31,10,One-Year,Bank Transfer,Male,1
CUST_CH_03659,59,58.5,3,37,Month-to-Month,Credit Card,Female,0
CUST_CH_03660,26,91.82,48,11,Month-to-Month,Credit Card,Male,1
CUST_CH_03661,68,45.47,2,55,Two-Year,Bank Transfer,Male,1
CUST_CH_03662,20,110.14,25,54,Two-Year,Electronic Check,Female,0
CUST_CH_03663,62,33.92,49,8,Month-to-Month,Electronic Check,Female,1
CUST_CH_03664,48,24.41,49,35,Month-to-Month,Credit Card,Female,1
CUST_CH_03665,61,49.27,29,40,One-Year,Bank Transfer,Female,0
CUST_CH_03666,16,116.59,42,45,Two-Year,Electronic Check,Male,0
CUST_CH_03667,3,54.67,46,56,One-Year,Credit Card,Male,0
CUST_CH_03668,23,86.82,37,30,One-Year,Credit Card,Male,1
CUST_CH_03669,66,81.36,27,31,Month-to-Month,Credit Card,Male,1
CUST_CH_03670,62,56.0,8,45,Month-to-Month,Bank Transfer,Male,1
CUST_CH_03671,33,89.39,38,60,Two-Year,Credit Card,Female,0
CUST_CH_03672,71,90.95,40,33,Month-to-Month,Bank Transfer,Male,1
CUST_CH_03673,1,62.81,5,46,Two-Year,Bank Transfer,Male,1
CUST_CH_03674,68,76.23,25,56,Two-Year,Bank Transfer,Female,0
CUST_CH_03675,15,57.14,41,57,One-Year,Electronic Check,Male,0
CUST_CH_03676,35,37.42,12,49,Month-to-Month,Electronic Check,Male,1
CUST_CH_03677,23,72.25,10,4,Two-Year,Electronic Check,Female,1
CUST_CH_03678,25,37.43,18,27,One-Year,Electronic Check,Male,1
CUST_CH_03679,66,45.09,19,31,Month-to-Month,Electronic Check,Female,1
CUST_CH_03680,42,29.04,30,43,Two-Year,Electronic Check,Male,1
CUST_CH_03681,57,97.92,33,7,Month-to-Month,Bank Transfer,Male,0
CUST_CH_03682,55,69.58,31,16,Month-to-Month,Bank Transfer,Female,1
CUST_CH_03683,70,80.61,24,42,One-Year,Electronic Check,Male,0
CUST_CH_03684,14,36.18,7,45,Month-to-Month,Bank Transfer,Female,1
CUST_CH_03685,38,44.61,45,28,Month-to-Month,Bank Transfer,Female,1
CUST_CH_03686,12,49.72,4,35,Month-to-Month,Electronic Check,Female,0
CUST_CH_03687,50,64.34,1,29,Two-Year,Bank Transfer,Male,1
CUST_CH_03688,4,67.09,3,45,One-Year,Electronic Check,Male,1
CUST_CH_03689,31,74.96,8,40,One-Year,Bank Transfer,Female,0
CUST_CH_03690,29,57.31,13,23,Month-to-Month,Credit Card,Female,1
CUST_CH_03691,38,94.08,21,23,Two-Year,Bank Transfer,Male,0
CUST_CH_03692,38,64.8,48,1,One-Year,Credit Card,Male,0
CUST_CH_03693,48,45.89,37,18,Two-Year,Credit Card,Male,0
CUST_CH_03694,52,75.18,16,4,Two-Year,Electronic Check,Male,0
CUST_CH_03695,54,63.57,2,55,Month-to-Month,Bank Transfer,Male,1
CUST_CH_03696,4,59.15,43,50,One-Year,Bank Transfer,Male,0
CUST_CH_03697,6,49.41,20,32,Month-to-Month,Credit Card,Female,1
CUST_CH_03698,40,76.24,18,41,Month-to-Month,Electronic Check,Female,0
CUST_CH_03699,36,88.46,31,55,One-Year,Credit Card,Male,1
CUST_CH_03700,4,78.77,20,8,Month-to-Month,Bank Transfer,Female,0
CUST_CH_03701,72,107.58,43,1,Two-Year,Electronic Check,Male,0
CUST_CH_03702,1,46.11,27,35,Month-to-Month,Bank Transfer,Male,0
CUST_CH_03703,14,116.84,25,45,Month-to-Month,Bank Transfer,Female,1
CUST_CH_03704,35,58.13,22,23,Month-to-Month,Electronic Check,Male,1
CUST_CH_03705,25,95.45,37,22,Two-Year,Bank Transfer,Male,0
CUST_CH_03706,39,88.62,24,18,Month-to-Month,Bank Transfer,Female,1
CUST_CH_03707,59,86.07,20,39,Two-Year,Bank Transfer,Female,1
CUST_CH_03708,50,32.45,13,3,Month-to-Month,Credit Card,Female,1
CUST_CH_03709,57,114.61,32,8,Month-to-Month,Credit Card,Female,0
CUST_CH_03710,18,99.24,49,59,Month-to-Month,Bank Transfer,Male,1
CUST_CH_03711,53,107.23,45,60,Month-to-Month,Credit Card,Male,1
CUST_CH_03712,64,89.04,15,58,Month-to-Month,Credit Card,Female,1
CUST_CH_03713,25,106.74,5,17,Month-to-Month,Credit Card,Male,1
CUST_CH_03714,22,95.74,23,26,Month-to-Month,Bank Transfer,Male,1
CUST_CH_03715,61,66.43,10,34,Month-to-Month,Electronic Check,Female,1
CUST_CH_03716,16,113.08,38,29,Month-to-Month,Credit Card,Male,1
CUST_CH_03717,46,81.41,41,4,Month-to-Month,Bank Transfer,Male,1
CUST_CH_03718,47,79.38,26,51,Month-to-Month,Electronic Check,Male,1
CUST_CH_03719,66,56.43,50,27,Month-to-Month,Electronic Check,Female,1
CUST_CH_03720,25,68.89,6,2,One-Year,Electronic Check,Male,0
CUST_CH_03721,41,71.22,36,34,Month-to-Month,Credit Card,Male,1
CUST_CH_03722,8,46.11,3,2,Month-to-Month,Credit Card,Male,1
CUST_CH_03723,63,41.96,42,7,Two-Year,Bank Transfer,Male,0
CUST_CH_03724,11,53.86,3,22,Two-Year,Credit Card,Female,1
CUST_CH_03725,49,68.06,30,31,One-Year,Bank Transfer,Female,0
CUST_CH_03726,32,38.08,4,19,Month-to-Month,Credit Card,Male,0
CUST_CH_03727,58,103.63,13,6,Two-Year,Electronic Check,Male,0
CUST_CH_03728,38,79.42,7,21,One-Year,Electronic Check,Female,1
CUST_CH_03729,20,29.1,35,4,Month-to-Month,Credit Card,Female,1
CUST_CH_03730,54,96.29,13,2,Month-to-Month,Electronic Check,Male,1
CUST_CH_03731,15,75.63,15,1,Two-Year,Electronic Check,Male,0
CUST_CH_03732,55,56.77,38,11,Month-to-Month,Bank Transfer,Male,0
CUST_CH_03733,48,116.48,32,15,Month-to-Month,Bank Transfer,Female,1
CUST_CH_03734,6,118.85,17,20,One-Year,Electronic Check,Female,1
CUST_CH_03735,16,28.51,6,48,One-Year,Credit Card,Female,1
CUST_CH_03736,8,104.03,43,12,One-Year,Electronic Check,Male,0
CUST_CH_03737,50,22.91,37,32,Two-Year,Bank Transfer,Male,0
CUST_CH_03738,22,112.79,4,28,Two-Year,Credit Card,Male,0
CUST_CH_03739,5,45.54,23,4,Two-Year,Credit Card,Male,0
CUST_CH_03740,18,93.32,13,38,One-Year,Electronic Check,Female,0
CUST_CH_03741,17,39.18,44,18,One-Year,Credit Card,Male,1
CUST_CH_03742,1,26.05,36,14,Month-to-Month,Credit Card,Male,0
CUST_CH_03743,57,78.67,44,33,Two-Year,Electronic Check,Male,0
CUST_CH_03744,69,95.8,10,7,Month-to-Month,Electronic Check,Male,0
CUST_CH_03745,32,110.52,44,1,One-Year,Electronic Check,Female,0
CUST_CH_03746,68,76.03,42,27,Month-to-Month,Bank Transfer,Male,0
CUST_CH_03747,37,53.54,8,37,One-Year,Credit Card,Male,0
CUST_CH_03748,70,84.65,42,38,Month-to-Month,Credit Card,Male,1
CUST_CH_03749,22,90.98,24,17,Month-to-Month,Electronic Check,Female,0
CUST_CH_03750,71,77.26,14,2,One-Year,Electronic Check,Female,0
CUST_CH_03751,17,42.85,21,43,Month-to-Month,Credit Card,Female,0
CUST_CH_03752,61,64.72,33,29,One-Year,Electronic Check,Male,0
CUST_CH_03753,39,99.6,8,14,Month-to-Month,Bank Transfer,Female,0
CUST_CH_03754,35,23.7,22,15,Two-Year,Bank Transfer,Male,0
CUST_CH_03755,68,83.44,28,40,Two-Year,Bank Transfer,Male,0
CUST_CH_03756,59,102.98,19,14,Two-Year,Credit Card,Male,0
CUST_CH_03757,1,22.97,20,31,Month-to-Month,Credit Card,Male,1
CUST_CH_03758,46,44.61,1,35,Month-to-Month,Credit Card,Male,1
CUST_CH_03759,28,23.62,30,47,Two-Year,Bank Transfer,Male,0
CUST_CH_03760,4,70.54,29,23,Month-to-Month,Electronic Check,Male,1
CUST_CH_03761,22,47.45,37,20,Month-to-Month,Electronic Check,Male,1
CUST_CH_03762,51,74.64,45,34,Two-Year,Credit Card,Male,0
CUST_CH_03763,52,111.72,13,3,Month-to-Month,Electronic Check,Female,1
CUST_CH_03764,29,49.8,1,31,Two-Year,Electronic Check,Female,0
CUST_CH_03765,55,69.98,38,34,One-Year,Credit Card,Male,0
CUST_CH_03766,39,23.89,22,11,Month-to-Month,Bank Transfer,Female,0
CUST_CH_03767,32,72.84,38,41,Month-to-Month,Bank Transfer,Male,0
CUST_CH_03768,15,62.2,27,32,Two-Year,Bank Transfer,Female,0
CUST_CH_03769,71,32.57,14,24,Month-to-Month,Credit Card,Female,1
CUST_CH_03770,9,80.54,2,18,One-Year,Electronic Check,Female,1
CUST_CH_03771,70,61.37,34,56,Month-to-Month,Electronic Check,Female,0
CUST_CH_03772,9,24.56,32,9,Month-to-Month,Electronic Check,Female,1
CUST_CH_03773,2,47.29,38,15,One-Year,Credit Card,Male,0
CUST_CH_03774,37,84.52,31,22,Month-to-Month,Electronic Check,Male,1
CUST_CH_03775,47,60.84,5,34,Month-to-Month,Bank Transfer,Female,1
CUST_CH_03776,13,29.06,37,33,Two-Year,Credit Card,Female,0
CUST_CH_03777,28,63.07,31,59,Month-to-Month,Credit Card,Female,0
CUST_CH_03778,19,99.75,34,13,Month-to-Month,Bank Transfer,Female,1
CUST_CH_03779,27,31.49,50,22,One-Year,Credit Card,Male,0
CUST_CH_03780,10,42.38,14,37,One-Year,Electronic Check,Female,1
CUST_CH_03781,13,66.92,49,29,Month-to-Month,Bank Transfer,Male,0
CUST_CH_03782,40,114.92,37,19,Month-to-Month,Credit Card,Female,0
CUST_CH_03783,57,99.93,45,0,One-Year,Bank Transfer,Female,0
CUST_CH_03784,8,102.75,14,34,Two-Year,Credit Card,Male,1
CUST_CH_03785,15,77.58,42,16,One-Year,Electronic Check,Female,1
CUST_CH_03786,67,70.09,31,19,Two-Year,Bank Transfer,Male,0
CUST_CH_03787,7,60.25,1,9,Month-to-Month,Bank Transfer,Female,1
CUST_CH_03788,40,40.05,2,5,Month-to-Month,Credit Card,Male,0
CUST_CH_03789,57,44.11,17,21,Month-to-Month,Bank Transfer,Female,0
CUST_CH_03790,38,53.14,29,24,Two-Year,Credit Card,Female,0
CUST_CH_03791,65,85.24,41,10,Month-to-Month,Credit Card,Male,0
CUST_CH_03792,28,63.82,17,29,Two-Year,Electronic Check,Male,0
CUST_CH_03793,43,47.28,1,25,Two-Year,Bank Transfer,Female,0
CUST_CH_03794,68,92.07,12,48,Two-Year,Credit Card,Male,0
CUST_CH_03795,23,78.23,15,41,Month-to-Month,Electronic Check,Male,1
CUST_CH_03796,3,96.48,36,53,Month-to-Month,Bank Transfer,Male,1
CUST_CH_03797,6,95.05,7,8,One-Year,Bank Transfer,Female,0
CUST_CH_03798,25,53.25,40,7,Two-Year,Bank Transfer,Female,0
CUST_CH_03799,40,118.8,41,33,One-Year,Bank Transfer,Male,1
CUST_CH_03800,5,71.11,12,13,Month-to-Month,Bank Transfer,Male,1
CUST_CH_03801,39,58.23,3,7,Month-to-Month,Bank Transfer,Male,1
CUST_CH_03802,7,113.92,3,53,Two-Year,Electronic Check,Male,1
CUST_CH_03803,7,43.34,43,38,Two-Year,Electronic Check,Female,1
CUST_CH_03804,35,87.06,19,53,Two-Year,Credit Card,Male,1
CUST_CH_03805,54,117.85,8,8,Month-to-Month,Credit Card,Male,1
CUST_CH_03806,65,39.43,19,56,One-Year,Bank Transfer,Female,0
CUST_CH_03807,28,115.27,40,53,Month-to-Month,Credit Card,Female,1
CUST_CH_03808,2,54.62,49,32,One-Year,Credit Card,Male,0
CUST_CH_03809,31,110.69,39,35,Month-to-Month,Credit Card,Female,1
CUST_CH_03810,38,47.17,45,37,One-Year,Electronic Check,Female,1
CUST_CH_03811,13,23.18,37,2,Two-Year,Credit Card,Female,1
CUST_CH_03812,43,102.74,18,2,Two-Year,Electronic Check,Female,0
CUST_CH_03813,43,103.24,22,15,One-Year,Bank Transfer,Male,0
CUST_CH_03814,44,43.64,10,41,Two-Year,Electronic Check,Female,1
CUST_CH_03815,68,64.97,10,31,One-Year,Electronic Check,Female,0
CUST_CH_03816,7,91.38,23,21,Two-Year,Credit Card,Female,0
CUST_CH_03817,61,116.97,26,48,One-Year,Bank Transfer,Male,1
CUST_CH_03818,64,93.85,46,26,Two-Year,Electronic Check,Male,1
CUST_CH_03819,43,103.61,12,39,Month-to-Month,Credit Card,Female,1
CUST_CH_03820,39,93.1,32,28,Month-to-Month,Bank Transfer,Male,1
CUST_CH_03821,71,66.7,12,27,Month-to-Month,Bank Transfer,Female,1
CUST_CH_03822,46,103.01,33,13,Month-to-Month,Credit Card,Female,1
CUST_CH_03823,22,23.16,12,33,Month-to-Month,Electronic Check,Female,0
CUST_CH_03824,62,62.49,1,55,Month-to-Month,Bank Transfer,Male,0
CUST_CH_03825,55,20.74,31,17,Two-Year,Credit Card,Male,0
CUST_CH_03826,23,30.39,29,3,Month-to-Month,Credit Card,Female,1
CUST_CH_03827,64,57.04,7,49,Month-to-Month,Bank Transfer,Male,1
CUST_CH_03828,30,92.09,24,56,One-Year,Bank Transfer,Female,0
CUST_CH_03829,1,22.13,10,43,Two-Year,Bank Transfer,Female,1
CUST_CH_03830,3,85.68,28,3,One-Year,Credit Card,Male,0
CUST_CH_03831,39,75.75,2,0,One-Year,Electronic Check,Male,0
CUST_CH_03832,67,117.71,31,21,Month-to-Month,Credit Card,Male,1
CUST_CH_03833,3,115.04,3,42,Month-to-Month,Bank Transfer,Female,1
CUST_CH_03834,13,52.99,11,49,Month-to-Month,Bank Transfer,Male,0
CUST_CH_03835,6,96.9,37,31,Month-to-Month,Electronic Check,Male,1
CUST_CH_03836,27,47.85,22,46,Month-to-Month,Credit Card,Male,0
CUST_CH_03837,5,36.24,27,21,Month-to-Month,Bank Transfer,Male,1
CUST_CH_03838,49,68.88,27,7,Two-Year,Electronic Check,Male,0
CUST_CH_03839,57,39.2,49,52,Month-to-Month,Electronic Check,Male,0
CUST_CH_03840,10,50.83,1,44,Month-to-Month,Bank Transfer,Male,0
CUST_CH_03841,19,38.4,28,31,Month-to-Month,Bank Transfer,Female,1
CUST_CH_03842,24,103.92,38,46,Month-to-Month,Electronic Check,Male,1
CUST_CH_03843,29,28.93,7,29,Two-Year,Electronic Check,Female,0
CUST_CH_03844,11,85.03,38,18,Two-Year,Bank Transfer,Female,0
CUST_CH_03845,35,75.84,31,20,Month-to-Month,Bank Transfer,Female,0
CUST_CH_03846,6,59.24,31,50,Two-Year,Electronic Check,Female,1
CUST_CH_03847,27,61.32,21,48,Month-to-Month,Electronic Check,Female,0
CUST_CH_03848,59,60.16,27,27,Month-to-Month,Bank Transfer,Female,1
CUST_CH_03849,39,35.12,21,10,Two-Year,Credit Card,Female,0
CUST_CH_03850,43,50.34,25,53,One-Year,Electronic Check,Male,1
CUST_CH_03851,57,27.46,30,39,Month-to-Month,Electronic Check,Male,1
CUST_CH_03852,22,67.59,40,44,Month-to-Month,Electronic Check,Female,1
CUST_CH_03853,31,59.25,23,1,Month-to-Month,Credit Card,Male,1
CUST_CH_03854,39,95.49,40,3,Two-Year,Credit Card,Female,1
CUST_CH_03855,21,115.52,20,20,One-Year,Credit Card,Female,0
CUST_CH_03856,16,22.5,35,36,Month-to-Month,Bank Transfer,Male,0
CUST_CH_03857,37,97.38,7,60,Month-to-Month,Electronic Check,Female,1
CUST_CH_03858,24,99.08,7,40,Two-Year,Bank Transfer,Male,1
CUST_CH_03859,41,24.51,7,36,One-Year,Credit Card,Male,1
CUST_CH_03860,32,112.02,28,37,Two-Year,Electronic Check,Male,1
CUST_CH_03861,65,20.24,5,15,One-Year,Bank Transfer,Male,0
CUST_CH_03862,43,81.06,2,17,One-Year,Electronic Check,Female,0
CUST_CH_03863,5,79.79,2,33,Month-to-Month,Bank Transfer,Male,1
CUST_CH_03864,54,114.98,43,55,Two-Year,Credit Card,Male,0
CUST_CH_03865,48,75.96,16,11,Two-Year,Credit Card,Male,0
CUST_CH_03866,19,111.42,40,23,One-Year,Electronic Check,Male,1
CUST_CH_03867,62,54.54,17,15,Two-Year,Bank Transfer,Female,0
CUST_CH_03868,49,31.42,9,42,Two-Year,Credit Card,Female,1
CUST_CH_03869,30,107.55,34,15,Month-to-Month,Electronic Check,Male,0
CUST_CH_03870,68,34.34,23,8,Two-Year,Bank Transfer,Male,0
CUST_CH_03871,60,118.3,40,24,Month-to-Month,Credit Card,Male,0
CUST_CH_03872,18,71.87,10,22,Month-to-Month,Electronic Check,Female,0
CUST_CH_03873,36,92.66,21,3,Month-to-Month,Electronic Check,Female,0
CUST_CH_03874,22,95.64,39,26,Month-to-Month,Credit Card,Female,0
CUST_CH_03875,68,49.39,30,44,Two-Year,Electronic Check,Female,0
CUST_CH_03876,21,110.47,32,16,Month-to-Month,Credit Card,Male,1
CUST_CH_03877,46,107.27,47,53,One-Year,Bank Transfer,Female,1
CUST_CH_03878,59,21.94,36,13,One-Year,Electronic Check,Male,0
CUST_CH_03879,63,38.73,21,27,One-Year,Electronic Check,Male,0
CUST_CH_03880,39,25.66,9,26,Month-to-Month,Bank Transfer,Male,1
CUST_CH_03881,31,28.83,43,22,Month-to-Month,Credit Card,Female,0
CUST_CH_03882,66,102.85,6,33,Two-Year,Electronic Check,Female,0
CUST_CH_03883,40,102.59,23,49,Month-to-Month,Credit Card,Male,0
CUST_CH_03884,48,27.07,14,58,Month-to-Month,Credit Card,Male,1
CUST_CH_03885,19,75.57,21,55,Month-to-Month,Credit Card,Female,1
CUST_CH_03886,48,70.57,33,5,Month-to-Month,Electronic Check,Female,1
CUST_CH_03887,58,50.02,5,37,Month-to-Month,Credit Card,Female,1
CUST_CH_03888,2,93.38,12,31,Month-to-Month,Electronic Check,Male,1
CUST_CH_03889,61,70.78,24,25,Two-Year,Credit Card,Male,0
CUST_CH_03890,13,37.43,30,32,Month-to-Month,Credit Card,Male,0
CUST_CH_03891,22,79.03,21,11,One-Year,Bank Transfer,Female,0
CUST_CH_03892,68,86.84,19,43,Month-to-Month,Electronic Check,Female,1
CUST_CH_03893,67,112.44,41,21,Month-to-Month,Credit Card,Female,1
CUST_CH_03894,26,61.11,7,18,Month-to-Month,Credit Card,Female,1
CUST_CH_03895,1,20.64,44,30,Two-Year,Bank Transfer,Male,0
CUST_CH_03896,68,60.53,37,40,Month-to-Month,Bank Transfer,Male,0
CUST_CH_03897,15,33.52,2,29,Two-Year,Electronic Check,Male,0
CUST_CH_03898,65,59.86,49,42,One-Year,Credit Card,Female,0
CUST_CH_03899,13,40.04,8,9,Month-to-Month,Bank Transfer,Male,1
CUST_CH_03900,34,27.42,13,51,Two-Year,Electronic Check,Male,1
CUST_CH_03901,16,49.3,43,12,Month-to-Month,Electronic Check,Male,1
CUST_CH_03902,45,23.84,6,53,Two-Year,Credit Card,Male,0
CUST_CH_03903,25,41.28,37,26,Two-Year,Electronic Check,Male,0
CUST_CH_03904,28,85.77,24,33,Two-Year,Bank Transfer,Female,1
CUST_CH_03905,11,97.58,40,35,One-Year,Electronic Check,Female,0
CUST_CH_03906,50,71.41,31,5,One-Year,Bank Transfer,Male,1
CUST_CH_03907,62,57.66,14,36,Month-to-Month,Electronic Check,Male,0
CUST_CH_03908,54,99.81,3,7,Two-Year,Credit Card,Female,1
CUST_CH_03909,31,41.41,37,56,One-Year,Bank Transfer,Female,0
CUST_CH_03910,32,103.88,33,34,Month-to-Month,Bank Transfer,Male,1
CUST_CH_03911,55,114.12,27,39,Month-to-Month,Electronic Check,Female,1
CUST_CH_03912,46,21.32,37,21,Month-to-Month,Electronic Check,Male,1
CUST_CH_03913,13,25.57,43,18,One-Year,Electronic Check,Male,0
CUST_CH_03914,7,119.04,46,36,Month-to-Month,Electronic Check,Male,0
CUST_CH_03915,14,54.09,48,18,Month-to-Month,Bank Transfer,Female,1
CUST_CH_03916,34,54.7,11,11,One-Year,Credit Card,Female,0
CUST_CH_03917,38,58.8,1,43,Month-to-Month,Electronic Check,Male,0
CUST_CH_03918,20,73.86,6,21,Month-to-Month,Credit Card,Male,1
CUST_CH_03919,69,28.05,37,33,Month-to-Month,Bank Transfer,Female,0
CUST_CH_03920,43,105.01,46,47,One-Year,Credit Card,Female,1
CUST_CH_03921,39,57.99,13,27,Month-to-Month,Credit Card,Male,0
CUST_CH_03922,5,30.01,40,5,Month-to-Month,Electronic Check,Male,1
CUST_CH_03923,14,31.33,12,27,One-Year,Electronic Check,Male,1
CUST_CH_03924,46,112.83,47,42,One-Year,Electronic Check,Male,0
CUST_CH_03925,67,117.01,37,35,Two-Year,Credit Card,Male,0
CUST_CH_03926,37,37.97,42,60,One-Year,Bank Transfer,Female,1
CUST_CH_03927,17,39.46,41,35,Month-to-Month,Electronic Check,Male,0
CUST_CH_03928,21,77.21,4,38,Month-to-Month,Credit Card,Male,0
CUST_CH_03929,16,56.07,29,55,One-Year,Credit Card,Female,1
CUST_CH_03930,49,76.98,10,11,Month-to-Month,Credit Card,Male,1
CUST_CH_03931,63,73.41,13,52,Month-to-Month,Electronic Check,Female,1
CUST_CH_03932,39,113.51,41,35,One-Year,Bank Transfer,Male,0
CUST_CH_03933,32,41.99,43,1,Month-to-Month,Credit Card,Female,0
CUST_CH_03934,15,104.26,28,20,Month-to-Month,Bank Transfer,Male,1
CUST_CH_03935,48,94.46,30,53,Month-to-Month,Credit Card,Female,1
CUST_CH_03936,52,44.08,15,5,One-Year,Electronic Check,Male,0
CUST_CH_03937,17,109.73,34,47,One-Year,Bank Transfer,Male,0
CUST_CH_03938,2,92.06,13,51,Two-Year,Credit Card,Female,0
CUST_CH_03939,58,66.98,2,38,Month-to-Month,Electronic Check,Female,1
CUST_CH_03940,1,99.19,15,8,Month-to-Month,Bank Transfer,Male,1
CUST_CH_03941,70,26.57,12,37,Month-to-Month,Credit Card,Female,1
CUST_CH_03942,21,108.99,33,47,Month-to-Month,Credit Card,Female,1
CUST_CH_03943,37,111.26,9,37,Month-to-Month,Bank Transfer,Male,1
CUST_CH_03944,67,98.13,12,2,Month-to-Month,Credit Card,Male,0
CUST_CH_03945,68,90.64,42,39,Two-Year,Bank Transfer,Female,1
CUST_CH_03946,15,34.91,43,30,Two-Year,Bank Transfer,Female,1
CUST_CH_03947,14,35.38,19,4,Month-to-Month,Bank Transfer,Male,1
CUST_CH_03948,43,29.11,8,21,Month-to-Month,Bank Transfer,Male,0
CUST_CH_03949,57,41.87,50,34,One-Year,Credit Card,Female,0
CUST_CH_03950,25,70.27,29,47,One-Year,Bank Transfer,Female,0
CUST_CH_03951,47,75.37,31,14,Two-Year,Bank Transfer,Female,0
CUST_CH_03952,66,97.24,48,4,One-Year,Credit Card,Female,0
CUST_CH_03953,66,72.46,3,36,Month-to-Month,Credit Card,Female,1
CUST_CH_03954,45,74.24,36,43,Month-to-Month,Bank Transfer,Male,0
CUST_CH_03955,71,60.53,27,31,Two-Year,Credit Card,Male,1
CUST_CH_03956,57,36.23,16,10,Month-to-Month,Bank Transfer,Female,0
CUST_CH_03957,11,62.77,32,59,One-Year,Bank Transfer,Female,1
CUST_CH_03958,18,45.41,27,14,Month-to-Month,Credit Card,Male,0
CUST_CH_03959,59,76.48,1,45,Month-to-Month,Electronic Check,Male,1
CUST_CH_03960,70,72.78,8,50,Month-to-Month,Bank Transfer,Male,0
CUST_CH_03961,64,57.14,37,46,Month-to-Month,Bank Transfer,Male,0
CUST_CH_03962,20,70.89,20,3,Month-to-Month,Credit Card,Female,1
CUST_CH_03963,53,75.66,9,36,Month-to-Month,Electronic Check,Female,1
CUST_CH_03964,57,114.65,12,19,Two-Year,Electronic Check,Male,0
CUST_CH_03965,33,75.84,39,60,One-Year,Credit Card,Female,0
CUST_CH_03966,41,108.33,3,26,One-Year,Credit Card,Female,1
CUST_CH_03967,59,39.41,20,22,Two-Year,Electronic Check,Female,1
CUST_CH_03968,24,39.84,39,26,One-Year,Credit Card,Male,0
CUST_CH_03969,27,65.14,47,59,Month-to-Month,Electronic Check,Male,0
CUST_CH_03970,34,21.88,7,3,Month-to-Month,Electronic Check,Male,0
CUST_CH_03971,47,20.45,30,17,Month-to-Month,Bank Transfer,Female,0
CUST_CH_03972,45,48.48,32,26,Two-Year,Bank Transfer,Female,0
CUST_CH_03973,6,25.25,36,10,One-Year,Electronic Check,Male,0
CUST_CH_03974,52,118.32,11,28,One-Year,Bank Transfer,Male,0
CUST_CH_03975,21,56.16,13,38,Month-to-Month,Bank Transfer,Female,0
CUST_CH_03976,36,34.43,22,24,Month-to-Month,Bank Transfer,Male,1
CUST_CH_03977,28,45.71,9,17,Two-Year,Credit Card,Male,0
CUST_CH_03978,18,70.59,11,28,Month-to-Month,Credit Card,Male,0
CUST_CH_03979,35,49.07,7,51,Month-to-Month,Credit Card,Male,1
CUST_CH_03980,56,85.78,3,60,Two-Year,Bank Transfer,Female,1
CUST_CH_03981,50,77.41,1,3,Month-to-Month,Credit Card,Male,1
CUST_CH_03982,49,83.71,9,32,Two-Year,Bank Transfer,Female,0
CUST_CH_03983,62,57.1,20,55,One-Year,Bank Transfer,Female,1
CUST_CH_03984,53,56.12,40,7,Month-to-Month,Bank Transfer,Male,0
CUST_CH_03985,39,47.43,13,31,Two-Year,Bank Transfer,Male,0
CUST_CH_03986,42,41.73,46,47,Month-to-Month,Bank Transfer,Male,0
CUST_CH_03987,63,95.46,37,17,One-Year,Bank Transfer,Female,0
CUST_CH_03988,7,77.63,18,27,One-Year,Electronic Check,Female,0
CUST_CH_03989,39,74.16,46,51,Month-to-Month,Credit Card,Male,0
CUST_CH_03990,52,92.09,37,31,One-Year,Electronic Check,Female,1
CUST_CH_03991,69,32.16,18,49,Month-to-Month,Credit Card,Male,0
CUST_CH_03992,70,32.71,31,43,Month-to-Month,Electronic Check,Male,0
CUST_CH_03993,9,25.9,42,2,Two-Year,Credit Card,Female,0
CUST_CH_03994,45,37.5,5,45,One-Year,Bank Transfer,Female,0
CUST_CH_03995,64,113.53,46,40,One-Year,Bank Transfer,Male,0
CUST_CH_03996,3,60.04,16,58,Month-to-Month,Bank Transfer,Male,1
CUST_CH_03997,12,106.76,32,59,Month-to-Month,Bank Transfer,Male,0
CUST_CH_03998,3,86.9,19,33,Month-to-Month,Bank Transfer,Female,0
CUST_CH_03999,32,56.59,15,9,Two-Year,Credit Card,Female,1
CUST_CH_04000,34,32.25,22,48,Month-to-Month,Credit Card,Female,0
CUST_CH_04001,72,25.74,24,37,One-Year,Bank Transfer,Female,0
CUST_CH_04002,31,66.22,28,30,One-Year,Credit Card,Female,1
CUST_CH_04003,61,119.61,18,20,Month-to-Month,Credit Card,Male,0
CUST_CH_04004,24,98.17,20,6,Month-to-Month,Credit Card,Female,0
CUST_CH_04005,23,37.09,41,23,Two-Year,Credit Card,Female,0
CUST_CH_04006,23,28.61,17,4,One-Year,Credit Card,Male,0
CUST_CH_04007,60,81.08,8,15,Month-to-Month,Electronic Check,Female,0
CUST_CH_04008,7,51.53,10,21,Month-to-Month,Credit Card,Male,1
CUST_CH_04009,63,42.47,48,7,Two-Year,Electronic Check,Female,0
CUST_CH_04010,33,77.97,8,52,Month-to-Month,Credit Card,Female,1
CUST_CH_04011,23,90.2,33,41,One-Year,Electronic Check,Male,0
CUST_CH_04012,61,88.18,46,0,Month-to-Month,Credit Card,Male,1
CUST_CH_04013,64,37.85,21,23,Month-to-Month,Bank Transfer,Male,1
CUST_CH_04014,13,63.55,18,24,Month-to-Month,Bank Transfer,Male,0
CUST_CH_04015,24,36.01,3,22,Month-to-Month,Electronic Check,Male,1
CUST_CH_04016,64,116.19,23,42,Month-to-Month,Credit Card,Female,1
CUST_CH_04017,42,82.93,10,36,Month-to-Month,Electronic Check,Female,1
CUST_CH_04018,51,22.04,30,57,Two-Year,Electronic Check,Female,1
CUST_CH_04019,29,28.55,41,50,Month-to-Month,Bank Transfer,Female,1
CUST_CH_04020,28,91.61,14,13,Month-to-Month,Credit Card,Female,0
CUST_CH_04021,15,26.07,33,45,Month-to-Month,Credit Card,Female,1
CUST_CH_04022,17,43.13,42,43,Month-to-Month,Electronic Check,Female,0
CUST_CH_04023,54,95.71,46,55,Two-Year,Electronic Check,Female,0
CUST_CH_04024,42,66.94,39,51,One-Year,Bank Transfer,Female,1
CUST_CH_04025,25,119.46,22,19,Two-Year,Bank Transfer,Male,0
CUST_CH_04026,53,110.92,21,27,Month-to-Month,Electronic Check,Female,1
CUST_CH_04027,19,96.32,46,17,Month-to-Month,Bank Transfer,Male,0
CUST_CH_04028,29,70.97,7,30,Month-to-Month,Credit Card,Female,0
CUST_CH_04029,18,61.16,24,50,Month-to-Month,Bank Transfer,Female,0
CUST_CH_04030,68,99.73,5,59,Two-Year,Electronic Check,Male,0
CUST_CH_04031,53,107.03,24,5,Month-to-Month,Electronic Check,Male,0
CUST_CH_04032,20,104.87,6,7,Month-to-Month,Bank Transfer,Female,0
CUST_CH_04033,2,32.78,50,2,Month-to-Month,Credit Card,Female,0
CUST_CH_04034,30,66.49,6,32,One-Year,Credit Card,Female,1
CUST_CH_04035,54,106.98,15,19,One-Year,Electronic Check,Male,0
CUST_CH_04036,56,87.33,12,30,Month-to-Month,Bank Transfer,Male,0
CUST_CH_04037,62,82.26,43,29,Month-to-Month,Bank Transfer,Female,1
CUST_CH_04038,18,48.37,34,5,Month-to-Month,Credit Card,Female,1
CUST_CH_04039,32,25.61,41,27,Month-to-Month,Bank Transfer,Male,1
CUST_CH_04040,50,98.7,43,5,Month-to-Month,Credit Card,Male,1
CUST_CH_04041,45,92.72,25,15,Month-to-Month,Credit Card,Female,0
CUST_CH_04042,49,40.86,5,46,Month-to-Month,Bank Transfer,Male,0
CUST_CH_04043,44,42.7,9,13,Two-Year,Credit Card,Male,1
CUST_CH_04044,45,51.47,11,56,Month-to-Month,Credit Card,Male,0
CUST_CH_04045,36,95.06,22,22,Month-to-Month,Bank Transfer,Male,0
CUST_CH_04046,47,80.58,39,24,One-Year,Bank Transfer,Male,1
CUST_CH_04047,49,61.35,23,28,Month-to-Month,Bank Transfer,Female,0
CUST_CH_04048,47,99.54,7,8,Two-Year,Bank Transfer,Male,0
CUST_CH_04049,7,28.58,34,13,Month-to-Month,Electronic Check,Female,1
CUST_CH_04050,58,43.53,9,30,Two-Year,Bank Transfer,Male,0
CUST_CH_04051,44,53.0,2,50,Two-Year,Electronic Check,Female,0
CUST_CH_04052,60,88.28,1,47,Month-to-Month,Credit Card,Male,1
CUST_CH_04053,69,90.29,6,46,Two-Year,Credit Card,Female,1
CUST_CH_04054,11,82.59,26,41,One-Year,Electronic Check,Female,1
CUST_CH_04055,1,119.16,24,47,Two-Year,Bank Transfer,Female,0
CUST_CH_04056,72,23.68,14,27,Month-to-Month,Bank Transfer,Male,1
CUST_CH_04057,28,43.72,12,25,One-Year,Bank Transfer,Female,1
CUST_CH_04058,13,109.23,7,26,One-Year,Bank Transfer,Female,1
CUST_CH_04059,20,76.91,16,1,Two-Year,Credit Card,Female,0
CUST_CH_04060,61,113.18,27,22,Month-to-Month,Bank Transfer,Female,1
CUST_CH_04061,14,40.15,25,52,Month-to-Month,Bank Transfer,Male,1
CUST_CH_04062,69,118.75,5,42,Two-Year,Bank Transfer,Female,0
CUST_CH_04063,18,92.4,22,49,One-Year,Electronic Check,Female,0
CUST_CH_04064,39,49.66,34,20,Month-to-Month,Bank Transfer,Female,1
CUST_CH_04065,26,101.08,5,57,Month-to-Month,Credit Card,Male,1
CUST_CH_04066,66,68.63,18,17,Month-to-Month,Bank Transfer,Female,1
CUST_CH_04067,67,22.02,50,29,Month-to-Month,Electronic Check,Female,1
CUST_CH_04068,40,62.8,24,49,One-Year,Credit Card,Male,1
CUST_CH_04069,64,62.41,47,13,Two-Year,Electronic Check,Male,0
CUST_CH_04070,68,105.56,8,4,Two-Year,Credit Card,Male,0
CUST_CH_04071,59,20.89,2,2,Month-to-Month,Bank Transfer,Female,1
CUST_CH_04072,42,116.85,48,14,One-Year,Credit Card,Male,0
CUST_CH_04073,66,83.47,24,41,Month-to-Month,Credit Card,Male,1
CUST_CH_04074,5,28.16,25,11,Month-to-Month,Credit Card,Female,0
CUST_CH_04075,65,95.95,22,21,Month-to-Month,Credit Card,Female,0
CUST_CH_04076,70,77.52,50,55,Month-to-Month,Electronic Check,Male,1
CUST_CH_04077,54,21.74,45,55,One-Year,Bank Transfer,Female,1
CUST_CH_04078,49,35.39,41,21,Month-to-Month,Bank Transfer,Male,1
CUST_CH_04079,51,113.25,10,40,Month-to-Month,Credit Card,Female,1
CUST_CH_04080,33,56.75,12,60,One-Year,Credit Card,Female,1
CUST_CH_04081,63,62.72,50,33,Month-to-Month,Bank Transfer,Male,1
CUST_CH_04082,6,39.29,49,46,Month-to-Month,Bank Transfer,Male,0
CUST_CH_04083,16,102.41,13,36,One-Year,Bank Transfer,Male,1
CUST_CH_04084,53,21.29,19,9,One-Year,Credit Card,Female,0
CUST_CH_04085,5,109.15,37,10,Month-to-Month,Credit Card,Male,1
CUST_CH_04086,17,20.71,28,11,Month-to-Month,Bank Transfer,Male,0
CUST_CH_04087,48,61.04,9,40,Month-to-Month,Credit Card,Male,1
CUST_CH_04088,33,95.73,1,29,Month-to-Month,Electronic Check,Male,1
CUST_CH_04089,69,111.85,3,32,One-Year,Electronic Check,Female,0
CUST_CH_04090,49,41.16,14,23,Month-to-Month,Credit Card,Female,1
CUST_CH_04091,18,79.56,35,1,One-Year,Electronic Check,Female,0
CUST_CH_04092,52,67.95,40,31,Two-Year,Electronic Check,Male,1
CUST_CH_04093,70,37.59,30,30,Two-Year,Electronic Check,Female,1
CUST_CH_04094,1,41.47,27,47,Month-to-Month,Credit Card,Female,0
CUST_CH_04095,2,79.6,46,54,Month-to-Month,Bank Transfer,Male,1
CUST_CH_04096,42,108.79,21,24,One-Year,Bank Transfer,Male,1
CUST_CH_04097,24,74.25,33,11,One-Year,Credit Card,Female,0
CUST_CH_04098,36,77.77,12,32,Two-Year,Bank Transfer,Male,1
CUST_CH_04099,58,62.44,23,33,Month-to-Month,Bank Transfer,Female,0
CUST_CH_04100,48,105.92,16,1,Two-Year,Bank Transfer,Female,1
CUST_CH_04101,57,71.78,37,47,One-Year,Bank Transfer,Female,0
CUST_CH_04102,7,51.09,32,34,Month-to-Month,Electronic Check,Male,0
CUST_CH_04103,41,89.69,43,5,Month-to-Month,Credit Card,Male,0
CUST_CH_04104,39,75.34,30,24,Two-Year,Bank Transfer,Male,0
CUST_CH_04105,32,37.64,39,4,Month-to-Month,Electronic Check,Male,1
CUST_CH_04106,27,83.2,9,26,Month-to-Month,Electronic Check,Female,1
CUST_CH_04107,34,22.09,9,41,One-Year,Credit Card,Male,0
CUST_CH_04108,47,115.25,46,40,Two-Year,Electronic Check,Male,0
CUST_CH_04109,8,67.69,36,20,Month-to-Month,Credit Card,Female,1
CUST_CH_04110,64,53.91,12,12,One-Year,Credit Card,Female,0
CUST_CH_04111,46,27.42,22,31,Month-to-Month,Electronic Check,Female,0
CUST_CH_04112,5,45.91,10,11,Month-to-Month,Credit Card,Male,1
CUST_CH_04113,3,84.7,15,8,Month-to-Month,Electronic Check,Female,1
CUST_CH_04114,64,90.08,13,57,Month-to-Month,Electronic Check,Female,1
CUST_CH_04115,48,89.83,40,46,Two-Year,Electronic Check,Female,1
CUST_CH_04116,13,117.19,7,2,Month-to-Month,Bank Transfer,Female,1
CUST_CH_04117,47,103.35,3,2,Month-to-Month,Electronic Check,Male,0
CUST_CH_04118,2,36.76,11,43,Month-to-Month,Credit Card,Female,1
CUST_CH_04119,55,28.8,33,20,One-Year,Credit Card,Male,0
CUST_CH_04120,8,79.23,8,26,Month-to-Month,Bank Transfer,Female,1
CUST_CH_04121,72,29.86,15,4,Month-to-Month,Electronic Check,Male,1
CUST_CH_04122,57,59.37,26,55,Month-to-Month,Credit Card,Male,0
CUST_CH_04123,6,35.1,40,50,Month-to-Month,Bank Transfer,Male,1
CUST_CH_04124,45,38.43,14,25,One-Year,Bank Transfer,Female,1
CUST_CH_04125,21,73.37,11,21,Two-Year,Credit Card,Male,0
CUST_CH_04126,28,46.95,29,50,Two-Year,Bank Transfer,Female,0
CUST_CH_04127,39,91.5,26,28,Two-Year,Electronic Check,Male,1
CUST_CH_04128,55,95.21,14,14,Month-to-Month,Bank Transfer,Female,0
CUST_CH_04129,58,99.02,47,22,One-Year,Bank Transfer,Male,1
CUST_CH_04130,51,65.81,20,46,Month-to-Month,Electronic Check,Female,1
CUST_CH_04131,16,87.93,35,2,One-Year,Bank Transfer,Male,0
CUST_CH_04132,45,39.12,6,45,Month-to-Month,Bank Transfer,Male,0
CUST_CH_04133,45,31.63,37,59,Month-to-Month,Electronic Check,Male,1
CUST_CH_04134,22,87.72,27,57,Month-to-Month,Credit Card,Male,0
CUST_CH_04135,54,97.38,16,24,Two-Year,Credit Card,Female,0
CUST_CH_04136,26,65.61,42,36,Two-Year,Credit Card,Male,1
CUST_CH_04137,23,33.76,20,45,Month-to-Month,Credit Card,Male,1
CUST_CH_04138,38,76.86,40,44,Month-to-Month,Electronic Check,Female,1
CUST_CH_04139,68,81.93,35,36,Month-to-Month,Electronic Check,Male,1
CUST_CH_04140,63,119.87,4,42,One-Year,Bank Transfer,Female,1
CUST_CH_04141,71,85.51,2,33,Month-to-Month,Bank Transfer,Male,1
CUST_CH_04142,52,116.66,31,59,Month-to-Month,Electronic Check,Male,1
CUST_CH_04143,69,50.5,14,34,Month-to-Month,Credit Card,Female,0
CUST_CH_04144,45,29.75,18,58,Month-to-Month,Electronic Check,Female,1
CUST_CH_04145,20,25.82,2,22,Month-to-Month,Bank Transfer,Female,1
CUST_CH_04146,44,40.92,34,42,One-Year,Electronic Check,Female,0
CUST_CH_04147,37,58.19,9,1,One-Year,Electronic Check,Female,1
CUST_CH_04148,12,33.85,5,17,Month-to-Month,Bank Transfer,Female,0
CUST_CH_04149,8,34.94,11,13,One-Year,Bank Transfer,Male,0
CUST_CH_04150,65,22.95,8,12,Month-to-Month,Bank Transfer,Female,0
CUST_CH_04151,6,28.06,25,9,One-Year,Bank Transfer,Male,0
CUST_CH_04152,42,111.2,4,8,Month-to-Month,Credit Card,Female,0
CUST_CH_04153,57,111.58,27,23,Two-Year,Bank Transfer,Male,0
CUST_CH_04154,50,98.64,19,3,Month-to-Month,Electronic Check,Male,1
CUST_CH_04155,36,49.26,30,4,One-Year,Credit Card,Female,0
CUST_CH_04156,25,49.63,32,6,Two-Year,Bank Transfer,Male,0
CUST_CH_04157,16,44.89,43,47,One-Year,Bank Transfer,Female,1
CUST_CH_04158,10,109.52,17,4,Two-Year,Bank Transfer,Male,1
CUST_CH_04159,24,69.91,7,5,Month-to-Month,Bank Transfer,Female,1
CUST_CH_04160,70,23.25,6,12,Month-to-Month,Credit Card,Female,0
CUST_CH_04161,56,22.05,2,36,Two-Year,Credit Card,Female,1
CUST_CH_04162,49,25.71,45,42,Month-to-Month,Bank Transfer,Male,1
CUST_CH_04163,44,42.59,43,31,Month-to-Month,Bank Transfer,Female,0
CUST_CH_04164,24,114.91,16,33,Month-to-Month,Credit Card,Male,0
CUST_CH_04165,52,43.47,19,14,Month-to-Month,Electronic Check,Male,0
CUST_CH_04166,45,23.02,28,34,Month-to-Month,Electronic Check,Male,1
CUST_CH_04167,70,25.48,47,54,Two-Year,Credit Card,Female,0
CUST_CH_04168,4,118.81,50,24,Month-to-Month,Electronic Check,Male,1
CUST_CH_04169,57,73.42,44,2,Month-to-Month,Bank Transfer,Male,0
CUST_CH_04170,62,74.24,50,53,Month-to-Month,Bank Transfer,Female,1
CUST_CH_04171,56,21.86,15,20,Month-to-Month,Bank Transfer,Female,1
CUST_CH_04172,20,47.38,35,15,Month-to-Month,Electronic Check,Male,0
CUST_CH_04173,10,119.98,13,42,Two-Year,Credit Card,Male,1
CUST_CH_04174,57,42.18,35,51,Month-to-Month,Bank Transfer,Female,1
CUST_CH_04175,23,108.69,49,16,Month-to-Month,Credit Card,Male,1
CUST_CH_04176,15,117.32,2,55,Two-Year,Credit Card,Female,1
CUST_CH_04177,2,90.43,29,45,One-Year,Bank Transfer,Female,1
CUST_CH_04178,4,34.12,1,18,Month-to-Month,Electronic Check,Male,1
CUST_CH_04179,68,66.94,12,17,Month-to-Month,Credit Card,Male,1
CUST_CH_04180,35,65.49,16,23,One-Year,Credit Card,Female,0
CUST_CH_04181,5,118.31,32,7,Month-to-Month,Electronic Check,Female,1
CUST_CH_04182,64,105.29,47,58,One-Year,Credit Card,Male,1
CUST_CH_04183,27,40.5,33,14,Month-to-Month,Credit Card,Male,0
CUST_CH_04184,46,41.59,23,17,Month-to-Month,Electronic Check,Female,1
CUST_CH_04185,20,55.93,11,7,Month-to-Month,Electronic Check,Female,0
CUST_CH_04186,3,41.64,6,23,One-Year,Credit Card,Male,0
CUST_CH_04187,37,106.93,21,51,Month-to-Month,Credit Card,Male,1
CUST_CH_04188,3,71.83,28,41,One-Year,Bank Transfer,Female,1
CUST_CH_04189,27,66.34,30,49,One-Year,Electronic Check,Female,0
CUST_CH_04190,1,93.25,29,59,Month-to-Month,Bank Transfer,Male,1
CUST_CH_04191,12,72.14,30,4,Two-Year,Credit Card,Male,0
CUST_CH_04192,36,47.38,13,57,One-Year,Credit Card,Female,0
CUST_CH_04193,5,105.05,49,19,Month-to-Month,Bank Transfer,Male,1
CUST_CH_04194,32,92.64,39,10,Month-to-Month,Bank Transfer,Female,1
CUST_CH_04195,34,101.56,36,43,One-Year,Credit Card,Male,1
CUST_CH_04196,48,30.86,23,9,One-Year,Credit Card,Male,0
CUST_CH_04197,63,28.76,46,59,Month-to-Month,Electronic Check,Female,0
CUST_CH_04198,15,80.09,35,55,Month-to-Month,Credit Card,Male,1
CUST_CH_04199,32,98.55,16,33,Month-to-Month,Bank Transfer,Male,1
CUST_CH_04200,52,77.37,5,32,Two-Year,Bank Transfer,Male,1
CUST_CH_04201,65,117.33,2,23,Month-to-Month,Bank Transfer,Male,0
CUST_CH_04202,52,113.81,39,8,Month-to-Month,Bank Transfer,Male,1
CUST_CH_04203,50,53.71,2,48,One-Year,Credit Card,Male,1
CUST_CH_04204,48,117.46,31,32,Month-to-Month,Electronic Check,Female,1
CUST_CH_04205,30,38.2,41,47,One-Year,Bank Transfer,Female,0
CUST_CH_04206,40,57.85,22,8,Two-Year,Electronic Check,Male,0
CUST_CH_04207,63,95.47,24,22,Two-Year,Bank Transfer,Male,1
CUST_CH_04208,32,81.46,14,20,One-Year,Bank Transfer,Female,1
CUST_CH_04209,31,118.75,42,27,One-Year,Credit Card,Female,1
CUST_CH_04210,9,117.41,22,54,Month-to-Month,Bank Transfer,Female,0
CUST_CH_04211,63,82.53,36,29,Month-to-Month,Bank Transfer,Male,1
CUST_CH_04212,53,85.33,24,31,Two-Year,Credit Card,Female,0
CUST_CH_04213,17,62.36,43,15,Two-Year,Credit Card,Female,0
CUST_CH_04214,28,20.69,25,14,Month-to-Month,Credit Card,Female,0
CUST_CH_04215,26,51.5,18,60,One-Year,Electronic Check,Female,0
CUST_CH_04216,41,86.97,33,41,Month-to-Month,Electronic Check,Male,1
CUST_CH_04217,33,82.51,37,33,One-Year,Electronic Check,Female,0
CUST_CH_04218,67,106.76,38,24,Month-to-Month,Electronic Check,Male,0
CUST_CH_04219,15,28.43,4,23,Month-to-Month,Bank Transfer,Female,0
CUST_CH_04220,20,74.92,42,56,Month-to-Month,Credit Card,Male,1
CUST_CH_04221,7,81.42,12,1,Month-to-Month,Electronic Check,Male,0
CUST_CH_04222,5,78.78,6,42,Month-to-Month,Bank Transfer,Female,0
CUST_CH_04223,10,43.47,25,46,One-Year,Credit Card,Male,1
CUST_CH_04224,39,110.09,49,31,Month-to-Month,Electronic Check,Male,1
CUST_CH_04225,10,32.06,19,12,One-Year,Electronic Check,Female,0
CUST_CH_04226,8,112.59,34,55,Month-to-Month,Bank Transfer,Male,1
CUST_CH_04227,11,57.45,6,18,One-Year,Bank Transfer,Male,0
CUST_CH_04228,13,97.79,21,55,Month-to-Month,Bank Transfer,Female,1
CUST_CH_04229,58,38.71,50,53,Month-to-Month,Credit Card,Female,0
CUST_CH_04230,30,116.85,48,49,One-Year,Electronic Check,Female,1
CUST_CH_04231,8,97.72,42,31,Month-to-Month,Electronic Check,Male,1
CUST_CH_04232,50,29.47,49,1,One-Year,Bank Transfer,Female,0
CUST_CH_04233,72,92.27,15,13,Month-to-Month,Credit Card,Male,0
CUST_CH_04234,10,64.05,47,13,Month-to-Month,Bank Transfer,Male,1
CUST_CH_04235,17,51.45,2,35,Month-to-Month,Electronic Check,Male,0
CUST_CH_04236,34,96.01,6,33,Month-to-Month,Electronic Check,Female,1
CUST_CH_04237,60,47.78,50,19,Month-to-Month,Credit Card,Male,1
CUST_CH_04238,2,45.06,47,43,Month-to-Month,Credit Card,Male,0
CUST_CH_04239,65,35.39,13,5,One-Year,Credit Card,Male,1
CUST_CH_04240,37,28.48,11,8,Month-to-Month,Electronic Check,Female,0
CUST_CH_04241,41,110.51,34,39,Two-Year,Electronic Check,Male,1
CUST_CH_04242,17,117.37,16,16,Month-to-Month,Electronic Check,Female,0
CUST_CH_04243,25,87.82,11,36,Month-to-Month,Credit Card,Male,1
CUST_CH_04244,3,26.56,23,39,One-Year,Credit Card,Male,0
CUST_CH_04245,66,51.08,16,21,Month-to-Month,Electronic Check,Male,0
CUST_CH_04246,4,119.31,48,48,Month-to-Month,Bank Transfer,Female,1
CUST_CH_04247,52,75.01,39,28,Two-Year,Electronic Check,Female,1
CUST_CH_04248,33,80.12,46,24,Month-to-Month,Credit Card,Male,0
CUST_CH_04249,5,82.54,19,9,Month-to-Month,Credit Card,Female,1
CUST_CH_04250,70,25.31,16,51,Two-Year,Bank Transfer,Male,0
CUST_CH_04251,36,112.16,4,2,Month-to-Month,Credit Card,Female,1
CUST_CH_04252,55,55.88,19,48,One-Year,Electronic Check,Male,1
CUST_CH_04253,11,41.8,4,14,Month-to-Month,Electronic Check,Female,1
CUST_CH_04254,28,29.22,31,45,One-Year,Electronic Check,Female,0
CUST_CH_04255,8,83.56,28,8,Month-to-Month,Electronic Check,Male,0
CUST_CH_04256,41,111.1,36,36,One-Year,Bank Transfer,Female,0
CUST_CH_04257,58,33.57,43,45,Month-to-Month,Bank Transfer,Male,1
CUST_CH_04258,23,102.27,30,55,One-Year,Bank Transfer,Female,1
CUST_CH_04259,42,108.92,5,45,Month-to-Month,Electronic Check,Female,1
CUST_CH_04260,24,36.72,26,41,Month-to-Month,Bank Transfer,Female,1
CUST_CH_04261,57,60.12,20,14,Month-to-Month,Credit Card,Female,0
CUST_CH_04262,31,100.8,21,35,Month-to-Month,Credit Card,Male,1
CUST_CH_04263,2,118.91,24,50,Month-to-Month,Credit Card,Female,1
CUST_CH_04264,56,55.7,39,15,Month-to-Month,Electronic Check,Male,1
CUST_CH_04265,58,110.54,4,18,Two-Year,Credit Card,Male,0
CUST_CH_04266,7,40.65,17,58,Month-to-Month,Electronic Check,Female,0
CUST_CH_04267,48,117.19,36,49,Month-to-Month,Electronic Check,Male,1
CUST_CH_04268,49,74.78,32,60,One-Year,Electronic Check,Female,0
CUST_CH_04269,37,72.42,20,60,Month-to-Month,Electronic Check,Female,1
CUST_CH_04270,26,21.98,48,36,Month-to-Month,Electronic Check,Female,0
CUST_CH_04271,46,111.76,2,0,Two-Year,Bank Transfer,Female,0
CUST_CH_04272,43,90.63,12,55,Month-to-Month,Credit Card,Male,1
CUST_CH_04273,63,91.72,23,34,Two-Year,Credit Card,Female,1
CUST_CH_04274,38,54.06,30,48,Two-Year,Credit Card,Male,1
CUST_CH_04275,8,45.32,15,51,One-Year,Credit Card,Female,1
CUST_CH_04276,46,30.46,17,9,Month-to-Month,Electronic Check,Male,0
CUST_CH_04277,56,81.27,26,16,Month-to-Month,Electronic Check,Male,1
CUST_CH_04278,45,115.09,43,1,Month-to-Month,Bank Transfer,Female,1
CUST_CH_04279,47,99.39,41,45,Month-to-Month,Credit Card,Male,0
CUST_CH_04280,61,33.32,41,31,One-Year,Credit Card,Male,1
CUST_CH_04281,48,64.65,19,52,Month-to-Month,Electronic Check,Female,1
CUST_CH_04282,32,103.09,35,12,Month-to-Month,Credit Card,Female,0
CUST_CH_04283,68,66.92,31,53,Month-to-Month,Electronic Check,Female,0
CUST_CH_04284,19,112.52,35,3,Month-to-Month,Credit Card,Male,0
CUST_CH_04285,43,104.38,44,28,Month-to-Month,Electronic Check,Female,0
CUST_CH_04286,17,98.88,23,8,Month-to-Month,Credit Card,Male,0
CUST_CH_04287,60,101.21,49,26,Month-to-Month,Credit Card,Female,0
CUST_CH_04288,31,56.44,3,20,Month-to-Month,Credit Card,Male,0
CUST_CH_04289,37,76.42,1,9,One-Year,Bank Transfer,Male,0
CUST_CH_04290,64,112.27,19,3,Month-to-Month,Bank Transfer,Male,1
CUST_CH_04291,43,62.4,38,7,Month-to-Month,Electronic Check,Male,1
CUST_CH_04292,64,42.16,29,38,Month-to-Month,Credit Card,Female,1
CUST_CH_04293,17,28.26,44,36,Month-to-Month,Credit Card,Female,1
CUST_CH_04294,65,111.9,29,12,One-Year,Bank Transfer,Male,0
CUST_CH_04295,50,36.23,35,55,One-Year,Credit Card,Male,0
CUST_CH_04296,9,85.56,16,60,One-Year,Electronic Check,Male,1
CUST_CH_04297,34,110.46,41,14,Month-to-Month,Bank Transfer,Male,0
CUST_CH_04298,12,62.42,17,29,One-Year,Electronic Check,Female,1
CUST_CH_04299,36,95.2,50,55,Month-to-Month,Bank Transfer,Male,1
CUST_CH_04300,16,46.31,20,17,Month-to-Month,Electronic Check,Male,0
CUST_CH_04301,45,25.43,1,57,Two-Year,Bank Transfer,Female,0
CUST_CH_04302,40,75.35,34,9,Two-Year,Credit Card,Female,0
CUST_CH_04303,40,48.97,9,40,Two-Year,Electronic Check,Male,0
CUST_CH_04304,54,112.04,44,33,One-Year,Electronic Check,Male,1
CUST_CH_04305,1,71.7,23,54,Month-to-Month,Credit Card,Male,1
CUST_CH_04306,9,109.12,10,39,Two-Year,Electronic Check,Female,1
CUST_CH_04307,68,68.64,41,13,Month-to-Month,Electronic Check,Female,0
CUST_CH_04308,30,65.84,21,46,Month-to-Month,Electronic Check,Female,1
CUST_CH_04309,56,42.99,14,11,Month-to-Month,Credit Card,Female,1
CUST_CH_04310,68,81.51,18,0,Two-Year,Credit Card,Female,0
CUST_CH_04311,71,65.88,1,17,Month-to-Month,Credit Card,Female,1
CUST_CH_04312,32,20.18,38,8,One-Year,Credit Card,Male,0
CUST_CH_04313,30,78.79,39,53,Two-Year,Bank Transfer,Male,0
CUST_CH_04314,52,116.18,4,47,One-Year,Bank Transfer,Male,1
CUST_CH_04315,51,63.92,10,18,Two-Year,Bank Transfer,Female,0
CUST_CH_04316,33,47.28,27,17,One-Year,Electronic Check,Male,0
CUST_CH_04317,68,28.32,42,44,Month-to-Month,Credit Card,Female,0
CUST_CH_04318,35,82.28,37,37,Month-to-Month,Credit Card,Male,1
CUST_CH_04319,37,118.09,22,21,Month-to-Month,Bank Transfer,Male,1
CUST_CH_04320,62,72.58,6,21,Month-to-Month,Credit Card,Male,1
CUST_CH_04321,51,58.17,24,10,Two-Year,Credit Card,Female,0
CUST_CH_04322,66,76.58,14,7,Month-to-Month,Electronic Check,Male,0
CUST_CH_04323,66,55.09,45,48,One-Year,Electronic Check,Female,0
CUST_CH_04324,6,99.57,20,37,Month-to-Month,Bank Transfer,Male,1
CUST_CH_04325,12,69.93,2,37,One-Year,Bank Transfer,Male,0
CUST_CH_04326,57,98.95,38,20,Two-Year,Electronic Check,Male,0
CUST_CH_04327,29,104.97,47,16,Two-Year,Credit Card,Male,1
CUST_CH_04328,69,25.17,4,29,Two-Year,Electronic Check,Female,0
CUST_CH_04329,13,35.48,10,17,One-Year,Electronic Check,Male,0
CUST_CH_04330,10,95.33,9,53,Month-to-Month,Credit Card,Female,1
CUST_CH_04331,62,47.54,46,6,Month-to-Month,Bank Transfer,Female,0
CUST_CH_04332,47,97.4,27,32,Two-Year,Bank Transfer,Male,1
CUST_CH_04333,21,104.01,2,51,One-Year,Electronic Check,Male,0
CUST_CH_04334,45,32.11,40,43,Month-to-Month,Electronic Check,Female,0
CUST_CH_04335,15,89.64,25,16,Two-Year,Electronic Check,Male,1
CUST_CH_04336,12,30.93,3,26,One-Year,Electronic Check,Male,0
CUST_CH_04337,21,78.12,41,6,Month-to-Month,Bank Transfer,Female,1
CUST_CH_04338,21,45.52,37,35,Month-to-Month,Bank Transfer,Male,1
CUST_CH_04339,1,51.31,33,51,Month-to-Month,Bank Transfer,Male,1
CUST_CH_04340,23,88.68,21,16,Month-to-Month,Bank Transfer,Female,1
CUST_CH_04341,64,37.18,19,3,Month-to-Month,Bank Transfer,Female,1
CUST_CH_04342,45,63.64,15,12,Month-to-Month,Electronic Check,Female,1
CUST_CH_04343,11,53.99,8,21,One-Year,Bank Transfer,Male,0
CUST_CH_04344,46,92.47,22,10,Month-to-Month,Credit Card,Female,1
CUST_CH_04345,15,114.95,29,18,Two-Year,Bank Transfer,Male,0
CUST_CH_04346,37,112.3,14,8,Two-Year,Electronic Check,Male,0
CUST_CH_04347,52,73.46,12,8,One-Year,Electronic Check,Female,0
CUST_CH_04348,18,101.63,29,23,Two-Year,Credit Card,Female,1
CUST_CH_04349,39,49.6,8,12,Month-to-Month,Bank Transfer,Female,1
CUST_CH_04350,62,66.5,43,4,Month-to-Month,Credit Card,Male,1
CUST_CH_04351,40,70.18,32,55,Month-to-Month,Bank Transfer,Male,1
CUST_CH_04352,3,93.86,34,38,Month-to-Month,Electronic Check,Female,1
CUST_CH_04353,64,95.09,19,43,Two-Year,Electronic Check,Female,1
CUST_CH_04354,2,98.41,34,60,Month-to-Month,Electronic Check,Female,1
CUST_CH_04355,66,65.09,5,13,Month-to-Month,Credit Card,Female,0
CUST_CH_04356,45,20.0,25,54,Month-to-Month,Credit Card,Male,0
CUST_CH_04357,32,81.74,41,34,One-Year,Bank Transfer,Male,0
CUST_CH_04358,55,37.5,37,33,Month-to-Month,Bank Transfer,Female,1
CUST_CH_04359,33,83.36,28,32,Month-to-Month,Bank Transfer,Female,1
CUST_CH_04360,26,76.63,33,39,One-Year,Credit Card,Female,0
CUST_CH_04361,51,88.18,42,29,Month-to-Month,Electronic Check,Female,1
CUST_CH_04362,64,26.54,28,22,Two-Year,Credit Card,Female,1
CUST_CH_04363,13,93.8,28,45,Month-to-Month,Credit Card,Male,1
CUST_CH_04364,13,66.55,20,32,One-Year,Bank Transfer,Male,1
CUST_CH_04365,29,106.76,31,10,Two-Year,Electronic Check,Female,0
CUST_CH_04366,38,105.91,37,23,Month-to-Month,Bank Transfer,Female,0
CUST_CH_04367,15,101.92,14,58,Month-to-Month,Bank Transfer,Female,1
CUST_CH_04368,22,81.9,45,50,Two-Year,Credit Card,Male,0
CUST_CH_04369,44,78.48,31,56,Month-to-Month,Bank Transfer,Male,0
CUST_CH_04370,13,50.89,27,14,One-Year,Credit Card,Male,0
CUST_CH_04371,52,68.25,8,22,One-Year,Electronic Check,Male,0
CUST_CH_04372,28,34.02,18,26,One-Year,Credit Card,Female,0
CUST_CH_04373,65,86.4,28,6,Month-to-Month,Electronic Check,Male,1
CUST_CH_04374,51,81.77,22,24,One-Year,Bank Transfer,Female,0
CUST_CH_04375,36,24.77,8,29,Month-to-Month,Electronic Check,Male,1
CUST_CH_04376,42,109.1,13,57,Two-Year,Credit Card,Male,1
CUST_CH_04377,62,39.0,46,28,One-Year,Electronic Check,Female,0
CUST_CH_04378,41,85.38,9,47,One-Year,Credit Card,Female,1
CUST_CH_04379,48,25.51,7,16,Two-Year,Electronic Check,Male,0
CUST_CH_04380,41,116.24,2,58,Month-to-Month,Electronic Check,Male,0
CUST_CH_04381,26,114.11,5,56,Month-to-Month,Credit Card,Male,1
CUST_CH_04382,10,81.73,9,10,Month-to-Month,Bank Transfer,Female,1
CUST_CH_04383,12,95.83,10,42,Two-Year,Electronic Check,Male,1
CUST_CH_04384,43,55.39,35,55,Two-Year,Electronic Check,Male,0
CUST_CH_04385,5,119.31,15,14,Month-to-Month,Electronic Check,Female,1
CUST_CH_04386,18,115.97,36,58,Two-Year,Electronic Check,Female,0
CUST_CH_04387,31,33.93,26,57,Two-Year,Electronic Check,Female,0
CUST_CH_04388,62,32.16,45,57,Two-Year,Electronic Check,Male,1
CUST_CH_04389,31,103.41,29,9,Month-to-Month,Electronic Check,Male,1
CUST_CH_04390,23,25.95,39,44,Month-to-Month,Credit Card,Male,0
CUST_CH_04391,16,65.12,14,2,Month-to-Month,Credit Card,Female,0
CUST_CH_04392,8,118.68,17,48,Month-to-Month,Credit Card,Male,1
CUST_CH_04393,53,112.93,35,35,Month-to-Month,Electronic Check,Female,1
CUST_CH_04394,34,109.33,24,11,One-Year,Bank Transfer,Female,1
CUST_CH_04395,13,111.88,36,3,Two-Year,Credit Card,Female,0
CUST_CH_04396,56,84.08,37,53,One-Year,Electronic Check,Female,1
CUST_CH_04397,38,118.6,28,51,One-Year,Credit Card,Female,1
CUST_CH_04398,61,64.95,28,53,Month-to-Month,Electronic Check,Female,1
CUST_CH_04399,55,31.89,3,8,One-Year,Bank Transfer,Female,1
CUST_CH_04400,42,41.14,20,14,One-Year,Bank Transfer,Male,0
CUST_CH_04401,35,77.61,36,19,Month-to-Month,Bank Transfer,Male,1
CUST_CH_04402,19,77.77,41,26,Month-to-Month,Bank Transfer,Female,0
CUST_CH_04403,34,38.44,47,25,Two-Year,Electronic Check,Female,1
CUST_CH_04404,13,101.42,48,33,Month-to-Month,Electronic Check,Male,1
CUST_CH_04405,45,109.34,10,53,Month-to-Month,Credit Card,Female,1
CUST_CH_04406,38,41.88,24,16,Two-Year,Credit Card,Female,0
CUST_CH_04407,45,110.26,50,47,Month-to-Month,Bank Transfer,Male,0
CUST_CH_04408,59,68.44,37,48,One-Year,Bank Transfer,Male,0
CUST_CH_04409,66,108.1,29,25,Month-to-Month,Bank Transfer,Female,1
CUST_CH_04410,38,115.22,6,16,Month-to-Month,Credit Card,Male,0
CUST_CH_04411,52,42.13,37,51,Month-to-Month,Credit Card,Male,1
CUST_CH_04412,22,68.65,32,16,One-Year,Bank Transfer,Female,0
CUST_CH_04413,18,59.85,2,34,Month-to-Month,Credit Card,Female,1
CUST_CH_04414,58,102.28,2,49,Month-to-Month,Electronic Check,Female,0
CUST_CH_04415,70,44.0,40,17,One-Year,Electronic Check,Male,0
CUST_CH_04416,61,113.04,38,13,Month-to-Month,Credit Card,Male,0
CUST_CH_04417,53,94.98,30,19,Month-to-Month,Credit Card,Female,1
CUST_CH_04418,34,118.78,31,51,Month-to-Month,Credit Card,Female,1
CUST_CH_04419,69,92.87,34,1,Two-Year,Electronic Check,Male,1
CUST_CH_04420,41,54.65,1,26,Month-to-Month,Electronic Check,Female,1
CUST_CH_04421,63,92.3,37,14,Two-Year,Bank Transfer,Male,0
CUST_CH_04422,33,34.73,33,58,One-Year,Electronic Check,Male,0
CUST_CH_04423,69,36.14,14,1,One-Year,Electronic Check,Male,1
CUST_CH_04424,41,82.87,46,19,Two-Year,Credit Card,Male,0
CUST_CH_04425,51,93.6,10,39,Month-to-Month,Credit Card,Male,1
CUST_CH_04426,61,119.33,22,33,One-Year,Electronic Check,Female,0
CUST_CH_04427,25,52.97,46,56,Month-to-Month,Electronic Check,Female,0
CUST_CH_04428,37,69.79,27,11,Month-to-Month,Bank Transfer,Female,0
CUST_CH_04429,61,102.9,4,2,One-Year,Electronic Check,Male,0
CUST_CH_04430,49,42.04,36,42,One-Year,Bank Transfer,Male,0
CUST_CH_04431,49,72.42,43,40,One-Year,Bank Transfer,Male,1
CUST_CH_04432,65,90.2,32,56,Month-to-Month,Credit Card,Female,0
CUST_CH_04433,40,115.91,19,7,Month-to-Month,Credit Card,Male,1
CUST_CH_04434,52,88.72,36,4,One-Year,Bank Transfer,Male,0
CUST_CH_04435,72,106.31,30,57,Month-to-Month,Bank Transfer,Female,0
CUST_CH_04436,4,66.19,41,5,Month-to-Month,Credit Card,Male,1
CUST_CH_04437,44,41.52,27,29,Month-to-Month,Bank Transfer,Female,1
CUST_CH_04438,2,58.24,40,33,Two-Year,Credit Card,Male,1
CUST_CH_04439,71,38.68,37,23,Two-Year,Credit Card,Female,0
CUST_CH_04440,37,107.69,34,4,Month-to-Month,Credit Card,Female,1
CUST_CH_04441,59,56.25,4,33,Two-Year,Bank Transfer,Female,0
CUST_CH_04442,34,22.25,25,25,Month-to-Month,Electronic Check,Female,1
CUST_CH_04443,18,90.22,33,34,Month-to-Month,Electronic Check,Male,0
CUST_CH_04444,18,25.88,17,13,Month-to-Month,Electronic Check,Male,0
CUST_CH_04445,63,28.71,9,2,Two-Year,Electronic Check,Female,0
CUST_CH_04446,27,34.45,46,45,Month-to-Month,Bank Transfer,Female,0
CUST_CH_04447,35,20.12,27,27,One-Year,Credit Card,Female,0
CUST_CH_04448,64,51.8,22,19,Month-to-Month,Bank Transfer,Male,1
CUST_CH_04449,45,38.72,49,16,Two-Year,Bank Transfer,Male,1
CUST_CH_04450,55,88.96,28,1,One-Year,Electronic Check,Female,0
CUST_CH_04451,41,42.9,45,3,Month-to-Month,Bank Transfer,Male,1
CUST_CH_04452,1,29.78,30,46,Month-to-Month,Electronic Check,Male,1
CUST_CH_04453,53,108.82,28,2,Month-to-Month,Bank Transfer,Male,1
CUST_CH_04454,6,54.18,31,7,Month-to-Month,Bank Transfer,Male,1
CUST_CH_04455,55,21.26,47,45,One-Year,Credit Card,Male,0
CUST_CH_04456,18,49.14,30,57,Month-to-Month,Credit Card,Female,1
CUST_CH_04457,60,72.87,17,55,Month-to-Month,Bank Transfer,Male,0
CUST_CH_04458,25,23.29,44,50,Two-Year,Bank Transfer,Male,0
CUST_CH_04459,44,72.43,39,12,Month-to-Month,Electronic Check,Female,1
CUST_CH_04460,24,29.46,38,47,One-Year,Electronic Check,Female,0
CUST_CH_04461,47,101.33,15,21,Month-to-Month,Credit Card,Male,0
CUST_CH_04462,34,89.61,8,31,One-Year,Bank Transfer,Female,1
CUST_CH_04463,16,110.69,9,29,Two-Year,Electronic Check,Female,1
CUST_CH_04464,60,109.75,16,47,Two-Year,Bank Transfer,Female,1
CUST_CH_04465,10,103.07,49,40,Month-to-Month,Credit Card,Male,1
CUST_CH_04466,39,66.96,15,23,Month-to-Month,Credit Card,Male,1
CUST_CH_04467,29,99.66,18,41,One-Year,Electronic Check,Male,0
CUST_CH_04468,39,115.54,17,59,Month-to-Month,Electronic Check,Male,1
CUST_CH_04469,45,31.81,24,19,One-Year,Credit Card,Male,1
CUST_CH_04470,62,27.91,10,29,Month-to-Month,Bank Transfer,Female,1
CUST_CH_04471,58,71.54,37,0,Month-to-Month,Credit Card,Female,0
CUST_CH_04472,19,105.15,21,20,Two-Year,Credit Card,Female,0
CUST_CH_04473,38,51.51,36,31,Two-Year,Bank Transfer,Female,1
CUST_CH_04474,13,39.41,3,19,Two-Year,Credit Card,Female,0
CUST_CH_04475,69,102.23,17,37,Two-Year,Credit Card,Male,0
CUST_CH_04476,18,67.26,7,9,Month-to-Month,Bank Transfer,Female,0
CUST_CH_04477,11,105.68,5,26,Month-to-Month,Credit Card,Male,1
CUST_CH_04478,69,115.84,46,54,Month-to-Month,Credit Card,Male,1
CUST_CH_04479,7,94.79,10,8,One-Year,Bank Transfer,Male,1
CUST_CH_04480,60,70.39,29,9,Month-to-Month,Credit Card,Female,1
CUST_CH_04481,55,98.43,46,39,Month-to-Month,Electronic Check,Female,1
CUST_CH_04482,26,49.75,42,20,Two-Year,Bank Transfer,Female,0
CUST_CH_04483,31,86.37,8,32,One-Year,Credit Card,Male,1
CUST_CH_04484,68,111.91,44,12,Month-to-Month,Credit Card,Female,1
CUST_CH_04485,56,38.84,33,1,Month-to-Month,Bank Transfer,Female,0
CUST_CH_04486,16,55.73,49,28,Month-to-Month,Bank Transfer,Male,1
CUST_CH_04487,66,92.51,18,55,Two-Year,Bank Transfer,Male,1
CUST_CH_04488,9,68.25,30,0,Month-to-Month,Electronic Check,Female,0
CUST_CH_04489,67,118.1,8,2,Month-to-Month,Electronic Check,Female,1
CUST_CH_04490,56,67.26,24,43,Month-to-Month,Electronic Check,Female,1
CUST_CH_04491,6,33.13,12,18,Two-Year,Bank Transfer,Male,1
CUST_CH_04492,12,76.68,37,17,Month-to-Month,Bank Transfer,Male,0
CUST_CH_04493,9,30.97,27,52,Month-to-Month,Bank Transfer,Male,0
CUST_CH_04494,20,101.4,4,18,Month-to-Month,Credit Card,Female,1
CUST_CH_04495,64,31.26,38,37,Two-Year,Electronic Check,Female,0
CUST_CH_04496,19,115.13,28,1,Month-to-Month,Credit Card,Female,0
CUST_CH_04497,24,89.13,34,36,Month-to-Month,Electronic Check,Female,0
CUST_CH_04498,24,106.15,27,2,One-Year,Credit Card,Male,0
CUST_CH_04499,20,74.78,19,21,Month-to-Month,Credit Card,Female,1
CUST_CH_04500,59,26.88,14,28,One-Year,Electronic Check,Female,0
CUST_CH_04501,29,21.64,37,56,Two-Year,Credit Card,Male,0
CUST_CH_04502,5,79.29,15,36,Month-to-Month,Electronic Check,Male,0
CUST_CH_04503,68,90.79,6,36,One-Year,Bank Transfer,Male,1
CUST_CH_04504,51,69.98,16,20,Month-to-Month,Electronic Check,Female,1
CUST_CH_04505,37,92.63,39,21,Two-Year,Bank Transfer,Male,1
CUST_CH_04506,11,83.92,18,51,Month-to-Month,Bank Transfer,Male,1
CUST_CH_04507,1,30.55,37,32,One-Year,Bank Transfer,Female,0
CUST_CH_04508,6,91.15,23,10,Two-Year,Electronic Check,Male,0
CUST_CH_04509,62,41.66,49,34,Two-Year,Credit Card,Female,0
CUST_CH_04510,16,38.25,2,7,Month-to-Month,Bank Transfer,Male,0
CUST_CH_04511,47,55.21,48,57,Two-Year,Electronic Check,Female,0
CUST_CH_04512,56,87.44,22,9,Month-to-Month,Bank Transfer,Male,0
CUST_CH_04513,9,23.1,8,8,One-Year,Credit Card,Male,0
CUST_CH_04514,31,78.58,6,60,One-Year,Electronic Check,Male,1
CUST_CH_04515,20,49.92,5,37,Two-Year,Electronic Check,Female,1
CUST_CH_04516,4,69.58,15,7,Month-to-Month,Electronic Check,Female,0
CUST_CH_04517,72,81.21,6,43,Month-to-Month,Credit Card,Male,1
CUST_CH_04518,30,23.17,11,22,Month-to-Month,Credit Card,Male,0
CUST_CH_04519,35,68.98,47,7,Month-to-Month,Credit Card,Male,1
CUST_CH_04520,20,82.12,39,1,Month-to-Month,Bank Transfer,Female,1
CUST_CH_04521,39,107.15,5,34,Month-to-Month,Electronic Check,Female,1
CUST_CH_04522,39,20.39,25,49,One-Year,Credit Card,Male,0
CUST_CH_04523,56,97.48,37,25,Month-to-Month,Electronic Check,Female,1
CUST_CH_04524,2,43.26,24,57,Month-to-Month,Electronic Check,Male,1
CUST_CH_04525,39,47.46,33,48,Month-to-Month,Bank Transfer,Female,1
CUST_CH_04526,29,116.61,28,5,Month-to-Month,Bank Transfer,Male,0
CUST_CH_04527,38,78.12,5,8,One-Year,Electronic Check,Female,0
CUST_CH_04528,71,53.19,35,38,Month-to-Month,Bank Transfer,Male,1
CUST_CH_04529,29,89.25,40,4,Month-to-Month,Electronic Check,Male,0
CUST_CH_04530,56,89.24,31,18,Month-to-Month,Electronic Check,Female,1
CUST_CH_04531,1,35.63,24,45,Two-Year,Electronic Check,Male,1
CUST_CH_04532,72,23.22,10,17,Month-to-Month,Credit Card,Female,0
CUST_CH_04533,13,55.84,8,27,Month-to-Month,Credit Card,Male,0
CUST_CH_04534,63,89.9,7,20,Month-to-Month,Bank Transfer,Male,0
CUST_CH_04535,41,31.63,10,1,Two-Year,Bank Transfer,Female,0
CUST_CH_04536,28,84.26,43,7,Month-to-Month,Electronic Check,Female,1
CUST_CH_04537,56,52.89,49,23,Two-Year,Electronic Check,Female,1
CUST_CH_04538,55,24.75,28,12,One-Year,Electronic Check,Female,0
CUST_CH_04539,19,98.82,5,7,One-Year,Electronic Check,Male,0
CUST_CH_04540,26,61.2,21,44,One-Year,Bank Transfer,Male,0
CUST_CH_04541,58,55.25,18,49,Month-to-Month,Credit Card,Female,0
CUST_CH_04542,28,77.81,32,26,Two-Year,Credit Card,Female,0
CUST_CH_04543,35,108.37,18,25,Month-to-Month,Bank Transfer,Male,1
CUST_CH_04544,9,24.61,14,29,Two-Year,Bank Transfer,Female,0
CUST_CH_04545,25,31.79,35,44,Month-to-Month,Bank Transfer,Male,0
CUST_CH_04546,41,82.09,41,53,Month-to-Month,Bank Transfer,Female,1
CUST_CH_04547,40,97.89,21,34,Month-to-Month,Credit Card,Female,1
CUST_CH_04548,34,54.9,8,47,Two-Year,Bank Transfer,Female,0
CUST_CH_04549,58,107.29,3,28,One-Year,Electronic Check,Male,0
CUST_CH_04550,68,61.32,20,60,Month-to-Month,Credit Card,Male,0
CUST_CH_04551,9,106.31,34,12,Month-to-Month,Electronic Check,Female,0
CUST_CH_04552,39,55.79,4,1,One-Year,Electronic Check,Male,0
CUST_CH_04553,24,108.49,1,45,One-Year,Electronic Check,Female,0
CUST_CH_04554,28,93.74,42,57,Month-to-Month,Electronic Check,Female,1
CUST_CH_04555,28,28.83,31,43,One-Year,Electronic Check,Female,0
CUST_CH_04556,52,35.49,23,34,Month-to-Month,Bank Transfer,Male,0
CUST_CH_04557,19,62.16,1,53,Month-to-Month,Bank Transfer,Female,1
CUST_CH_04558,48,56.42,29,38,One-Year,Electronic Check,Male,0
CUST_CH_04559,63,67.08,37,54,One-Year,Bank Transfer,Male,1
CUST_CH_04560,61,87.15,43,27,Month-to-Month,Electronic Check,Female,1
CUST_CH_04561,24,54.75,26,38,Two-Year,Bank Transfer,Female,0
CUST_CH_04562,35,91.09,31,36,One-Year,Credit Card,Male,0
CUST_CH_04563,64,79.99,43,37,Month-to-Month,Credit Card,Male,0
CUST_CH_04564,17,100.71,20,45,Month-to-Month,Credit Card,Female,0
CUST_CH_04565,64,96.24,49,24,Month-to-Month,Electronic Check,Female,1
CUST_CH_04566,58,30.47,13,36,Two-Year,Electronic Check,Female,0
CUST_CH_04567,36,100.11,17,1,One-Year,Bank Transfer,Female,1
CUST_CH_04568,37,89.85,1,20,One-Year,Electronic Check,Male,0
CUST_CH_04569,54,81.08,33,15,Month-to-Month,Electronic Check,Female,1
CUST_CH_04570,39,112.97,48,56,Month-to-Month,Bank Transfer,Female,0
CUST_CH_04571,44,111.75,23,4,Two-Year,Credit Card,Female,1
CUST_CH_04572,47,59.07,29,5,Two-Year,Credit Card,Male,0
CUST_CH_04573,21,114.71,40,5,One-Year,Bank Transfer,Female,0
CUST_CH_04574,43,86.01,42,58,Two-Year,Credit Card,Male,0
CUST_CH_04575,39,79.69,48,55,Two-Year,Electronic Check,Male,1
CUST_CH_04576,24,114.66,40,46,One-Year,Electronic Check,Male,0
CUST_CH_04577,70,31.31,33,14,Month-to-Month,Credit Card,Male,1
CUST_CH_04578,25,22.85,42,39,Two-Year,Electronic Check,Male,1
CUST_CH_04579,69,29.54,13,60,Two-Year,Electronic Check,Male,1
CUST_CH_04580,54,97.46,43,35,One-Year,Credit Card,Female,1
CUST_CH_04581,57,82.91,7,25,Two-Year,Bank Transfer,Female,0
CUST_CH_04582,40,38.58,29,41,Month-to-Month,Credit Card,Female,1
CUST_CH_04583,32,20.31,16,5,Month-to-Month,Electronic Check,Male,1
CUST_CH_04584,43,103.97,41,4,Two-Year,Credit Card,Female,0
CUST_CH_04585,61,106.2,10,50,One-Year,Bank Transfer,Male,1
CUST_CH_04586,71,44.19,45,4,Month-to-Month,Bank Transfer,Male,0
CUST_CH_04587,56,27.33,22,36,Month-to-Month,Electronic Check,Male,1
CUST_CH_04588,31,100.88,21,31,One-Year,Electronic Check,Male,0
CUST_CH_04589,36,86.77,41,21,Two-Year,Bank Transfer,Female,1
CUST_CH_04590,30,49.97,47,54,One-Year,Electronic Check,Female,1
CUST_CH_04591,32,90.94,46,54,Month-to-Month,Bank Transfer,Male,0
CUST_CH_04592,15,62.79,4,58,Month-to-Month,Credit Card,Female,1
CUST_CH_04593,5,22.52,44,41,One-Year,Bank Transfer,Male,0
CUST_CH_04594,37,57.18,4,57,Month-to-Month,Credit Card,Male,1
CUST_CH_04595,67,73.26,21,16,Month-to-Month,Electronic Check,Male,1
CUST_CH_04596,29,20.72,47,3,Month-to-Month,Credit Card,Male,1
CUST_CH_04597,1,21.42,23,60,Month-to-Month,Bank Transfer,Female,1
CUST_CH_04598,62,104.23,44,34,Two-Year,Electronic Check,Male,0
CUST_CH_04599,45,78.93,35,11,Month-to-Month,Bank Transfer,Female,0
CUST_CH_04600,13,38.2,12,10,Two-Year,Bank Transfer,Female,0
CUST_CH_04601,42,106.63,29,0,One-Year,Electronic Check,Female,0
CUST_CH_04602,35,82.35,28,5,One-Year,Electronic Check,Male,0
CUST_CH_04603,59,80.2,50,40,Month-to-Month,Credit Card,Female,1
CUST_CH_04604,31,86.45,26,57,Month-to-Month,Electronic Check,Male,1
CUST_CH_04605,24,89.33,34,47,One-Year,Electronic Check,Female,0
CUST_CH_04606,40,32.15,39,32,Two-Year,Electronic Check,Female,1
CUST_CH_04607,61,102.39,2,41,Month-to-Month,Bank Transfer,Male,1
CUST_CH_04608,45,74.74,14,58,Two-Year,Bank Transfer,Male,0
CUST_CH_04609,30,90.37,10,60,Month-to-Month,Bank Transfer,Male,1
CUST_CH_04610,65,40.08,37,20,One-Year,Electronic Check,Male,1
CUST_CH_04611,42,65.38,41,38,One-Year,Electronic Check,Male,0
CUST_CH_04612,2,69.31,5,39,Month-to-Month,Bank Transfer,Male,0
CUST_CH_04613,33,51.92,28,53,Month-to-Month,Credit Card,Male,1
CUST_CH_04614,39,40.66,1,50,Month-to-Month,Electronic Check,Female,1
CUST_CH_04615,26,34.75,19,44,One-Year,Electronic Check,Male,0
CUST_CH_04616,20,35.8,29,44,Two-Year,Credit Card,Female,0
CUST_CH_04617,13,30.46,34,57,Month-to-Month,Electronic Check,Male,1
CUST_CH_04618,7,93.55,28,21,Month-to-Month,Credit Card,Female,1
CUST_CH_04619,8,20.74,40,16,One-Year,Credit Card,Female,0
CUST_CH_04620,13,86.81,47,51,One-Year,Electronic Check,Female,1
CUST_CH_04621,17,57.79,13,24,Two-Year,Electronic Check,Male,1
CUST_CH_04622,37,24.09,30,8,Month-to-Month,Credit Card,Male,0
CUST_CH_04623,38,88.49,47,30,Month-to-Month,Bank Transfer,Male,0
CUST_CH_04624,3,84.93,26,17,Month-to-Month,Credit Card,Male,0
CUST_CH_04625,67,89.98,13,25,Month-to-Month,Credit Card,Male,1
CUST_CH_04626,42,112.41,11,30,Two-Year,Electronic Check,Male,1
CUST_CH_04627,17,60.11,23,39,Month-to-Month,Bank Transfer,Male,0
CUST_CH_04628,15,71.22,40,8,Month-to-Month,Bank Transfer,Female,0
CUST_CH_04629,28,48.25,13,0,Month-to-Month,Credit Card,Male,1
CUST_CH_04630,55,46.32,28,49,Month-to-Month,Bank Transfer,Female,0
CUST_CH_04631,37,34.44,25,30,Month-to-Month,Credit Card,Male,1
CUST_CH_04632,54,91.1,35,49,One-Year,Credit Card,Male,1
CUST_CH_04633,3,103.0,23,14,One-Year,Bank Transfer,Female,0
CUST_CH_04634,22,70.7,43,2,Month-to-Month,Bank Transfer,Female,1
CUST_CH_04635,40,54.66,25,33,One-Year,Electronic Check,Male,0
CUST_CH_04636,31,37.64,41,43,Two-Year,Bank Transfer,Male,1
CUST_CH_04637,53,23.07,31,28,Two-Year,Credit Card,Female,0
CUST_CH_04638,21,119.31,30,16,Month-to-Month,Electronic Check,Male,1
CUST_CH_04639,50,25.46,5,46,Two-Year,Electronic Check,Male,1
CUST_CH_04640,14,49.9,32,25,One-Year,Electronic Check,Male,0
CUST_CH_04641,2,53.06,24,39,Month-to-Month,Electronic Check,Male,1
CUST_CH_04642,15,66.29,8,8,Month-to-Month,Bank Transfer,Male,0
CUST_CH_04643,33,116.16,2,39,Month-to-Month,Credit Card,Male,1
CUST_CH_04644,4,74.23,28,6,Month-to-Month,Credit Card,Male,1
CUST_CH_04645,59,108.15,49,10,One-Year,Bank Transfer,Male,1
CUST_CH_04646,9,105.86,20,50,One-Year,Credit Card,Female,0
CUST_CH_04647,54,112.82,8,60,Two-Year,Credit Card,Female,1
CUST_CH_04648,37,84.15,2,36,Month-to-Month,Credit Card,Male,1
CUST_CH_04649,25,68.48,41,44,Month-to-Month,Bank Transfer,Female,1
CUST_CH_04650,70,48.85,3,4,Month-to-Month,Bank Transfer,Male,0
CUST_CH_04651,68,111.71,44,47,Month-to-Month,Credit Card,Female,1
CUST_CH_04652,37,114.06,36,22,Two-Year,Electronic Check,Female,0
CUST_CH_04653,72,22.53,30,17,Month-to-Month,Electronic Check,Male,1
CUST_CH_04654,71,23.81,34,16,Month-to-Month,Electronic Check,Male,1
CUST_CH_04655,68,52.33,43,24,Month-to-Month,Bank Transfer,Female,1
CUST_CH_04656,65,109.09,6,11,Two-Year,Bank Transfer,Female,1
CUST_CH_04657,24,110.9,19,20,One-Year,Bank Transfer,Male,1
CUST_CH_04658,7,31.24,37,28,Two-Year,Credit Card,Female,0
CUST_CH_04659,2,107.7,9,27,One-Year,Electronic Check,Female,0
CUST_CH_04660,46,52.62,36,21,Month-to-Month,Credit Card,Female,1
CUST_CH_04661,57,82.08,2,47,Two-Year,Electronic Check,Female,1
CUST_CH_04662,44,20.39,18,38,Month-to-Month,Bank Transfer,Male,1
CUST_CH_04663,66,106.79,18,22,Two-Year,Bank Transfer,Male,0
CUST_CH_04664,50,54.03,15,17,Month-to-Month,Credit Card,Male,0
CUST_CH_04665,38,74.85,18,53,Month-to-Month,Bank Transfer,Male,0
CUST_CH_04666,50,46.4,46,22,Two-Year,Bank Transfer,Female,0
CUST_CH_04667,66,83.81,36,46,Month-to-Month,Bank Transfer,Male,1
CUST_CH_04668,4,27.84,26,48,Month-to-Month,Bank Transfer,Female,0
CUST_CH_04669,52,42.49,2,14,One-Year,Electronic Check,Female,0
CUST_CH_04670,16,37.34,34,51,One-Year,Electronic Check,Male,0
CUST_CH_04671,60,65.16,31,14,Month-to-Month,Bank Transfer,Female,0
CUST_CH_04672,33,23.35,37,21,One-Year,Credit Card,Female,0
CUST_CH_04673,49,43.48,33,1,Two-Year,Credit Card,Male,0
CUST_CH_04674,12,76.68,8,35,Two-Year,Electronic Check,Male,1
CUST_CH_04675,12,43.95,9,4,One-Year,Credit Card,Female,0
CUST_CH_04676,29,51.99,1,40,Two-Year,Electronic Check,Male,0
CUST_CH_04677,57,20.52,21,16,Month-to-Month,Bank Transfer,Male,1
CUST_CH_04678,2,99.18,5,42,Month-to-Month,Bank Transfer,Female,1
CUST_CH_04679,64,66.76,23,0,Month-to-Month,Bank Transfer,Male,1
CUST_CH_04680,46,102.01,28,16,Month-to-Month,Credit Card,Female,0
CUST_CH_04681,67,42.59,28,52,Month-to-Month,Bank Transfer,Male,1
CUST_CH_04682,47,102.95,33,21,One-Year,Electronic Check,Female,1
CUST_CH_04683,19,72.78,39,7,Two-Year,Credit Card,Male,0
CUST_CH_04684,28,69.98,20,19,Month-to-Month,Bank Transfer,Female,0
CUST_CH_04685,16,118.37,34,27,Two-Year,Credit Card,Female,1
CUST_CH_04686,27,28.08,17,1,Month-to-Month,Bank Transfer,Male,0
CUST_CH_04687,69,88.81,46,45,Month-to-Month,Bank Transfer,Male,0
CUST_CH_04688,5,86.22,20,12,Month-to-Month,Electronic Check,Female,0
CUST_CH_04689,45,107.25,26,5,One-Year,Bank Transfer,Female,0
CUST_CH_04690,20,44.96,15,29,Month-to-Month,Electronic Check,Male,0
CUST_CH_04691,67,71.06,13,12,Month-to-Month,Electronic Check,Female,1
CUST_CH_04692,11,55.27,22,6,Month-to-Month,Credit Card,Male,0
CUST_CH_04693,49,26.4,29,9,Month-to-Month,Bank Transfer,Male,0
CUST_CH_04694,27,24.24,33,38,Month-to-Month,Electronic Check,Female,1
CUST_CH_04695,22,24.23,49,54,Two-Year,Electronic Check,Female,0
CUST_CH_04696,68,100.15,3,32,One-Year,Electronic Check,Male,0
CUST_CH_04697,33,65.11,30,60,Month-to-Month,Credit Card,Female,0
CUST_CH_04698,2,100.0,25,49,Month-to-Month,Electronic Check,Female,1
CUST_CH_04699,61,111.14,23,57,One-Year,Electronic Check,Male,0
CUST_CH_04700,14,101.19,24,19,Month-to-Month,Electronic Check,Male,1
CUST_CH_04701,43,104.88,42,20,Month-to-Month,Electronic Check,Male,1
CUST_CH_04702,28,105.61,48,59,Month-to-Month,Bank Transfer,Male,1
CUST_CH_04703,21,54.71,2,4,Two-Year,Bank Transfer,Female,0
CUST_CH_04704,28,53.74,40,35,One-Year,Credit Card,Female,0
CUST_CH_04705,55,75.61,41,39,One-Year,Electronic Check,Male,0
CUST_CH_04706,55,110.45,3,4,One-Year,Electronic Check,Male,1
CUST_CH_04707,31,114.88,5,5,Two-Year,Electronic Check,Male,0
CUST_CH_04708,39,69.22,23,33,Month-to-Month,Bank Transfer,Female,1
CUST_CH_04709,32,26.28,5,7,Month-to-Month,Bank Transfer,Male,1
CUST_CH_04710,57,108.05,43,9,One-Year,Electronic Check,Male,1
CUST_CH_04711,36,103.15,20,5,Month-to-Month,Electronic Check,Female,0
CUST_CH_04712,11,79.09,32,14,Month-to-Month,Electronic Check,Female,0
CUST_CH_04713,10,47.98,38,37,Month-to-Month,Bank Transfer,Female,1
CUST_CH_04714,16,42.9,38,43,Month-to-Month,Credit Card,Female,0
CUST_CH_04715,67,42.85,50,60,Month-to-Month,Electronic Check,Female,1
CUST_CH_04716,41,55.34,33,56,One-Year,Bank Transfer,Female,0
CUST_CH_04717,36,71.31,20,7,Month-to-Month,Credit Card,Male,1
CUST_CH_04718,3,107.83,35,1,Month-to-Month,Bank Transfer,Male,1
CUST_CH_04719,7,23.35,33,50,Month-to-Month,Credit Card,Male,1
CUST_CH_04720,43,55.63,50,45,One-Year,Credit Card,Female,0
CUST_CH_04721,32,99.69,34,20,Two-Year,Credit Card,Male,1
CUST_CH_04722,33,110.02,20,14,One-Year,Credit Card,Female,0
CUST_CH_04723,58,51.24,33,0,Month-to-Month,Electronic Check,Female,0
CUST_CH_04724,26,116.29,46,1,Month-to-Month,Credit Card,Male,0
CUST_CH_04725,21,86.66,48,42,Month-to-Month,Electronic Check,Male,1
CUST_CH_04726,39,77.79,11,2,Month-to-Month,Credit Card,Female,0
CUST_CH_04727,46,54.72,32,43,Two-Year,Bank Transfer,Female,0
CUST_CH_04728,10,65.67,29,33,Month-to-Month,Electronic Check,Female,1
CUST_CH_04729,32,65.39,49,14,Month-to-Month,Bank Transfer,Male,0
CUST_CH_04730,32,20.42,15,32,Month-to-Month,Credit Card,Female,0
CUST_CH_04731,43,105.81,47,6,Month-to-Month,Credit Card,Female,0
CUST_CH_04732,14,72.82,9,30,One-Year,Bank Transfer,Female,0
CUST_CH_04733,70,47.8,7,28,Month-to-Month,Credit Card,Male,1
CUST_CH_04734,25,51.3,39,23,One-Year,Electronic Check,Female,0
CUST_CH_04735,64,55.82,39,12,Month-to-Month,Electronic Check,Female,0
CUST_CH_04736,14,56.26,24,54,Month-to-Month,Credit Card,Male,1
CUST_CH_04737,19,102.81,50,60,Month-to-Month,Electronic Check,Male,1
CUST_CH_04738,15,95.69,28,39,Two-Year,Credit Card,Female,1
CUST_CH_04739,40,95.8,35,55,Month-to-Month,Electronic Check,Female,1
CUST_CH_04740,68,52.61,34,22,Month-to-Month,Electronic Check,Male,1
CUST_CH_04741,36,32.24,18,21,Month-to-Month,Bank Transfer,Male,1
CUST_CH_04742,5,28.17,12,7,One-Year,Bank Transfer,Female,0
CUST_CH_04743,57,73.72,15,18,Month-to-Month,Credit Card,Female,0
CUST_CH_04744,17,66.92,20,10,One-Year,Credit Card,Female,1
CUST_CH_04745,28,41.25,7,21,Month-to-Month,Credit Card,Male,0
CUST_CH_04746,7,59.51,13,31,Month-to-Month,Credit Card,Female,0
CUST_CH_04747,69,59.66,31,8,Month-to-Month,Electronic Check,Male,0
CUST_CH_04748,39,102.14,40,32,One-Year,Credit Card,Male,0
CUST_CH_04749,43,112.23,5,7,Month-to-Month,Electronic Check,Female,0
CUST_CH_04750,13,47.44,8,11,Month-to-Month,Electronic Check,Male,0
CUST_CH_04751,46,76.78,45,55,Two-Year,Electronic Check,Male,0
CUST_CH_04752,10,64.68,40,30,One-Year,Bank Transfer,Male,1
CUST_CH_04753,16,52.24,14,14,One-Year,Bank Transfer,Female,1
CUST_CH_04754,48,84.2,43,28,Month-to-Month,Credit Card,Female,1
CUST_CH_04755,57,55.57,47,6,Month-to-Month,Bank Transfer,Male,0
CUST_CH_04756,1,87.66,44,25,Month-to-Month,Electronic Check,Female,1
CUST_CH_04757,6,106.68,21,47,Month-to-Month,Credit Card,Male,1
CUST_CH_04758,18,92.17,20,14,Two-Year,Electronic Check,Female,1
CUST_CH_04759,44,65.45,5,29,Month-to-Month,Credit Card,Male,1
CUST_CH_04760,64,45.12,49,24,One-Year,Credit Card,Female,0
CUST_CH_04761,41,31.21,42,14,Month-to-Month,Credit Card,Male,0
CUST_CH_04762,27,86.07,31,20,Month-to-Month,Credit Card,Female,1
CUST_CH_04763,17,30.16,9,33,Two-Year,Bank Transfer,Male,0
CUST_CH_04764,42,92.7,25,42,Month-to-Month,Bank Transfer,Male,1
CUST_CH_04765,52,94.59,25,37,Month-to-Month,Credit Card,Female,1
CUST_CH_04766,1,60.55,5,59,Month-to-Month,Electronic Check,Female,1
CUST_CH_04767,72,89.6,31,58,Month-to-Month,Electronic Check,Female,1
CUST_CH_04768,56,103.64,15,28,One-Year,Electronic Check,Female,0
CUST_CH_04769,10,76.89,21,30,Month-to-Month,Bank Transfer,Female,1
CUST_CH_04770,23,116.92,30,32,Two-Year,Credit Card,Female,0
CUST_CH_04771,64,56.75,16,0,Two-Year,Bank Transfer,Male,0
CUST_CH_04772,20,97.79,32,48,Two-Year,Credit Card,Male,1
CUST_CH_04773,46,53.01,12,5,One-Year,Credit Card,Female,0
CUST_CH_04774,15,69.94,46,0,One-Year,Bank Transfer,Female,0
CUST_CH_04775,14,105.79,6,60,Month-to-Month,Bank Transfer,Female,1
CUST_CH_04776,45,51.17,37,36,One-Year,Bank Transfer,Female,0
CUST_CH_04777,47,96.36,48,54,Month-to-Month,Electronic Check,Male,1
CUST_CH_04778,24,104.42,31,42,Month-to-Month,Electronic Check,Female,0
CUST_CH_04779,36,22.88,29,19,One-Year,Electronic Check,Male,0
CUST_CH_04780,19,114.52,33,14,Two-Year,Credit Card,Male,0
CUST_CH_04781,54,48.3,32,32,Month-to-Month,Credit Card,Female,1
CUST_CH_04782,2,60.75,41,18,Month-to-Month,Electronic Check,Female,1
CUST_CH_04783,72,76.52,49,41,Month-to-Month,Bank Transfer,Female,0
CUST_CH_04784,57,59.0,25,52,Month-to-Month,Electronic Check,Male,0
CUST_CH_04785,1,45.16,2,54,Month-to-Month,Bank Transfer,Female,1
CUST_CH_04786,55,24.03,19,30,Month-to-Month,Bank Transfer,Male,0
CUST_CH_04787,72,77.53,28,21,One-Year,Electronic Check,Female,1
CUST_CH_04788,2,115.55,46,21,Month-to-Month,Credit Card,Male,1
CUST_CH_04789,60,112.2,13,45,Month-to-Month,Credit Card,Female,0
CUST_CH_04790,66,75.45,17,0,Month-to-Month,Bank Transfer,Female,0
CUST_CH_04791,19,61.41,44,27,One-Year,Electronic Check,Female,0
CUST_CH_04792,9,89.1,25,13,Two-Year,Credit Card,Male,1
CUST_CH_04793,41,98.92,45,4,Month-to-Month,Electronic Check,Female,1
CUST_CH_04794,18,21.42,35,45,Month-to-Month,Bank Transfer,Male,1
CUST_CH_04795,28,81.63,5,37,Two-Year,Bank Transfer,Female,0
CUST_CH_04796,58,36.68,9,34,One-Year,Electronic Check,Male,0
CUST_CH_04797,59,34.6,7,0,Month-to-Month,Electronic Check,Female,1
CUST_CH_04798,69,53.65,37,44,Month-to-Month,Bank Transfer,Female,0
CUST_CH_04799,12,53.57,36,42,One-Year,Credit Card,Male,1
CUST_CH_04800,24,88.85,39,29,Month-to-Month,Credit Card,Female,0
CUST_CH_04801,54,90.83,29,56,Month-to-Month,Bank Transfer,Female,0
CUST_CH_04802,36,27.57,6,0,One-Year,Electronic Check,Male,1
CUST_CH_04803,6,87.13,46,39,Month-to-Month,Electronic Check,Male,1
CUST_CH_04804,70,22.34,39,10,Month-to-Month,Electronic Check,Female,1
CUST_CH_04805,47,35.24,26,56,Month-to-Month,Electronic Check,Male,1
CUST_CH_04806,11,105.62,4,0,Month-to-Month,Electronic Check,Male,0
CUST_CH_04807,1,96.27,40,32,One-Year,Credit Card,Female,1
CUST_CH_04808,51,55.67,13,43,Month-to-Month,Electronic Check,Female,0
CUST_CH_04809,21,93.3,18,7,Month-to-Month,Bank Transfer,Female,0
CUST_CH_04810,46,33.4,38,9,Month-to-Month,Bank Transfer,Male,0
CUST_CH_04811,1,91.13,37,50,Month-to-Month,Bank Transfer,Female,1
CUST_CH_04812,37,73.99,24,40,Month-to-Month,Bank Transfer,Male,1
CUST_CH_04813,16,52.09,39,60,Month-to-Month,Credit Card,Female,1
CUST_CH_04814,7,109.43,1,50,Month-to-Month,Credit Card,Female,1
CUST_CH_04815,15,116.28,29,25,One-Year,Credit Card,Female,0
CUST_CH_04816,39,22.36,16,0,Two-Year,Bank Transfer,Male,0
CUST_CH_04817,51,50.03,43,4,Month-to-Month,Bank Transfer,Female,1
CUST_CH_04818,2,79.26,20,57,Month-to-Month,Bank Transfer,Male,1
CUST_CH_04819,41,56.49,34,45,Month-to-Month,Bank Transfer,Female,1
CUST_CH_04820,26,27.37,40,14,Month-to-Month,Electronic Check,Female,1
CUST_CH_04821,72,62.48,49,3,Month-to-Month,Electronic Check,Male,1
CUST_CH_04822,3,26.8,3,15,Month-to-Month,Electronic Check,Male,0
CUST_CH_04823,51,102.12,37,5,Two-Year,Bank Transfer,Female,1
CUST_CH_04824,53,88.69,41,23,Month-to-Month,Electronic Check,Male,1
CUST_CH_04825,31,60.35,50,46,Two-Year,Bank Transfer,Female,1
CUST_CH_04826,2,56.25,39,16,Month-to-Month,Bank Transfer,Male,1
CUST_CH_04827,64,44.32,16,4,Month-to-Month,Credit Card,Male,1
CUST_CH_04828,23,60.8,37,22,Month-to-Month,Electronic Check,Male,0
CUST_CH_04829,50,81.48,50,3,One-Year,Electronic Check,Female,0
CUST_CH_04830,48,85.95,36,20,Month-to-Month,Credit Card,Female,0
CUST_CH_04831,15,46.96,27,29,One-Year,Credit Card,Male,0
CUST_CH_04832,27,88.59,23,37,Month-to-Month,Credit Card,Female,1
CUST_CH_04833,35,119.48,39,4,Two-Year,Electronic Check,Female,0
CUST_CH_04834,33,94.86,26,10,Month-to-Month,Bank Transfer,Male,0
CUST_CH_04835,21,88.63,32,46,One-Year,Electronic Check,Male,0
CUST_CH_04836,19,57.87,10,26,Month-to-Month,Credit Card,Male,1
CUST_CH_04837,43,28.22,31,44,Month-to-Month,Bank Transfer,Male,1
CUST_CH_04838,11,31.62,12,52,One-Year,Bank Transfer,Female,0
CUST_CH_04839,47,80.31,23,38,One-Year,Bank Transfer,Female,1
CUST_CH_04840,67,106.08,36,33,Two-Year,Credit Card,Male,1
CUST_CH_04841,72,64.3,23,36,Two-Year,Credit Card,Male,1
CUST_CH_04842,32,119.3,49,14,Month-to-Month,Credit Card,Male,0
CUST_CH_04843,35,23.41,44,40,Month-to-Month,Electronic Check,Female,1
CUST_CH_04844,32,27.17,45,36,Month-to-Month,Electronic Check,Female,1
CUST_CH_04845,46,89.9,2,21,Month-to-Month,Bank Transfer,Male,0
CUST_CH_04846,61,60.17,4,50,One-Year,Credit Card,Male,1
CUST_CH_04847,57,112.36,38,58,One-Year,Electronic Check,Female,0
CUST_CH_04848,30,29.89,46,5,Month-to-Month,Electronic Check,Female,0
CUST_CH_04849,33,93.12,16,54,One-Year,Bank Transfer,Female,1
CUST_CH_04850,28,53.13,13,0,Two-Year,Electronic Check,Male,0
CUST_CH_04851,7,38.08,42,36,Two-Year,Credit Card,Male,1
CUST_CH_04852,7,60.12,38,27,One-Year,Bank Transfer,Female,1
CUST_CH_04853,53,41.52,25,36,Month-to-Month,Bank Transfer,Male,1
CUST_CH_04854,59,66.9,11,56,Two-Year,Credit Card,Female,0
CUST_CH_04855,14,34.66,12,11,Month-to-Month,Bank Transfer,Female,1
CUST_CH_04856,52,29.96,27,5,Two-Year,Bank Transfer,Male,0
CUST_CH_04857,43,33.47,28,42,Two-Year,Electronic Check,Female,0
CUST_CH_04858,61,51.82,38,55,Month-to-Month,Credit Card,Female,1
CUST_CH_04859,35,75.3,29,18,One-Year,Credit Card,Male,0
CUST_CH_04860,52,53.35,27,10,Month-to-Month,Electronic Check,Male,0
CUST_CH_04861,29,119.83,16,9,One-Year,Bank Transfer,Female,0
CUST_CH_04862,68,63.88,29,11,One-Year,Electronic Check,Male,0
CUST_CH_04863,32,46.55,28,9,Month-to-Month,Electronic Check,Male,1
CUST_CH_04864,39,67.16,6,60,Month-to-Month,Bank Transfer,Female,1
CUST_CH_04865,35,27.7,13,6,Month-to-Month,Bank Transfer,Male,1
CUST_CH_04866,72,52.71,11,34,Two-Year,Electronic Check,Female,0
CUST_CH_04867,64,67.03,29,3,Month-to-Month,Credit Card,Male,0
CUST_CH_04868,53,52.64,26,52,Month-to-Month,Electronic Check,Female,1
CUST_CH_04869,54,71.83,11,33,Month-to-Month,Electronic Check,Male,1
CUST_CH_04870,35,45.93,14,13,One-Year,Bank Transfer,Male,0
CUST_CH_04871,33,79.15,16,46,Month-to-Month,Credit Card,Male,0
CUST_CH_04872,30,46.46,22,0,Two-Year,Credit Card,Male,0
CUST_CH_04873,72,53.64,3,35,Month-to-Month,Electronic Check,Female,1
CUST_CH_04874,39,110.39,28,2,Month-to-Month,Bank Transfer,Male,0
CUST_CH_04875,13,52.37,11,23,One-Year,Electronic Check,Female,1
CUST_CH_04876,31,62.2,3,16,Two-Year,Bank Transfer,Male,0
CUST_CH_04877,47,59.45,20,19,Month-to-Month,Bank Transfer,Male,1
CUST_CH_04878,71,117.99,12,3,Month-to-Month,Electronic Check,Female,1
CUST_CH_04879,61,90.74,36,56,Two-Year,Credit Card,Male,0
CUST_CH_04880,13,116.07,7,53,Month-to-Month,Electronic Check,Male,1
CUST_CH_04881,26,74.23,14,0,Month-to-Month,Electronic Check,Female,1
CUST_CH_04882,71,63.98,17,16,Two-Year,Credit Card,Female,0
CUST_CH_04883,52,94.82,30,32,Month-to-Month,Credit Card,Female,1
CUST_CH_04884,26,80.21,38,31,Two-Year,Credit Card,Male,1
CUST_CH_04885,40,107.45,3,54,Month-to-Month,Bank Transfer,Female,1
CUST_CH_04886,20,76.29,1,34,Month-to-Month,Credit Card,Female,0
CUST_CH_04887,31,119.99,35,60,Two-Year,Bank Transfer,Male,1
CUST_CH_04888,45,51.05,40,6,One-Year,Electronic Check,Male,0
CUST_CH_04889,29,57.58,30,44,Month-to-Month,Bank Transfer,Female,1
CUST_CH_04890,55,76.9,14,16,Month-to-Month,Bank Transfer,Male,1
CUST_CH_04891,22,95.85,21,18,Month-to-Month,Bank Transfer,Male,1
CUST_CH_04892,46,69.58,49,3,Month-to-Month,Electronic Check,Male,1
CUST_CH_04893,49,115.15,2,12,Two-Year,Electronic Check,Male,1
CUST_CH_04894,67,72.17,30,27,Month-to-Month,Credit Card,Female,1
CUST_CH_04895,29,31.22,20,1,One-Year,Credit Card,Male,0
CUST_CH_04896,72,102.9,40,32,Two-Year,Electronic Check,Male,0
CUST_CH_04897,38,64.27,20,4,Month-to-Month,Credit Card,Male,1
CUST_CH_04898,6,52.26,16,20,Month-to-Month,Credit Card,Female,0
CUST_CH_04899,44,90.23,28,2,Two-Year,Credit Card,Male,0
CUST_CH_04900,47,116.7,9,49,Month-to-Month,Bank Transfer,Male,1
CUST_CH_04901,9,84.72,39,50,Month-to-Month,Electronic Check,Female,1
CUST_CH_04902,53,94.76,27,11,One-Year,Bank Transfer,Male,0
CUST_CH_04903,30,72.53,22,57,One-Year,Electronic Check,Male,1
CUST_CH_04904,43,49.92,45,40,Month-to-Month,Bank Transfer,Male,1
CUST_CH_04905,39,116.54,33,18,Month-to-Month,Electronic Check,Female,1
CUST_CH_04906,51,35.49,17,51,One-Year,Credit Card,Male,0
CUST_CH_04907,19,33.63,21,51,One-Year,Electronic Check,Female,1
CUST_CH_04908,27,114.64,4,0,Month-to-Month,Bank Transfer,Female,0
CUST_CH_04909,62,99.01,48,49,Month-to-Month,Bank Transfer,Male,0
CUST_CH_04910,41,98.97,29,38,One-Year,Electronic Check,Female,1
CUST_CH_04911,52,45.31,35,40,Month-to-Month,Credit Card,Female,1
CUST_CH_04912,51,50.32,43,0,Two-Year,Electronic Check,Female,0
CUST_CH_04913,70,70.03,3,11,Two-Year,Credit Card,Female,0
CUST_CH_04914,20,117.33,19,17,Month-to-Month,Bank Transfer,Female,1
CUST_CH_04915,11,44.74,47,27,Month-to-Month,Credit Card,Male,1
CUST_CH_04916,25,56.71,18,6,Two-Year,Electronic Check,Female,0
CUST_CH_04917,1,63.96,46,8,Month-to-Month,Credit Card,Male,1
CUST_CH_04918,15,30.83,36,53,Month-to-Month,Credit Card,Male,1
CUST_CH_04919,72,29.52,49,32,One-Year,Bank Transfer,Female,0
CUST_CH_04920,65,45.38,37,37,Month-to-Month,Electronic Check,Female,1
CUST_CH_04921,22,110.13,46,11,One-Year,Bank Transfer,Male,0
CUST_CH_04922,26,112.56,4,22,Month-to-Month,Bank Transfer,Female,1
CUST_CH_04923,26,88.07,47,54,Month-to-Month,Credit Card,Female,0
CUST_CH_04924,60,65.21,2,23,Month-to-Month,Bank Transfer,Male,1
CUST_CH_04925,37,118.19,43,1,One-Year,Electronic Check,Female,1
CUST_CH_04926,22,91.11,17,43,One-Year,Credit Card,Female,0
CUST_CH_04927,30,105.45,12,30,Month-to-Month,Bank Transfer,Male,0
CUST_CH_04928,3,39.7,41,29,Two-Year,Electronic Check,Male,1
CUST_CH_04929,24,82.95,26,20,Month-to-Month,Credit Card,Female,1
CUST_CH_04930,63,35.63,1,43,One-Year,Bank Transfer,Female,0
CUST_CH_04931,62,86.89,11,15,Month-to-Month,Bank Transfer,Female,1
CUST_CH_04932,17,71.99,3,49,Two-Year,Credit Card,Male,0
CUST_CH_04933,34,114.46,21,57,One-Year,Bank Transfer,Male,1
CUST_CH_04934,31,37.3,8,43,Month-to-Month,Bank Transfer,Female,0
CUST_CH_04935,30,114.14,49,3,Two-Year,Bank Transfer,Female,0
CUST_CH_04936,10,45.04,46,1,Month-to-Month,Credit Card,Female,1
CUST_CH_04937,57,90.7,9,0,Month-to-Month,Bank Transfer,Male,0
CUST_CH_04938,36,94.06,44,14,Two-Year,Bank Transfer,Male,1
CUST_CH_04939,31,26.26,30,26,One-Year,Bank Transfer,Female,0
CUST_CH_04940,57,95.82,9,10,Month-to-Month,Bank Transfer,Male,0
CUST_CH_04941,20,80.34,49,42,Month-to-Month,Electronic Check,Male,1
CUST_CH_04942,47,108.02,6,23,Month-to-Month,Bank Transfer,Female,1
CUST_CH_04943,32,62.38,39,53,One-Year,Bank Transfer,Female,0
CUST_CH_04944,59,21.88,22,23,One-Year,Credit Card,Male,1
CUST_CH_04945,10,29.03,7,40,One-Year,Credit Card,Female,1
CUST_CH_04946,22,94.45,49,51,Month-to-Month,Bank Transfer,Female,0
CUST_CH_04947,67,76.23,49,19,Month-to-Month,Bank Transfer,Female,0
CUST_CH_04948,51,114.36,9,51,Month-to-Month,Bank Transfer,Female,1
CUST_CH_04949,3,26.34,3,59,Two-Year,Credit Card,Male,0
CUST_CH_04950,31,94.21,42,21,Month-to-Month,Electronic Check,Male,1
CUST_CH_04951,49,112.84,45,36,Month-to-Month,Bank Transfer,Female,1
CUST_CH_04952,34,108.74,32,23,Month-to-Month,Credit Card,Male,0
CUST_CH_04953,51,64.7,7,6,Month-to-Month,Bank Transfer,Male,1
CUST_CH_04954,35,61.86,16,28,Two-Year,Electronic Check,Female,0
CUST_CH_04955,19,75.47,50,20,Two-Year,Credit Card,Female,1
CUST_CH_04956,27,116.43,22,41,Month-to-Month,Credit Card,Male,1
CUST_CH_04957,5,65.75,43,11,Month-to-Month,Bank Transfer,Female,1
CUST_CH_04958,37,65.43,33,22,Month-to-Month,Credit Card,Male,1
CUST_CH_04959,21,22.87,29,29,Month-to-Month,Electronic Check,Female,0
CUST_CH_04960,33,29.11,2,22,Month-to-Month,Bank Transfer,Male,1
CUST_CH_04961,27,50.52,49,45,Two-Year,Electronic Check,Male,0
CUST_CH_04962,50,95.7,40,60,Month-to-Month,Bank Transfer,Male,1
CUST_CH_04963,68,20.29,9,47,One-Year,Electronic Check,Female,1
CUST_CH_04964,57,115.38,33,28,Month-to-Month,Electronic Check,Male,1
CUST_CH_04965,28,59.19,10,0,Month-to-Month,Electronic Check,Female,1
CUST_CH_04966,63,43.18,28,8,One-Year,Electronic Check,Female,1
CUST_CH_04967,11,45.54,40,11,Month-to-Month,Electronic Check,Male,0
CUST_CH_04968,61,82.59,18,36,Month-to-Month,Credit Card,Female,0
CUST_CH_04969,64,81.2,37,41,Month-to-Month,Bank Transfer,Female,1
CUST_CH_04970,38,73.33,5,42,Month-to-Month,Bank Transfer,Male,1
CUST_CH_04971,15,105.81,5,26,Month-to-Month,Bank Transfer,Female,0
CUST_CH_04972,40,106.62,7,28,Month-to-Month,Bank Transfer,Male,1
CUST_CH_04973,29,67.77,9,43,Month-to-Month,Credit Card,Female,1
CUST_CH_04974,57,105.15,17,58,One-Year,Electronic Check,Female,0
CUST_CH_04975,59,51.88,6,45,Month-to-Month,Electronic Check,Male,1
CUST_CH_04976,11,103.36,20,31,Two-Year,Credit Card,Male,1
CUST_CH_04977,37,31.17,20,42,Month-to-Month,Electronic Check,Female,0
CUST_CH_04978,45,111.49,38,58,Month-to-Month,Credit Card,Male,0
CUST_CH_04979,63,49.23,41,20,Month-to-Month,Credit Card,Male,0
CUST_CH_04980,21,80.05,45,56,Month-to-Month,Bank Transfer,Female,1
CUST_CH_04981,64,21.08,10,7,Two-Year,Electronic Check,Female,1
CUST_CH_04982,21,70.33,29,3,One-Year,Electronic Check,Female,0
CUST_CH_04983,48,50.17,10,39,Month-to-Month,Electronic Check,Male,0
CUST_CH_04984,2,32.1,35,40,One-Year,Electronic Check,Female,1
CUST_CH_04985,36,73.23,50,44,One-Year,Credit Card,Female,1
CUST_CH_04986,66,34.9,40,5,Month-to-Month,Bank Transfer,Female,1
CUST_CH_04987,67,35.71,50,21,One-Year,Bank Transfer,Female,1
CUST_CH_04988,30,106.61,37,28,One-Year,Credit Card,Male,1
CUST_CH_04989,17,107.53,21,4,Month-to-Month,Electronic Check,Female,0
CUST_CH_04990,25,102.01,42,0,One-Year,Electronic Check,Female,0
CUST_CH_04991,67,38.16,46,6,Two-Year,Bank Transfer,Male,0
CUST_CH_04992,13,92.5,1,27,Two-Year,Credit Card,Female,1
CUST_CH_04993,2,85.08,38,3,Month-to-Month,Credit Card,Female,0
CUST_CH_04994,36,112.93,20,7,Month-to-Month,Credit Card,Female,0
CUST_CH_04995,41,50.71,15,5,Month-to-Month,Electronic Check,Male,0
CUST_CH_04996,54,67.62,20,44,Month-to-Month,Electronic Check,Female,1
CUST_CH_04997,65,63.85,33,19,Month-to-Month,Bank Transfer,Male,1
CUST_CH_04998,40,64.0,25,41,Month-to-Month,Credit Card,Female,1
CUST_CH_04999,10,76.76,46,53,Month-to-Month,Credit Card,Male,0
CUST_CH_05000,65,62.54,3,36,Month-to-Month,Bank Transfer,Female,0
CUST_CH_05001,3,101.42,38,38,Month-to-Month,Electronic Check,Male,1
CUST_CH_05002,8,56.59,10,30,Month-to-Month,Bank Transfer,Male,1
CUST_CH_05003,62,74.05,1,20,One-Year,Bank Transfer,Male,1
CUST_CH_05004,3,72.21,47,44,Two-Year,Credit Card,Male,0
CUST_CH_05005,8,31.02,49,23,One-Year,Electronic Check,Male,0
CUST_CH_05006,11,97.01,9,37,One-Year,Bank Transfer,Female,0
CUST_CH_05007,41,99.99,40,2,Two-Year,Electronic Check,Male,0
CUST_CH_05008,30,119.52,29,15,Two-Year,Electronic Check,Male,0
CUST_CH_05009,31,55.51,1,60,Month-to-Month,Bank Transfer,Female,1
CUST_CH_05010,18,93.9,37,47,Two-Year,Electronic Check,Female,0
CUST_CH_05011,39,50.59,23,19,Two-Year,Electronic Check,Female,1
CUST_CH_05012,58,24.97,29,7,One-Year,Electronic Check,Female,1
CUST_CH_05013,70,36.58,31,19,Month-to-Month,Credit Card,Female,0
CUST_CH_05014,11,98.33,49,4,Month-to-Month,Bank Transfer,Male,0
CUST_CH_05015,65,20.76,43,2,Month-to-Month,Credit Card,Male,0
CUST_CH_05016,25,98.75,2,18,Two-Year,Credit Card,Female,0
CUST_CH_05017,50,96.51,15,17,One-Year,Credit Card,Male,0
CUST_CH_05018,28,87.85,4,3,One-Year,Credit Card,Female,1
CUST_CH_05019,24,79.38,45,18,Month-to-Month,Credit Card,Female,1
CUST_CH_05020,46,72.85,14,24,Month-to-Month,Bank Transfer,Female,1
CUST_CH_05021,45,119.15,25,24,Month-to-Month,Electronic Check,Female,1
CUST_CH_05022,18,87.25,27,56,Month-to-Month,Bank Transfer,Female,1
CUST_CH_05023,67,88.38,21,22,Month-to-Month,Credit Card,Female,1
CUST_CH_05024,37,113.35,33,27,One-Year,Credit Card,Male,1
CUST_CH_05025,3,63.82,48,19,Two-Year,Bank Transfer,Female,0
CUST_CH_05026,13,41.9,6,54,Two-Year,Electronic Check,Female,1
CUST_CH_05027,20,43.03,12,48,Two-Year,Credit Card,Female,0
CUST_CH_05028,63,51.04,42,16,Month-to-Month,Credit Card,Male,1
CUST_CH_05029,71,90.31,19,41,Month-to-Month,Electronic Check,Male,1
CUST_CH_05030,64,62.93,12,50,One-Year,Electronic Check,Male,0
CUST_CH_05031,40,69.71,16,45,One-Year,Bank Transfer,Male,0
CUST_CH_05032,3,86.26,22,2,Month-to-Month,Credit Card,Male,1
CUST_CH_05033,13,62.89,36,6,Month-to-Month,Electronic Check,Female,0
CUST_CH_05034,10,26.36,3,23,Month-to-Month,Bank Transfer,Male,1
CUST_CH_05035,46,75.39,24,13,One-Year,Electronic Check,Female,0
CUST_CH_05036,56,43.62,36,14,Month-to-Month,Bank Transfer,Female,0
CUST_CH_05037,67,85.7,37,51,Two-Year,Electronic Check,Female,0
CUST_CH_05038,59,93.04,19,6,Two-Year,Electronic Check,Male,1
CUST_CH_05039,19,99.4,14,20,Month-to-Month,Bank Transfer,Female,1
CUST_CH_05040,51,47.73,11,29,Month-to-Month,Credit Card,Male,1
CUST_CH_05041,31,57.26,17,33,Month-to-Month,Electronic Check,Female,1
CUST_CH_05042,63,82.19,4,32,Month-to-Month,Electronic Check,Female,0
CUST_CH_05043,70,36.1,32,57,One-Year,Bank Transfer,Male,1
CUST_CH_05044,2,90.58,9,21,One-Year,Electronic Check,Male,1
CUST_CH_05045,11,83.09,1,50,Two-Year,Electronic Check,Female,1
CUST_CH_05046,39,42.46,43,25,One-Year,Credit Card,Male,0
CUST_CH_05047,56,113.01,31,17,Month-to-Month,Electronic Check,Female,1
CUST_CH_05048,6,62.31,22,36,Month-to-Month,Credit Card,Female,1
CUST_CH_05049,41,51.68,3,40,Month-to-Month,Bank Transfer,Female,1
CUST_CH_05050,46,92.38,29,33,One-Year,Bank Transfer,Male,1
CUST_CH_05051,17,91.37,50,33,Month-to-Month,Credit Card,Male,1
CUST_CH_05052,14,102.34,10,31,Two-Year,Bank Transfer,Female,1
CUST_CH_05053,71,23.45,37,17,Month-to-Month,Electronic Check,Female,0
CUST_CH_05054,2,108.95,44,49,Month-to-Month,Credit Card,Male,1
CUST_CH_05055,58,43.9,41,43,One-Year,Credit Card,Male,0
CUST_CH_05056,42,74.96,3,45,One-Year,Electronic Check,Female,0
CUST_CH_05057,45,65.64,13,58,Month-to-Month,Electronic Check,Female,0
CUST_CH_05058,14,51.14,42,41,Month-to-Month,Bank Transfer,Female,0
CUST_CH_05059,8,78.25,8,28,Two-Year,Electronic Check,Female,1
CUST_CH_05060,20,73.61,2,14,One-Year,Credit Card,Male,0
CUST_CH_05061,25,102.68,40,15,Month-to-Month,Credit Card,Female,0
CUST_CH_05062,46,23.3,20,59,Month-to-Month,Credit Card,Male,1
CUST_CH_05063,72,29.45,32,51,One-Year,Electronic Check,Female,1
CUST_CH_05064,37,94.9,21,28,Two-Year,Electronic Check,Male,1
CUST_CH_05065,4,115.96,42,39,Month-to-Month,Electronic Check,Female,1
CUST_CH_05066,49,82.56,23,60,Month-to-Month,Electronic Check,Female,1
CUST_CH_05067,34,55.53,10,9,Month-to-Month,Electronic Check,Female,1
CUST_CH_05068,37,34.28,33,36,Two-Year,Electronic Check,Male,0
CUST_CH_05069,21,101.79,12,55,Month-to-Month,Bank Transfer,Male,1
CUST_CH_05070,6,28.45,23,42,One-Year,Bank Transfer,Male,1
CUST_CH_05071,8,81.54,6,22,Month-to-Month,Bank Transfer,Male,0
CUST_CH_05072,67,56.82,11,7,One-Year,Bank Transfer,Female,0
CUST_CH_05073,57,110.26,3,41,Two-Year,Electronic Check,Male,1
CUST_CH_05074,39,82.92,2,13,Month-to-Month,Electronic Check,Female,0
CUST_CH_05075,44,34.94,48,27,Month-to-Month,Electronic Check,Female,1
CUST_CH_05076,33,118.88,2,44,Two-Year,Electronic Check,Female,0
CUST_CH_05077,18,84.95,4,22,Month-to-Month,Bank Transfer,Male,1
CUST_CH_05078,19,72.73,1,59,Month-to-Month,Credit Card,Female,1
CUST_CH_05079,49,40.16,11,9,Two-Year,Electronic Check,Female,0
CUST_CH_05080,55,91.86,44,9,One-Year,Bank Transfer,Male,0
CUST_CH_05081,37,100.29,27,1,Two-Year,Electronic Check,Male,1
CUST_CH_05082,54,85.96,5,4,One-Year,Bank Transfer,Male,0
CUST_CH_05083,66,23.77,1,43,Two-Year,Electronic Check,Male,1
CUST_CH_05084,20,55.7,45,35,One-Year,Credit Card,Female,0
CUST_CH_05085,21,32.2,30,36,Month-to-Month,Bank Transfer,Male,0
CUST_CH_05086,42,26.01,32,27,One-Year,Electronic Check,Female,1
CUST_CH_05087,37,38.76,18,17,Two-Year,Bank Transfer,Female,0
CUST_CH_05088,46,20.07,7,45,Two-Year,Electronic Check,Female,0
CUST_CH_05089,15,24.97,41,9,Month-to-Month,Credit Card,Female,0
CUST_CH_05090,1,77.66,28,4,One-Year,Electronic Check,Female,1
CUST_CH_05091,18,58.6,23,28,Month-to-Month,Electronic Check,Male,1
CUST_CH_05092,15,72.63,46,38,Month-to-Month,Bank Transfer,Female,0
CUST_CH_05093,32,86.72,48,1,Month-to-Month,Electronic Check,Female,1
CUST_CH_05094,42,105.01,40,27,Month-to-Month,Bank Transfer,Male,0
CUST_CH_05095,44,99.62,32,24,Month-to-Month,Electronic Check,Male,1
CUST_CH_05096,39,34.37,36,24,Two-Year,Credit Card,Female,0
CUST_CH_05097,56,63.71,17,15,Month-to-Month,Electronic Check,Female,1
CUST_CH_05098,17,37.47,9,33,Month-to-Month,Bank Transfer,Male,0
CUST_CH_05099,18,56.65,33,34,Month-to-Month,Credit Card,Male,0
CUST_CH_05100,49,87.99,23,56,Month-to-Month,Electronic Check,Male,0
CUST_CH_05101,28,76.69,20,48,Month-to-Month,Bank Transfer,Female,1
CUST_CH_05102,28,98.37,4,58,Month-to-Month,Electronic Check,Male,1
CUST_CH_05103,35,94.96,45,47,One-Year,Electronic Check,Male,1
CUST_CH_05104,53,60.95,30,45,Month-to-Month,Bank Transfer,Male,0
CUST_CH_05105,64,34.03,36,25,Month-to-Month,Electronic Check,Female,1
CUST_CH_05106,6,119.3,22,13,Month-to-Month,Electronic Check,Female,1
CUST_CH_05107,31,73.81,12,47,Month-to-Month,Credit Card,Male,1
CUST_CH_05108,20,39.47,3,50,Month-to-Month,Bank Transfer,Male,1
CUST_CH_05109,53,82.27,44,28,Month-to-Month,Electronic Check,Male,1
CUST_CH_05110,6,46.09,18,47,Two-Year,Credit Card,Female,0
CUST_CH_05111,32,50.46,8,25,Month-to-Month,Credit Card,Male,0
CUST_CH_05112,29,32.55,47,14,Two-Year,Electronic Check,Female,0
CUST_CH_05113,64,93.78,47,38,Month-to-Month,Credit Card,Female,1
CUST_CH_05114,59,30.16,43,21,Month-to-Month,Electronic Check,Female,0
CUST_CH_05115,20,32.7,7,58,Two-Year,Bank Transfer,Male,0
CUST_CH_05116,8,76.96,40,14,Month-to-Month,Credit Card,Female,0
CUST_CH_05117,3,72.15,30,34,One-Year,Electronic Check,Male,1
CUST_CH_05118,1,61.98,16,6,One-Year,Credit Card,Male,0
CUST_CH_05119,65,36.1,13,27,Two-Year,Credit Card,Male,0
CUST_CH_05120,25,38.49,34,32,Month-to-Month,Bank Transfer,Female,0
CUST_CH_05121,28,119.01,36,34,Month-to-Month,Bank Transfer,Female,1
CUST_CH_05122,36,44.73,43,45,Month-to-Month,Bank Transfer,Female,0
CUST_CH_05123,54,78.59,38,43,One-Year,Bank Transfer,Female,0
CUST_CH_05124,20,50.87,37,57,Month-to-Month,Credit Card,Female,0
CUST_CH_05125,43,92.08,10,50,Month-to-Month,Bank Transfer,Female,1
CUST_CH_05126,63,62.16,35,4,One-Year,Electronic Check,Female,0
CUST_CH_05127,71,82.23,23,59,One-Year,Electronic Check,Male,1
CUST_CH_05128,34,66.22,36,38,One-Year,Credit Card,Male,1
CUST_CH_05129,71,109.75,50,5,One-Year,Electronic Check,Female,0
CUST_CH_05130,58,37.21,41,28,Two-Year,Bank Transfer,Female,1
CUST_CH_05131,22,78.53,19,16,Month-to-Month,Bank Transfer,Female,1
CUST_CH_05132,30,79.37,34,16,Month-to-Month,Electronic Check,Male,1
CUST_CH_05133,37,74.22,21,24,Month-to-Month,Electronic Check,Female,1
CUST_CH_05134,53,32.94,25,14,Month-to-Month,Credit Card,Female,1
CUST_CH_05135,15,65.15,16,42,Month-to-Month,Credit Card,Male,1
CUST_CH_05136,61,85.87,8,22,Month-to-Month,Credit Card,Female,1
CUST_CH_05137,20,64.43,32,27,Month-to-Month,Credit Card,Male,0
CUST_CH_05138,39,86.59,24,4,Month-to-Month,Credit Card,Female,1
CUST_CH_05139,55,111.8,2,60,Two-Year,Electronic Check,Male,1
CUST_CH_05140,34,59.87,5,3,Month-to-Month,Bank Transfer,Female,1
CUST_CH_05141,30,76.72,19,22,Month-to-Month,Credit Card,Male,1
CUST_CH_05142,60,115.79,33,47,Month-to-Month,Electronic Check,Female,1
CUST_CH_05143,25,68.53,16,59,Month-to-Month,Bank Transfer,Male,1
CUST_CH_05144,25,115.86,44,14,One-Year,Credit Card,Male,1
CUST_CH_05145,36,47.35,2,58,Month-to-Month,Credit Card,Female,0
CUST_CH_05146,24,70.66,8,36,Month-to-Month,Bank Transfer,Male,1
CUST_CH_05147,43,46.47,38,3,Month-to-Month,Credit Card,Male,0
CUST_CH_05148,67,104.77,20,18,Month-to-Month,Credit Card,Female,0
CUST_CH_05149,25,73.13,17,58,Month-to-Month,Bank Transfer,Male,1
CUST_CH_05150,58,45.77,24,53,Month-to-Month,Bank Transfer,Male,1
CUST_CH_05151,36,24.1,33,30,One-Year,Bank Transfer,Male,1
CUST_CH_05152,39,93.86,25,54,Two-Year,Bank Transfer,Male,1
CUST_CH_05153,64,113.83,27,44,Month-to-Month,Credit Card,Female,1
CUST_CH_05154,34,119.69,39,1,Two-Year,Bank Transfer,Female,0
CUST_CH_05155,7,59.09,15,51,Two-Year,Bank Transfer,Male,1
CUST_CH_05156,59,113.55,35,1,Two-Year,Credit Card,Female,1
CUST_CH_05157,59,87.96,1,10,Month-to-Month,Credit Card,Female,1
CUST_CH_05158,20,60.05,23,15,Month-to-Month,Credit Card,Female,1
CUST_CH_05159,30,25.5,29,58,Two-Year,Credit Card,Female,0
CUST_CH_05160,48,41.41,26,34,One-Year,Bank Transfer,Male,0
CUST_CH_05161,69,106.29,32,7,Month-to-Month,Credit Card,Female,1
CUST_CH_05162,27,77.14,9,45,One-Year,Bank Transfer,Male,0
CUST_CH_05163,40,112.32,9,27,Two-Year,Electronic Check,Female,0
CUST_CH_05164,27,64.47,9,31,Month-to-Month,Bank Transfer,Female,0
CUST_CH_05165,24,26.42,14,6,Month-to-Month,Bank Transfer,Male,0
CUST_CH_05166,27,25.68,25,27,Month-to-Month,Bank Transfer,Female,1
CUST_CH_05167,66,38.83,11,30,One-Year,Bank Transfer,Female,1
CUST_CH_05168,55,82.49,11,17,Month-to-Month,Credit Card,Female,1
CUST_CH_05169,32,62.89,46,21,Month-to-Month,Credit Card,Male,1
CUST_CH_05170,72,21.67,14,14,Two-Year,Bank Transfer,Female,0
CUST_CH_05171,48,42.88,10,49,One-Year,Credit Card,Male,1
CUST_CH_05172,23,41.77,7,15,Two-Year,Electronic Check,Male,0
CUST_CH_05173,9,88.99,4,53,One-Year,Bank Transfer,Female,1
CUST_CH_05174,69,108.06,17,42,Month-to-Month,Bank Transfer,Male,0
CUST_CH_05175,24,92.11,20,59,Month-to-Month,Electronic Check,Female,0
CUST_CH_05176,37,116.39,29,34,Month-to-Month,Bank Transfer,Male,1
CUST_CH_05177,66,113.31,45,15,Month-to-Month,Credit Card,Female,0
CUST_CH_05178,39,84.38,20,11,Two-Year,Bank Transfer,Male,1
CUST_CH_05179,49,112.43,17,36,Month-to-Month,Electronic Check,Female,1
CUST_CH_05180,11,89.15,41,53,Two-Year,Credit Card,Female,0
CUST_CH_05181,14,101.73,32,30,Month-to-Month,Electronic Check,Female,1
CUST_CH_05182,33,113.52,34,29,One-Year,Credit Card,Female,1
CUST_CH_05183,61,116.75,31,39,Month-to-Month,Bank Transfer,Male,0
CUST_CH_05184,6,73.62,11,11,Month-to-Month,Electronic Check,Male,0
CUST_CH_05185,34,76.78,46,55,Month-to-Month,Electronic Check,Female,1
CUST_CH_05186,31,47.62,27,10,Month-to-Month,Bank Transfer,Male,1
CUST_CH_05187,27,78.71,4,60,Month-to-Month,Credit Card,Male,1
CUST_CH_05188,3,80.7,33,1,Month-to-Month,Electronic Check,Female,1
CUST_CH_05189,40,114.02,23,52,Month-to-Month,Credit Card,Female,1
CUST_CH_05190,67,119.82,41,38,Month-to-Month,Credit Card,Female,1
CUST_CH_05191,32,20.32,8,22,Month-to-Month,Credit Card,Female,1
CUST_CH_05192,41,85.82,41,8,Month-to-Month,Electronic Check,Male,0
CUST_CH_05193,13,96.94,48,6,Month-to-Month,Electronic Check,Female,0
CUST_CH_05194,12,91.86,33,35,Month-to-Month,Bank Transfer,Male,1
CUST_CH_05195,1,83.48,22,36,Month-to-Month,Credit Card,Male,1
CUST_CH_05196,8,50.35,4,42,Month-to-Month,Credit Card,Female,1
CUST_CH_05197,40,30.98,41,58,Month-to-Month,Bank Transfer,Female,0
CUST_CH_05198,9,51.68,7,2,Month-to-Month,Electronic Check,Male,0
CUST_CH_05199,4,99.25,14,38,Month-to-Month,Bank Transfer,Male,1
CUST_CH_05200,57,106.18,50,48,Two-Year,Electronic Check,Female,0
CUST_CH_05201,15,47.17,44,19,Two-Year,Bank Transfer,Female,1
CUST_CH_05202,38,36.13,49,47,One-Year,Electronic Check,Female,0
CUST_CH_05203,58,37.17,37,21,Month-to-Month,Bank Transfer,Female,1
CUST_CH_05204,31,92.17,18,17,Month-to-Month,Electronic Check,Male,1
CUST_CH_05205,3,96.7,9,47,Month-to-Month,Credit Card,Female,1
CUST_CH_05206,71,81.06,16,56,Month-to-Month,Bank Transfer,Male,1
CUST_CH_05207,33,37.75,31,22,Two-Year,Bank Transfer,Male,1
CUST_CH_05208,25,51.6,33,56,Month-to-Month,Bank Transfer,Female,0
CUST_CH_05209,41,68.02,43,19,Month-to-Month,Electronic Check,Female,0
CUST_CH_05210,7,76.75,4,36,One-Year,Electronic Check,Female,1
CUST_CH_05211,62,40.46,41,9,Two-Year,Credit Card,Female,0
CUST_CH_05212,6,82.24,19,47,Month-to-Month,Credit Card,Female,1
CUST_CH_05213,23,46.34,14,56,Month-to-Month,Credit Card,Male,1
CUST_CH_05214,29,104.98,20,21,Month-to-Month,Credit Card,Male,1
CUST_CH_05215,41,43.83,16,57,One-Year,Credit Card,Female,0
CUST_CH_05216,50,30.71,20,5,One-Year,Electronic Check,Male,1
CUST_CH_05217,71,119.95,1,38,One-Year,Electronic Check,Female,1
CUST_CH_05218,16,78.79,2,11,One-Year,Credit Card,Male,0
CUST_CH_05219,48,21.78,40,49,One-Year,Credit Card,Male,1
CUST_CH_05220,1,53.97,22,1,Month-to-Month,Credit Card,Male,1
CUST_CH_05221,68,52.85,44,52,Month-to-Month,Credit Card,Male,1
CUST_CH_05222,70,34.37,43,2,Month-to-Month,Electronic Check,Female,0
CUST_CH_05223,8,89.83,9,45,Two-Year,Electronic Check,Female,0
CUST_CH_05224,23,48.1,11,13,Month-to-Month,Bank Transfer,Female,1
CUST_CH_05225,69,96.91,4,25,One-Year,Credit Card,Male,1
CUST_CH_05226,15,42.83,19,11,Month-to-Month,Credit Card,Female,0
CUST_CH_05227,15,65.81,27,45,One-Year,Electronic Check,Male,1
CUST_CH_05228,67,85.44,47,21,One-Year,Electronic Check,Male,0
CUST_CH_05229,10,78.62,8,12,Month-to-Month,Electronic Check,Male,1
CUST_CH_05230,40,85.11,19,47,Two-Year,Credit Card,Male,1
CUST_CH_05231,15,84.41,4,29,One-Year,Electronic Check,Female,0
CUST_CH_05232,36,27.54,44,6,Month-to-Month,Credit Card,Female,0
CUST_CH_05233,28,83.5,8,58,Month-to-Month,Electronic Check,Female,0
CUST_CH_05234,33,58.29,33,53,Month-to-Month,Bank Transfer,Male,0
CUST_CH_05235,2,95.21,22,22,One-Year,Bank Transfer,Female,0
CUST_CH_05236,62,100.93,46,17,Two-Year,Credit Card,Female,0
CUST_CH_05237,34,115.86,24,38,Month-to-Month,Credit Card,Female,0
CUST_CH_05238,24,62.21,37,5,One-Year,Bank Transfer,Male,0
CUST_CH_05239,40,82.22,44,11,Two-Year,Electronic Check,Male,1
CUST_CH_05240,16,46.77,11,15,Month-to-Month,Bank Transfer,Male,0
CUST_CH_05241,6,48.83,47,21,Month-to-Month,Bank Transfer,Female,1
CUST_CH_05242,17,87.8,26,28,Month-to-Month,Bank Transfer,Female,1
CUST_CH_05243,54,24.56,36,47,Month-to-Month,Bank Transfer,Male,0
CUST_CH_05244,41,98.98,31,18,Month-to-Month,Credit Card,Male,0
CUST_CH_05245,11,51.85,32,27,Two-Year,Bank Transfer,Female,1
CUST_CH_05246,6,76.14,6,45,Two-Year,Credit Card,Female,0
CUST_CH_05247,25,71.6,17,4,One-Year,Credit Card,Female,0
CUST_CH_05248,37,92.64,6,44,Month-to-Month,Credit Card,Female,0
CUST_CH_05249,33,54.45,24,22,Two-Year,Bank Transfer,Male,0
CUST_CH_05250,68,94.74,9,17,One-Year,Credit Card,Female,1
CUST_CH_05251,19,91.07,32,43,One-Year,Electronic Check,Male,1
CUST_CH_05252,56,55.24,12,59,Two-Year,Credit Card,Female,0
CUST_CH_05253,9,38.41,5,2,Two-Year,Credit Card,Male,0
CUST_CH_05254,42,104.22,39,29,Two-Year,Credit Card,Male,1
CUST_CH_05255,32,26.34,6,34,Month-to-Month,Electronic Check,Male,1
CUST_CH_05256,27,86.57,8,31,Month-to-Month,Bank Transfer,Female,1
CUST_CH_05257,55,25.97,20,40,Month-to-Month,Electronic Check,Male,1
CUST_CH_05258,32,48.17,47,26,Month-to-Month,Credit Card,Male,1
CUST_CH_05259,17,51.8,25,58,Month-to-Month,Bank Transfer,Male,1
CUST_CH_05260,9,116.58,31,7,Two-Year,Electronic Check,Male,0
CUST_CH_05261,44,53.49,30,9,Two-Year,Electronic Check,Male,0
CUST_CH_05262,56,115.36,16,13,Two-Year,Electronic Check,Male,0
CUST_CH_05263,54,40.71,16,41,Month-to-Month,Electronic Check,Male,0
CUST_CH_05264,35,54.95,24,56,Month-to-Month,Credit Card,Female,0
CUST_CH_05265,56,57.77,28,23,Month-to-Month,Bank Transfer,Female,1
CUST_CH_05266,54,37.85,24,29,One-Year,Credit Card,Female,0
CUST_CH_05267,52,117.08,15,30,One-Year,Bank Transfer,Female,0
CUST_CH_05268,18,35.72,35,34,Two-Year,Electronic Check,Male,1
CUST_CH_05269,12,37.31,6,31,Month-to-Month,Credit Card,Male,1
CUST_CH_05270,1,98.27,13,54,Month-to-Month,Credit Card,Female,1
CUST_CH_05271,14,56.39,49,0,Month-to-Month,Electronic Check,Female,0
CUST_CH_05272,19,113.37,48,31,Two-Year,Credit Card,Female,1
CUST_CH_05273,16,89.25,10,31,Month-to-Month,Bank Transfer,Male,0
CUST_CH_05274,72,66.76,49,38,One-Year,Bank Transfer,Male,1
CUST_CH_05275,16,31.38,37,26,One-Year,Electronic Check,Female,0
CUST_CH_05276,49,44.76,34,43,Month-to-Month,Credit Card,Female,0
CUST_CH_05277,4,87.44,47,51,Two-Year,Electronic Check,Male,1
CUST_CH_05278,5,70.68,41,49,Month-to-Month,Credit Card,Male,0
CUST_CH_05279,27,119.53,3,55,Month-to-Month,Electronic Check,Female,1
CUST_CH_05280,17,92.43,30,0,Month-to-Month,Electronic Check,Female,0
CUST_CH_05281,21,114.17,17,56,One-Year,Credit Card,Female,0
CUST_CH_05282,36,75.93,38,28,Month-to-Month,Bank Transfer,Female,1
CUST_CH_05283,66,24.14,42,11,Two-Year,Electronic Check,Male,0
CUST_CH_05284,70,75.68,35,55,Two-Year,Credit Card,Female,0
CUST_CH_05285,27,114.83,44,27,One-Year,Credit Card,Male,0
CUST_CH_05286,41,30.8,37,37,Two-Year,Bank Transfer,Female,0
CUST_CH_05287,66,48.59,7,50,Month-to-Month,Electronic Check,Male,1
CUST_CH_05288,7,76.51,50,4,One-Year,Electronic Check,Female,0
CUST_CH_05289,59,69.54,9,5,Month-to-Month,Bank Transfer,Male,1
CUST_CH_05290,15,119.27,7,28,One-Year,Bank Transfer,Male,1
CUST_CH_05291,60,55.33,4,13,Two-Year,Credit Card,Male,0
CUST_CH_05292,56,28.24,35,31,One-Year,Bank Transfer,Female,0
CUST_CH_05293,58,39.04,31,14,One-Year,Credit Card,Male,1
CUST_CH_05294,38,67.18,45,58,Month-to-Month,Electronic Check,Male,1
CUST_CH_05295,54,74.73,11,20,Month-to-Month,Electronic Check,Male,1
CUST_CH_05296,48,95.75,37,6,One-Year,Electronic Check,Male,0
CUST_CH_05297,42,37.46,24,29,One-Year,Credit Card,Female,1
CUST_CH_05298,59,54.76,5,20,One-Year,Credit Card,Female,0
CUST_CH_05299,32,22.94,23,53,Two-Year,Electronic Check,Female,0
CUST_CH_05300,31,89.01,40,0,Month-to-Month,Credit Card,Male,1
CUST_CH_05301,5,108.96,31,24,Month-to-Month,Credit Card,Male,0
CUST_CH_05302,26,108.25,47,39,Two-Year,Bank Transfer,Female,0
CUST_CH_05303,59,104.99,18,6,Month-to-Month,Credit Card,Male,1
CUST_CH_05304,5,65.05,37,44,Month-to-Month,Electronic Check,Male,0
CUST_CH_05305,58,76.44,47,17,One-Year,Bank Transfer,Male,0
CUST_CH_05306,54,108.06,49,16,Two-Year,Credit Card,Female,0
CUST_CH_05307,38,77.72,8,47,Month-to-Month,Bank Transfer,Female,0
CUST_CH_05308,49,33.98,47,42,Month-to-Month,Credit Card,Male,1
CUST_CH_05309,23,86.48,28,19,Month-to-Month,Credit Card,Female,1
CUST_CH_05310,50,96.53,47,23,Month-to-Month,Electronic Check,Female,0
CUST_CH_05311,36,62.53,50,40,Month-to-Month,Electronic Check,Male,1
CUST_CH_05312,41,92.25,39,1,Month-to-Month,Credit Card,Male,0
CUST_CH_05313,30,117.66,21,18,Two-Year,Bank Transfer,Female,1
CUST_CH_05314,29,64.58,31,2,Two-Year,Bank Transfer,Male,1
CUST_CH_05315,39,77.72,25,58,Month-to-Month,Bank Transfer,Male,1
CUST_CH_05316,60,56.65,27,18,One-Year,Credit Card,Female,0
CUST_CH_05317,9,70.08,21,40,Month-to-Month,Credit Card,Male,0
CUST_CH_05318,66,43.7,42,26,Two-Year,Bank Transfer,Male,0
CUST_CH_05319,44,74.75,12,24,Month-to-Month,Bank Transfer,Female,0
CUST_CH_05320,14,95.02,32,6,Month-to-Month,Bank Transfer,Male,1
CUST_CH_05321,65,56.23,16,24,One-Year,Bank Transfer,Female,1
CUST_CH_05322,51,31.14,38,22,Month-to-Month,Electronic Check,Male,1
CUST_CH_05323,44,43.92,15,35,Month-to-Month,Credit Card,Female,1
CUST_CH_05324,52,57.41,15,18,Two-Year,Credit Card,Female,0
CUST_CH_05325,20,100.66,37,16,One-Year,Bank Transfer,Male,0
CUST_CH_05326,38,92.9,23,48,Month-to-Month,Credit Card,Male,1
CUST_CH_05327,64,100.97,21,26,One-Year,Bank Transfer,Male,1
CUST_CH_05328,34,79.91,9,36,One-Year,Bank Transfer,Male,1
CUST_CH_05329,37,99.4,25,23,Two-Year,Credit Card,Female,0
CUST_CH_05330,33,70.49,4,39,Month-to-Month,Electronic Check,Male,0
CUST_CH_05331,56,62.2,24,20,Month-to-Month,Credit Card,Female,0
CUST_CH_05332,34,79.52,42,54,Two-Year,Bank Transfer,Female,0
CUST_CH_05333,50,20.77,16,45,Month-to-Month,Credit Card,Female,1
CUST_CH_05334,66,110.32,46,33,One-Year,Bank Transfer,Male,1
CUST_CH_05335,28,84.99,8,11,Month-to-Month,Bank Transfer,Male,1
CUST_CH_05336,72,62.63,12,55,Two-Year,Credit Card,Male,1
CUST_CH_05337,54,108.95,15,21,One-Year,Electronic Check,Male,0
CUST_CH_05338,2,39.37,34,2,Month-to-Month,Bank Transfer,Male,0
CUST_CH_05339,41,58.38,37,10,Two-Year,Credit Card,Male,0
CUST_CH_05340,52,53.91,23,44,Month-to-Month,Electronic Check,Female,0
CUST_CH_05341,8,87.37,7,13,Month-to-Month,Bank Transfer,Male,1
CUST_CH_05342,54,57.99,30,47,Month-to-Month,Bank Transfer,Male,0
CUST_CH_05343,70,48.32,27,17,Month-to-Month,Electronic Check,Male,1
CUST_CH_05344,34,101.7,22,27,Month-to-Month,Credit Card,Male,1
CUST_CH_05345,19,101.53,38,27,Month-to-Month,Electronic Check,Female,1
CUST_CH_05346,22,82.65,25,17,One-Year,Electronic Check,Male,0
CUST_CH_05347,6,69.42,20,14,Month-to-Month,Bank Transfer,Male,1
CUST_CH_05348,28,95.18,12,54,One-Year,Bank Transfer,Male,1
CUST_CH_05349,47,26.94,47,27,Month-to-Month,Bank Transfer,Male,1
CUST_CH_05350,5,40.16,1,42,Month-to-Month,Electronic Check,Female,1
CUST_CH_05351,44,34.47,5,56,One-Year,Electronic Check,Female,0
CUST_CH_05352,19,36.6,48,57,One-Year,Credit Card,Male,0
CUST_CH_05353,68,95.68,41,46,Two-Year,Credit Card,Male,1
CUST_CH_05354,3,38.43,45,24,Two-Year,Electronic Check,Female,1
CUST_CH_05355,46,21.55,4,27,One-Year,Electronic Check,Female,0
CUST_CH_05356,16,95.98,10,47,Month-to-Month,Electronic Check,Female,1
CUST_CH_05357,71,84.05,46,6,One-Year,Bank Transfer,Female,0
CUST_CH_05358,70,32.06,50,33,Two-Year,Bank Transfer,Male,0
CUST_CH_05359,70,95.22,44,48,Month-to-Month,Electronic Check,Male,1
CUST_CH_05360,3,91.23,23,13,One-Year,Bank Transfer,Male,1
CUST_CH_05361,24,45.7,16,40,Two-Year,Credit Card,Male,0
CUST_CH_05362,24,103.13,26,43,Month-to-Month,Bank Transfer,Female,1
CUST_CH_05363,37,39.46,8,46,Two-Year,Electronic Check,Male,1
CUST_CH_05364,52,68.31,16,13,Month-to-Month,Bank Transfer,Female,1
CUST_CH_05365,58,73.59,11,45,Month-to-Month,Electronic Check,Male,1
CUST_CH_05366,70,100.38,45,39,Two-Year,Credit Card,Male,1
CUST_CH_05367,55,77.18,15,7,One-Year,Bank Transfer,Male,0
CUST_CH_05368,38,24.63,22,40,One-Year,Credit Card,Male,0
CUST_CH_05369,38,119.41,19,27,One-Year,Bank Transfer,Female,1
CUST_CH_05370,1,112.01,34,25,Month-to-Month,Bank Transfer,Female,1
CUST_CH_05371,40,44.25,25,13,One-Year,Credit Card,Female,0
CUST_CH_05372,46,46.21,39,40,Month-to-Month,Electronic Check,Male,1
CUST_CH_05373,41,42.2,11,39,Two-Year,Credit Card,Female,1
CUST_CH_05374,62,96.28,4,3,One-Year,Bank Transfer,Male,1
CUST_CH_05375,42,61.06,7,14,Month-to-Month,Credit Card,Female,0
CUST_CH_05376,54,98.73,34,39,Two-Year,Bank Transfer,Female,0
CUST_CH_05377,10,117.4,2,37,Month-to-Month,Electronic Check,Female,1
CUST_CH_05378,40,115.63,49,42,One-Year,Electronic Check,Male,1
CUST_CH_05379,56,106.39,4,6,Month-to-Month,Electronic Check,Male,0
CUST_CH_05380,7,80.57,14,7,Two-Year,Credit Card,Male,0
CUST_CH_05381,11,31.01,30,58,One-Year,Bank Transfer,Female,1
CUST_CH_05382,32,49.87,1,38,Month-to-Month,Electronic Check,Female,1
CUST_CH_05383,55,63.26,24,9,One-Year,Bank Transfer,Male,0
CUST_CH_05384,42,51.7,16,28,Two-Year,Credit Card,Female,0
CUST_CH_05385,14,70.92,47,23,Month-to-Month,Bank Transfer,Female,1
CUST_CH_05386,23,66.68,6,59,One-Year,Bank Transfer,Female,0
CUST_CH_05387,46,101.12,48,30,Two-Year,Credit Card,Male,1
CUST_CH_05388,57,41.61,29,53,Month-to-Month,Credit Card,Male,1
CUST_CH_05389,29,77.17,50,34,Two-Year,Electronic Check,Male,1
CUST_CH_05390,71,81.83,24,2,Month-to-Month,Credit Card,Female,0
CUST_CH_05391,65,94.77,36,12,One-Year,Bank Transfer,Male,0
CUST_CH_05392,11,106.03,38,24,One-Year,Electronic Check,Female,0
CUST_CH_05393,60,50.74,48,11,Month-to-Month,Credit Card,Male,1
CUST_CH_05394,1,67.18,25,26,Month-to-Month,Bank Transfer,Male,1
CUST_CH_05395,25,92.5,40,35,Month-to-Month,Credit Card,Male,1
CUST_CH_05396,12,73.07,4,5,Month-to-Month,Electronic Check,Male,1
CUST_CH_05397,41,116.71,29,12,Two-Year,Credit Card,Male,0
CUST_CH_05398,27,66.26,24,60,Month-to-Month,Bank Transfer,Male,1
CUST_CH_05399,37,66.86,23,2,One-Year,Electronic Check,Female,1
CUST_CH_05400,46,114.12,29,47,One-Year,Credit Card,Male,0
CUST_CH_05401,72,63.01,47,59,One-Year,Bank Transfer,Female,1
CUST_CH_05402,72,88.35,26,30,Two-Year,Bank Transfer,Female,1
CUST_CH_05403,62,96.45,28,14,Month-to-Month,Bank Transfer,Male,0
CUST_CH_05404,50,66.87,31,49,Two-Year,Bank Transfer,Male,1
CUST_CH_05405,14,110.38,10,9,Month-to-Month,Bank Transfer,Male,1
CUST_CH_05406,54,76.72,9,11,Month-to-Month,Electronic Check,Male,0
CUST_CH_05407,28,105.75,15,30,Month-to-Month,Bank Transfer,Female,1
CUST_CH_05408,70,108.16,17,16,Month-to-Month,Electronic Check,Female,0
CUST_CH_05409,21,36.17,16,30,Month-to-Month,Credit Card,Male,0
CUST_CH_05410,29,60.76,24,53,Month-to-Month,Bank Transfer,Male,1
CUST_CH_05411,55,109.67,10,52,One-Year,Credit Card,Male,0
CUST_CH_05412,34,39.24,1,35,Two-Year,Bank Transfer,Male,0
CUST_CH_05413,63,96.56,18,30,Month-to-Month,Electronic Check,Female,0
CUST_CH_05414,57,51.88,4,47,Month-to-Month,Credit Card,Male,1
CUST_CH_05415,37,28.27,36,57,Month-to-Month,Electronic Check,Female,0
CUST_CH_05416,70,45.2,33,32,One-Year,Credit Card,Female,1
CUST_CH_05417,24,58.7,13,56,Month-to-Month,Credit Card,Female,1
CUST_CH_05418,70,77.02,33,56,One-Year,Electronic Check,Male,0
CUST_CH_05419,61,109.43,4,60,One-Year,Electronic Check,Female,1
CUST_CH_05420,42,119.74,43,51,Month-to-Month,Bank Transfer,Female,0
CUST_CH_05421,6,107.41,40,26,Month-to-Month,Credit Card,Female,1
CUST_CH_05422,10,119.3,16,25,Month-to-Month,Bank Transfer,Female,0
CUST_CH_05423,23,109.79,23,33,Month-to-Month,Electronic Check,Female,1
CUST_CH_05424,16,30.52,24,60,Month-to-Month,Bank Transfer,Male,1
CUST_CH_05425,9,99.55,46,50,Month-to-Month,Credit Card,Female,1
CUST_CH_05426,47,20.0,5,59,One-Year,Electronic Check,Female,0
CUST_CH_05427,46,81.49,10,8,Month-to-Month,Electronic Check,Male,1
CUST_CH_05428,23,68.89,44,27,Month-to-Month,Electronic Check,Male,1
CUST_CH_05429,16,82.73,10,16,One-Year,Credit Card,Male,0
CUST_CH_05430,55,46.07,18,12,Month-to-Month,Credit Card,Male,1
CUST_CH_05431,43,42.32,25,35,One-Year,Electronic Check,Male,0
CUST_CH_05432,41,56.95,36,36,Month-to-Month,Bank Transfer,Female,0
CUST_CH_05433,33,51.39,21,0,Month-to-Month,Bank Transfer,Female,1
CUST_CH_05434,15,36.82,29,27,One-Year,Electronic Check,Female,0
CUST_CH_05435,46,49.67,29,30,One-Year,Credit Card,Male,0
CUST_CH_05436,30,35.38,26,50,Month-to-Month,Bank Transfer,Male,1
CUST_CH_05437,21,62.14,41,11,One-Year,Electronic Check,Female,1
CUST_CH_05438,4,40.88,10,59,Two-Year,Credit Card,Female,1
CUST_CH_05439,30,114.84,12,28,Two-Year,Credit Card,Male,1
CUST_CH_05440,70,88.95,13,43,Month-to-Month,Bank Transfer,Male,0
CUST_CH_05441,53,88.28,22,56,Month-to-Month,Credit Card,Female,0
CUST_CH_05442,11,30.91,13,50,Two-Year,Electronic Check,Male,0
CUST_CH_05443,57,80.84,9,39,Two-Year,Electronic Check,Male,1
CUST_CH_05444,53,50.69,39,42,One-Year,Credit Card,Male,0
CUST_CH_05445,38,119.59,2,32,One-Year,Credit Card,Female,0
CUST_CH_05446,15,68.28,15,39,Month-to-Month,Bank Transfer,Female,1
CUST_CH_05447,29,89.58,50,34,Month-to-Month,Bank Transfer,Male,1
CUST_CH_05448,17,78.07,31,57,Month-to-Month,Bank Transfer,Male,1
CUST_CH_05449,61,88.0,17,9,Month-to-Month,Electronic Check,Female,0
CUST_CH_05450,59,23.73,25,39,Two-Year,Bank Transfer,Male,1
CUST_CH_05451,16,57.46,38,51,Month-to-Month,Bank Transfer,Male,1
CUST_CH_05452,18,46.0,46,11,Month-to-Month,Credit Card,Female,0
CUST_CH_05453,51,90.08,10,36,Month-to-Month,Electronic Check,Male,0
CUST_CH_05454,24,21.91,48,1,Two-Year,Credit Card,Female,1
CUST_CH_05455,27,105.12,26,0,Two-Year,Electronic Check,Male,0
CUST_CH_05456,40,99.72,31,22,Month-to-Month,Bank Transfer,Female,0
CUST_CH_05457,71,60.55,10,15,Two-Year,Credit Card,Female,0
CUST_CH_05458,69,47.37,39,58,Two-Year,Bank Transfer,Male,0
CUST_CH_05459,17,22.64,37,51,Month-to-Month,Credit Card,Female,1
CUST_CH_05460,5,45.49,15,50,Month-to-Month,Electronic Check,Female,1
CUST_CH_05461,14,52.91,2,45,Month-to-Month,Credit Card,Female,1
CUST_CH_05462,68,119.95,42,31,Two-Year,Credit Card,Female,1
CUST_CH_05463,15,32.31,33,37,Month-to-Month,Electronic Check,Female,1
CUST_CH_05464,5,25.09,6,41,Month-to-Month,Bank Transfer,Male,1
CUST_CH_05465,51,109.24,44,3,Month-to-Month,Bank Transfer,Male,0
CUST_CH_05466,48,77.76,7,19,Month-to-Month,Bank Transfer,Female,1
CUST_CH_05467,22,108.79,26,44,One-Year,Bank Transfer,Female,0
CUST_CH_05468,15,48.81,48,31,One-Year,Electronic Check,Female,0
CUST_CH_05469,4,37.93,11,18,Month-to-Month,Credit Card,Female,0
CUST_CH_05470,39,94.2,26,29,Month-to-Month,Bank Transfer,Male,1
CUST_CH_05471,20,119.99,8,20,Month-to-Month,Electronic Check,Male,0
CUST_CH_05472,10,30.12,38,8,Month-to-Month,Credit Card,Male,1
CUST_CH_05473,56,111.29,28,52,One-Year,Bank Transfer,Female,0
CUST_CH_05474,56,48.3,9,40,Two-Year,Bank Transfer,Female,1
CUST_CH_05475,12,79.73,14,27,One-Year,Credit Card,Male,0
CUST_CH_05476,1,43.5,47,46,Month-to-Month,Bank Transfer,Female,1
CUST_CH_05477,1,69.77,49,43,Month-to-Month,Credit Card,Female,1
CUST_CH_05478,57,50.68,40,34,One-Year,Credit Card,Female,0
CUST_CH_05479,67,47.79,33,36,One-Year,Electronic Check,Female,0
CUST_CH_05480,37,117.37,18,11,Two-Year,Bank Transfer,Female,1
CUST_CH_05481,40,102.31,39,13,One-Year,Credit Card,Male,0
CUST_CH_05482,37,35.03,39,15,One-Year,Electronic Check,Female,0
CUST_CH_05483,47,53.4,19,18,One-Year,Credit Card,Male,0
CUST_CH_05484,44,116.01,42,20,Two-Year,Electronic Check,Male,0
CUST_CH_05485,35,106.06,20,47,One-Year,Electronic Check,Male,1
CUST_CH_05486,13,58.88,6,20,Month-to-Month,Electronic Check,Male,1
CUST_CH_05487,22,42.89,20,45,Month-to-Month,Electronic Check,Female,1
CUST_CH_05488,69,45.82,16,36,One-Year,Bank Transfer,Female,0
CUST_CH_05489,55,26.17,19,31,Month-to-Month,Electronic Check,Female,0
CUST_CH_05490,62,87.64,43,30,Month-to-Month,Credit Card,Male,1
CUST_CH_05491,67,93.47,11,40,Month-to-Month,Credit Card,Male,1
CUST_CH_05492,25,29.69,25,39,Two-Year,Bank Transfer,Female,1
CUST_CH_05493,50,82.34,26,40,Month-to-Month,Credit Card,Female,1
CUST_CH_05494,14,83.52,34,57,Month-to-Month,Credit Card,Male,1
CUST_CH_05495,72,102.08,19,11,Two-Year,Credit Card,Male,1
CUST_CH_05496,4,83.63,50,9,Month-to-Month,Electronic Check,Male,0
CUST_CH_05497,59,23.27,26,13,Month-to-Month,Electronic Check,Male,1
CUST_CH_05498,16,110.43,24,47,Month-to-Month,Electronic Check,Female,1
CUST_CH_05499,44,47.15,35,22,Month-to-Month,Bank Transfer,Female,1
CUST_CH_05500,57,68.1,44,5,Month-to-Month,Bank Transfer,Female,1
CUST_CH_05501,23,32.75,10,4,Month-to-Month,Electronic Check,Male,1
CUST_CH_05502,31,80.87,32,44,Two-Year,Credit Card,Male,0
CUST_CH_05503,57,92.74,13,12,Month-to-Month,Electronic Check,Male,0
CUST_CH_05504,36,81.18,7,47,Month-to-Month,Electronic Check,Female,1
CUST_CH_05505,68,33.82,40,4,One-Year,Credit Card,Female,0
CUST_CH_05506,38,35.39,5,35,Month-to-Month,Electronic Check,Female,1
CUST_CH_05507,66,95.92,39,18,Month-to-Month,Electronic Check,Male,1
CUST_CH_05508,42,51.68,38,58,Two-Year,Bank Transfer,Female,1
CUST_CH_05509,32,24.28,36,2,Month-to-Month,Bank Transfer,Male,1
CUST_CH_05510,48,118.64,30,12,Two-Year,Electronic Check,Male,0
CUST_CH_05511,58,20.03,50,3,Two-Year,Credit Card,Female,0
CUST_CH_05512,31,55.08,15,40,One-Year,Credit Card,Male,0
CUST_CH_05513,6,72.48,37,3,Month-to-Month,Bank Transfer,Female,0
CUST_CH_05514,56,60.15,46,59,Month-to-Month,Electronic Check,Female,0
CUST_CH_05515,38,61.71,45,15,Month-to-Month,Bank Transfer,Female,0
CUST_CH_05516,71,103.72,22,27,Two-Year,Bank Transfer,Female,0
CUST_CH_05517,47,44.78,45,33,One-Year,Credit Card,Female,1
CUST_CH_05518,47,46.33,47,33,Month-to-Month,Electronic Check,Male,0
CUST_CH_05519,7,104.54,46,28,Month-to-Month,Electronic Check,Female,1
CUST_CH_05520,69,44.99,2,5,One-Year,Credit Card,Female,1
CUST_CH_05521,37,82.21,10,3,One-Year,Electronic Check,Male,0
CUST_CH_05522,24,45.81,37,16,One-Year,Electronic Check,Female,1
CUST_CH_05523,6,112.04,32,46,One-Year,Credit Card,Female,0
CUST_CH_05524,13,89.77,30,3,Month-to-Month,Credit Card,Female,0
CUST_CH_05525,2,81.64,9,47,Month-to-Month,Electronic Check,Female,1
CUST_CH_05526,35,108.1,15,22,Month-to-Month,Credit Card,Female,0
CUST_CH_05527,34,99.72,41,4,Month-to-Month,Electronic Check,Female,0
CUST_CH_05528,60,44.55,19,51,One-Year,Credit Card,Male,1
CUST_CH_05529,11,113.23,33,60,Two-Year,Credit Card,Female,1
CUST_CH_05530,26,113.84,1,55,Two-Year,Bank Transfer,Female,1
CUST_CH_05531,30,94.12,26,13,One-Year,Bank Transfer,Male,0
CUST_CH_05532,21,82.28,28,49,One-Year,Bank Transfer,Male,0
CUST_CH_05533,47,75.29,3,7,One-Year,Credit Card,Male,0
CUST_CH_05534,51,64.24,28,35,Two-Year,Electronic Check,Female,1
CUST_CH_05535,10,76.49,13,28,Two-Year,Credit Card,Male,0
CUST_CH_05536,65,87.38,33,56,One-Year,Electronic Check,Male,0
CUST_CH_05537,15,102.21,27,5,Month-to-Month,Credit Card,Female,1
CUST_CH_05538,33,90.05,12,44,Month-to-Month,Bank Transfer,Male,1
CUST_CH_05539,25,56.28,50,13,One-Year,Credit Card,Male,0
CUST_CH_05540,23,25.72,34,32,Two-Year,Bank Transfer,Male,1
CUST_CH_05541,7,101.66,20,27,One-Year,Bank Transfer,Female,0
CUST_CH_05542,66,67.59,26,15,Month-to-Month,Bank Transfer,Male,0
CUST_CH_05543,61,34.42,26,49,Two-Year,Credit Card,Female,1
CUST_CH_05544,37,118.92,48,16,Two-Year,Electronic Check,Female,0
CUST_CH_05545,39,72.16,15,10,Month-to-Month,Bank Transfer,Female,1
CUST_CH_05546,24,31.85,39,46,One-Year,Credit Card,Male,0
CUST_CH_05547,46,104.97,10,38,Month-to-Month,Bank Transfer,Female,0
CUST_CH_05548,37,65.32,10,0,One-Year,Credit Card,Male,0
CUST_CH_05549,13,58.0,20,3,Month-to-Month,Electronic Check,Male,0
CUST_CH_05550,42,63.86,40,46,Month-to-Month,Electronic Check,Male,0
CUST_CH_05551,51,92.8,17,6,Two-Year,Credit Card,Female,1
CUST_CH_05552,36,36.33,32,44,One-Year,Bank Transfer,Male,0
CUST_CH_05553,51,37.3,9,2,Two-Year,Credit Card,Female,1
CUST_CH_05554,40,59.82,41,31,Two-Year,Bank Transfer,Male,0
CUST_CH_05555,66,111.9,32,46,One-Year,Electronic Check,Male,0
CUST_CH_05556,71,74.67,17,49,One-Year,Electronic Check,Male,1
CUST_CH_05557,55,78.59,1,49,One-Year,Credit Card,Male,0
CUST_CH_05558,13,21.48,4,28,Month-to-Month,Electronic Check,Female,0
CUST_CH_05559,6,66.01,29,3,One-Year,Credit Card,Female,0
CUST_CH_05560,42,75.9,28,58,One-Year,Bank Transfer,Male,1
CUST_CH_05561,54,102.13,14,30,Two-Year,Bank Transfer,Male,0
CUST_CH_05562,15,70.09,49,30,Two-Year,Electronic Check,Male,1
CUST_CH_05563,33,45.63,47,28,Month-to-Month,Electronic Check,Female,1
CUST_CH_05564,37,64.32,23,37,Month-to-Month,Credit Card,Female,1
CUST_CH_05565,41,59.28,14,3,Two-Year,Electronic Check,Male,0
CUST_CH_05566,40,87.01,48,15,Month-to-Month,Credit Card,Male,1
CUST_CH_05567,53,58.48,6,14,Two-Year,Bank Transfer,Male,0
CUST_CH_05568,54,26.37,33,29,Two-Year,Credit Card,Male,1
CUST_CH_05569,69,25.63,29,41,Month-to-Month,Bank Transfer,Female,0
CUST_CH_05570,25,79.48,12,43,Month-to-Month,Credit Card,Female,1
CUST_CH_05571,7,73.18,5,10,Month-to-Month,Bank Transfer,Male,0
CUST_CH_05572,8,81.1,38,13,One-Year,Credit Card,Male,1
CUST_CH_05573,17,35.43,24,39,Month-to-Month,Credit Card,Female,1
CUST_CH_05574,72,110.06,10,10,Two-Year,Bank Transfer,Female,0
CUST_CH_05575,43,85.58,24,15,One-Year,Credit Card,Female,0
CUST_CH_05576,46,60.13,31,60,Month-to-Month,Credit Card,Male,1
CUST_CH_05577,46,49.47,33,33,Month-to-Month,Credit Card,Female,0
CUST_CH_05578,72,92.11,35,28,Two-Year,Credit Card,Male,0
CUST_CH_05579,69,55.36,41,12,One-Year,Bank Transfer,Female,0
CUST_CH_05580,38,52.28,26,5,Two-Year,Electronic Check,Male,0
CUST_CH_05581,55,112.71,20,10,Two-Year,Electronic Check,Male,0
CUST_CH_05582,1,31.1,8,30,Month-to-Month,Bank Transfer,Female,1
CUST_CH_05583,22,20.15,8,26,Month-to-Month,Electronic Check,Female,1
CUST_CH_05584,4,31.58,46,57,Month-to-Month,Credit Card,Male,1
CUST_CH_05585,12,74.47,47,24,Two-Year,Bank Transfer,Female,1
CUST_CH_05586,34,100.09,14,60,One-Year,Bank Transfer,Female,1
CUST_CH_05587,32,107.39,12,54,One-Year,Bank Transfer,Female,1
CUST_CH_05588,14,62.0,40,39,One-Year,Bank Transfer,Female,0
CUST_CH_05589,15,83.92,14,16,Two-Year,Electronic Check,Female,0
CUST_CH_05590,56,89.46,20,21,Month-to-Month,Electronic Check,Male,1
CUST_CH_05591,43,51.25,41,29,One-Year,Bank Transfer,Male,1
CUST_CH_05592,72,34.43,1,20,Month-to-Month,Bank Transfer,Female,0
CUST_CH_05593,19,23.62,32,26,Month-to-Month,Credit Card,Female,1
CUST_CH_05594,61,63.68,5,51,Two-Year,Credit Card,Female,1
CUST_CH_05595,40,52.19,37,6,Month-to-Month,Credit Card,Male,1
CUST_CH_05596,31,66.46,25,58,Two-Year,Credit Card,Female,0
CUST_CH_05597,35,113.63,33,56,Two-Year,Electronic Check,Male,0
CUST_CH_05598,23,94.55,14,49,Two-Year,Electronic Check,Male,1
CUST_CH_05599,41,86.86,7,13,Month-to-Month,Credit Card,Male,0
CUST_CH_05600,4,36.79,3,34,One-Year,Bank Transfer,Male,1
CUST_CH_05601,59,70.57,1,15,Month-to-Month,Credit Card,Female,1
CUST_CH_05602,17,111.64,32,18,One-Year,Electronic Check,Male,1
CUST_CH_05603,6,108.43,30,42,Month-to-Month,Electronic Check,Male,1
CUST_CH_05604,44,70.06,2,7,Month-to-Month,Bank Transfer,Female,0
CUST_CH_05605,24,57.92,19,2,Month-to-Month,Electronic Check,Female,0
CUST_CH_05606,50,64.52,50,9,Month-to-Month,Electronic Check,Male,0
CUST_CH_05607,23,94.67,1,21,One-Year,Electronic Check,Female,1
CUST_CH_05608,23,61.27,28,60,Month-to-Month,Electronic Check,Male,0
CUST_CH_05609,5,47.91,40,28,Two-Year,Credit Card,Female,1
CUST_CH_05610,21,21.49,24,46,One-Year,Electronic Check,Male,0
CUST_CH_05611,52,21.43,36,40,Month-to-Month,Bank Transfer,Male,1
CUST_CH_05612,53,70.89,33,7,One-Year,Electronic Check,Male,0
CUST_CH_05613,49,81.99,3,51,One-Year,Electronic Check,Female,0
CUST_CH_05614,40,118.43,47,5,One-Year,Credit Card,Female,0
CUST_CH_05615,22,95.62,24,5,One-Year,Electronic Check,Male,0
CUST_CH_05616,27,28.56,27,51,Month-to-Month,Credit Card,Female,1
CUST_CH_05617,14,27.33,27,21,Month-to-Month,Electronic Check,Male,1
CUST_CH_05618,72,38.24,21,57,Two-Year,Credit Card,Female,0
CUST_CH_05619,17,51.12,41,40,One-Year,Bank Transfer,Female,0
CUST_CH_05620,6,108.86,25,26,Month-to-Month,Credit Card,Female,1
CUST_CH_05621,39,41.21,27,18,Month-to-Month,Bank Transfer,Male,0
CUST_CH_05622,48,36.93,6,48,One-Year,Bank Transfer,Female,0
CUST_CH_05623,31,22.9,49,42,One-Year,Electronic Check,Female,1
CUST_CH_05624,20,84.09,9,20,Month-to-Month,Credit Card,Male,1
CUST_CH_05625,65,44.84,6,33,Month-to-Month,Electronic Check,Female,0
CUST_CH_05626,1,39.91,11,20,One-Year,Electronic Check,Male,0
CUST_CH_05627,8,21.3,32,17,One-Year,Credit Card,Female,0
CUST_CH_05628,41,38.21,2,30,Month-to-Month,Bank Transfer,Male,0
CUST_CH_05629,55,36.05,6,49,One-Year,Credit Card,Female,0
CUST_CH_05630,1,53.69,9,43,Month-to-Month,Bank Transfer,Female,1
CUST_CH_05631,64,101.7,25,55,Month-to-Month,Bank Transfer,Male,1
CUST_CH_05632,13,62.66,38,44,One-Year,Electronic Check,Male,0
CUST_CH_05633,57,80.54,33,26,Month-to-Month,Bank Transfer,Female,1
CUST_CH_05634,55,116.41,15,11,Two-Year,Bank Transfer,Male,0
CUST_CH_05635,69,41.77,33,7,Month-to-Month,Electronic Check,Male,0
CUST_CH_05636,16,90.67,3,16,Month-to-Month,Bank Transfer,Female,1
CUST_CH_05637,72,59.32,11,25,One-Year,Bank Transfer,Male,1
CUST_CH_05638,38,71.96,35,56,One-Year,Bank Transfer,Male,1
CUST_CH_05639,15,55.49,43,10,Month-to-Month,Electronic Check,Male,0
CUST_CH_05640,38,58.86,10,5,Two-Year,Bank Transfer,Female,0
CUST_CH_05641,71,55.35,15,45,Two-Year,Bank Transfer,Male,0
CUST_CH_05642,4,41.44,13,48,Month-to-Month,Bank Transfer,Male,1
CUST_CH_05643,44,21.68,26,23,Month-to-Month,Electronic Check,Female,1
CUST_CH_05644,17,78.07,21,15,One-Year,Electronic Check,Female,0
CUST_CH_05645,10,84.42,34,33,Month-to-Month,Bank Transfer,Male,1
CUST_CH_05646,2,44.38,28,14,One-Year,Bank Transfer,Male,1
CUST_CH_05647,35,87.39,14,60,Month-to-Month,Bank Transfer,Male,1
CUST_CH_05648,7,107.91,16,44,Two-Year,Electronic Check,Male,1
CUST_CH_05649,21,107.11,26,57,Two-Year,Bank Transfer,Male,1
CUST_CH_05650,64,59.67,39,51,Month-to-Month,Bank Transfer,Male,1
CUST_CH_05651,64,91.47,35,53,Month-to-Month,Credit Card,Female,1
CUST_CH_05652,16,26.55,26,12,One-Year,Bank Transfer,Male,0
CUST_CH_05653,5,64.33,36,34,One-Year,Electronic Check,Male,0
CUST_CH_05654,47,34.07,9,56,Month-to-Month,Electronic Check,Male,0
CUST_CH_05655,54,71.76,7,1,Month-to-Month,Electronic Check,Male,0
CUST_CH_05656,32,92.49,11,48,Month-to-Month,Electronic Check,Female,1
CUST_CH_05657,59,46.24,18,4,Two-Year,Credit Card,Male,1
CUST_CH_05658,56,68.73,26,12,Month-to-Month,Electronic Check,Male,1
CUST_CH_05659,62,90.0,23,51,Two-Year,Credit Card,Female,1
CUST_CH_05660,57,112.03,41,7,Month-to-Month,Credit Card,Female,1
CUST_CH_05661,20,59.37,6,12,One-Year,Credit Card,Female,0
CUST_CH_05662,46,63.96,4,14,Two-Year,Bank Transfer,Male,0
CUST_CH_05663,51,23.74,40,39,Month-to-Month,Bank Transfer,Male,1
CUST_CH_05664,42,102.61,31,11,Month-to-Month,Bank Transfer,Male,0
CUST_CH_05665,36,73.53,35,3,One-Year,Bank Transfer,Male,0
CUST_CH_05666,38,91.53,7,41,Two-Year,Electronic Check,Female,1
CUST_CH_05667,23,45.14,10,1,Month-to-Month,Electronic Check,Male,1
CUST_CH_05668,40,49.73,33,12,Month-to-Month,Bank Transfer,Female,1
CUST_CH_05669,60,84.04,26,31,Month-to-Month,Bank Transfer,Male,1
CUST_CH_05670,35,51.99,3,43,Month-to-Month,Credit Card,Female,0
CUST_CH_05671,26,32.13,17,32,Two-Year,Bank Transfer,Male,0
CUST_CH_05672,50,23.5,41,24,Month-to-Month,Credit Card,Male,1
CUST_CH_05673,24,108.99,8,38,Two-Year,Credit Card,Female,1
CUST_CH_05674,9,46.34,16,18,Month-to-Month,Credit Card,Male,1
CUST_CH_05675,16,88.24,13,44,One-Year,Bank Transfer,Male,0
CUST_CH_05676,39,32.1,35,56,Two-Year,Credit Card,Male,1
CUST_CH_05677,8,90.62,42,12,Month-to-Month,Electronic Check,Female,1
CUST_CH_05678,10,114.36,21,45,Month-to-Month,Bank Transfer,Female,1
CUST_CH_05679,32,71.81,30,59,Month-to-Month,Credit Card,Female,0
CUST_CH_05680,47,84.64,40,1,Month-to-Month,Credit Card,Female,1
CUST_CH_05681,6,87.32,39,34,Month-to-Month,Electronic Check,Female,1
CUST_CH_05682,15,65.2,31,35,Month-to-Month,Bank Transfer,Male,0
CUST_CH_05683,62,90.77,8,10,Month-to-Month,Electronic Check,Female,1
CUST_CH_05684,6,30.35,34,15,Month-to-Month,Credit Card,Female,1
CUST_CH_05685,57,96.46,21,38,One-Year,Credit Card,Female,0
CUST_CH_05686,42,23.55,23,31,Two-Year,Electronic Check,Male,0
CUST_CH_05687,28,79.75,17,2,One-Year,Credit Card,Male,0
CUST_CH_05688,33,68.54,23,6,Month-to-Month,Credit Card,Male,0
CUST_CH_05689,46,83.81,29,26,Month-to-Month,Bank Transfer,Male,0
CUST_CH_05690,16,74.52,29,20,Month-to-Month,Electronic Check,Male,1
CUST_CH_05691,2,64.16,24,44,Month-to-Month,Electronic Check,Female,1
CUST_CH_05692,35,36.07,22,55,One-Year,Electronic Check,Female,0
CUST_CH_05693,43,88.33,28,54,Month-to-Month,Bank Transfer,Male,0
CUST_CH_05694,61,107.99,25,59,Month-to-Month,Bank Transfer,Male,1
CUST_CH_05695,53,102.31,17,47,One-Year,Electronic Check,Female,1
CUST_CH_05696,42,60.35,16,49,Month-to-Month,Electronic Check,Male,1
CUST_CH_05697,50,72.68,49,54,Two-Year,Credit Card,Female,1
CUST_CH_05698,49,85.55,40,22,Two-Year,Credit Card,Male,1
CUST_CH_05699,1,73.22,9,22,One-Year,Bank Transfer,Male,0
CUST_CH_05700,61,109.4,8,44,One-Year,Credit Card,Female,0
CUST_CH_05701,69,39.39,44,8,One-Year,Electronic Check,Male,1
CUST_CH_05702,42,75.69,17,37,One-Year,Credit Card,Female,0
CUST_CH_05703,45,101.59,19,2,Month-to-Month,Credit Card,Male,1
CUST_CH_05704,40,54.12,39,53,One-Year,Credit Card,Male,1
CUST_CH_05705,40,71.97,29,45,Month-to-Month,Bank Transfer,Male,0
CUST_CH_05706,14,66.16,32,39,Two-Year,Electronic Check,Female,1
CUST_CH_05707,29,112.7,38,1,Month-to-Month,Electronic Check,Female,1
CUST_CH_05708,31,104.26,41,59,Month-to-Month,Credit Card,Male,1
CUST_CH_05709,49,33.62,27,52,Month-to-Month,Credit Card,Male,1
CUST_CH_05710,50,31.5,31,34,Month-to-Month,Bank Transfer,Female,1
CUST_CH_05711,70,38.49,4,56,Month-to-Month,Bank Transfer,Male,1
CUST_CH_05712,46,72.14,7,16,Month-to-Month,Credit Card,Male,1
CUST_CH_05713,69,42.6,18,55,One-Year,Electronic Check,Male,1
CUST_CH_05714,67,110.82,20,27,One-Year,Electronic Check,Male,0
CUST_CH_05715,51,97.98,4,46,One-Year,Bank Transfer,Male,0
CUST_CH_05716,49,63.5,48,21,Month-to-Month,Electronic Check,Female,1
CUST_CH_05717,38,107.92,29,33,One-Year,Credit Card,Female,1
CUST_CH_05718,7,65.02,6,0,One-Year,Electronic Check,Male,1
CUST_CH_05719,41,94.31,15,17,Month-to-Month,Credit Card,Male,0
CUST_CH_05720,31,109.77,29,35,Month-to-Month,Electronic Check,Male,1
CUST_CH_05721,35,104.99,43,32,Two-Year,Electronic Check,Female,1
CUST_CH_05722,40,116.06,49,36,One-Year,Bank Transfer,Male,0
CUST_CH_05723,36,119.72,49,4,Month-to-Month,Electronic Check,Female,1
CUST_CH_05724,3,93.71,29,30,One-Year,Credit Card,Male,1
CUST_CH_05725,70,81.11,8,26,Month-to-Month,Bank Transfer,Male,1
CUST_CH_05726,48,20.67,13,46,Month-to-Month,Credit Card,Female,1
CUST_CH_05727,40,108.64,7,32,One-Year,Bank Transfer,Male,1
CUST_CH_05728,37,118.4,44,39,Month-to-Month,Electronic Check,Male,1
CUST_CH_05729,28,44.81,29,27,One-Year,Credit Card,Female,0
CUST_CH_05730,50,113.05,26,33,Month-to-Month,Bank Transfer,Female,0
CUST_CH_05731,39,26.14,17,59,Month-to-Month,Electronic Check,Male,1
CUST_CH_05732,28,102.38,3,48,Two-Year,Credit Card,Male,0
CUST_CH_05733,62,26.45,17,47,Month-to-Month,Credit Card,Female,0
CUST_CH_05734,33,43.88,17,30,Two-Year,Bank Transfer,Male,1
CUST_CH_05735,53,74.86,15,51,Two-Year,Electronic Check,Female,0
CUST_CH_05736,8,59.74,2,56,Month-to-Month,Credit Card,Female,0
CUST_CH_05737,5,101.93,17,43,Two-Year,Electronic Check,Male,1
CUST_CH_05738,53,109.85,22,58,Month-to-Month,Electronic Check,Female,0
CUST_CH_05739,23,114.22,41,13,Month-to-Month,Credit Card,Female,0
CUST_CH_05740,6,26.07,15,35,One-Year,Electronic Check,Female,0
CUST_CH_05741,65,91.22,23,55,Month-to-Month,Electronic Check,Male,1
CUST_CH_05742,42,75.32,40,58,Two-Year,Credit Card,Female,0
CUST_CH_05743,16,45.46,4,46,Two-Year,Bank Transfer,Female,1
CUST_CH_05744,40,94.79,9,53,Month-to-Month,Electronic Check,Female,0
CUST_CH_05745,67,28.05,45,46,Two-Year,Credit Card,Male,1
CUST_CH_05746,63,104.87,31,48,Month-to-Month,Bank Transfer,Female,1
CUST_CH_05747,28,107.89,1,46,Month-to-Month,Credit Card,Female,0
CUST_CH_05748,17,90.96,9,44,One-Year,Electronic Check,Female,0
CUST_CH_05749,3,29.1,15,26,Two-Year,Electronic Check,Male,1
CUST_CH_05750,15,65.35,21,41,Month-to-Month,Credit Card,Male,1
CUST_CH_05751,37,91.54,15,45,Month-to-Month,Electronic Check,Male,0
CUST_CH_05752,20,96.72,1,57,Two-Year,Bank Transfer,Male,0
CUST_CH_05753,39,49.99,36,48,One-Year,Electronic Check,Female,1
CUST_CH_05754,49,94.49,40,52,One-Year,Credit Card,Male,0
CUST_CH_05755,44,54.67,35,0,Month-to-Month,Credit Card,Male,1
CUST_CH_05756,52,79.43,12,28,Month-to-Month,Electronic Check,Male,0
CUST_CH_05757,31,25.65,4,39,Two-Year,Credit Card,Female,1
CUST_CH_05758,50,48.57,45,29,Month-to-Month,Credit Card,Female,0
CUST_CH_05759,36,36.6,12,49,Two-Year,Credit Card,Female,1
CUST_CH_05760,25,112.53,29,28,Month-to-Month,Credit Card,Female,1
CUST_CH_05761,23,42.42,29,5,Two-Year,Electronic Check,Male,0
CUST_CH_05762,21,40.7,29,45,One-Year,Credit Card,Male,0
CUST_CH_05763,21,27.8,5,27,Month-to-Month,Bank Transfer,Female,1
CUST_CH_05764,41,115.99,18,13,One-Year,Credit Card,Male,1
CUST_CH_05765,2,119.85,3,32,Month-to-Month,Electronic Check,Female,1
CUST_CH_05766,8,106.97,8,58,One-Year,Electronic Check,Female,1
CUST_CH_05767,19,106.35,29,50,Two-Year,Electronic Check,Female,1
CUST_CH_05768,54,48.8,44,29,Month-to-Month,Bank Transfer,Female,1
CUST_CH_05769,27,26.26,48,56,Month-to-Month,Bank Transfer,Female,1
CUST_CH_05770,72,106.41,13,36,Two-Year,Credit Card,Female,0
CUST_CH_05771,37,66.97,2,51,Two-Year,Credit Card,Female,0
CUST_CH_05772,15,106.85,43,51,One-Year,Credit Card,Male,0
CUST_CH_05773,7,25.45,31,24,Month-to-Month,Bank Transfer,Female,1
CUST_CH_05774,19,63.17,2,20,One-Year,Credit Card,Male,0
CUST_CH_05775,20,28.48,24,54,Month-to-Month,Electronic Check,Male,1
CUST_CH_05776,70,97.49,27,33,Month-to-Month,Bank Transfer,Male,1
CUST_CH_05777,41,44.68,38,42,Month-to-Month,Bank Transfer,Male,1
CUST_CH_05778,25,90.92,12,32,Two-Year,Credit Card,Female,0
CUST_CH_05779,65,111.34,31,45,Two-Year,Credit Card,Male,1
CUST_CH_05780,51,112.22,49,28,Two-Year,Electronic Check,Male,0
CUST_CH_05781,61,98.97,11,50,Two-Year,Bank Transfer,Male,0
CUST_CH_05782,43,21.2,21,9,Month-to-Month,Credit Card,Female,1
CUST_CH_05783,13,92.04,16,55,One-Year,Electronic Check,Female,1
CUST_CH_05784,59,94.29,22,17,Two-Year,Credit Card,Male,1
CUST_CH_05785,64,50.7,9,48,One-Year,Bank Transfer,Male,0
CUST_CH_05786,5,95.87,29,9,Month-to-Month,Credit Card,Female,0
CUST_CH_05787,67,97.42,36,55,Two-Year,Electronic Check,Male,0
CUST_CH_05788,34,108.28,37,34,Two-Year,Electronic Check,Male,0
CUST_CH_05789,59,109.19,24,54,Two-Year,Electronic Check,Female,1
CUST_CH_05790,29,71.28,13,46,Month-to-Month,Electronic Check,Male,1
CUST_CH_05791,30,62.24,22,3,One-Year,Electronic Check,Female,0
CUST_CH_05792,40,72.47,17,36,Two-Year,Electronic Check,Male,1
CUST_CH_05793,62,82.73,4,7,Month-to-Month,Electronic Check,Female,1
CUST_CH_05794,54,87.15,3,26,Month-to-Month,Bank Transfer,Male,1
CUST_CH_05795,60,93.7,41,39,Month-to-Month,Credit Card,Male,1
CUST_CH_05796,28,83.24,25,12,One-Year,Credit Card,Female,1
CUST_CH_05797,52,29.94,15,14,One-Year,Electronic Check,Female,0
CUST_CH_05798,19,116.54,15,37,Month-to-Month,Credit Card,Male,1
CUST_CH_05799,41,34.55,34,3,One-Year,Bank Transfer,Male,1
CUST_CH_05800,23,57.7,12,49,Month-to-Month,Credit Card,Female,0
CUST_CH_05801,68,96.74,26,8,Month-to-Month,Credit Card,Female,1
CUST_CH_05802,38,29.36,10,3,Month-to-Month,Electronic Check,Female,1
CUST_CH_05803,18,36.24,4,55,Two-Year,Bank Transfer,Female,0
CUST_CH_05804,13,48.1,31,60,Two-Year,Bank Transfer,Female,1
CUST_CH_05805,44,111.91,15,58,One-Year,Electronic Check,Female,0
CUST_CH_05806,66,20.26,42,34,Month-to-Month,Credit Card,Female,1
CUST_CH_05807,56,67.64,27,24,One-Year,Bank Transfer,Male,0
CUST_CH_05808,4,76.23,41,35,One-Year,Electronic Check,Female,0
CUST_CH_05809,65,47.68,28,11,One-Year,Electronic Check,Male,1
CUST_CH_05810,58,51.36,42,12,Month-to-Month,Credit Card,Female,1
CUST_CH_05811,52,21.99,33,59,Month-to-Month,Electronic Check,Female,0
CUST_CH_05812,47,58.72,28,54,One-Year,Credit Card,Female,1
CUST_CH_05813,71,106.66,17,3,One-Year,Bank Transfer,Female,1
CUST_CH_05814,27,77.29,2,51,One-Year,Bank Transfer,Male,0
CUST_CH_05815,4,103.66,35,30,One-Year,Bank Transfer,Male,1
CUST_CH_05816,52,44.15,14,23,Month-to-Month,Credit Card,Female,1
CUST_CH_05817,28,90.14,6,47,One-Year,Credit Card,Female,0
CUST_CH_05818,72,75.38,31,33,One-Year,Bank Transfer,Male,0
CUST_CH_05819,59,106.46,50,32,Two-Year,Bank Transfer,Male,1
CUST_CH_05820,42,100.0,49,55,Two-Year,Electronic Check,Male,0
CUST_CH_05821,9,95.05,24,50,One-Year,Bank Transfer,Female,1
CUST_CH_05822,53,64.5,44,46,Two-Year,Bank Transfer,Male,0
CUST_CH_05823,56,49.64,12,16,One-Year,Electronic Check,Female,0
CUST_CH_05824,42,26.91,15,14,One-Year,Credit Card,Male,0
CUST_CH_05825,16,102.07,26,57,One-Year,Bank Transfer,Female,1
CUST_CH_05826,37,93.72,46,48,Month-to-Month,Electronic Check,Female,1
CUST_CH_05827,64,50.47,27,42,Month-to-Month,Credit Card,Male,0
CUST_CH_05828,16,81.0,39,2,One-Year,Bank Transfer,Male,0
CUST_CH_05829,68,80.25,32,53,Two-Year,Credit Card,Male,0
CUST_CH_05830,65,86.97,41,15,Month-to-Month,Bank Transfer,Male,0
CUST_CH_05831,61,104.89,40,55,Month-to-Month,Electronic Check,Male,1
CUST_CH_05832,39,112.03,36,60,Two-Year,Bank Transfer,Male,0
CUST_CH_05833,40,69.37,27,43,Month-to-Month,Bank Transfer,Female,1
CUST_CH_05834,45,115.12,38,55,Month-to-Month,Credit Card,Female,1
CUST_CH_05835,3,91.95,4,25,Month-to-Month,Bank Transfer,Female,1
CUST_CH_05836,31,103.48,2,51,One-Year,Credit Card,Male,0
CUST_CH_05837,24,66.94,43,23,One-Year,Electronic Check,Male,0
CUST_CH_05838,20,45.57,30,36,Month-to-Month,Credit Card,Female,0
CUST_CH_05839,20,30.88,3,14,Two-Year,Electronic Check,Male,0
CUST_CH_05840,43,77.02,3,15,One-Year,Bank Transfer,Male,0
CUST_CH_05841,19,109.86,16,20,Month-to-Month,Credit Card,Male,0
CUST_CH_05842,10,32.32,25,26,Two-Year,Credit Card,Male,1
CUST_CH_05843,28,114.02,36,18,Two-Year,Bank Transfer,Male,0
CUST_CH_05844,1,66.64,2,32,Month-to-Month,Credit Card,Male,1
CUST_CH_05845,13,118.93,38,46,One-Year,Electronic Check,Male,1
CUST_CH_05846,38,57.87,1,38,Two-Year,Bank Transfer,Female,0
CUST_CH_05847,21,102.9,4,26,Month-to-Month,Electronic Check,Male,0
CUST_CH_05848,37,58.88,25,5,Month-to-Month,Bank Transfer,Female,0
CUST_CH_05849,36,110.83,7,24,Month-to-Month,Credit Card,Male,0
CUST_CH_05850,3,25.25,8,56,Month-to-Month,Bank Transfer,Male,1
CUST_CH_05851,18,45.4,38,14,Two-Year,Bank Transfer,Female,0
CUST_CH_05852,60,102.91,7,34,Month-to-Month,Bank Transfer,Male,1
CUST_CH_05853,3,22.25,14,10,Month-to-Month,Credit Card,Female,1
CUST_CH_05854,16,79.3,36,42,One-Year,Electronic Check,Male,0
CUST_CH_05855,64,100.85,46,38,Month-to-Month,Credit Card,Male,1
CUST_CH_05856,26,119.72,2,26,Month-to-Month,Electronic Check,Female,0
CUST_CH_05857,40,110.31,37,36,One-Year,Electronic Check,Male,1
CUST_CH_05858,50,79.81,45,35,Month-to-Month,Electronic Check,Female,1
CUST_CH_05859,37,71.77,41,37,Month-to-Month,Electronic Check,Male,0
CUST_CH_05860,60,78.05,47,42,Two-Year,Credit Card,Male,1
CUST_CH_05861,33,110.65,1,47,One-Year,Electronic Check,Female,0
CUST_CH_05862,65,86.56,36,7,Two-Year,Bank Transfer,Female,0
CUST_CH_05863,12,69.89,22,55,One-Year,Credit Card,Female,0
CUST_CH_05864,26,70.85,48,26,Two-Year,Electronic Check,Male,0
CUST_CH_05865,23,40.11,28,58,Month-to-Month,Electronic Check,Female,1
CUST_CH_05866,19,98.4,44,24,Month-to-Month,Bank Transfer,Male,1
CUST_CH_05867,72,61.22,43,31,One-Year,Electronic Check,Male,0
CUST_CH_05868,69,56.41,50,39,Two-Year,Bank Transfer,Male,1
CUST_CH_05869,60,23.85,27,47,One-Year,Credit Card,Female,0
CUST_CH_05870,10,72.05,12,58,Month-to-Month,Credit Card,Female,0
CUST_CH_05871,11,80.37,4,13,Month-to-Month,Electronic Check,Male,1
CUST_CH_05872,28,98.93,33,55,Month-to-Month,Credit Card,Male,0
CUST_CH_05873,10,105.63,13,9,Month-to-Month,Bank Transfer,Female,1
CUST_CH_05874,51,50.4,20,45,Month-to-Month,Electronic Check,Male,1
CUST_CH_05875,57,114.94,44,24,One-Year,Electronic Check,Female,1
CUST_CH_05876,6,61.15,24,21,Month-to-Month,Credit Card,Male,1
CUST_CH_05877,8,48.05,37,52,Month-to-Month,Credit Card,Female,1
CUST_CH_05878,22,72.13,8,2,One-Year,Electronic Check,Female,0
CUST_CH_05879,37,92.48,43,4,One-Year,Credit Card,Male,0
CUST_CH_05880,12,71.4,29,38,One-Year,Bank Transfer,Female,0
CUST_CH_05881,21,23.66,17,24,Month-to-Month,Bank Transfer,Female,1
CUST_CH_05882,6,100.41,45,36,One-Year,Credit Card,Female,0
CUST_CH_05883,27,38.28,32,24,Two-Year,Credit Card,Male,1
CUST_CH_05884,33,74.88,46,10,One-Year,Bank Transfer,Male,0
CUST_CH_05885,62,48.66,11,27,Two-Year,Bank Transfer,Male,1
CUST_CH_05886,62,103.84,18,29,Month-to-Month,Credit Card,Male,1
CUST_CH_05887,51,96.53,21,7,Month-to-Month,Bank Transfer,Male,0
CUST_CH_05888,45,57.89,25,59,One-Year,Credit Card,Male,0
CUST_CH_05889,18,100.13,50,11,One-Year,Electronic Check,Male,1
CUST_CH_05890,11,96.64,16,22,One-Year,Electronic Check,Male,1
CUST_CH_05891,10,119.73,35,16,One-Year,Credit Card,Female,0
CUST_CH_05892,58,73.41,37,1,One-Year,Bank Transfer,Male,1
CUST_CH_05893,20,61.12,14,31,One-Year,Credit Card,Male,1
CUST_CH_05894,67,78.97,12,27,Month-to-Month,Bank Transfer,Female,1
CUST_CH_05895,10,109.44,28,43,Month-to-Month,Credit Card,Male,1
CUST_CH_05896,59,53.87,29,28,Two-Year,Bank Transfer,Male,0
CUST_CH_05897,43,42.17,43,29,Month-to-Month,Bank Transfer,Female,0
CUST_CH_05898,14,79.72,40,38,Two-Year,Electronic Check,Female,1
CUST_CH_05899,44,63.08,18,18,Two-Year,Bank Transfer,Male,0
CUST_CH_05900,19,76.99,5,55,Month-to-Month,Credit Card,Female,0
CUST_CH_05901,71,60.88,28,48,Two-Year,Bank Transfer,Male,1
CUST_CH_05902,13,50.43,15,41,Two-Year,Electronic Check,Male,0
CUST_CH_05903,50,94.38,43,60,One-Year,Electronic Check,Female,1
CUST_CH_05904,68,30.45,4,5,Two-Year,Credit Card,Female,0
CUST_CH_05905,42,32.21,40,0,Month-to-Month,Electronic Check,Male,0
CUST_CH_05906,24,104.51,30,17,One-Year,Bank Transfer,Female,0
CUST_CH_05907,48,59.97,4,42,Two-Year,Electronic Check,Female,1
CUST_CH_05908,13,54.49,31,41,Month-to-Month,Bank Transfer,Male,1
CUST_CH_05909,6,76.17,20,60,One-Year,Bank Transfer,Female,1
CUST_CH_05910,38,40.33,46,58,Two-Year,Credit Card,Male,1
CUST_CH_05911,15,71.89,48,13,Month-to-Month,Credit Card,Female,0
CUST_CH_05912,66,101.81,28,28,One-Year,Bank Transfer,Male,1
CUST_CH_05913,67,46.75,35,34,One-Year,Bank Transfer,Female,1
CUST_CH_05914,36,66.3,33,53,Month-to-Month,Credit Card,Male,0
CUST_CH_05915,29,39.13,38,1,One-Year,Credit Card,Female,0
CUST_CH_05916,32,117.34,38,31,Month-to-Month,Electronic Check,Male,1
CUST_CH_05917,17,116.31,28,12,Month-to-Month,Electronic Check,Male,0
CUST_CH_05918,26,35.1,48,38,Month-to-Month,Bank Transfer,Male,1
CUST_CH_05919,32,28.72,17,18,One-Year,Credit Card,Male,1
CUST_CH_05920,30,75.95,29,9,Month-to-Month,Electronic Check,Female,0
CUST_CH_05921,11,30.88,37,47,Month-to-Month,Credit Card,Male,0
CUST_CH_05922,57,63.93,39,18,One-Year,Bank Transfer,Female,0
CUST_CH_05923,26,38.02,19,57,Month-to-Month,Electronic Check,Female,1
CUST_CH_05924,68,118.43,42,53,Month-to-Month,Bank Transfer,Male,0
CUST_CH_05925,13,113.63,38,34,Month-to-Month,Bank Transfer,Male,1
CUST_CH_05926,54,102.23,16,16,Month-to-Month,Bank Transfer,Female,1
CUST_CH_05927,55,35.75,35,49,Month-to-Month,Electronic Check,Male,0
CUST_CH_05928,50,30.04,29,43,Month-to-Month,Credit Card,Male,0
CUST_CH_05929,19,21.35,13,43,Month-to-Month,Bank Transfer,Male,1
CUST_CH_05930,64,20.41,46,54,Month-to-Month,Credit Card,Female,0
CUST_CH_05931,23,48.84,36,17,Two-Year,Credit Card,Female,0
CUST_CH_05932,71,105.27,44,54,Month-to-Month,Bank Transfer,Male,1
CUST_CH_05933,25,114.55,19,1,Two-Year,Credit Card,Male,0
CUST_CH_05934,54,30.09,41,3,Month-to-Month,Bank Transfer,Male,1
CUST_CH_05935,6,47.69,9,14,Month-to-Month,Credit Card,Male,0
CUST_CH_05936,57,89.65,27,30,Month-to-Month,Electronic Check,Female,0
CUST_CH_05937,6,110.32,33,15,Two-Year,Electronic Check,Male,1
CUST_CH_05938,20,60.85,41,51,Month-to-Month,Credit Card,Male,1
CUST_CH_05939,72,50.73,39,53,Month-to-Month,Electronic Check,Male,1
CUST_CH_05940,56,97.25,50,52,Month-to-Month,Electronic Check,Male,1
CUST_CH_05941,51,80.09,9,0,Month-to-Month,Electronic Check,Male,0
CUST_CH_05942,38,44.04,32,28,One-Year,Credit Card,Male,0
CUST_CH_05943,65,81.17,2,9,Two-Year,Credit Card,Male,0
CUST_CH_05944,13,34.79,4,28,Month-to-Month,Electronic Check,Male,0
CUST_CH_05945,34,94.55,49,59,Two-Year,Bank Transfer,Female,0
CUST_CH_05946,37,50.15,29,46,Month-to-Month,Bank Transfer,Female,1
CUST_CH_05947,70,24.02,46,23,One-Year,Electronic Check,Male,0
CUST_CH_05948,15,52.88,33,50,Two-Year,Bank Transfer,Male,0
CUST_CH_05949,31,41.86,46,37,Month-to-Month,Electronic Check,Male,1
CUST_CH_05950,1,107.77,21,18,Month-to-Month,Electronic Check,Male,1
CUST_CH_05951,33,106.47,41,5,Two-Year,Electronic Check,Female,0
CUST_CH_05952,58,67.53,26,19,Month-to-Month,Bank Transfer,Male,0
CUST_CH_05953,19,57.89,42,44,One-Year,Electronic Check,Female,1
CUST_CH_05954,21,101.82,14,32,Month-to-Month,Bank Transfer,Male,1
CUST_CH_05955,65,60.31,32,32,Two-Year,Bank Transfer,Male,0
CUST_CH_05956,17,65.0,3,0,Month-to-Month,Bank Transfer,Female,0
CUST_CH_05957,4,68.31,15,58,Month-to-Month,Credit Card,Female,1
CUST_CH_05958,65,93.17,43,26,Month-to-Month,Electronic Check,Male,1
CUST_CH_05959,32,40.85,47,52,One-Year,Credit Card,Female,1
CUST_CH_05960,6,57.53,27,13,One-Year,Electronic Check,Male,0
CUST_CH_05961,27,42.07,17,0,Month-to-Month,Electronic Check,Female,0
CUST_CH_05962,28,32.87,38,29,Month-to-Month,Credit Card,Male,0
CUST_CH_05963,59,109.74,39,44,Two-Year,Credit Card,Male,1
CUST_CH_05964,42,49.96,18,42,Month-to-Month,Credit Card,Female,0
CUST_CH_05965,36,43.93,42,34,Month-to-Month,Electronic Check,Male,0
CUST_CH_05966,46,71.3,47,2,Month-to-Month,Bank Transfer,Male,1
CUST_CH_05967,55,51.34,40,46,One-Year,Electronic Check,Male,1
CUST_CH_05968,24,60.62,22,53,Month-to-Month,Electronic Check,Female,1
CUST_CH_05969,55,72.14,23,57,Two-Year,Credit Card,Female,1
CUST_CH_05970,58,54.38,28,11,Month-to-Month,Electronic Check,Male,0
CUST_CH_05971,22,26.6,4,1,Month-to-Month,Bank Transfer,Female,1
CUST_CH_05972,8,114.12,27,44,One-Year,Credit Card,Female,0
CUST_CH_05973,61,110.72,20,29,Month-to-Month,Electronic Check,Male,1
CUST_CH_05974,4,55.02,10,46,Month-to-Month,Bank Transfer,Male,0
CUST_CH_05975,43,45.24,17,40,Month-to-Month,Electronic Check,Female,1
CUST_CH_05976,52,61.88,32,4,One-Year,Electronic Check,Female,0
CUST_CH_05977,23,49.54,30,38,Two-Year,Bank Transfer,Female,1
CUST_CH_05978,4,106.37,25,5,Two-Year,Credit Card,Female,0
CUST_CH_05979,65,67.89,42,44,Month-to-Month,Credit Card,Female,1
CUST_CH_05980,45,22.1,41,58,Month-to-Month,Credit Card,Female,1
CUST_CH_05981,32,53.94,50,10,Month-to-Month,Bank Transfer,Male,0
CUST_CH_05982,46,111.4,25,39,Month-to-Month,Bank Transfer,Male,1
CUST_CH_05983,41,38.54,19,60,Month-to-Month,Credit Card,Male,0
CUST_CH_05984,15,47.45,23,35,Month-to-Month,Electronic Check,Male,1
CUST_CH_05985,2,82.07,2,22,Two-Year,Electronic Check,Male,0
CUST_CH_05986,54,73.54,41,10,Two-Year,Bank Transfer,Male,0
CUST_CH_05987,2,94.18,21,4,Month-to-Month,Credit Card,Female,0
CUST_CH_05988,66,119.44,1,54,One-Year,Bank Transfer,Female,1
CUST_CH_05989,37,99.02,9,22,Month-to-Month,Electronic Check,Male,1
CUST_CH_05990,29,33.8,14,56,One-Year,Credit Card,Female,1
CUST_CH_05991,14,28.68,43,6,Month-to-Month,Electronic Check,Male,1
CUST_CH_05992,11,98.67,39,37,Month-to-Month,Credit Card,Female,0
CUST_CH_05993,71,50.12,12,40,Month-to-Month,Bank Transfer,Male,0
CUST_CH_05994,66,20.63,14,42,Month-to-Month,Credit Card,Female,1
CUST_CH_05995,55,101.19,39,42,Two-Year,Electronic Check,Male,1
CUST_CH_05996,8,81.3,41,54,Month-to-Month,Bank Transfer,Female,1
CUST_CH_05997,10,89.19,32,56,Month-to-Month,Electronic Check,Female,1
CUST_CH_05998,45,27.61,7,58,One-Year,Bank Transfer,Male,0
CUST_CH_05999,28,80.05,40,44,Two-Year,Electronic Check,Female,0
CUST_CH_06000,33,57.93,1,44,Month-to-Month,Credit Card,Female,1
CUST_CH_06001,25,102.0,43,18,One-Year,Bank Transfer,Male,0
CUST_CH_06002,43,76.06,28,7,Two-Year,Credit Card,Male,1
CUST_CH_06003,51,65.99,38,43,Month-to-Month,Bank Transfer,Female,0
CUST_CH_06004,57,112.4,8,0,Month-to-Month,Bank Transfer,Female,0
CUST_CH_06005,69,95.47,41,38,Two-Year,Bank Transfer,Male,1
CUST_CH_06006,8,88.88,35,19,Month-to-Month,Electronic Check,Male,1
CUST_CH_06007,39,76.13,12,42,Month-to-Month,Bank Transfer,Male,0
CUST_CH_06008,9,85.36,25,40,Month-to-Month,Electronic Check,Male,1
CUST_CH_06009,2,107.05,32,59,Month-to-Month,Bank Transfer,Female,1
CUST_CH_06010,71,104.48,24,5,Month-to-Month,Bank Transfer,Female,0
CUST_CH_06011,16,113.91,19,14,Month-to-Month,Credit Card,Female,1
CUST_CH_06012,64,24.08,34,39,Month-to-Month,Bank Transfer,Female,1
CUST_CH_06013,62,55.86,10,31,One-Year,Electronic Check,Female,1
CUST_CH_06014,62,74.1,33,11,Two-Year,Credit Card,Female,0
CUST_CH_06015,43,29.9,24,6,Month-to-Month,Electronic Check,Female,1
CUST_CH_06016,59,107.64,6,33,Month-to-Month,Electronic Check,Female,1
CUST_CH_06017,39,71.39,1,32,Month-to-Month,Credit Card,Female,1
CUST_CH_06018,12,36.36,5,1,Month-to-Month,Bank Transfer,Male,0
CUST_CH_06019,56,63.79,21,59,One-Year,Bank Transfer,Female,0
CUST_CH_06020,55,72.15,43,17,One-Year,Electronic Check,Female,1
CUST_CH_06021,27,74.09,50,32,Month-to-Month,Credit Card,Female,1
CUST_CH_06022,14,21.05,36,44,Month-to-Month,Bank Transfer,Female,0
CUST_CH_06023,7,27.12,41,22,One-Year,Electronic Check,Female,0
CUST_CH_06024,47,116.52,45,14,Two-Year,Bank Transfer,Male,0
CUST_CH_06025,45,62.75,29,33,One-Year,Credit Card,Female,0
CUST_CH_06026,39,116.15,29,27,Month-to-Month,Bank Transfer,Female,1
CUST_CH_06027,18,75.08,41,41,One-Year,Bank Transfer,Male,1
CUST_CH_06028,32,96.03,41,32,Month-to-Month,Credit Card,Female,1
CUST_CH_06029,15,65.73,22,1,Month-to-Month,Electronic Check,Female,0
CUST_CH_06030,56,55.05,38,48,Two-Year,Electronic Check,Male,1
CUST_CH_06031,48,57.64,50,41,Month-to-Month,Credit Card,Male,1
CUST_CH_06032,19,32.56,20,4,Month-to-Month,Electronic Check,Male,0
CUST_CH_06033,22,80.17,14,59,One-Year,Bank Transfer,Female,0
CUST_CH_06034,43,96.83,5,47,Month-to-Month,Electronic Check,Male,1
CUST_CH_06035,27,24.35,17,58,Month-to-Month,Electronic Check,Male,1
CUST_CH_06036,71,39.95,31,27,Month-to-Month,Credit Card,Male,1
CUST_CH_06037,6,29.67,29,17,Month-to-Month,Credit Card,Female,0
CUST_CH_06038,59,91.75,49,22,Month-to-Month,Credit Card,Male,1
CUST_CH_06039,38,51.14,2,51,One-Year,Credit Card,Female,0
CUST_CH_06040,59,52.21,3,13,One-Year,Electronic Check,Female,0
CUST_CH_06041,72,25.32,1,17,Month-to-Month,Credit Card,Female,0
CUST_CH_06042,45,64.07,32,0,Two-Year,Credit Card,Male,0
CUST_CH_06043,26,33.91,48,46,Month-to-Month,Bank Transfer,Female,0
CUST_CH_06044,12,81.41,48,48,Month-to-Month,Electronic Check,Male,0
CUST_CH_06045,28,99.92,10,35,One-Year,Electronic Check,Male,0
CUST_CH_06046,27,116.13,26,43,One-Year,Credit Card,Male,1
CUST_CH_06047,26,65.97,40,37,One-Year,Bank Transfer,Female,1
CUST_CH_06048,53,109.03,5,58,Month-to-Month,Bank Transfer,Male,1
CUST_CH_06049,26,85.35,41,48,One-Year,Electronic Check,Male,1
CUST_CH_06050,50,68.59,33,34,Month-to-Month,Bank Transfer,Male,1
CUST_CH_06051,46,21.71,44,1,Month-to-Month,Credit Card,Male,0
CUST_CH_06052,71,111.48,29,33,Month-to-Month,Bank Transfer,Male,1
CUST_CH_06053,14,29.99,49,11,Month-to-Month,Electronic Check,Male,1
CUST_CH_06054,30,23.56,5,39,Month-to-Month,Credit Card,Male,0
CUST_CH_06055,50,118.84,31,7,One-Year,Bank Transfer,Male,0
CUST_CH_06056,37,33.79,33,5,Month-to-Month,Credit Card,Male,0
CUST_CH_06057,30,32.26,41,18,Month-to-Month,Credit Card,Female,1
CUST_CH_06058,39,61.06,2,50,One-Year,Electronic Check,Female,1
CUST_CH_06059,60,84.97,29,33,One-Year,Credit Card,Female,1
CUST_CH_06060,31,95.74,41,33,One-Year,Electronic Check,Female,0
CUST_CH_06061,69,41.71,44,48,Month-to-Month,Bank Transfer,Male,1
CUST_CH_06062,22,69.99,30,13,Two-Year,Credit Card,Male,0
CUST_CH_06063,57,24.1,24,38,Month-to-Month,Electronic Check,Female,0
CUST_CH_06064,9,68.63,3,6,Month-to-Month,Electronic Check,Male,1
CUST_CH_06065,57,103.0,18,57,One-Year,Credit Card,Female,1
CUST_CH_06066,11,45.4,11,47,One-Year,Bank Transfer,Female,0
CUST_CH_06067,52,97.27,27,38,One-Year,Bank Transfer,Male,1
CUST_CH_06068,37,35.57,50,52,Month-to-Month,Electronic Check,Male,1
CUST_CH_06069,70,103.12,14,51,Two-Year,Electronic Check,Female,1
CUST_CH_06070,6,42.48,35,33,Month-to-Month,Credit Card,Female,0
CUST_CH_06071,10,105.18,32,14,One-Year,Credit Card,Male,0
CUST_CH_06072,71,56.2,34,46,Month-to-Month,Credit Card,Female,1
CUST_CH_06073,41,49.08,44,47,Month-to-Month,Bank Transfer,Female,0
CUST_CH_06074,56,67.27,7,29,Two-Year,Electronic Check,Male,0
CUST_CH_06075,42,79.84,11,21,Month-to-Month,Electronic Check,Female,0
CUST_CH_06076,58,75.86,48,12,Month-to-Month,Credit Card,Female,1
CUST_CH_06077,35,23.38,44,13,Two-Year,Credit Card,Female,0
CUST_CH_06078,41,62.18,21,59,One-Year,Electronic Check,Male,1
CUST_CH_06079,27,41.91,2,6,Month-to-Month,Electronic Check,Female,0
CUST_CH_06080,15,62.89,22,22,One-Year,Credit Card,Female,0
CUST_CH_06081,72,24.66,49,21,Month-to-Month,Credit Card,Male,1
CUST_CH_06082,39,87.72,33,5,Month-to-Month,Credit Card,Female,1
CUST_CH_06083,33,27.7,12,2,Two-Year,Electronic Check,Female,0
CUST_CH_06084,48,92.93,25,47,Two-Year,Credit Card,Male,1
CUST_CH_06085,50,26.72,32,60,Two-Year,Bank Transfer,Male,1
CUST_CH_06086,29,89.34,5,26,Month-to-Month,Bank Transfer,Female,1
CUST_CH_06087,10,90.25,11,39,Two-Year,Bank Transfer,Female,1
CUST_CH_06088,39,115.7,23,6,Month-to-Month,Bank Transfer,Female,1
CUST_CH_06089,28,80.61,37,29,One-Year,Credit Card,Male,0
CUST_CH_06090,5,93.01,38,4,Month-to-Month,Credit Card,Female,0
CUST_CH_06091,23,45.27,35,56,Month-to-Month,Credit Card,Male,1
CUST_CH_06092,59,29.0,38,7,Month-to-Month,Credit Card,Male,1
CUST_CH_06093,9,44.46,31,39,One-Year,Electronic Check,Female,1
CUST_CH_06094,65,28.16,46,51,Month-to-Month,Credit Card,Male,0
CUST_CH_06095,17,30.53,47,4,One-Year,Credit Card,Female,0
CUST_CH_06096,37,74.64,7,25,Month-to-Month,Credit Card,Male,0
CUST_CH_06097,56,58.04,13,22,Month-to-Month,Credit Card,Female,1
CUST_CH_06098,11,74.02,48,60,One-Year,Bank Transfer,Female,0
CUST_CH_06099,49,38.78,27,56,One-Year,Credit Card,Male,0
CUST_CH_06100,60,37.25,5,20,Two-Year,Bank Transfer,Male,0
CUST_CH_06101,39,89.7,5,29,Month-to-Month,Credit Card,Female,1
CUST_CH_06102,43,66.16,28,26,One-Year,Electronic Check,Female,0
CUST_CH_06103,18,107.41,7,0,One-Year,Bank Transfer,Female,0
CUST_CH_06104,36,37.72,1,28,Two-Year,Credit Card,Male,0
CUST_CH_06105,55,114.26,23,57,One-Year,Electronic Check,Female,1
CUST_CH_06106,66,54.53,18,18,Month-to-Month,Credit Card,Female,1
CUST_CH_06107,21,118.32,7,35,One-Year,Credit Card,Male,1
CUST_CH_06108,68,29.04,31,39,Two-Year,Electronic Check,Male,1
CUST_CH_06109,26,32.22,28,52,Two-Year,Bank Transfer,Female,0
CUST_CH_06110,38,81.51,12,22,One-Year,Credit Card,Male,1
CUST_CH_06111,37,113.26,2,40,Month-to-Month,Electronic Check,Male,1
CUST_CH_06112,27,33.73,12,53,Two-Year,Bank Transfer,Female,0
CUST_CH_06113,6,64.22,20,2,Month-to-Month,Credit Card,Female,1
CUST_CH_06114,58,57.98,17,27,Month-to-Month,Credit Card,Male,0
CUST_CH_06115,5,31.98,18,13,Month-to-Month,Electronic Check,Male,1
CUST_CH_06116,34,41.99,30,44,Month-to-Month,Electronic Check,Female,1
CUST_CH_06117,30,83.14,15,48,One-Year,Electronic Check,Male,0
CUST_CH_06118,39,103.84,36,23,Two-Year,Electronic Check,Female,0
CUST_CH_06119,53,37.5,31,50,Two-Year,Bank Transfer,Male,1
CUST_CH_06120,71,100.83,40,39,Month-to-Month,Electronic Check,Female,1
CUST_CH_06121,72,79.5,13,27,Month-to-Month,Electronic Check,Male,1
CUST_CH_06122,61,48.44,30,55,One-Year,Bank Transfer,Male,1
CUST_CH_06123,27,62.91,36,29,One-Year,Credit Card,Female,1
CUST_CH_06124,65,97.05,4,50,Month-to-Month,Credit Card,Male,1
CUST_CH_06125,14,28.0,3,55,One-Year,Credit Card,Male,0
CUST_CH_06126,72,33.67,20,56,Month-to-Month,Credit Card,Male,1
CUST_CH_06127,11,111.01,35,2,One-Year,Credit Card,Female,0
CUST_CH_06128,41,94.21,37,27,Two-Year,Bank Transfer,Male,1
CUST_CH_06129,64,28.01,20,1,One-Year,Bank Transfer,Male,0
CUST_CH_06130,11,57.41,42,49,Month-to-Month,Bank Transfer,Female,0
CUST_CH_06131,53,106.62,18,12,Month-to-Month,Electronic Check,Female,1
CUST_CH_06132,9,81.5,7,9,Month-to-Month,Credit Card,Female,1
CUST_CH_06133,48,108.66,26,8,Month-to-Month,Bank Transfer,Male,1
CUST_CH_06134,67,59.34,18,17,Month-to-Month,Electronic Check,Male,1
CUST_CH_06135,57,106.38,3,47,Two-Year,Electronic Check,Female,0
CUST_CH_06136,30,25.82,7,1,Month-to-Month,Electronic Check,Female,0
CUST_CH_06137,18,55.22,42,47,Month-to-Month,Electronic Check,Male,0
CUST_CH_06138,23,111.45,6,16,Month-to-Month,Bank Transfer,Male,0
CUST_CH_06139,46,93.97,1,15,Month-to-Month,Credit Card,Male,1
CUST_CH_06140,11,92.98,1,41,One-Year,Electronic Check,Female,0
CUST_CH_06141,45,110.77,39,1,Two-Year,Bank Transfer,Female,1
CUST_CH_06142,23,105.91,28,54,Month-to-Month,Credit Card,Male,1
CUST_CH_06143,30,83.47,14,26,Month-to-Month,Bank Transfer,Male,1
CUST_CH_06144,8,81.18,30,4,One-Year,Bank Transfer,Male,0
CUST_CH_06145,66,91.05,34,51,Two-Year,Credit Card,Male,0
CUST_CH_06146,59,51.31,23,8,Month-to-Month,Bank Transfer,Female,1
CUST_CH_06147,15,76.35,1,27,Month-to-Month,Credit Card,Female,1
CUST_CH_06148,70,31.75,39,27,Two-Year,Credit Card,Male,1
CUST_CH_06149,22,80.09,32,7,Two-Year,Bank Transfer,Male,0
CUST_CH_06150,61,82.59,50,22,Month-to-Month,Credit Card,Female,0
CUST_CH_06151,22,69.92,45,6,Month-to-Month,Bank Transfer,Male,0
CUST_CH_06152,67,82.69,47,3,One-Year,Bank Transfer,Female,1
CUST_CH_06153,37,106.92,37,9,Month-to-Month,Bank Transfer,Female,1
CUST_CH_06154,5,106.44,22,35,Month-to-Month,Bank Transfer,Female,1
CUST_CH_06155,41,108.97,3,46,Two-Year,Credit Card,Female,1
CUST_CH_06156,20,116.76,42,1,One-Year,Bank Transfer,Male,0
CUST_CH_06157,70,112.25,17,2,Month-to-Month,Bank Transfer,Male,0
CUST_CH_06158,72,51.81,24,27,Two-Year,Credit Card,Male,0
CUST_CH_06159,45,102.09,50,35,Month-to-Month,Electronic Check,Male,1
CUST_CH_06160,43,33.87,1,39,Month-to-Month,Electronic Check,Male,1
CUST_CH_06161,19,27.45,20,35,Two-Year,Electronic Check,Female,0
CUST_CH_06162,17,109.62,35,48,Month-to-Month,Electronic Check,Male,0
CUST_CH_06163,31,85.48,28,58,Two-Year,Electronic Check,Female,1
CUST_CH_06164,7,57.64,32,30,Month-to-Month,Credit Card,Female,1
CUST_CH_06165,67,79.03,38,14,One-Year,Electronic Check,Female,0
CUST_CH_06166,11,119.2,27,1,Month-to-Month,Electronic Check,Male,1
CUST_CH_06167,39,28.92,26,19,One-Year,Credit Card,Female,0
CUST_CH_06168,66,49.68,9,12,Two-Year,Credit Card,Male,0
CUST_CH_06169,64,87.98,23,54,One-Year,Bank Transfer,Male,1
CUST_CH_06170,61,100.45,28,59,One-Year,Credit Card,Male,1
CUST_CH_06171,19,34.86,22,50,Two-Year,Credit Card,Female,1
CUST_CH_06172,59,118.88,13,6,Month-to-Month,Credit Card,Female,1
CUST_CH_06173,19,89.25,28,8,One-Year,Credit Card,Female,0
CUST_CH_06174,68,47.9,13,10,Two-Year,Bank Transfer,Female,0
CUST_CH_06175,40,112.73,27,52,One-Year,Electronic Check,Female,1
CUST_CH_06176,72,78.51,8,34,Month-to-Month,Electronic Check,Female,1
CUST_CH_06177,16,26.74,14,50,Two-Year,Electronic Check,Male,0
CUST_CH_06178,54,102.16,3,16,Month-to-Month,Credit Card,Male,0
CUST_CH_06179,39,59.01,22,43,Two-Year,Credit Card,Male,1
CUST_CH_06180,23,79.49,26,38,Two-Year,Electronic Check,Male,1
CUST_CH_06181,42,75.19,45,6,Month-to-Month,Bank Transfer,Male,1
CUST_CH_06182,9,78.76,16,58,Two-Year,Bank Transfer,Female,0
CUST_CH_06183,35,32.6,24,5,Two-Year,Electronic Check,Male,0
CUST_CH_06184,36,113.97,42,5,One-Year,Credit Card,Female,0
CUST_CH_06185,69,93.36,49,29,Month-to-Month,Credit Card,Female,1
CUST_CH_06186,51,41.99,28,1,Month-to-Month,Bank Transfer,Male,1
CUST_CH_06187,58,64.69,20,26,One-Year,Credit Card,Male,0
CUST_CH_06188,70,109.38,41,52,One-Year,Electronic Check,Female,0
CUST_CH_06189,72,105.79,16,14,Two-Year,Credit Card,Female,1
CUST_CH_06190,66,106.12,6,24,Two-Year,Credit Card,Male,1
CUST_CH_06191,60,52.77,8,50,Month-to-Month,Electronic Check,Female,1
CUST_CH_06192,37,63.94,44,3,One-Year,Electronic Check,Female,0
CUST_CH_06193,23,83.86,32,21,Month-to-Month,Bank Transfer,Female,1
CUST_CH_06194,29,72.71,35,31,Two-Year,Credit Card,Male,0
CUST_CH_06195,22,94.57,14,33,Month-to-Month,Bank Transfer,Female,1
CUST_CH_06196,72,67.21,33,53,Month-to-Month,Electronic Check,Female,1
CUST_CH_06197,42,24.73,5,25,Month-to-Month,Credit Card,Male,0
CUST_CH_06198,26,21.01,49,35,Month-to-Month,Bank Transfer,Female,1
CUST_CH_06199,19,71.24,17,22,Month-to-Month,Bank Transfer,Male,1
CUST_CH_06200,71,50.99,50,55,Month-to-Month,Bank Transfer,Male,1
CUST_CH_06201,16,27.1,40,40,Month-to-Month,Bank Transfer,Male,0
CUST_CH_06202,37,111.22,28,34,Month-to-Month,Electronic Check,Male,0
CUST_CH_06203,65,62.46,28,23,Month-to-Month,Credit Card,Male,1
CUST_CH_06204,56,56.83,23,0,Month-to-Month,Bank Transfer,Male,0
CUST_CH_06205,36,57.49,33,45,One-Year,Bank Transfer,Female,1
CUST_CH_06206,41,40.62,6,48,Month-to-Month,Credit Card,Female,0
CUST_CH_06207,7,93.37,46,26,Month-to-Month,Credit Card,Male,0
CUST_CH_06208,5,81.22,43,47,Month-to-Month,Credit Card,Female,1
CUST_CH_06209,59,109.46,11,16,Month-to-Month,Credit Card,Male,1
CUST_CH_06210,53,107.44,38,33,One-Year,Credit Card,Female,1
CUST_CH_06211,5,25.15,46,20,Month-to-Month,Bank Transfer,Male,1
CUST_CH_06212,22,58.29,2,23,Two-Year,Electronic Check,Female,0
CUST_CH_06213,2,78.55,11,55,Two-Year,Electronic Check,Female,0
CUST_CH_06214,30,26.44,22,36,One-Year,Bank Transfer,Male,0
CUST_CH_06215,68,104.67,47,43,Month-to-Month,Credit Card,Male,1
CUST_CH_06216,25,39.41,6,5,Month-to-Month,Bank Transfer,Male,1
CUST_CH_06217,36,36.19,47,21,One-Year,Credit Card,Male,0
CUST_CH_06218,26,111.72,35,17,Month-to-Month,Electronic Check,Female,0
CUST_CH_06219,45,66.85,40,54,Two-Year,Bank Transfer,Female,0
CUST_CH_06220,10,108.71,37,13,One-Year,Bank Transfer,Female,0
CUST_CH_06221,31,33.64,12,48,One-Year,Bank Transfer,Female,0
CUST_CH_06222,44,89.23,38,34,One-Year,Credit Card,Female,1
CUST_CH_06223,26,62.76,4,53,Month-to-Month,Credit Card,Female,1
CUST_CH_06224,41,76.6,27,5,Month-to-Month,Credit Card,Male,0
CUST_CH_06225,33,51.81,36,24,Month-to-Month,Credit Card,Male,0
CUST_CH_06226,63,23.11,20,60,Two-Year,Bank Transfer,Male,1
CUST_CH_06227,49,82.78,15,15,Month-to-Month,Electronic Check,Male,0
CUST_CH_06228,34,29.52,40,41,One-Year,Electronic Check,Female,1
CUST_CH_06229,15,108.28,15,47,Month-to-Month,Electronic Check,Female,0
CUST_CH_06230,19,23.56,39,52,Month-to-Month,Credit Card,Male,0
CUST_CH_06231,68,99.83,48,29,One-Year,Electronic Check,Female,0
CUST_CH_06232,12,117.13,29,54,Two-Year,Bank Transfer,Female,0
CUST_CH_06233,34,97.23,7,56,One-Year,Credit Card,Female,0
CUST_CH_06234,44,80.09,3,51,Month-to-Month,Bank Transfer,Male,1
CUST_CH_06235,39,31.3,17,44,Month-to-Month,Bank Transfer,Female,1
CUST_CH_06236,51,42.11,26,47,One-Year,Electronic Check,Female,0
CUST_CH_06237,53,91.79,35,19,One-Year,Credit Card,Male,0
CUST_CH_06238,50,57.09,40,28,Two-Year,Electronic Check,Male,0
CUST_CH_06239,18,88.6,26,20,Month-to-Month,Credit Card,Female,0
CUST_CH_06240,65,30.26,35,6,One-Year,Bank Transfer,Male,0
CUST_CH_06241,37,50.77,37,50,One-Year,Credit Card,Male,1
CUST_CH_06242,60,114.44,19,47,One-Year,Electronic Check,Male,1
CUST_CH_06243,9,77.69,27,22,Month-to-Month,Credit Card,Male,1
CUST_CH_06244,22,25.5,40,55,Month-to-Month,Credit Card,Male,1
CUST_CH_06245,19,27.56,38,19,Month-to-Month,Electronic Check,Female,1
CUST_CH_06246,48,107.62,9,3,Month-to-Month,Credit Card,Female,1
CUST_CH_06247,37,31.73,22,17,Month-to-Month,Bank Transfer,Female,1
CUST_CH_06248,15,104.79,27,43,Month-to-Month,Credit Card,Male,1
CUST_CH_06249,24,58.95,50,10,Two-Year,Electronic Check,Male,0
CUST_CH_06250,43,74.46,47,26,Month-to-Month,Credit Card,Male,1
CUST_CH_06251,18,67.46,34,19,Month-to-Month,Credit Card,Female,1
CUST_CH_06252,24,51.0,40,7,Month-to-Month,Credit Card,Male,0
CUST_CH_06253,9,26.65,8,6,Month-to-Month,Bank Transfer,Female,1
CUST_CH_06254,17,114.8,38,46,Two-Year,Electronic Check,Female,1
CUST_CH_06255,39,61.46,21,60,Two-Year,Credit Card,Female,1
CUST_CH_06256,66,100.92,47,24,Month-to-Month,Electronic Check,Female,1
CUST_CH_06257,38,109.68,46,5,One-Year,Electronic Check,Female,0
CUST_CH_06258,37,61.67,5,20,Two-Year,Electronic Check,Male,1
CUST_CH_06259,52,26.59,21,12,One-Year,Credit Card,Male,0
CUST_CH_06260,61,23.99,27,33,Month-to-Month,Electronic Check,Male,1
CUST_CH_06261,56,69.97,47,16,One-Year,Credit Card,Female,1
CUST_CH_06262,11,47.98,22,43,Month-to-Month,Bank Transfer,Female,1
CUST_CH_06263,3,51.32,40,15,One-Year,Credit Card,Female,0
CUST_CH_06264,22,102.67,27,33,Month-to-Month,Credit Card,Male,1
CUST_CH_06265,32,33.43,40,9,Month-to-Month,Credit Card,Male,1
CUST_CH_06266,33,80.97,23,53,Two-Year,Credit Card,Male,1
CUST_CH_06267,72,40.21,50,3,Two-Year,Credit Card,Female,0
CUST_CH_06268,6,24.25,7,45,One-Year,Credit Card,Female,0
CUST_CH_06269,31,98.93,45,42,Month-to-Month,Bank Transfer,Female,1
CUST_CH_06270,12,79.19,33,47,Month-to-Month,Electronic Check,Male,1
CUST_CH_06271,62,51.73,39,23,One-Year,Electronic Check,Female,0
CUST_CH_06272,31,40.75,45,11,Month-to-Month,Electronic Check,Female,1
CUST_CH_06273,7,80.09,50,33,Month-to-Month,Bank Transfer,Male,1
CUST_CH_06274,63,106.16,36,50,Month-to-Month,Bank Transfer,Female,1
CUST_CH_06275,40,84.57,34,31,Month-to-Month,Credit Card,Male,1
CUST_CH_06276,51,57.6,11,53,Month-to-Month,Bank Transfer,Male,1
CUST_CH_06277,64,109.27,43,32,Month-to-Month,Credit Card,Male,1
CUST_CH_06278,9,90.23,27,60,One-Year,Credit Card,Female,1
CUST_CH_06279,38,65.59,43,54,Month-to-Month,Credit Card,Female,1
CUST_CH_06280,63,23.04,21,7,Month-to-Month,Electronic Check,Male,0
CUST_CH_06281,59,45.48,44,46,Two-Year,Credit Card,Male,1
CUST_CH_06282,34,73.15,43,34,Month-to-Month,Bank Transfer,Male,1
CUST_CH_06283,44,78.77,24,49,One-Year,Electronic Check,Male,0
CUST_CH_06284,1,62.57,16,5,Two-Year,Credit Card,Male,1
CUST_CH_06285,54,33.8,3,37,Month-to-Month,Bank Transfer,Male,1
CUST_CH_06286,17,36.8,38,5,One-Year,Bank Transfer,Female,1
CUST_CH_06287,17,79.7,38,51,Two-Year,Bank Transfer,Male,0
CUST_CH_06288,58,44.47,26,56,Two-Year,Credit Card,Female,0
CUST_CH_06289,60,53.15,12,32,Two-Year,Electronic Check,Male,0
CUST_CH_06290,3,107.52,37,42,Month-to-Month,Bank Transfer,Female,1
CUST_CH_06291,19,89.36,35,8,Month-to-Month,Credit Card,Male,1
CUST_CH_06292,13,72.98,25,15,Month-to-Month,Bank Transfer,Male,1
CUST_CH_06293,34,117.89,15,21,Month-to-Month,Bank Transfer,Male,0
CUST_CH_06294,39,54.87,47,36,Two-Year,Credit Card,Female,0
CUST_CH_06295,36,116.87,41,13,Two-Year,Bank Transfer,Male,0
CUST_CH_06296,41,90.84,3,38,Month-to-Month,Credit Card,Female,1
CUST_CH_06297,39,62.93,27,14,One-Year,Bank Transfer,Female,0
CUST_CH_06298,49,24.9,45,50,Month-to-Month,Credit Card,Male,1
CUST_CH_06299,60,75.1,38,7,One-Year,Electronic Check,Female,0
CUST_CH_06300,62,61.71,2,8,Two-Year,Credit Card,Male,0
CUST_CH_06301,53,81.55,38,4,Month-to-Month,Bank Transfer,Male,0
CUST_CH_06302,45,102.64,35,22,Month-to-Month,Credit Card,Female,0
CUST_CH_06303,41,36.67,46,41,Month-to-Month,Credit Card,Female,1
CUST_CH_06304,1,90.38,40,42,One-Year,Credit Card,Female,1
CUST_CH_06305,12,84.16,3,12,One-Year,Credit Card,Male,0
CUST_CH_06306,67,82.41,32,48,Month-to-Month,Bank Transfer,Female,1
CUST_CH_06307,56,33.12,18,18,Month-to-Month,Bank Transfer,Female,0
CUST_CH_06308,63,20.6,9,38,Two-Year,Electronic Check,Male,0
CUST_CH_06309,24,118.63,31,8,Month-to-Month,Credit Card,Female,0
CUST_CH_06310,12,83.91,16,27,Month-to-Month,Bank Transfer,Male,1
CUST_CH_06311,8,94.57,48,55,Two-Year,Electronic Check,Male,0
CUST_CH_06312,25,84.32,24,58,Month-to-Month,Bank Transfer,Male,1
CUST_CH_06313,14,94.55,39,13,Month-to-Month,Bank Transfer,Male,0
CUST_CH_06314,43,109.71,40,57,Month-to-Month,Credit Card,Male,0
CUST_CH_06315,5,94.51,14,15,Month-to-Month,Credit Card,Female,0
CUST_CH_06316,38,39.11,38,3,Month-to-Month,Bank Transfer,Female,0
CUST_CH_06317,23,97.65,6,33,Month-to-Month,Bank Transfer,Female,0
CUST_CH_06318,36,35.19,17,51,Month-to-Month,Bank Transfer,Male,1
CUST_CH_06319,59,40.69,17,25,Month-to-Month,Bank Transfer,Male,1
CUST_CH_06320,12,117.48,15,33,Two-Year,Bank Transfer,Male,0
CUST_CH_06321,19,25.19,33,14,Month-to-Month,Bank Transfer,Female,0
CUST_CH_06322,36,59.38,29,47,Month-to-Month,Credit Card,Female,1
CUST_CH_06323,43,98.32,34,58,Month-to-Month,Electronic Check,Female,0
CUST_CH_06324,49,117.97,8,32,Month-to-Month,Bank Transfer,Male,1
CUST_CH_06325,6,55.86,36,26,Two-Year,Credit Card,Female,1
CUST_CH_06326,39,81.24,11,25,Month-to-Month,Electronic Check,Female,1
CUST_CH_06327,48,80.11,36,6,Month-to-Month,Credit Card,Female,0
CUST_CH_06328,37,39.19,50,9,Month-to-Month,Electronic Check,Female,1
CUST_CH_06329,15,21.41,23,2,Month-to-Month,Bank Transfer,Female,1
CUST_CH_06330,23,62.66,42,9,Month-to-Month,Bank Transfer,Male,0
CUST_CH_06331,45,89.01,19,29,Two-Year,Electronic Check,Male,1
CUST_CH_06332,15,23.72,24,17,Two-Year,Electronic Check,Female,0
CUST_CH_06333,38,43.19,23,43,One-Year,Credit Card,Female,0
CUST_CH_06334,54,67.76,29,52,Month-to-Month,Bank Transfer,Female,0
CUST_CH_06335,13,76.56,38,28,Month-to-Month,Electronic Check,Female,0
CUST_CH_06336,12,28.94,27,54,Month-to-Month,Credit Card,Female,1
CUST_CH_06337,2,100.82,45,18,Two-Year,Electronic Check,Male,0
CUST_CH_06338,46,63.59,40,59,Two-Year,Credit Card,Female,0
CUST_CH_06339,37,79.49,12,50,Month-to-Month,Electronic Check,Female,0
CUST_CH_06340,8,99.58,44,22,Month-to-Month,Credit Card,Female,0
CUST_CH_06341,12,94.2,31,48,Month-to-Month,Bank Transfer,Male,0
CUST_CH_06342,2,91.85,45,6,Month-to-Month,Electronic Check,Male,1
CUST_CH_06343,35,38.86,38,27,Month-to-Month,Bank Transfer,Male,0
CUST_CH_06344,21,90.53,38,36,Month-to-Month,Electronic Check,Female,1
CUST_CH_06345,52,62.34,23,11,Month-to-Month,Credit Card,Female,0
CUST_CH_06346,7,51.86,4,33,One-Year,Credit Card,Male,0
CUST_CH_06347,41,85.48,20,24,One-Year,Credit Card,Female,1
CUST_CH_06348,1,94.11,1,2,One-Year,Bank Transfer,Female,0
CUST_CH_06349,1,72.52,49,51,Month-to-Month,Credit Card,Male,0
CUST_CH_06350,11,108.26,21,55,Two-Year,Electronic Check,Male,0
CUST_CH_06351,72,115.7,18,58,Month-to-Month,Electronic Check,Female,1
CUST_CH_06352,31,67.12,27,42,Two-Year,Credit Card,Male,0
CUST_CH_06353,33,72.48,15,19,Two-Year,Bank Transfer,Male,0
CUST_CH_06354,39,35.72,44,19,Month-to-Month,Electronic Check,Male,0
CUST_CH_06355,57,80.77,40,21,Month-to-Month,Credit Card,Female,1
CUST_CH_06356,50,83.98,2,17,Month-to-Month,Credit Card,Female,0
CUST_CH_06357,37,40.37,17,10,Month-to-Month,Credit Card,Male,0
CUST_CH_06358,31,32.28,37,34,One-Year,Credit Card,Male,0
CUST_CH_06359,58,44.88,17,48,Month-to-Month,Bank Transfer,Male,0
CUST_CH_06360,55,48.47,15,2,Month-to-Month,Bank Transfer,Female,0
CUST_CH_06361,69,85.96,6,60,Two-Year,Credit Card,Male,1
CUST_CH_06362,67,113.85,16,19,Month-to-Month,Credit Card,Male,1
CUST_CH_06363,28,89.71,43,14,Month-to-Month,Electronic Check,Male,0
CUST_CH_06364,52,103.65,50,2,Month-to-Month,Credit Card,Female,1
CUST_CH_06365,46,97.75,37,36,Month-to-Month,Bank Transfer,Female,1
CUST_CH_06366,4,32.01,28,45,Month-to-Month,Credit Card,Female,1
CUST_CH_06367,22,97.33,13,27,Month-to-Month,Electronic Check,Female,0
CUST_CH_06368,42,53.35,32,31,One-Year,Electronic Check,Male,1
CUST_CH_06369,36,49.85,3,56,Month-to-Month,Bank Transfer,Female,1
CUST_CH_06370,71,25.65,31,43,Month-to-Month,Credit Card,Male,1
CUST_CH_06371,54,56.53,6,15,One-Year,Bank Transfer,Male,0
CUST_CH_06372,13,75.59,16,48,Month-to-Month,Electronic Check,Female,0
CUST_CH_06373,28,49.5,28,58,Month-to-Month,Credit Card,Female,1
CUST_CH_06374,24,81.31,4,31,Month-to-Month,Bank Transfer,Female,1
CUST_CH_06375,39,21.27,6,30,Month-to-Month,Electronic Check,Female,1
CUST_CH_06376,70,66.85,35,23,Two-Year,Electronic Check,Female,0
CUST_CH_06377,34,95.98,10,51,Month-to-Month,Credit Card,Male,1
CUST_CH_06378,61,105.7,44,19,Month-to-Month,Credit Card,Female,1
CUST_CH_06379,5,73.97,24,30,One-Year,Bank Transfer,Female,0
CUST_CH_06380,38,71.4,32,46,One-Year,Electronic Check,Male,1
CUST_CH_06381,71,26.47,40,50,Month-to-Month,Electronic Check,Female,0
CUST_CH_06382,24,39.09,41,0,Month-to-Month,Bank Transfer,Male,1
CUST_CH_06383,34,95.5,36,36,One-Year,Electronic Check,Male,0
CUST_CH_06384,36,56.27,30,15,One-Year,Electronic Check,Male,0
CUST_CH_06385,30,88.56,6,28,Two-Year,Electronic Check,Male,1
CUST_CH_06386,70,40.62,6,24,Month-to-Month,Bank Transfer,Male,1
CUST_CH_06387,47,53.52,27,16,Month-to-Month,Electronic Check,Female,1
CUST_CH_06388,13,54.23,45,43,Month-to-Month,Credit Card,Female,1
CUST_CH_06389,3,33.4,9,34,Month-to-Month,Electronic Check,Female,0
CUST_CH_06390,17,97.3,50,9,One-Year,Bank Transfer,Male,1
CUST_CH_06391,56,108.96,13,53,Two-Year,Credit Card,Female,1
CUST_CH_06392,40,87.99,17,8,Two-Year,Bank Transfer,Female,0
CUST_CH_06393,9,94.02,34,43,Month-to-Month,Credit Card,Male,1
CUST_CH_06394,10,70.79,8,1,One-Year,Bank Transfer,Male,0
CUST_CH_06395,42,31.4,14,0,Month-to-Month,Bank Transfer,Female,0
CUST_CH_06396,65,79.59,1,32,Month-to-Month,Electronic Check,Male,1
CUST_CH_06397,41,26.49,31,11,Two-Year,Credit Card,Male,0
CUST_CH_06398,26,45.55,48,10,Month-to-Month,Electronic Check,Male,0
CUST_CH_06399,49,23.68,22,30,Month-to-Month,Bank Transfer,Female,1
CUST_CH_06400,21,20.43,49,11,Month-to-Month,Bank Transfer,Female,1
CUST_CH_06401,21,80.99,15,22,Month-to-Month,Electronic Check,Male,0
CUST_CH_06402,41,25.01,19,30,One-Year,Credit Card,Male,1
CUST_CH_06403,71,86.33,31,15,Month-to-Month,Electronic Check,Female,1
CUST_CH_06404,13,31.27,11,40,Month-to-Month,Electronic Check,Male,1
CUST_CH_06405,18,100.68,30,15,One-Year,Credit Card,Female,0
CUST_CH_06406,43,79.2,2,25,One-Year,Electronic Check,Male,0
CUST_CH_06407,44,96.15,15,52,Month-to-Month,Bank Transfer,Male,1
CUST_CH_06408,60,91.81,46,23,Month-to-Month,Bank Transfer,Female,1
CUST_CH_06409,36,20.11,27,50,Month-to-Month,Electronic Check,Male,1
CUST_CH_06410,7,24.84,14,23,Month-to-Month,Bank Transfer,Female,1
CUST_CH_06411,45,110.11,16,10,Month-to-Month,Bank Transfer,Female,1
CUST_CH_06412,20,113.74,5,21,Month-to-Month,Electronic Check,Female,1
CUST_CH_06413,19,106.33,20,20,One-Year,Electronic Check,Female,0
CUST_CH_06414,6,84.29,39,54,Two-Year,Credit Card,Male,1
CUST_CH_06415,51,86.72,38,3,One-Year,Bank Transfer,Female,1
CUST_CH_06416,57,72.83,15,25,One-Year,Electronic Check,Female,0
CUST_CH_06417,19,73.38,39,13,Two-Year,Bank Transfer,Female,0
CUST_CH_06418,43,59.64,6,38,Month-to-Month,Credit Card,Male,1
CUST_CH_06419,60,71.77,28,38,Two-Year,Electronic Check,Female,0
CUST_CH_06420,53,23.78,27,2,One-Year,Bank Transfer,Male,0
CUST_CH_06421,61,88.01,37,14,Month-to-Month,Credit Card,Male,0
CUST_CH_06422,41,33.59,12,35,Month-to-Month,Bank Transfer,Male,1
CUST_CH_06423,40,53.4,48,35,Month-to-Month,Credit Card,Female,1
CUST_CH_06424,41,72.66,31,55,Month-to-Month,Credit Card,Female,1
CUST_CH_06425,61,30.99,24,52,Month-to-Month,Electronic Check,Male,1
CUST_CH_06426,9,32.73,25,29,One-Year,Electronic Check,Female,1
CUST_CH_06427,56,81.56,28,48,Month-to-Month,Electronic Check,Male,0
CUST_CH_06428,72,49.76,21,31,Month-to-Month,Bank Transfer,Male,0
CUST_CH_06429,27,73.58,23,3,Month-to-Month,Electronic Check,Female,1
CUST_CH_06430,46,93.9,11,47,Month-to-Month,Credit Card,Female,1
CUST_CH_06431,49,58.07,43,18,One-Year,Electronic Check,Male,1
CUST_CH_06432,31,119.54,14,44,One-Year,Credit Card,Male,1
CUST_CH_06433,51,67.56,23,38,One-Year,Bank Transfer,Male,1
CUST_CH_06434,60,33.3,17,20,Two-Year,Bank Transfer,Male,0
CUST_CH_06435,25,22.44,42,33,One-Year,Bank Transfer,Female,1
CUST_CH_06436,34,96.43,15,45,Month-to-Month,Electronic Check,Male,0
CUST_CH_06437,4,114.98,17,42,Two-Year,Bank Transfer,Male,0
CUST_CH_06438,59,119.04,30,49,Month-to-Month,Electronic Check,Female,1
CUST_CH_06439,37,44.27,2,22,Two-Year,Credit Card,Male,0
CUST_CH_06440,64,65.83,19,9,One-Year,Bank Transfer,Male,0
CUST_CH_06441,68,113.37,11,26,Two-Year,Bank Transfer,Male,0
CUST_CH_06442,43,27.62,47,48,Month-to-Month,Electronic Check,Female,1
CUST_CH_06443,18,93.16,11,30,One-Year,Electronic Check,Male,1
CUST_CH_06444,8,76.18,21,25,One-Year,Electronic Check,Male,0
CUST_CH_06445,52,42.21,1,2,Two-Year,Bank Transfer,Male,1
CUST_CH_06446,57,58.69,21,55,Two-Year,Electronic Check,Male,1
CUST_CH_06447,6,57.82,43,39,One-Year,Credit Card,Female,0
CUST_CH_06448,4,79.95,45,44,Two-Year,Credit Card,Female,0
CUST_CH_06449,52,66.0,20,43,Month-to-Month,Electronic Check,Male,1
CUST_CH_06450,19,80.25,4,40,Two-Year,Electronic Check,Male,1
CUST_CH_06451,69,80.18,16,40,Month-to-Month,Electronic Check,Female,1
CUST_CH_06452,72,114.59,28,53,Month-to-Month,Bank Transfer,Male,1
CUST_CH_06453,4,58.34,10,34,Month-to-Month,Electronic Check,Male,1
CUST_CH_06454,66,71.35,1,34,Month-to-Month,Credit Card,Female,1
CUST_CH_06455,40,102.88,15,33,Month-to-Month,Electronic Check,Female,1
CUST_CH_06456,60,88.43,23,41,Month-to-Month,Electronic Check,Female,1
CUST_CH_06457,34,74.17,37,12,Month-to-Month,Bank Transfer,Female,1
CUST_CH_06458,19,37.6,5,52,One-Year,Electronic Check,Male,1
CUST_CH_06459,27,58.03,43,48,Month-to-Month,Bank Transfer,Female,1
CUST_CH_06460,33,79.1,2,43,Month-to-Month,Bank Transfer,Female,0
CUST_CH_06461,29,25.11,42,34,Month-to-Month,Electronic Check,Male,1
CUST_CH_06462,48,94.33,15,17,One-Year,Electronic Check,Female,1
CUST_CH_06463,60,33.49,19,38,One-Year,Electronic Check,Male,0
CUST_CH_06464,67,78.1,29,6,Month-to-Month,Bank Transfer,Male,1
CUST_CH_06465,31,64.45,50,28,One-Year,Electronic Check,Male,1
CUST_CH_06466,4,55.02,18,25,Month-to-Month,Credit Card,Male,0
CUST_CH_06467,51,44.93,21,4,Month-to-Month,Credit Card,Female,0
CUST_CH_06468,32,113.68,15,28,One-Year,Electronic Check,Male,0
CUST_CH_06469,22,100.14,37,16,Month-to-Month,Bank Transfer,Female,0
CUST_CH_06470,11,86.01,27,37,One-Year,Bank Transfer,Female,0
CUST_CH_06471,25,38.12,4,45,Month-to-Month,Bank Transfer,Male,1
CUST_CH_06472,60,108.73,7,21,Month-to-Month,Credit Card,Male,1
CUST_CH_06473,52,105.76,10,15,Two-Year,Electronic Check,Female,1
CUST_CH_06474,32,53.19,35,46,Month-to-Month,Electronic Check,Female,0
CUST_CH_06475,21,85.27,50,54,Month-to-Month,Credit Card,Male,0
CUST_CH_06476,22,73.78,12,40,One-Year,Bank Transfer,Male,1
CUST_CH_06477,1,29.77,22,46,Month-to-Month,Electronic Check,Male,1
CUST_CH_06478,58,71.51,26,30,Month-to-Month,Bank Transfer,Female,0
CUST_CH_06479,51,62.64,38,42,Month-to-Month,Bank Transfer,Male,1
CUST_CH_06480,6,39.96,14,42,Two-Year,Electronic Check,Male,1
CUST_CH_06481,41,40.74,39,59,Two-Year,Credit Card,Male,1
CUST_CH_06482,71,29.73,42,34,One-Year,Electronic Check,Female,1
CUST_CH_06483,29,81.88,26,1,Two-Year,Bank Transfer,Male,0
CUST_CH_06484,54,36.11,25,11,Month-to-Month,Bank Transfer,Male,0
CUST_CH_06485,71,30.12,38,34,Two-Year,Bank Transfer,Male,0
CUST_CH_06486,63,53.17,3,56,Month-to-Month,Credit Card,Female,1
CUST_CH_06487,17,30.0,43,35,One-Year,Electronic Check,Female,0
CUST_CH_06488,54,32.76,23,0,One-Year,Credit Card,Female,0
CUST_CH_06489,15,65.88,9,22,Two-Year,Bank Transfer,Female,1
CUST_CH_06490,36,115.6,23,37,Two-Year,Bank Transfer,Male,1
CUST_CH_06491,64,47.51,33,50,Two-Year,Credit Card,Female,0
CUST_CH_06492,15,41.26,30,11,One-Year,Electronic Check,Female,0
CUST_CH_06493,28,71.67,37,7,Month-to-Month,Credit Card,Male,0
CUST_CH_06494,24,50.53,30,6,Month-to-Month,Electronic Check,Male,1
CUST_CH_06495,8,116.12,36,21,One-Year,Credit Card,Male,1
CUST_CH_06496,24,109.22,50,34,Month-to-Month,Credit Card,Male,1
CUST_CH_06497,13,79.85,19,33,Month-to-Month,Credit Card,Male,1
CUST_CH_06498,30,38.01,24,22,Two-Year,Bank Transfer,Female,1
CUST_CH_06499,27,83.26,43,16,Two-Year,Bank Transfer,Male,0
CUST_CH_06500,30,88.75,47,41,Two-Year,Bank Transfer,Female,1
CUST_CH_06501,54,23.51,9,58,Month-to-Month,Credit Card,Male,0
CUST_CH_06502,67,64.38,31,17,Month-to-Month,Credit Card,Male,0
CUST_CH_06503,5,92.67,17,44,Month-to-Month,Bank Transfer,Female,0
CUST_CH_06504,23,24.05,9,26,Month-to-Month,Bank Transfer,Male,1
CUST_CH_06505,2,64.93,17,3,Month-to-Month,Electronic Check,Female,0
CUST_CH_06506,46,32.75,4,52,Month-to-Month,Credit Card,Female,1
CUST_CH_06507,40,95.17,20,51,Month-to-Month,Electronic Check,Female,1
CUST_CH_06508,61,94.58,5,50,One-Year,Bank Transfer,Male,1
CUST_CH_06509,19,113.96,44,55,Two-Year,Electronic Check,Male,1
CUST_CH_06510,29,31.82,20,30,Month-to-Month,Bank Transfer,Male,0
CUST_CH_06511,61,102.02,49,18,Month-to-Month,Bank Transfer,Male,1
CUST_CH_06512,34,54.23,41,35,Month-to-Month,Credit Card,Male,1
CUST_CH_06513,43,105.65,26,24,Two-Year,Bank Transfer,Female,0
CUST_CH_06514,37,78.2,48,42,Two-Year,Electronic Check,Female,1
CUST_CH_06515,15,60.84,19,4,Month-to-Month,Electronic Check,Female,1
CUST_CH_06516,31,83.99,26,17,Month-to-Month,Bank Transfer,Female,0
CUST_CH_06517,57,20.51,21,40,Month-to-Month,Credit Card,Male,1
CUST_CH_06518,31,95.23,31,12,One-Year,Electronic Check,Female,0
CUST_CH_06519,35,54.05,36,46,One-Year,Credit Card,Male,0
CUST_CH_06520,20,40.34,1,2,One-Year,Electronic Check,Male,0
CUST_CH_06521,15,65.59,15,52,Two-Year,Bank Transfer,Male,1
CUST_CH_06522,58,89.05,26,42,Month-to-Month,Bank Transfer,Female,1
CUST_CH_06523,27,66.58,45,52,Month-to-Month,Bank Transfer,Male,0
CUST_CH_06524,61,36.24,32,6,Month-to-Month,Electronic Check,Male,0
CUST_CH_06525,6,30.26,6,1,One-Year,Bank Transfer,Male,0
CUST_CH_06526,1,50.76,40,12,Month-to-Month,Bank Transfer,Female,0
CUST_CH_06527,48,72.91,40,38,Two-Year,Credit Card,Male,1
CUST_CH_06528,59,68.27,8,33,Two-Year,Credit Card,Male,0
CUST_CH_06529,10,37.47,36,27,Month-to-Month,Credit Card,Female,1
CUST_CH_06530,54,56.41,22,58,Month-to-Month,Bank Transfer,Female,1
CUST_CH_06531,17,82.9,6,3,Month-to-Month,Credit Card,Male,0
CUST_CH_06532,53,48.76,3,40,One-Year,Bank Transfer,Female,0
CUST_CH_06533,38,41.55,16,49,Two-Year,Electronic Check,Female,0
CUST_CH_06534,49,44.78,30,27,One-Year,Electronic Check,Male,0
CUST_CH_06535,25,73.94,15,17,Month-to-Month,Credit Card,Female,0
CUST_CH_06536,39,112.72,19,7,Month-to-Month,Credit Card,Female,1
CUST_CH_06537,72,97.46,46,41,One-Year,Electronic Check,Female,0
CUST_CH_06538,27,97.11,29,44,One-Year,Bank Transfer,Male,0
CUST_CH_06539,34,24.32,41,38,Month-to-Month,Credit Card,Female,1
CUST_CH_06540,68,45.04,50,53,One-Year,Bank Transfer,Female,0
CUST_CH_06541,33,116.81,32,1,Two-Year,Bank Transfer,Female,1
CUST_CH_06542,28,86.63,1,8,Month-to-Month,Bank Transfer,Female,1
CUST_CH_06543,57,71.27,48,7,Month-to-Month,Electronic Check,Male,1
CUST_CH_06544,72,36.3,7,5,Two-Year,Bank Transfer,Male,0
CUST_CH_06545,22,83.33,23,5,Two-Year,Bank Transfer,Male,0
CUST_CH_06546,32,116.55,8,28,Two-Year,Credit Card,Female,0
CUST_CH_06547,6,62.43,23,35,Two-Year,Credit Card,Male,0
CUST_CH_06548,68,98.9,5,45,Two-Year,Electronic Check,Male,1
CUST_CH_06549,72,104.14,8,50,Month-to-Month,Credit Card,Female,1
CUST_CH_06550,2,58.28,21,51,One-Year,Electronic Check,Male,1
CUST_CH_06551,51,42.47,32,56,Month-to-Month,Bank Transfer,Female,1
CUST_CH_06552,27,40.6,37,39,Month-to-Month,Electronic Check,Male,1
CUST_CH_06553,21,41.66,6,46,One-Year,Credit Card,Female,1
CUST_CH_06554,67,45.1,13,10,One-Year,Credit Card,Female,1
CUST_CH_06555,35,92.2,24,25,Two-Year,Credit Card,Female,1
CUST_CH_06556,1,36.58,32,57,Two-Year,Electronic Check,Female,0
CUST_CH_06557,70,26.19,44,30,Two-Year,Credit Card,Female,0
CUST_CH_06558,40,35.25,34,36,Two-Year,Electronic Check,Female,1
CUST_CH_06559,69,95.3,33,38,Month-to-Month,Credit Card,Female,1
CUST_CH_06560,32,84.96,2,22,Two-Year,Electronic Check,Female,1
CUST_CH_06561,7,43.76,10,38,Month-to-Month,Electronic Check,Male,0
CUST_CH_06562,41,63.75,19,18,One-Year,Bank Transfer,Male,0
CUST_CH_06563,33,84.8,3,49,Month-to-Month,Bank Transfer,Female,0
CUST_CH_06564,16,75.58,41,41,One-Year,Electronic Check,Female,0
CUST_CH_06565,25,55.17,47,20,Month-to-Month,Bank Transfer,Female,1
CUST_CH_06566,68,29.93,30,32,Two-Year,Bank Transfer,Female,1
CUST_CH_06567,36,89.19,8,14,Month-to-Month,Credit Card,Female,0
CUST_CH_06568,49,107.18,41,12,Two-Year,Bank Transfer,Male,0
CUST_CH_06569,17,96.71,28,34,Month-to-Month,Electronic Check,Female,0
CUST_CH_06570,10,112.27,18,39,One-Year,Bank Transfer,Male,1
CUST_CH_06571,67,70.99,20,1,Two-Year,Credit Card,Male,0
CUST_CH_06572,36,118.97,43,41,Month-to-Month,Electronic Check,Male,1
CUST_CH_06573,47,38.89,4,27,Two-Year,Electronic Check,Male,0
CUST_CH_06574,38,67.69,42,22,Month-to-Month,Electronic Check,Female,0
CUST_CH_06575,38,89.77,10,44,Two-Year,Electronic Check,Male,1
CUST_CH_06576,35,66.21,38,21,One-Year,Bank Transfer,Female,0
CUST_CH_06577,34,110.17,39,54,Month-to-Month,Credit Card,Male,1
CUST_CH_06578,2,23.16,34,27,Month-to-Month,Bank Transfer,Male,0
CUST_CH_06579,12,37.97,8,16,Month-to-Month,Electronic Check,Female,0
CUST_CH_06580,14,46.05,38,17,One-Year,Bank Transfer,Female,1
CUST_CH_06581,72,67.57,48,21,Month-to-Month,Bank Transfer,Female,0
CUST_CH_06582,39,114.28,4,8,Month-to-Month,Electronic Check,Female,0
CUST_CH_06583,43,50.04,46,53,Month-to-Month,Electronic Check,Male,0
CUST_CH_06584,45,71.69,19,7,Month-to-Month,Credit Card,Female,0
CUST_CH_06585,54,77.23,30,21,Month-to-Month,Electronic Check,Female,1
CUST_CH_06586,28,90.81,39,18,Month-to-Month,Bank Transfer,Female,0
CUST_CH_06587,68,68.44,20,59,Two-Year,Electronic Check,Female,1
CUST_CH_06588,9,36.9,49,18,Month-to-Month,Electronic Check,Male,1
CUST_CH_06589,67,48.61,14,56,Two-Year,Bank Transfer,Male,0
CUST_CH_06590,36,62.48,33,26,Month-to-Month,Credit Card,Female,1
CUST_CH_06591,19,33.56,8,20,Month-to-Month,Credit Card,Female,1
CUST_CH_06592,54,41.91,6,33,One-Year,Bank Transfer,Female,0
CUST_CH_06593,41,39.44,16,55,Month-to-Month,Credit Card,Male,1
CUST_CH_06594,60,87.1,41,19,Two-Year,Electronic Check,Male,0
CUST_CH_06595,15,56.15,38,24,Month-to-Month,Electronic Check,Male,1
CUST_CH_06596,65,117.79,40,58,Month-to-Month,Bank Transfer,Male,1
CUST_CH_06597,29,70.95,6,57,Month-to-Month,Electronic Check,Female,1
CUST_CH_06598,62,34.6,13,38,Month-to-Month,Bank Transfer,Male,0
CUST_CH_06599,69,115.94,7,55,One-Year,Bank Transfer,Male,1
CUST_CH_06600,69,60.03,18,50,Two-Year,Credit Card,Female,0
CUST_CH_06601,72,51.79,31,35,Month-to-Month,Electronic Check,Male,0
CUST_CH_06602,10,50.43,12,44,One-Year,Credit Card,Female,1
CUST_CH_06603,49,53.91,34,21,Month-to-Month,Bank Transfer,Male,1
CUST_CH_06604,71,60.39,31,27,One-Year,Bank Transfer,Female,0
CUST_CH_06605,25,63.14,29,18,One-Year,Credit Card,Female,0
CUST_CH_06606,17,23.34,2,9,Month-to-Month,Electronic Check,Male,0
CUST_CH_06607,5,118.0,21,4,Two-Year,Electronic Check,Female,0
CUST_CH_06608,68,107.98,42,4,Month-to-Month,Electronic Check,Female,1
CUST_CH_06609,2,62.53,6,59,Month-to-Month,Credit Card,Female,1
CUST_CH_06610,28,63.63,29,38,One-Year,Bank Transfer,Female,1
CUST_CH_06611,17,56.92,30,47,One-Year,Electronic Check,Female,0
CUST_CH_06612,68,118.36,5,44,One-Year,Bank Transfer,Female,0
CUST_CH_06613,62,91.04,46,53,Two-Year,Credit Card,Female,0
CUST_CH_06614,55,63.93,26,60,Two-Year,Electronic Check,Male,1
CUST_CH_06615,9,50.99,33,49,Two-Year,Bank Transfer,Male,1
CUST_CH_06616,41,81.21,29,3,Month-to-Month,Electronic Check,Female,1
CUST_CH_06617,22,76.7,16,48,Month-to-Month,Bank Transfer,Male,0
CUST_CH_06618,6,102.42,31,20,Two-Year,Electronic Check,Male,1
CUST_CH_06619,42,31.18,7,15,One-Year,Credit Card,Female,1
CUST_CH_06620,43,85.93,46,7,Two-Year,Electronic Check,Female,0
CUST_CH_06621,25,107.05,39,23,Month-to-Month,Bank Transfer,Female,0
CUST_CH_06622,11,97.46,5,45,Month-to-Month,Electronic Check,Male,1
CUST_CH_06623,23,20.3,36,14,One-Year,Bank Transfer,Male,0
CUST_CH_06624,67,95.23,17,3,Month-to-Month,Electronic Check,Female,1
CUST_CH_06625,42,30.19,5,9,One-Year,Bank Transfer,Female,0
CUST_CH_06626,23,35.09,50,19,Two-Year,Bank Transfer,Male,0
CUST_CH_06627,70,89.75,32,20,Two-Year,Credit Card,Male,0
CUST_CH_06628,39,94.47,45,3,Two-Year,Bank Transfer,Female,0
CUST_CH_06629,66,117.53,42,25,Month-to-Month,Bank Transfer,Female,0
CUST_CH_06630,38,45.68,9,26,Month-to-Month,Credit Card,Female,1
CUST_CH_06631,22,78.05,25,37,One-Year,Electronic Check,Female,1
CUST_CH_06632,55,78.18,28,20,Month-to-Month,Electronic Check,Female,1
CUST_CH_06633,58,102.63,10,9,Two-Year,Bank Transfer,Male,0
CUST_CH_06634,50,78.3,5,10,Month-to-Month,Bank Transfer,Female,0
CUST_CH_06635,41,95.61,18,25,One-Year,Credit Card,Male,0
CUST_CH_06636,50,102.72,47,57,One-Year,Electronic Check,Male,1
CUST_CH_06637,25,31.11,15,47,Two-Year,Bank Transfer,Female,0
CUST_CH_06638,69,114.92,20,59,Two-Year,Bank Transfer,Male,0
CUST_CH_06639,31,77.85,3,50,One-Year,Credit Card,Male,0
CUST_CH_06640,68,62.63,13,18,Month-to-Month,Bank Transfer,Male,0
CUST_CH_06641,21,107.67,45,18,Month-to-Month,Electronic Check,Male,1
CUST_CH_06642,37,45.21,4,0,One-Year,Bank Transfer,Male,0
CUST_CH_06643,2,60.78,1,37,One-Year,Bank Transfer,Male,1
CUST_CH_06644,41,77.13,15,47,Month-to-Month,Credit Card,Male,1
CUST_CH_06645,36,74.06,29,43,Month-to-Month,Bank Transfer,Male,1
CUST_CH_06646,43,114.0,48,20,Month-to-Month,Credit Card,Female,1
CUST_CH_06647,39,45.64,11,43,One-Year,Bank Transfer,Female,0
CUST_CH_06648,52,63.43,24,54,One-Year,Bank Transfer,Female,1
CUST_CH_06649,51,60.57,9,55,One-Year,Electronic Check,Female,1
CUST_CH_06650,1,26.63,3,0,Month-to-Month,Bank Transfer,Female,1
CUST_CH_06651,53,118.13,20,26,Month-to-Month,Bank Transfer,Female,0
CUST_CH_06652,14,110.21,9,57,Two-Year,Bank Transfer,Male,0
CUST_CH_06653,46,25.52,40,42,Two-Year,Electronic Check,Female,0
CUST_CH_06654,36,52.84,31,20,One-Year,Credit Card,Male,1
CUST_CH_06655,35,81.18,38,11,Month-to-Month,Electronic Check,Female,1
CUST_CH_06656,29,56.06,25,13,Two-Year,Bank Transfer,Female,0
CUST_CH_06657,40,98.38,4,43,One-Year,Credit Card,Female,1
CUST_CH_06658,27,31.59,28,23,Two-Year,Bank Transfer,Female,0
CUST_CH_06659,50,85.07,8,29,Month-to-Month,Bank Transfer,Male,1
CUST_CH_06660,25,39.59,8,52,Month-to-Month,Credit Card,Female,0
CUST_CH_06661,36,53.15,25,50,Month-to-Month,Credit Card,Male,1
CUST_CH_06662,55,47.62,38,54,One-Year,Electronic Check,Male,0
CUST_CH_06663,29,107.65,33,57,Month-to-Month,Electronic Check,Female,1
CUST_CH_06664,70,41.14,34,48,Two-Year,Bank Transfer,Female,1
CUST_CH_06665,53,93.72,38,31,Month-to-Month,Electronic Check,Male,1
CUST_CH_06666,9,46.47,3,7,One-Year,Bank Transfer,Male,1
CUST_CH_06667,25,98.91,26,44,Month-to-Month,Credit Card,Male,1
CUST_CH_06668,45,36.22,4,32,Two-Year,Electronic Check,Male,0
CUST_CH_06669,2,54.17,24,36,Month-to-Month,Electronic Check,Female,1
CUST_CH_06670,71,47.59,31,53,Two-Year,Electronic Check,Female,0
CUST_CH_06671,2,105.95,24,2,One-Year,Electronic Check,Male,0
CUST_CH_06672,15,48.71,38,48,One-Year,Electronic Check,Male,1
CUST_CH_06673,66,101.33,14,60,One-Year,Bank Transfer,Female,1
CUST_CH_06674,61,104.36,34,4,Month-to-Month,Electronic Check,Male,1
CUST_CH_06675,28,38.88,14,43,Month-to-Month,Electronic Check,Male,1
CUST_CH_06676,37,116.95,47,7,Month-to-Month,Credit Card,Female,1
CUST_CH_06677,7,58.44,14,16,Month-to-Month,Credit Card,Male,0
CUST_CH_06678,40,20.63,38,16,Two-Year,Bank Transfer,Female,0
CUST_CH_06679,57,24.61,13,18,One-Year,Electronic Check,Female,0
CUST_CH_06680,31,114.26,20,28,Month-to-Month,Credit Card,Male,0
CUST_CH_06681,37,45.76,40,48,One-Year,Credit Card,Female,0
CUST_CH_06682,50,111.75,2,53,One-Year,Electronic Check,Male,1
CUST_CH_06683,4,64.04,43,43,One-Year,Electronic Check,Male,0
CUST_CH_06684,28,80.1,24,51,Two-Year,Electronic Check,Male,1
CUST_CH_06685,25,91.15,16,5,Month-to-Month,Electronic Check,Male,1
CUST_CH_06686,12,72.87,3,10,Month-to-Month,Credit Card,Female,0
CUST_CH_06687,52,102.26,34,46,Two-Year,Electronic Check,Male,1
CUST_CH_06688,61,102.97,7,8,Month-to-Month,Bank Transfer,Female,0
CUST_CH_06689,1,24.16,6,9,Two-Year,Credit Card,Male,1
CUST_CH_06690,69,57.71,35,28,Two-Year,Credit Card,Female,0
CUST_CH_06691,48,69.1,1,36,Month-to-Month,Credit Card,Male,0
CUST_CH_06692,44,49.0,29,58,Two-Year,Credit Card,Male,1
CUST_CH_06693,69,82.8,3,20,Two-Year,Bank Transfer,Male,1
CUST_CH_06694,12,49.98,9,54,Two-Year,Electronic Check,Female,1
CUST_CH_06695,47,94.83,7,19,Two-Year,Credit Card,Female,0
CUST_CH_06696,11,106.04,9,20,Month-to-Month,Electronic Check,Female,1
CUST_CH_06697,68,81.44,46,57,Two-Year,Electronic Check,Male,1
CUST_CH_06698,71,95.38,27,30,Month-to-Month,Electronic Check,Male,0
CUST_CH_06699,9,63.2,21,32,One-Year,Bank Transfer,Male,0
CUST_CH_06700,66,62.83,31,51,Two-Year,Credit Card,Male,0
CUST_CH_06701,60,80.53,29,12,Month-to-Month,Electronic Check,Male,0
CUST_CH_06702,26,34.42,37,14,One-Year,Electronic Check,Female,0
CUST_CH_06703,36,37.9,26,17,Month-to-Month,Bank Transfer,Male,1
CUST_CH_06704,2,69.39,45,44,Month-to-Month,Bank Transfer,Male,1
CUST_CH_06705,9,79.01,50,38,Month-to-Month,Electronic Check,Female,1
CUST_CH_06706,20,101.33,16,9,Two-Year,Credit Card,Male,0
CUST_CH_06707,65,21.1,20,20,Two-Year,Electronic Check,Male,0
CUST_CH_06708,19,88.46,4,29,Two-Year,Bank Transfer,Male,0
CUST_CH_06709,24,55.48,17,20,Month-to-Month,Bank Transfer,Female,1
CUST_CH_06710,36,33.84,19,16,Month-to-Month,Electronic Check,Female,1
CUST_CH_06711,42,61.55,22,30,One-Year,Electronic Check,Male,0
CUST_CH_06712,66,72.09,46,0,Month-to-Month,Electronic Check,Male,1
CUST_CH_06713,48,31.52,37,57,Two-Year,Credit Card,Male,0
CUST_CH_06714,20,82.14,30,12,Month-to-Month,Credit Card,Female,1
CUST_CH_06715,20,80.44,11,28,Month-to-Month,Bank Transfer,Male,1
CUST_CH_06716,25,110.67,12,52,One-Year,Bank Transfer,Male,1
CUST_CH_06717,4,106.18,27,8,Month-to-Month,Electronic Check,Female,1
CUST_CH_06718,19,90.52,28,20,Month-to-Month,Bank Transfer,Male,0
CUST_CH_06719,53,114.35,49,40,Month-to-Month,Bank Transfer,Female,1
CUST_CH_06720,30,65.53,8,53,Two-Year,Credit Card,Male,0
CUST_CH_06721,41,103.82,28,34,One-Year,Bank Transfer,Female,1
CUST_CH_06722,59,99.54,42,57,Month-to-Month,Bank Transfer,Male,1
CUST_CH_06723,53,85.83,7,31,Month-to-Month,Bank Transfer,Female,1
CUST_CH_06724,10,28.04,9,30,Two-Year,Bank Transfer,Female,0
CUST_CH_06725,52,36.37,27,57,One-Year,Electronic Check,Male,0
CUST_CH_06726,51,57.58,4,25,Month-to-Month,Bank Transfer,Male,1
CUST_CH_06727,6,83.86,10,0,One-Year,Electronic Check,Female,1
CUST_CH_06728,12,111.07,46,2,Two-Year,Credit Card,Male,0
CUST_CH_06729,30,42.87,40,5,Month-to-Month,Electronic Check,Female,0
CUST_CH_06730,35,116.64,47,6,Month-to-Month,Bank Transfer,Male,1
CUST_CH_06731,72,78.76,36,59,One-Year,Credit Card,Male,0
CUST_CH_06732,39,44.78,28,58,Month-to-Month,Electronic Check,Female,1
CUST_CH_06733,50,91.55,38,41,Month-to-Month,Electronic Check,Male,1
CUST_CH_06734,24,74.11,8,22,One-Year,Electronic Check,Female,1
CUST_CH_06735,3,78.27,31,33,Two-Year,Electronic Check,Female,1
CUST_CH_06736,19,53.05,48,24,Month-to-Month,Electronic Check,Male,0
CUST_CH_06737,7,39.84,32,44,One-Year,Credit Card,Female,0
CUST_CH_06738,59,30.07,8,2,Month-to-Month,Bank Transfer,Male,1
CUST_CH_06739,44,72.36,46,39,Month-to-Month,Electronic Check,Female,0
CUST_CH_06740,34,112.8,40,39,Month-to-Month,Credit Card,Male,1
CUST_CH_06741,16,119.57,20,24,Month-to-Month,Bank Transfer,Female,1
CUST_CH_06742,50,92.88,24,7,One-Year,Electronic Check,Male,0
CUST_CH_06743,69,57.86,41,32,One-Year,Electronic Check,Male,1
CUST_CH_06744,47,97.46,18,6,Two-Year,Bank Transfer,Male,0
CUST_CH_06745,15,21.46,10,55,Month-to-Month,Bank Transfer,Male,1
CUST_CH_06746,25,38.62,17,40,Two-Year,Credit Card,Female,1
CUST_CH_06747,62,90.4,4,24,Month-to-Month,Electronic Check,Male,1
CUST_CH_06748,8,83.77,49,42,Two-Year,Electronic Check,Female,0
CUST_CH_06749,28,27.89,12,31,Month-to-Month,Credit Card,Female,0
CUST_CH_06750,44,28.95,41,2,Two-Year,Electronic Check,Male,1
CUST_CH_06751,59,104.59,35,2,Month-to-Month,Credit Card,Female,0
CUST_CH_06752,39,34.64,17,13,Month-to-Month,Bank Transfer,Male,1
CUST_CH_06753,54,116.16,42,0,Month-to-Month,Electronic Check,Female,1
CUST_CH_06754,34,75.28,32,60,Month-to-Month,Credit Card,Male,0
CUST_CH_06755,69,83.05,48,49,Month-to-Month,Electronic Check,Male,0
CUST_CH_06756,45,84.38,47,39,One-Year,Credit Card,Female,0
CUST_CH_06757,25,55.75,43,59,Month-to-Month,Bank Transfer,Male,1
CUST_CH_06758,4,93.87,19,42,One-Year,Credit Card,Female,0
CUST_CH_06759,14,100.87,4,2,One-Year,Credit Card,Female,0
CUST_CH_06760,61,99.63,24,2,One-Year,Credit Card,Male,0
CUST_CH_06761,56,46.19,18,24,Month-to-Month,Electronic Check,Female,1
CUST_CH_06762,58,96.55,47,20,Month-to-Month,Bank Transfer,Male,0
CUST_CH_06763,68,52.75,10,51,Month-to-Month,Bank Transfer,Female,1
CUST_CH_06764,54,78.34,49,0,One-Year,Bank Transfer,Male,0
CUST_CH_06765,38,49.04,9,39,Month-to-Month,Credit Card,Female,1
CUST_CH_06766,40,42.89,23,45,One-Year,Credit Card,Male,0
CUST_CH_06767,44,89.13,48,44,Two-Year,Electronic Check,Male,0
CUST_CH_06768,31,74.87,3,60,Month-to-Month,Credit Card,Female,1
CUST_CH_06769,57,69.36,37,14,Month-to-Month,Credit Card,Female,0
CUST_CH_06770,11,105.44,49,53,Month-to-Month,Electronic Check,Male,1
CUST_CH_06771,29,22.7,26,59,One-Year,Electronic Check,Female,0
CUST_CH_06772,38,72.68,9,17,Month-to-Month,Credit Card,Female,1
CUST_CH_06773,29,99.59,41,21,Month-to-Month,Credit Card,Female,0
CUST_CH_06774,51,64.72,43,43,Month-to-Month,Electronic Check,Male,0
CUST_CH_06775,10,87.49,49,49,One-Year,Electronic Check,Male,1
CUST_CH_06776,33,27.93,16,19,Month-to-Month,Electronic Check,Male,1
CUST_CH_06777,43,23.62,7,6,Month-to-Month,Electronic Check,Male,1
CUST_CH_06778,19,58.35,25,53,Two-Year,Credit Card,Male,0
CUST_CH_06779,19,79.45,25,49,One-Year,Bank Transfer,Male,1
CUST_CH_06780,47,27.44,2,57,Month-to-Month,Bank Transfer,Male,0
CUST_CH_06781,10,81.49,36,44,Month-to-Month,Electronic Check,Male,1
CUST_CH_06782,33,115.61,8,6,Two-Year,Credit Card,Male,0
CUST_CH_06783,67,116.93,36,1,Month-to-Month,Credit Card,Male,0
CUST_CH_06784,41,96.09,9,31,Month-to-Month,Credit Card,Female,1
CUST_CH_06785,59,115.01,29,54,Two-Year,Bank Transfer,Female,1
CUST_CH_06786,12,65.2,13,53,One-Year,Credit Card,Female,1
CUST_CH_06787,23,79.22,44,30,Month-to-Month,Electronic Check,Female,1
CUST_CH_06788,16,119.98,18,39,Month-to-Month,Credit Card,Male,1
CUST_CH_06789,62,72.77,39,26,Month-to-Month,Bank Transfer,Male,1
CUST_CH_06790,9,100.37,32,31,One-Year,Electronic Check,Male,1
CUST_CH_06791,12,35.7,44,33,Two-Year,Bank Transfer,Male,1
CUST_CH_06792,43,116.92,37,50,Month-to-Month,Credit Card,Male,1
CUST_CH_06793,48,43.94,21,18,Month-to-Month,Bank Transfer,Male,1
CUST_CH_06794,1,36.88,8,54,One-Year,Credit Card,Male,0
CUST_CH_06795,55,67.84,3,41,Month-to-Month,Credit Card,Male,1
CUST_CH_06796,21,71.17,46,60,Month-to-Month,Electronic Check,Female,1
CUST_CH_06797,43,57.51,32,18,One-Year,Bank Transfer,Female,1
CUST_CH_06798,55,109.94,40,23,Two-Year,Credit Card,Male,1
CUST_CH_06799,33,81.96,35,13,One-Year,Bank Transfer,Female,0
CUST_CH_06800,6,103.23,41,5,Month-to-Month,Bank Transfer,Female,1
CUST_CH_06801,18,37.32,35,52,Month-to-Month,Bank Transfer,Male,1
CUST_CH_06802,59,116.06,42,55,One-Year,Bank Transfer,Male,1
CUST_CH_06803,72,95.36,44,10,Month-to-Month,Credit Card,Male,1
CUST_CH_06804,45,35.84,26,12,Month-to-Month,Credit Card,Male,0
CUST_CH_06805,27,77.43,20,24,Month-to-Month,Bank Transfer,Male,1
CUST_CH_06806,33,71.29,18,0,One-Year,Credit Card,Female,0
CUST_CH_06807,46,45.37,28,21,One-Year,Bank Transfer,Male,0
CUST_CH_06808,60,41.68,39,20,Month-to-Month,Credit Card,Female,0
CUST_CH_06809,25,75.11,10,16,Month-to-Month,Credit Card,Male,1
CUST_CH_06810,35,38.59,49,30,Month-to-Month,Electronic Check,Female,0
CUST_CH_06811,65,27.64,8,20,Month-to-Month,Credit Card,Male,0
CUST_CH_06812,27,77.09,42,0,Two-Year,Bank Transfer,Male,0
CUST_CH_06813,66,82.75,26,21,Month-to-Month,Bank Transfer,Female,0
CUST_CH_06814,49,67.39,41,48,One-Year,Bank Transfer,Female,1
CUST_CH_06815,70,71.2,47,30,One-Year,Credit Card,Female,0
CUST_CH_06816,21,86.99,50,0,Two-Year,Bank Transfer,Female,1
CUST_CH_06817,40,43.99,5,35,Month-to-Month,Electronic Check,Female,1
CUST_CH_06818,18,53.94,47,52,One-Year,Bank Transfer,Female,1
CUST_CH_06819,69,100.2,21,36,Two-Year,Bank Transfer,Male,0
CUST_CH_06820,17,107.43,21,55,Month-to-Month,Credit Card,Male,1
CUST_CH_06821,54,97.13,2,17,Month-to-Month,Electronic Check,Male,0
CUST_CH_06822,21,102.17,23,1,Month-to-Month,Credit Card,Male,0
CUST_CH_06823,45,83.2,8,28,One-Year,Credit Card,Female,1
CUST_CH_06824,72,102.24,33,13,Month-to-Month,Bank Transfer,Male,1
CUST_CH_06825,11,47.35,49,44,One-Year,Credit Card,Female,0
CUST_CH_06826,29,86.54,18,34,Month-to-Month,Electronic Check,Male,1
CUST_CH_06827,32,22.78,15,11,One-Year,Electronic Check,Male,1
CUST_CH_06828,4,89.06,15,42,One-Year,Electronic Check,Male,0
CUST_CH_06829,11,117.55,35,53,One-Year,Bank Transfer,Female,1
CUST_CH_06830,3,67.95,7,44,Two-Year,Bank Transfer,Male,1
CUST_CH_06831,57,86.35,38,37,Two-Year,Bank Transfer,Female,0
CUST_CH_06832,24,100.18,5,17,Month-to-Month,Credit Card,Male,1
CUST_CH_06833,17,92.59,48,14,Month-to-Month,Bank Transfer,Male,0
CUST_CH_06834,5,49.41,7,58,Month-to-Month,Electronic Check,Male,1
CUST_CH_06835,38,60.75,1,32,Month-to-Month,Electronic Check,Female,1
CUST_CH_06836,62,92.24,15,12,Month-to-Month,Bank Transfer,Male,1
CUST_CH_06837,18,91.71,3,54,One-Year,Credit Card,Female,1
CUST_CH_06838,56,59.04,6,43,One-Year,Bank Transfer,Male,1
CUST_CH_06839,3,116.19,18,21,Month-to-Month,Credit Card,Male,1
CUST_CH_06840,15,82.29,18,27,Two-Year,Electronic Check,Male,0
CUST_CH_06841,1,31.7,43,23,Month-to-Month,Electronic Check,Male,1
CUST_CH_06842,16,44.38,3,37,One-Year,Electronic Check,Male,0
CUST_CH_06843,18,58.61,20,28,Month-to-Month,Credit Card,Female,1
CUST_CH_06844,42,42.42,34,0,One-Year,Bank Transfer,Male,1
CUST_CH_06845,40,42.64,8,33,Month-to-Month,Credit Card,Female,1
CUST_CH_06846,68,27.68,48,4,Month-to-Month,Electronic Check,Female,1
CUST_CH_06847,17,79.78,45,3,Two-Year,Electronic Check,Female,0
CUST_CH_06848,37,83.38,43,37,Month-to-Month,Electronic Check,Female,1
CUST_CH_06849,9,50.84,34,6,Month-to-Month,Electronic Check,Male,1
CUST_CH_06850,43,21.06,4,16,Two-Year,Credit Card,Female,0
CUST_CH_06851,38,45.66,40,35,Month-to-Month,Bank Transfer,Male,1
CUST_CH_06852,41,118.56,23,3,Two-Year,Electronic Check,Female,1
CUST_CH_06853,67,92.78,33,33,One-Year,Credit Card,Female,1
CUST_CH_06854,9,100.17,29,51,Two-Year,Electronic Check,Male,0
CUST_CH_06855,68,54.45,25,56,Two-Year,Bank Transfer,Male,0
CUST_CH_06856,53,99.36,3,11,Two-Year,Electronic Check,Female,1
CUST_CH_06857,56,46.5,23,27,Month-to-Month,Credit Card,Male,0
CUST_CH_06858,47,94.73,14,39,Month-to-Month,Credit Card,Male,0
CUST_CH_06859,46,28.35,5,52,Month-to-Month,Electronic Check,Female,0
CUST_CH_06860,33,72.86,11,53,Month-to-Month,Credit Card,Female,1
CUST_CH_06861,50,66.28,13,18,Month-to-Month,Bank Transfer,Male,0
CUST_CH_06862,57,29.13,11,25,Two-Year,Bank Transfer,Female,1
CUST_CH_06863,15,41.06,47,35,Two-Year,Bank Transfer,Female,0
CUST_CH_06864,54,54.43,7,53,Month-to-Month,Credit Card,Male,1
CUST_CH_06865,53,67.87,10,19,Month-to-Month,Electronic Check,Male,0
CUST_CH_06866,54,53.88,5,24,Month-to-Month,Bank Transfer,Female,0
CUST_CH_06867,69,110.02,37,19,One-Year,Credit Card,Female,0
CUST_CH_06868,36,100.02,23,3,Month-to-Month,Credit Card,Female,1
CUST_CH_06869,60,116.72,21,56,Month-to-Month,Electronic Check,Male,1
CUST_CH_06870,50,84.53,16,14,Month-to-Month,Bank Transfer,Female,1
CUST_CH_06871,47,23.88,40,50,Two-Year,Credit Card,Male,0
CUST_CH_06872,23,99.72,24,16,One-Year,Bank Transfer,Female,0
CUST_CH_06873,27,94.01,33,45,Two-Year,Credit Card,Female,1
CUST_CH_06874,10,51.44,43,18,Month-to-Month,Electronic Check,Male,1
CUST_CH_06875,33,39.71,29,29,Two-Year,Credit Card,Female,0
CUST_CH_06876,47,87.29,48,41,One-Year,Credit Card,Female,0
CUST_CH_06877,26,79.66,5,34,Month-to-Month,Electronic Check,Female,1
CUST_CH_06878,58,60.23,39,10,One-Year,Bank Transfer,Male,0
CUST_CH_06879,7,78.22,6,17,Two-Year,Credit Card,Female,0
CUST_CH_06880,18,49.58,3,25,Two-Year,Electronic Check,Female,1
CUST_CH_06881,14,40.82,32,18,Month-to-Month,Electronic Check,Female,1
CUST_CH_06882,15,39.11,27,31,One-Year,Electronic Check,Male,1
CUST_CH_06883,66,57.63,3,34,Month-to-Month,Credit Card,Female,1
CUST_CH_06884,64,72.95,30,0,Month-to-Month,Electronic Check,Male,0
CUST_CH_06885,53,45.91,22,6,One-Year,Credit Card,Male,0
CUST_CH_06886,36,81.1,47,7,Month-to-Month,Bank Transfer,Female,1
CUST_CH_06887,2,76.98,30,17,Month-to-Month,Credit Card,Female,0
CUST_CH_06888,47,23.55,15,39,One-Year,Bank Transfer,Male,0
CUST_CH_06889,47,40.85,16,52,One-Year,Bank Transfer,Female,0
CUST_CH_06890,30,90.01,4,32,Month-to-Month,Electronic Check,Female,1
CUST_CH_06891,49,117.54,12,22,Month-to-Month,Electronic Check,Female,1
CUST_CH_06892,8,57.66,46,54,Month-to-Month,Credit Card,Female,1
CUST_CH_06893,19,115.28,38,40,Month-to-Month,Credit Card,Female,1
CUST_CH_06894,51,43.93,9,24,Month-to-Month,Credit Card,Male,0
CUST_CH_06895,16,30.83,27,45,One-Year,Bank Transfer,Male,1
CUST_CH_06896,39,57.78,44,54,Month-to-Month,Bank Transfer,Male,1
CUST_CH_06897,27,105.77,8,49,Month-to-Month,Electronic Check,Female,1
CUST_CH_06898,16,115.91,21,24,Month-to-Month,Bank Transfer,Female,1
CUST_CH_06899,65,82.0,28,50,Two-Year,Credit Card,Female,1
CUST_CH_06900,6,93.32,14,10,Month-to-Month,Bank Transfer,Male,1
CUST_CH_06901,30,36.05,22,1,Month-to-Month,Electronic Check,Male,1
CUST_CH_06902,67,100.6,36,39,Month-to-Month,Electronic Check,Male,1
CUST_CH_06903,30,28.2,20,2,Month-to-Month,Credit Card,Male,1
CUST_CH_06904,10,45.02,30,4,One-Year,Bank Transfer,Female,0
CUST_CH_06905,49,20.81,6,50,One-Year,Bank Transfer,Female,0
CUST_CH_06906,32,24.36,34,2,Month-to-Month,Bank Transfer,Male,0
CUST_CH_06907,52,86.02,26,13,Two-Year,Electronic Check,Male,1
CUST_CH_06908,65,79.64,30,14,Month-to-Month,Credit Card,Female,1
CUST_CH_06909,4,21.9,26,0,Month-to-Month,Electronic Check,Female,1
CUST_CH_06910,54,42.62,6,18,Month-to-Month,Electronic Check,Male,1
CUST_CH_06911,57,116.57,37,43,Month-to-Month,Bank Transfer,Male,1
CUST_CH_06912,34,22.01,37,59,Month-to-Month,Bank Transfer,Female,1
CUST_CH_06913,30,50.5,21,20,Month-to-Month,Electronic Check,Female,1
CUST_CH_06914,46,26.75,13,54,Month-to-Month,Credit Card,Male,1
CUST_CH_06915,30,38.96,40,58,One-Year,Electronic Check,Female,1
CUST_CH_06916,34,119.3,31,44,One-Year,Bank Transfer,Female,0
CUST_CH_06917,67,51.25,37,35,Month-to-Month,Credit Card,Male,0
CUST_CH_06918,43,63.88,6,0,Month-to-Month,Bank Transfer,Female,1
CUST_CH_06919,60,62.89,36,23,Month-to-Month,Credit Card,Female,1
CUST_CH_06920,59,40.79,37,12,Month-to-Month,Credit Card,Female,0
CUST_CH_06921,19,114.68,8,22,Two-Year,Credit Card,Female,1
CUST_CH_06922,56,93.92,11,19,One-Year,Electronic Check,Female,0
CUST_CH_06923,22,100.95,20,53,Month-to-Month,Electronic Check,Male,1
CUST_CH_06924,33,94.38,13,14,One-Year,Bank Transfer,Female,0
CUST_CH_06925,23,48.71,4,59,Month-to-Month,Credit Card,Male,0
CUST_CH_06926,66,118.49,41,16,Month-to-Month,Bank Transfer,Male,0
CUST_CH_06927,28,87.09,27,20,Month-to-Month,Bank Transfer,Male,1
CUST_CH_06928,3,42.47,50,41,Month-to-Month,Credit Card,Female,1
CUST_CH_06929,10,46.77,4,46,Month-to-Month,Credit Card,Female,1
CUST_CH_06930,30,52.71,38,43,Month-to-Month,Credit Card,Female,1
CUST_CH_06931,44,94.46,48,41,Two-Year,Electronic Check,Female,0
CUST_CH_06932,68,101.47,29,12,Two-Year,Bank Transfer,Male,0
CUST_CH_06933,16,68.14,24,18,Month-to-Month,Credit Card,Male,0
CUST_CH_06934,56,33.18,35,54,One-Year,Credit Card,Male,0
CUST_CH_06935,52,43.81,3,7,Month-to-Month,Bank Transfer,Female,1
CUST_CH_06936,70,98.71,45,33,Month-to-Month,Bank Transfer,Female,1
CUST_CH_06937,16,60.22,17,5,Month-to-Month,Bank Transfer,Male,0
CUST_CH_06938,20,89.39,6,48,Month-to-Month,Credit Card,Female,1
CUST_CH_06939,43,53.02,22,45,Month-to-Month,Bank Transfer,Male,1
CUST_CH_06940,6,41.22,15,11,One-Year,Electronic Check,Male,0
CUST_CH_06941,57,103.93,17,48,Month-to-Month,Bank Transfer,Male,1
CUST_CH_06942,64,91.66,39,33,Month-to-Month,Electronic Check,Female,1
CUST_CH_06943,11,40.1,26,27,Two-Year,Credit Card,Male,1
CUST_CH_06944,53,77.45,17,58,One-Year,Electronic Check,Female,0
CUST_CH_06945,50,53.91,9,53,Month-to-Month,Bank Transfer,Male,0
CUST_CH_06946,7,37.02,40,50,Month-to-Month,Bank Transfer,Female,0
CUST_CH_06947,40,43.91,2,22,Two-Year,Bank Transfer,Female,0
CUST_CH_06948,29,47.53,43,39,Month-to-Month,Electronic Check,Male,0
CUST_CH_06949,45,37.03,42,20,Month-to-Month,Credit Card,Female,0
CUST_CH_06950,59,72.88,42,33,One-Year,Bank Transfer,Female,0
CUST_CH_06951,38,82.25,35,6,Month-to-Month,Electronic Check,Female,1
CUST_CH_06952,54,56.39,30,15,Two-Year,Bank Transfer,Female,0
CUST_CH_06953,60,21.14,5,36,Month-to-Month,Credit Card,Male,1
CUST_CH_06954,6,95.4,47,46,Month-to-Month,Credit Card,Female,1
CUST_CH_06955,23,44.92,4,38,Month-to-Month,Credit Card,Male,0
CUST_CH_06956,57,82.99,6,2,Month-to-Month,Bank Transfer,Female,0
CUST_CH_06957,49,102.66,26,35,Two-Year,Electronic Check,Female,0
CUST_CH_06958,21,81.57,36,18,Month-to-Month,Electronic Check,Male,1
CUST_CH_06959,1,109.71,31,35,Two-Year,Electronic Check,Female,1
CUST_CH_06960,11,21.57,23,21,Month-to-Month,Credit Card,Female,1
CUST_CH_06961,45,28.55,10,24,Two-Year,Bank Transfer,Female,0
CUST_CH_06962,40,101.9,7,28,Month-to-Month,Bank Transfer,Female,1
CUST_CH_06963,46,65.01,30,53,One-Year,Credit Card,Female,1
CUST_CH_06964,66,111.47,22,59,Month-to-Month,Electronic Check,Male,1
CUST_CH_06965,14,45.15,12,37,Month-to-Month,Credit Card,Male,0
CUST_CH_06966,39,89.62,8,20,One-Year,Bank Transfer,Male,0
CUST_CH_06967,56,99.44,9,9,Month-to-Month,Bank Transfer,Female,1
CUST_CH_06968,43,113.8,37,32,One-Year,Electronic Check,Male,0
CUST_CH_06969,29,43.52,21,36,Month-to-Month,Credit Card,Female,0
CUST_CH_06970,9,81.72,29,13,Month-to-Month,Credit Card,Male,1
CUST_CH_06971,68,52.06,4,15,One-Year,Credit Card,Male,0
CUST_CH_06972,3,64.6,22,22,Month-to-Month,Electronic Check,Male,1
CUST_CH_06973,48,72.99,12,9,One-Year,Electronic Check,Male,1
CUST_CH_06974,47,115.91,25,30,Month-to-Month,Electronic Check,Female,1
CUST_CH_06975,67,54.34,23,39,Month-to-Month,Credit Card,Female,1
CUST_CH_06976,46,67.32,49,27,Month-to-Month,Electronic Check,Male,1
CUST_CH_06977,8,34.5,13,22,Month-to-Month,Electronic Check,Male,1
CUST_CH_06978,2,105.08,25,26,Month-to-Month,Credit Card,Female,1
CUST_CH_06979,55,106.21,23,35,Month-to-Month,Credit Card,Male,1
CUST_CH_06980,72,96.11,18,49,Month-to-Month,Electronic Check,Male,0
CUST_CH_06981,12,72.43,50,43,Month-to-Month,Bank Transfer,Male,0
CUST_CH_06982,65,103.39,17,53,Two-Year,Credit Card,Female,1
CUST_CH_06983,17,32.08,25,57,Month-to-Month,Bank Transfer,Male,1
CUST_CH_06984,29,81.51,1,48,One-Year,Credit Card,Female,0
CUST_CH_06985,71,72.62,4,50,Month-to-Month,Electronic Check,Male,0
CUST_CH_06986,65,52.38,18,29,Month-to-Month,Bank Transfer,Female,1
CUST_CH_06987,19,69.31,8,3,Month-to-Month,Bank Transfer,Male,1
CUST_CH_06988,49,83.25,49,47,Month-to-Month,Credit Card,Male,1
CUST_CH_06989,68,48.63,29,44,Two-Year,Electronic Check,Male,1
CUST_CH_06990,72,31.64,29,53,Two-Year,Bank Transfer,Female,1
CUST_CH_06991,3,21.3,34,7,One-Year,Electronic Check,Female,0
CUST_CH_06992,50,96.28,20,10,Month-to-Month,Credit Card,Female,1
CUST_CH_06993,70,62.33,28,47,Month-to-Month,Electronic Check,Female,1
CUST_CH_06994,13,96.84,17,7,One-Year,Bank Transfer,Female,0
CUST_CH_06995,5,74.86,25,60,Month-to-Month,Credit Card,Female,0
CUST_CH_06996,13,73.65,46,8,One-Year,Credit Card,Female,0
CUST_CH_06997,44,83.29,28,4,One-Year,Bank Transfer,Female,0
CUST_CH_06998,24,84.07,19,24,One-Year,Electronic Check,Male,1
CUST_CH_06999,19,73.89,33,52,One-Year,Credit Card,Female,1
CUST_CH_07000,60,69.32,43,41,Month-to-Month,Credit Card,Male,1
CUST_CH_07001,11,71.37,27,36,One-Year,Electronic Check,Female,1
CUST_CH_07002,51,44.22,12,33,Month-to-Month,Credit Card,Male,1
CUST_CH_07003,28,71.76,3,43,One-Year,Bank Transfer,Female,0
CUST_CH_07004,47,22.52,47,50,Two-Year,Credit Card,Male,1
CUST_CH_07005,71,37.83,25,20,Month-to-Month,Credit Card,Male,0
CUST_CH_07006,29,81.31,42,24,Month-to-Month,Bank Transfer,Female,0
CUST_CH_07007,46,82.89,6,60,Two-Year,Credit Card,Female,0
CUST_CH_07008,40,67.5,45,35,Month-to-Month,Bank Transfer,Female,0
CUST_CH_07009,42,67.02,20,45,Two-Year,Electronic Check,Female,0
CUST_CH_07010,7,45.62,25,21,Month-to-Month,Bank Transfer,Female,1
CUST_CH_07011,60,53.55,32,51,One-Year,Credit Card,Male,1
CUST_CH_07012,19,41.19,20,3,One-Year,Credit Card,Female,1
CUST_CH_07013,72,116.95,35,20,Month-to-Month,Bank Transfer,Male,0
CUST_CH_07014,62,65.32,14,6,One-Year,Bank Transfer,Female,0
CUST_CH_07015,69,37.78,38,23,Two-Year,Bank Transfer,Male,0
CUST_CH_07016,9,90.71,3,30,One-Year,Credit Card,Male,1
CUST_CH_07017,19,97.06,7,42,Two-Year,Electronic Check,Male,1
CUST_CH_07018,69,25.23,21,38,Two-Year,Bank Transfer,Female,0
CUST_CH_07019,27,63.01,39,55,One-Year,Bank Transfer,Male,0
CUST_CH_07020,57,113.94,35,41,Month-to-Month,Bank Transfer,Female,0
CUST_CH_07021,26,96.33,12,56,Month-to-Month,Electronic Check,Male,1
CUST_CH_07022,15,28.16,44,58,One-Year,Electronic Check,Female,0
CUST_CH_07023,5,55.18,44,11,Month-to-Month,Electronic Check,Female,1
CUST_CH_07024,12,99.47,4,49,Month-to-Month,Bank Transfer,Male,1
CUST_CH_07025,34,30.96,36,3,One-Year,Bank Transfer,Female,0
CUST_CH_07026,5,37.55,10,34,One-Year,Electronic Check,Female,1
CUST_CH_07027,42,37.8,1,43,Two-Year,Credit Card,Male,0
CUST_CH_07028,72,86.35,9,43,Month-to-Month,Electronic Check,Male,1
CUST_CH_07029,33,64.99,3,10,One-Year,Bank Transfer,Female,0
CUST_CH_07030,4,34.42,34,46,Month-to-Month,Bank Transfer,Male,1
CUST_CH_07031,59,110.96,28,13,Month-to-Month,Bank Transfer,Male,1
CUST_CH_07032,8,73.98,26,18,Month-to-Month,Bank Transfer,Male,0
CUST_CH_07033,60,22.99,1,9,Two-Year,Bank Transfer,Female,0
CUST_CH_07034,55,50.71,33,59,Month-to-Month,Credit Card,Male,0
CUST_CH_07035,72,97.97,22,30,Month-to-Month,Electronic Check,Female,1
CUST_CH_07036,32,81.9,18,9,One-Year,Electronic Check,Female,0
CUST_CH_07037,6,66.8,13,48,Month-to-Month,Bank Transfer,Female,1
CUST_CH_07038,19,106.52,32,19,Month-to-Month,Electronic Check,Female,1
CUST_CH_07039,42,58.97,38,4,Two-Year,Electronic Check,Male,0
CUST_CH_07040,56,99.86,50,24,One-Year,Bank Transfer,Male,0
CUST_CH_07041,13,52.35,9,39,Month-to-Month,Electronic Check,Female,0
CUST_CH_07042,40,92.69,34,10,Month-to-Month,Electronic Check,Male,0
CUST_CH_07043,34,33.12,35,44,Month-to-Month,Electronic Check,Female,1
CUST_CH_07044,23,39.14,35,51,Month-to-Month,Electronic Check,Male,0
CUST_CH_07045,32,109.94,21,22,Month-to-Month,Bank Transfer,Female,1
CUST_CH_07046,32,33.99,3,55,Two-Year,Credit Card,Female,1
CUST_CH_07047,10,24.68,16,44,Month-to-Month,Electronic Check,Female,1
CUST_CH_07048,63,61.17,19,37,Month-to-Month,Bank Transfer,Female,1
CUST_CH_07049,10,66.74,36,35,One-Year,Electronic Check,Female,0
CUST_CH_07050,9,102.86,42,59,Month-to-Month,Bank Transfer,Female,1
CUST_CH_07051,1,71.73,28,19,Month-to-Month,Bank Transfer,Female,1
CUST_CH_07052,29,68.34,24,47,Month-to-Month,Electronic Check,Male,0
CUST_CH_07053,4,45.76,1,54,Two-Year,Credit Card,Male,1
CUST_CH_07054,22,81.3,27,18,Month-to-Month,Credit Card,Male,1
CUST_CH_07055,52,106.39,21,10,Month-to-Month,Bank Transfer,Male,0
CUST_CH_07056,52,78.39,35,10,Month-to-Month,Credit Card,Female,1
CUST_CH_07057,30,27.78,10,1,Month-to-Month,Bank Transfer,Female,0
CUST_CH_07058,20,87.13,17,46,Month-to-Month,Credit Card,Male,1
CUST_CH_07059,66,70.2,9,10,Month-to-Month,Credit Card,Female,0
CUST_CH_07060,64,117.51,29,26,Two-Year,Electronic Check,Male,0
CUST_CH_07061,33,43.23,15,15,One-Year,Electronic Check,Female,0
CUST_CH_07062,38,64.68,15,50,Month-to-Month,Bank Transfer,Male,1
CUST_CH_07063,61,110.04,44,55,One-Year,Electronic Check,Male,1
CUST_CH_07064,64,91.34,44,39,Two-Year,Electronic Check,Female,1
CUST_CH_07065,14,88.89,6,58,Two-Year,Bank Transfer,Male,1
CUST_CH_07066,13,32.78,21,56,Month-to-Month,Bank Transfer,Female,0
CUST_CH_07067,34,21.03,48,10,Two-Year,Credit Card,Female,0
CUST_CH_07068,48,42.17,14,46,One-Year,Electronic Check,Male,1
CUST_CH_07069,65,104.51,8,6,Month-to-Month,Electronic Check,Female,0
CUST_CH_07070,52,60.9,36,13,Month-to-Month,Credit Card,Male,0
CUST_CH_07071,58,44.77,22,55,Month-to-Month,Credit Card,Female,1
CUST_CH_07072,3,62.93,34,12,Month-to-Month,Bank Transfer,Male,0
CUST_CH_07073,72,118.37,17,54,Two-Year,Bank Transfer,Female,0
CUST_CH_07074,24,91.28,43,23,Month-to-Month,Electronic Check,Female,1
CUST_CH_07075,68,24.21,5,55,Month-to-Month,Electronic Check,Female,0
CUST_CH_07076,13,61.92,5,8,Month-to-Month,Bank Transfer,Male,1
CUST_CH_07077,55,43.11,34,43,Month-to-Month,Bank Transfer,Male,1
CUST_CH_07078,40,104.06,23,33,Two-Year,Credit Card,Male,1
CUST_CH_07079,51,72.8,4,55,One-Year,Bank Transfer,Male,0
CUST_CH_07080,55,36.4,34,3,Month-to-Month,Credit Card,Female,0
CUST_CH_07081,54,100.14,48,45,Month-to-Month,Bank Transfer,Female,1
CUST_CH_07082,46,35.69,29,48,One-Year,Credit Card,Female,0
CUST_CH_07083,21,44.88,18,60,Month-to-Month,Electronic Check,Male,0
CUST_CH_07084,38,68.22,34,25,Month-to-Month,Bank Transfer,Male,1
CUST_CH_07085,13,107.52,33,14,One-Year,Credit Card,Female,1
CUST_CH_07086,34,90.12,10,2,Two-Year,Electronic Check,Male,0
CUST_CH_07087,28,32.13,3,0,Month-to-Month,Credit Card,Female,0
CUST_CH_07088,55,110.05,38,52,Two-Year,Bank Transfer,Female,1
CUST_CH_07089,22,40.57,44,60,Two-Year,Bank Transfer,Male,1
CUST_CH_07090,9,38.48,21,59,One-Year,Bank Transfer,Female,1
CUST_CH_07091,56,106.65,38,59,Month-to-Month,Credit Card,Female,1
CUST_CH_07092,10,115.88,40,40,Month-to-Month,Electronic Check,Male,1
CUST_CH_07093,28,67.74,20,10,One-Year,Credit Card,Female,0
CUST_CH_07094,22,22.21,17,44,Month-to-Month,Bank Transfer,Female,0
CUST_CH_07095,42,98.05,11,41,Month-to-Month,Credit Card,Female,1
CUST_CH_07096,12,84.3,49,11,Month-to-Month,Bank Transfer,Male,1
CUST_CH_07097,31,93.88,32,13,One-Year,Credit Card,Male,0
CUST_CH_07098,4,71.12,43,30,Month-to-Month,Electronic Check,Female,1
CUST_CH_07099,68,22.89,22,38,Month-to-Month,Bank Transfer,Female,1
CUST_CH_07100,31,100.41,12,40,Month-to-Month,Bank Transfer,Female,0
CUST_CH_07101,46,46.02,43,5,Two-Year,Bank Transfer,Male,0
CUST_CH_07102,8,65.43,39,7,Two-Year,Credit Card,Male,0
CUST_CH_07103,71,36.39,38,6,Two-Year,Bank Transfer,Male,0
CUST_CH_07104,65,119.96,19,33,One-Year,Bank Transfer,Male,1
CUST_CH_07105,31,59.38,5,59,One-Year,Electronic Check,Male,0
CUST_CH_07106,1,74.44,12,21,One-Year,Credit Card,Male,1
CUST_CH_07107,52,27.76,37,48,Two-Year,Bank Transfer,Female,1
CUST_CH_07108,52,24.32,40,8,Month-to-Month,Credit Card,Female,0
CUST_CH_07109,39,104.6,8,2,Month-to-Month,Credit Card,Female,1
CUST_CH_07110,34,86.41,27,14,Two-Year,Electronic Check,Male,0
CUST_CH_07111,7,117.63,31,18,One-Year,Bank Transfer,Female,1
CUST_CH_07112,27,96.48,15,53,Month-to-Month,Bank Transfer,Female,1
CUST_CH_07113,2,34.66,34,53,Month-to-Month,Credit Card,Female,0
CUST_CH_07114,72,90.67,18,47,One-Year,Bank Transfer,Male,1
CUST_CH_07115,54,53.48,11,32,Month-to-Month,Bank Transfer,Female,1
CUST_CH_07116,10,95.49,41,13,One-Year,Bank Transfer,Male,0
CUST_CH_07117,13,23.78,28,41,One-Year,Credit Card,Male,0
CUST_CH_07118,66,106.44,5,23,Month-to-Month,Credit Card,Female,0
CUST_CH_07119,44,22.67,14,8,Two-Year,Electronic Check,Male,0
CUST_CH_07120,42,22.32,4,56,Month-to-Month,Credit Card,Male,0
CUST_CH_07121,54,51.04,46,30,One-Year,Electronic Check,Male,0
CUST_CH_07122,52,111.71,4,25,One-Year,Bank Transfer,Female,0
CUST_CH_07123,19,102.87,25,18,Two-Year,Credit Card,Female,0
CUST_CH_07124,12,96.13,23,21,Month-to-Month,Credit Card,Female,1
CUST_CH_07125,33,20.37,29,36,Two-Year,Bank Transfer,Female,0
CUST_CH_07126,58,32.69,18,21,Month-to-Month,Bank Transfer,Female,0
CUST_CH_07127,26,96.09,50,60,One-Year,Bank Transfer,Male,0
CUST_CH_07128,32,36.17,14,29,Month-to-Month,Bank Transfer,Female,0
CUST_CH_07129,42,42.76,42,39,Month-to-Month,Bank Transfer,Male,1
CUST_CH_07130,4,52.49,13,34,One-Year,Bank Transfer,Male,1
CUST_CH_07131,42,79.57,44,24,Month-to-Month,Bank Transfer,Female,0
CUST_CH_07132,3,98.0,6,49,Month-to-Month,Bank Transfer,Female,1
CUST_CH_07133,68,71.9,3,55,One-Year,Bank Transfer,Female,0
CUST_CH_07134,3,64.85,32,30,Two-Year,Electronic Check,Male,1
CUST_CH_07135,34,112.35,17,36,Two-Year,Bank Transfer,Male,1
CUST_CH_07136,27,93.92,12,5,Month-to-Month,Credit Card,Female,1
CUST_CH_07137,12,43.83,47,31,Two-Year,Credit Card,Female,1
CUST_CH_07138,15,82.19,14,21,Month-to-Month,Bank Transfer,Female,1
CUST_CH_07139,46,42.82,26,0,Month-to-Month,Bank Transfer,Female,1
CUST_CH_07140,55,59.46,13,11,One-Year,Bank Transfer,Female,0
CUST_CH_07141,7,22.89,38,55,Month-to-Month,Bank Transfer,Female,0
CUST_CH_07142,60,62.02,42,12,Two-Year,Electronic Check,Male,0
CUST_CH_07143,10,110.09,35,46,Month-to-Month,Electronic Check,Female,1
CUST_CH_07144,53,24.56,13,25,Two-Year,Bank Transfer,Male,0
CUST_CH_07145,9,26.23,9,16,One-Year,Electronic Check,Female,0
CUST_CH_07146,8,88.65,12,13,Month-to-Month,Electronic Check,Male,1
CUST_CH_07147,31,61.16,4,27,One-Year,Electronic Check,Male,0
CUST_CH_07148,11,84.51,27,8,One-Year,Credit Card,Male,1
CUST_CH_07149,23,72.84,46,30,One-Year,Electronic Check,Female,0
CUST_CH_07150,10,22.56,3,6,Month-to-Month,Electronic Check,Male,1
CUST_CH_07151,69,37.17,48,7,Month-to-Month,Credit Card,Male,0
CUST_CH_07152,61,39.34,39,6,Month-to-Month,Bank Transfer,Male,0
CUST_CH_07153,52,46.06,27,13,Month-to-Month,Credit Card,Male,1
CUST_CH_07154,15,21.01,32,25,One-Year,Electronic Check,Male,0
CUST_CH_07155,29,69.14,17,15,One-Year,Credit Card,Female,0
CUST_CH_07156,36,83.65,50,56,Month-to-Month,Bank Transfer,Male,1
CUST_CH_07157,3,94.79,33,56,Month-to-Month,Bank Transfer,Female,1
CUST_CH_07158,43,112.54,20,1,One-Year,Credit Card,Male,0
CUST_CH_07159,66,62.69,37,38,Two-Year,Credit Card,Male,0
CUST_CH_07160,28,46.27,40,55,Month-to-Month,Credit Card,Female,1
CUST_CH_07161,8,69.18,7,60,Month-to-Month,Bank Transfer,Female,1
CUST_CH_07162,63,25.7,20,34,Month-to-Month,Bank Transfer,Male,1
CUST_CH_07163,21,111.28,37,4,One-Year,Credit Card,Male,0
CUST_CH_07164,13,98.04,8,42,One-Year,Bank Transfer,Male,0
CUST_CH_07165,34,50.91,31,33,Month-to-Month,Bank Transfer,Male,1
CUST_CH_07166,9,27.79,43,21,Month-to-Month,Bank Transfer,Female,1
CUST_CH_07167,71,106.91,32,13,Month-to-Month,Electronic Check,Female,1
CUST_CH_07168,19,105.05,21,30,Month-to-Month,Credit Card,Male,1
CUST_CH_07169,2,69.0,49,44,One-Year,Credit Card,Female,1
CUST_CH_07170,44,81.51,36,12,One-Year,Credit Card,Female,0
CUST_CH_07171,50,116.33,4,49,Month-to-Month,Electronic Check,Male,1
CUST_CH_07172,68,26.49,15,17,One-Year,Bank Transfer,Male,0
CUST_CH_07173,35,50.42,17,33,Two-Year,Credit Card,Male,1
CUST_CH_07174,64,102.31,13,4,Two-Year,Credit Card,Male,0
CUST_CH_07175,47,35.45,19,7,One-Year,Credit Card,Male,0
CUST_CH_07176,64,112.63,12,23,One-Year,Bank Transfer,Male,0
CUST_CH_07177,8,49.81,2,51,One-Year,Bank Transfer,Female,0
CUST_CH_07178,61,31.2,23,48,One-Year,Credit Card,Male,1
CUST_CH_07179,61,99.93,34,53,Month-to-Month,Bank Transfer,Male,1
CUST_CH_07180,67,47.22,8,40,Month-to-Month,Electronic Check,Male,1
CUST_CH_07181,50,53.72,12,47,Two-Year,Electronic Check,Female,1
CUST_CH_07182,7,78.05,12,26,One-Year,Credit Card,Male,0
CUST_CH_07183,24,101.33,50,42,One-Year,Bank Transfer,Male,0
CUST_CH_07184,70,85.86,3,56,Month-to-Month,Bank Transfer,Male,1
CUST_CH_07185,19,49.2,45,11,Month-to-Month,Bank Transfer,Female,0
CUST_CH_07186,44,115.2,3,5,Month-to-Month,Credit Card,Male,1
CUST_CH_07187,2,37.07,29,41,One-Year,Electronic Check,Female,1
CUST_CH_07188,40,102.96,47,49,Month-to-Month,Credit Card,Male,1
CUST_CH_07189,60,59.42,4,45,Two-Year,Electronic Check,Male,1
CUST_CH_07190,45,41.59,32,3,One-Year,Electronic Check,Female,1
CUST_CH_07191,14,117.22,49,12,Month-to-Month,Credit Card,Male,0
CUST_CH_07192,30,99.92,32,33,Month-to-Month,Bank Transfer,Male,1
CUST_CH_07193,66,80.74,42,3,One-Year,Electronic Check,Female,0
CUST_CH_07194,35,49.51,43,13,Month-to-Month,Credit Card,Male,1
CUST_CH_07195,25,53.87,16,35,Month-to-Month,Credit Card,Female,1
CUST_CH_07196,14,111.42,10,8,Two-Year,Bank Transfer,Male,1
CUST_CH_07197,71,82.96,5,0,Month-to-Month,Bank Transfer,Female,0
CUST_CH_07198,42,23.17,47,49,Month-to-Month,Bank Transfer,Male,1
CUST_CH_07199,51,96.86,9,6,Month-to-Month,Electronic Check,Male,0
CUST_CH_07200,8,74.45,50,47,Month-to-Month,Electronic Check,Female,1
CUST_CH_07201,22,49.09,30,23,One-Year,Electronic Check,Male,0
CUST_CH_07202,38,118.84,11,33,Month-to-Month,Electronic Check,Male,1
CUST_CH_07203,30,47.62,23,21,Two-Year,Bank Transfer,Female,0
CUST_CH_07204,28,78.28,41,60,Month-to-Month,Bank Transfer,Female,0
CUST_CH_07205,37,34.75,46,39,One-Year,Bank Transfer,Female,0
CUST_CH_07206,11,91.06,1,13,Month-to-Month,Credit Card,Male,1
CUST_CH_07207,18,70.57,47,40,Month-to-Month,Bank Transfer,Female,0
CUST_CH_07208,52,25.14,47,45,Month-to-Month,Bank Transfer,Male,1
CUST_CH_07209,68,60.87,27,3,Month-to-Month,Bank Transfer,Female,0
CUST_CH_07210,28,82.7,10,6,Two-Year,Bank Transfer,Male,1
CUST_CH_07211,41,119.0,14,20,Month-to-Month,Bank Transfer,Male,0
CUST_CH_07212,18,49.01,27,2,Two-Year,Electronic Check,Female,0
CUST_CH_07213,48,92.38,24,58,One-Year,Electronic Check,Male,1
CUST_CH_07214,48,74.41,37,41,One-Year,Credit Card,Male,0
CUST_CH_07215,36,113.17,17,45,Month-to-Month,Credit Card,Female,0
CUST_CH_07216,50,88.6,2,37,Month-to-Month,Electronic Check,Female,1
CUST_CH_07217,46,106.06,11,16,Two-Year,Credit Card,Female,0
CUST_CH_07218,45,92.61,49,6,Month-to-Month,Bank Transfer,Male,1
CUST_CH_07219,11,23.47,10,7,One-Year,Bank Transfer,Male,0
CUST_CH_07220,49,100.32,24,22,One-Year,Electronic Check,Female,0
CUST_CH_07221,9,110.49,26,24,Month-to-Month,Bank Transfer,Female,1
CUST_CH_07222,17,71.25,38,9,Month-to-Month,Credit Card,Male,0
CUST_CH_07223,61,34.59,24,49,Month-to-Month,Credit Card,Female,1
CUST_CH_07224,38,86.88,46,25,Month-to-Month,Bank Transfer,Female,1
CUST_CH_07225,30,62.52,11,3,One-Year,Electronic Check,Male,0
CUST_CH_07226,67,26.0,11,50,Month-to-Month,Bank Transfer,Male,0
CUST_CH_07227,71,81.27,23,11,Two-Year,Bank Transfer,Female,1
CUST_CH_07228,34,110.59,27,34,Month-to-Month,Bank Transfer,Male,1
CUST_CH_07229,34,34.44,34,53,Month-to-Month,Bank Transfer,Female,1
CUST_CH_07230,32,88.89,33,14,One-Year,Electronic Check,Female,1
CUST_CH_07231,29,66.79,22,41,Two-Year,Credit Card,Male,1
CUST_CH_07232,16,40.71,12,5,Month-to-Month,Electronic Check,Male,0
CUST_CH_07233,47,103.3,9,23,Month-to-Month,Electronic Check,Female,1
CUST_CH_07234,36,32.49,10,52,One-Year,Bank Transfer,Male,0
CUST_CH_07235,38,41.53,44,47,One-Year,Electronic Check,Female,0
CUST_CH_07236,55,29.56,23,26,Month-to-Month,Bank Transfer,Male,0
CUST_CH_07237,34,113.54,27,12,Two-Year,Credit Card,Male,0
CUST_CH_07238,21,47.61,38,42,Two-Year,Electronic Check,Male,1
CUST_CH_07239,22,30.49,10,21,Two-Year,Credit Card,Male,1
CUST_CH_07240,44,32.64,43,50,Two-Year,Electronic Check,Female,0
CUST_CH_07241,3,105.48,39,18,Month-to-Month,Credit Card,Female,1
CUST_CH_07242,66,91.47,47,18,Month-to-Month,Credit Card,Female,0
CUST_CH_07243,51,103.48,9,53,Two-Year,Credit Card,Male,0
CUST_CH_07244,35,58.24,22,33,One-Year,Credit Card,Female,0
CUST_CH_07245,2,77.22,38,20,Month-to-Month,Credit Card,Female,1
CUST_CH_07246,8,40.42,35,0,Month-to-Month,Electronic Check,Female,0
CUST_CH_07247,41,39.66,5,16,Two-Year,Credit Card,Female,0
CUST_CH_07248,64,41.46,19,45,Month-to-Month,Bank Transfer,Female,1
CUST_CH_07249,7,112.6,24,9,Two-Year,Electronic Check,Female,1
CUST_CH_07250,68,49.62,12,57,Month-to-Month,Credit Card,Female,0
CUST_CH_07251,44,52.51,40,40,One-Year,Electronic Check,Female,0
CUST_CH_07252,38,89.19,3,36,Two-Year,Bank Transfer,Male,1
CUST_CH_07253,4,58.71,34,26,Month-to-Month,Bank Transfer,Female,1
CUST_CH_07254,72,83.23,22,26,Two-Year,Credit Card,Male,1
CUST_CH_07255,71,111.99,23,33,Month-to-Month,Credit Card,Male,1
CUST_CH_07256,68,25.95,32,5,Month-to-Month,Electronic Check,Female,1
CUST_CH_07257,41,56.32,17,43,Month-to-Month,Electronic Check,Female,1
CUST_CH_07258,72,45.25,39,12,Month-to-Month,Credit Card,Male,0
CUST_CH_07259,16,72.81,10,22,Month-to-Month,Credit Card,Male,0
CUST_CH_07260,52,79.94,44,35,Two-Year,Credit Card,Female,0
CUST_CH_07261,35,107.87,28,35,One-Year,Electronic Check,Male,1
CUST_CH_07262,16,34.79,40,37,Month-to-Month,Credit Card,Male,1
CUST_CH_07263,21,83.67,48,13,Month-to-Month,Bank Transfer,Male,1
CUST_CH_07264,33,54.7,20,55,Month-to-Month,Bank Transfer,Male,1
CUST_CH_07265,3,23.96,17,12,One-Year,Bank Transfer,Female,0
CUST_CH_07266,17,22.09,16,58,One-Year,Bank Transfer,Female,0
CUST_CH_07267,45,69.8,13,38,Two-Year,Credit Card,Male,1
CUST_CH_07268,68,35.1,25,20,Month-to-Month,Electronic Check,Female,1
CUST_CH_07269,41,113.43,17,45,Month-to-Month,Bank Transfer,Female,1
CUST_CH_07270,29,72.97,23,9,Month-to-Month,Bank Transfer,Female,1
CUST_CH_07271,56,43.6,11,45,One-Year,Electronic Check,Female,0
CUST_CH_07272,43,57.48,49,15,Two-Year,Bank Transfer,Male,0
CUST_CH_07273,72,47.05,46,7,Two-Year,Bank Transfer,Male,0
CUST_CH_07274,45,65.1,19,46,Two-Year,Bank Transfer,Female,1
CUST_CH_07275,37,83.34,17,30,One-Year,Credit Card,Male,0
CUST_CH_07276,50,39.05,20,25,Month-to-Month,Credit Card,Male,1
CUST_CH_07277,44,76.45,3,49,Two-Year,Credit Card,Female,0
CUST_CH_07278,27,111.6,15,7,Month-to-Month,Credit Card,Male,1
CUST_CH_07279,62,70.4,7,13,One-Year,Electronic Check,Female,0
CUST_CH_07280,29,70.77,24,45,Month-to-Month,Credit Card,Female,1
CUST_CH_07281,23,57.45,16,27,Two-Year,Electronic Check,Male,0
CUST_CH_07282,36,40.47,20,49,Two-Year,Bank Transfer,Female,1
CUST_CH_07283,16,107.43,12,18,One-Year,Credit Card,Female,1
CUST_CH_07284,56,103.11,37,50,Month-to-Month,Electronic Check,Female,1
CUST_CH_07285,39,75.46,31,7,Month-to-Month,Bank Transfer,Female,0
CUST_CH_07286,63,31.8,44,33,Two-Year,Bank Transfer,Female,1
CUST_CH_07287,29,28.7,45,42,Month-to-Month,Credit Card,Male,1
CUST_CH_07288,59,66.8,39,12,One-Year,Electronic Check,Female,0
CUST_CH_07289,15,83.86,15,52,Month-to-Month,Electronic Check,Female,0
CUST_CH_07290,42,114.6,5,16,Month-to-Month,Electronic Check,Female,0
CUST_CH_07291,63,35.27,22,29,Month-to-Month,Electronic Check,Male,1
CUST_CH_07292,30,98.49,21,8,Two-Year,Electronic Check,Female,0
CUST_CH_07293,37,39.14,47,55,One-Year,Credit Card,Female,0
CUST_CH_07294,45,101.36,2,37,One-Year,Bank Transfer,Female,0
CUST_CH_07295,21,43.02,19,33,Two-Year,Credit Card,Male,1
CUST_CH_07296,41,56.46,15,16,One-Year,Bank Transfer,Female,0
CUST_CH_07297,62,36.24,28,5,Month-to-Month,Credit Card,Female,1
CUST_CH_07298,62,26.75,36,1,Two-Year,Credit Card,Female,0
CUST_CH_07299,24,55.45,5,25,Two-Year,Electronic Check,Male,0
CUST_CH_07300,44,101.17,40,44,One-Year,Bank Transfer,Male,1
CUST_CH_07301,37,26.11,9,50,One-Year,Credit Card,Male,0
CUST_CH_07302,65,82.27,3,31,One-Year,Credit Card,Male,1
CUST_CH_07303,69,110.85,23,16,Month-to-Month,Bank Transfer,Male,1
CUST_CH_07304,67,75.77,14,19,Month-to-Month,Bank Transfer,Female,0
CUST_CH_07305,7,33.21,9,36,One-Year,Electronic Check,Female,0
CUST_CH_07306,5,112.79,7,6,Month-to-Month,Credit Card,Female,0
CUST_CH_07307,15,109.91,17,46,One-Year,Electronic Check,Male,1
CUST_CH_07308,12,20.5,5,46,Two-Year,Bank Transfer,Male,0
CUST_CH_07309,54,97.78,10,24,Month-to-Month,Bank Transfer,Female,1
CUST_CH_07310,55,97.47,8,33,Two-Year,Credit Card,Male,1
CUST_CH_07311,63,114.71,43,14,Month-to-Month,Credit Card,Male,0
CUST_CH_07312,46,80.48,41,11,One-Year,Electronic Check,Male,0
CUST_CH_07313,45,73.09,8,53,Two-Year,Credit Card,Female,1
CUST_CH_07314,9,83.0,16,18,Two-Year,Credit Card,Male,1
CUST_CH_07315,10,87.53,28,0,Month-to-Month,Electronic Check,Male,1
CUST_CH_07316,48,72.57,2,19,One-Year,Bank Transfer,Female,0
CUST_CH_07317,25,48.43,20,13,Two-Year,Electronic Check,Female,0
CUST_CH_07318,12,89.18,3,35,Two-Year,Electronic Check,Male,1
CUST_CH_07319,30,92.23,18,41,Month-to-Month,Bank Transfer,Male,1
CUST_CH_07320,52,108.6,33,53,Month-to-Month,Credit Card,Female,1
CUST_CH_07321,13,50.02,3,41,Month-to-Month,Bank Transfer,Male,1
CUST_CH_07322,13,61.89,39,35,Month-to-Month,Bank Transfer,Female,1
CUST_CH_07323,29,30.2,3,13,Month-to-Month,Bank Transfer,Male,0
CUST_CH_07324,68,24.98,4,7,One-Year,Credit Card,Male,0
CUST_CH_07325,52,67.67,15,60,Month-to-Month,Bank Transfer,Male,0
CUST_CH_07326,48,24.07,16,49,One-Year,Credit Card,Female,0
CUST_CH_07327,58,60.89,30,30,One-Year,Bank Transfer,Female,1
CUST_CH_07328,20,98.98,9,32,Month-to-Month,Bank Transfer,Male,0
CUST_CH_07329,23,47.26,3,34,One-Year,Electronic Check,Male,1
CUST_CH_07330,8,34.76,5,3,Month-to-Month,Electronic Check,Male,0
CUST_CH_07331,71,90.09,25,15,One-Year,Credit Card,Male,0
CUST_CH_07332,44,81.87,2,49,Month-to-Month,Bank Transfer,Male,0
CUST_CH_07333,44,44.04,4,16,One-Year,Bank Transfer,Female,0
CUST_CH_07334,28,103.01,25,24,Month-to-Month,Electronic Check,Male,0
CUST_CH_07335,13,55.53,28,27,Two-Year,Credit Card,Male,0
CUST_CH_07336,26,28.35,28,51,One-Year,Electronic Check,Male,0
CUST_CH_07337,37,83.16,37,55,Month-to-Month,Credit Card,Male,1
CUST_CH_07338,67,52.86,26,50,Month-to-Month,Electronic Check,Female,0
CUST_CH_07339,36,97.81,39,16,One-Year,Credit Card,Female,1
CUST_CH_07340,31,119.84,35,41,One-Year,Electronic Check,Male,0
CUST_CH_07341,21,73.13,32,4,Month-to-Month,Electronic Check,Male,1
CUST_CH_07342,60,106.11,29,53,Month-to-Month,Electronic Check,Male,1
CUST_CH_07343,72,43.72,27,34,Two-Year,Bank Transfer,Female,1
CUST_CH_07344,54,40.4,28,43,One-Year,Electronic Check,Male,0
CUST_CH_07345,43,41.23,32,30,One-Year,Electronic Check,Male,0
CUST_CH_07346,8,44.8,13,13,One-Year,Bank Transfer,Female,1
CUST_CH_07347,48,53.18,39,6,Two-Year,Electronic Check,Male,0
CUST_CH_07348,13,110.45,22,23,One-Year,Credit Card,Female,1
CUST_CH_07349,49,36.14,7,52,One-Year,Electronic Check,Male,1
CUST_CH_07350,62,95.05,18,10,Two-Year,Bank Transfer,Male,0
CUST_CH_07351,51,26.16,36,0,Two-Year,Bank Transfer,Female,0
CUST_CH_07352,71,44.16,15,8,One-Year,Bank Transfer,Female,0
CUST_CH_07353,60,114.84,27,59,One-Year,Credit Card,Male,0
CUST_CH_07354,37,91.31,48,59,One-Year,Electronic Check,Female,1
CUST_CH_07355,68,73.1,32,28,One-Year,Electronic Check,Male,1
CUST_CH_07356,6,73.46,38,43,Month-to-Month,Credit Card,Female,1
CUST_CH_07357,28,53.55,31,49,Month-to-Month,Electronic Check,Female,1
CUST_CH_07358,37,56.4,43,35,One-Year,Credit Card,Male,0
CUST_CH_07359,13,55.54,13,24,Month-to-Month,Credit Card,Male,1
CUST_CH_07360,55,52.24,19,50,Month-to-Month,Electronic Check,Female,1
CUST_CH_07361,5,46.21,34,21,One-Year,Electronic Check,Male,1
CUST_CH_07362,63,92.9,31,2,Month-to-Month,Bank Transfer,Female,0
CUST_CH_07363,67,45.56,10,39,Month-to-Month,Electronic Check,Male,0
CUST_CH_07364,49,33.14,37,46,Two-Year,Bank Transfer,Male,1
CUST_CH_07365,54,90.79,4,39,One-Year,Electronic Check,Male,1
CUST_CH_07366,68,27.37,6,56,Month-to-Month,Credit Card,Male,1
CUST_CH_07367,17,105.59,23,21,One-Year,Electronic Check,Female,0
CUST_CH_07368,45,80.57,16,33,Two-Year,Bank Transfer,Female,0
CUST_CH_07369,14,104.22,37,30,Month-to-Month,Electronic Check,Male,1
CUST_CH_07370,53,69.11,25,26,Month-to-Month,Credit Card,Male,1
CUST_CH_07371,16,48.26,44,44,One-Year,Bank Transfer,Female,0
CUST_CH_07372,57,97.94,4,7,Two-Year,Credit Card,Female,0
CUST_CH_07373,36,73.7,37,46,One-Year,Electronic Check,Male,0
CUST_CH_07374,50,69.25,36,11,Month-to-Month,Credit Card,Male,0
CUST_CH_07375,6,65.58,1,58,One-Year,Credit Card,Female,0
CUST_CH_07376,8,53.97,30,56,Two-Year,Bank Transfer,Female,0
CUST_CH_07377,64,109.72,5,47,Month-to-Month,Credit Card,Male,1
CUST_CH_07378,56,79.57,12,43,Month-to-Month,Electronic Check,Female,1
CUST_CH_07379,35,112.35,19,53,One-Year,Electronic Check,Male,0
CUST_CH_07380,1,32.28,23,19,Month-to-Month,Bank Transfer,Female,1
CUST_CH_07381,31,59.89,48,43,Two-Year,Electronic Check,Male,0
CUST_CH_07382,69,41.47,18,45,Two-Year,Credit Card,Male,0
CUST_CH_07383,24,83.02,34,43,Month-to-Month,Electronic Check,Female,0
CUST_CH_07384,72,28.9,46,19,Two-Year,Electronic Check,Male,0
CUST_CH_07385,17,68.46,29,50,Month-to-Month,Credit Card,Female,1
CUST_CH_07386,60,34.87,29,21,Month-to-Month,Bank Transfer,Female,0
CUST_CH_07387,2,72.1,2,59,Month-to-Month,Credit Card,Female,1
CUST_CH_07388,27,94.61,42,43,One-Year,Electronic Check,Female,0
CUST_CH_07389,38,25.91,5,1,One-Year,Bank Transfer,Male,0
CUST_CH_07390,3,79.56,45,29,Month-to-Month,Bank Transfer,Female,1
CUST_CH_07391,65,64.74,28,38,Month-to-Month,Electronic Check,Female,1
CUST_CH_07392,28,20.99,45,12,Two-Year,Bank Transfer,Male,0
CUST_CH_07393,71,99.32,35,2,Two-Year,Credit Card,Female,0
CUST_CH_07394,4,86.79,40,18,One-Year,Bank Transfer,Male,1
CUST_CH_07395,50,62.28,12,14,Month-to-Month,Bank Transfer,Male,0
CUST_CH_07396,49,35.54,6,34,Month-to-Month,Electronic Check,Male,0
CUST_CH_07397,25,83.8,41,24,Month-to-Month,Bank Transfer,Male,0
CUST_CH_07398,40,55.69,17,36,Month-to-Month,Electronic Check,Female,0
CUST_CH_07399,6,67.76,36,54,Month-to-Month,Bank Transfer,Male,1
CUST_CH_07400,65,29.38,36,29,One-Year,Credit Card,Male,0
CUST_CH_07401,52,70.5,18,30,One-Year,Electronic Check,Female,1
CUST_CH_07402,29,93.07,1,44,Month-to-Month,Electronic Check,Female,1
CUST_CH_07403,53,113.52,36,41,Month-to-Month,Electronic Check,Female,1
CUST_CH_07404,68,63.28,34,48,Month-to-Month,Credit Card,Female,0
CUST_CH_07405,47,40.42,24,58,One-Year,Electronic Check,Male,0
CUST_CH_07406,23,78.73,9,50,One-Year,Bank Transfer,Female,0
CUST_CH_07407,14,90.71,12,12,Month-to-Month,Electronic Check,Male,0
CUST_CH_07408,44,78.61,38,53,Month-to-Month,Bank Transfer,Female,1
CUST_CH_07409,5,76.95,21,11,Two-Year,Bank Transfer,Male,0
CUST_CH_07410,1,101.72,29,43,One-Year,Electronic Check,Male,1
CUST_CH_07411,40,95.87,15,42,Month-to-Month,Electronic Check,Male,1
CUST_CH_07412,61,93.41,27,3,Month-to-Month,Electronic Check,Male,1
CUST_CH_07413,27,34.49,9,8,Month-to-Month,Electronic Check,Male,0
CUST_CH_07414,51,85.37,8,7,One-Year,Bank Transfer,Female,0
CUST_CH_07415,50,55.52,31,19,One-Year,Electronic Check,Male,0
CUST_CH_07416,63,51.48,25,19,Month-to-Month,Electronic Check,Female,1
CUST_CH_07417,52,89.71,14,46,One-Year,Bank Transfer,Male,1
CUST_CH_07418,8,56.16,13,50,Month-to-Month,Bank Transfer,Male,1
CUST_CH_07419,10,77.63,28,28,Month-to-Month,Electronic Check,Male,1
CUST_CH_07420,30,84.01,7,17,Two-Year,Electronic Check,Male,0
CUST_CH_07421,14,29.5,40,21,Two-Year,Electronic Check,Female,1
CUST_CH_07422,37,21.65,8,28,One-Year,Credit Card,Male,1
CUST_CH_07423,19,93.25,4,22,Month-to-Month,Electronic Check,Female,0
CUST_CH_07424,11,89.12,47,52,One-Year,Credit Card,Female,0
CUST_CH_07425,8,54.96,27,3,Month-to-Month,Bank Transfer,Female,1
CUST_CH_07426,16,29.35,41,32,Month-to-Month,Bank Transfer,Female,0
CUST_CH_07427,49,112.77,42,25,Month-to-Month,Bank Transfer,Female,1
CUST_CH_07428,22,31.66,32,21,Two-Year,Bank Transfer,Male,1
CUST_CH_07429,22,85.32,49,30,One-Year,Bank Transfer,Male,1
CUST_CH_07430,36,77.2,38,10,One-Year,Electronic Check,Female,1
CUST_CH_07431,36,60.62,41,13,One-Year,Bank Transfer,Female,0
CUST_CH_07432,10,43.33,32,39,Month-to-Month,Bank Transfer,Female,1
CUST_CH_07433,50,39.96,33,52,Month-to-Month,Credit Card,Male,1
CUST_CH_07434,63,115.74,30,39,Two-Year,Bank Transfer,Male,0
CUST_CH_07435,48,34.2,43,26,One-Year,Electronic Check,Male,1
CUST_CH_07436,72,47.58,34,8,Two-Year,Bank Transfer,Female,1
CUST_CH_07437,50,102.22,25,1,Month-to-Month,Credit Card,Female,0
CUST_CH_07438,3,75.38,39,16,One-Year,Bank Transfer,Male,0
CUST_CH_07439,58,82.19,40,5,Two-Year,Electronic Check,Male,0
CUST_CH_07440,42,54.8,39,5,One-Year,Credit Card,Male,0
CUST_CH_07441,68,84.84,1,40,Month-to-Month,Credit Card,Male,1
CUST_CH_07442,63,21.26,35,26,Two-Year,Electronic Check,Male,1
CUST_CH_07443,62,61.21,20,53,One-Year,Electronic Check,Female,1
CUST_CH_07444,26,56.55,45,33,Month-to-Month,Bank Transfer,Female,0
CUST_CH_07445,15,101.62,27,33,Two-Year,Bank Transfer,Female,0
CUST_CH_07446,43,20.11,49,3,Two-Year,Bank Transfer,Male,0
CUST_CH_07447,5,21.57,12,30,One-Year,Electronic Check,Male,1
CUST_CH_07448,42,97.21,44,54,Month-to-Month,Electronic Check,Female,0
CUST_CH_07449,34,96.24,41,15,One-Year,Credit Card,Male,0
CUST_CH_07450,70,44.91,3,1,Month-to-Month,Electronic Check,Female,1
CUST_CH_07451,67,116.99,11,32,Month-to-Month,Bank Transfer,Male,0
CUST_CH_07452,40,56.1,15,15,One-Year,Bank Transfer,Female,0
CUST_CH_07453,32,51.92,5,11,Month-to-Month,Credit Card,Male,1
CUST_CH_07454,56,85.83,25,40,Month-to-Month,Bank Transfer,Male,1
CUST_CH_07455,36,62.14,46,31,Month-to-Month,Electronic Check,Male,1
CUST_CH_07456,68,20.01,1,28,Month-to-Month,Credit Card,Female,1
CUST_CH_07457,20,21.9,19,12,Two-Year,Bank Transfer,Male,0
CUST_CH_07458,41,48.56,49,12,Month-to-Month,Credit Card,Female,1
CUST_CH_07459,30,88.66,21,33,Month-to-Month,Credit Card,Female,1
CUST_CH_07460,22,37.66,41,33,One-Year,Electronic Check,Male,0
CUST_CH_07461,52,81.73,36,4,One-Year,Bank Transfer,Male,0
CUST_CH_07462,62,59.9,8,28,Month-to-Month,Credit Card,Male,0
CUST_CH_07463,8,67.16,14,26,One-Year,Credit Card,Male,0
CUST_CH_07464,55,69.45,17,57,One-Year,Credit Card,Male,0
CUST_CH_07465,67,79.98,13,13,Two-Year,Bank Transfer,Female,0
CUST_CH_07466,63,119.58,26,31,One-Year,Electronic Check,Male,0
CUST_CH_07467,19,54.0,13,7,One-Year,Credit Card,Male,1
CUST_CH_07468,9,81.09,47,16,One-Year,Electronic Check,Female,0
CUST_CH_07469,4,34.2,24,11,Month-to-Month,Bank Transfer,Male,0
CUST_CH_07470,29,55.42,10,12,Two-Year,Credit Card,Male,0
CUST_CH_07471,34,49.21,21,43,One-Year,Electronic Check,Male,1
CUST_CH_07472,24,75.62,38,0,Month-to-Month,Electronic Check,Female,1
CUST_CH_07473,58,104.71,1,4,Month-to-Month,Credit Card,Male,1
CUST_CH_07474,47,107.77,9,11,Month-to-Month,Credit Card,Female,0
CUST_CH_07475,50,74.85,35,2,Month-to-Month,Credit Card,Female,0
CUST_CH_07476,26,92.7,40,49,Two-Year,Electronic Check,Female,0
CUST_CH_07477,57,47.12,5,47,Two-Year,Credit Card,Male,0
CUST_CH_07478,9,77.32,25,34,Month-to-Month,Bank Transfer,Female,1
CUST_CH_07479,53,48.54,31,28,Month-to-Month,Bank Transfer,Male,0
CUST_CH_07480,3,94.23,34,5,Month-to-Month,Credit Card,Female,1
CUST_CH_07481,34,98.84,20,17,Month-to-Month,Bank Transfer,Female,0
CUST_CH_07482,72,92.83,36,27,One-Year,Credit Card,Female,1
CUST_CH_07483,16,68.43,21,52,Two-Year,Bank Transfer,Female,0
CUST_CH_07484,18,30.32,36,52,One-Year,Electronic Check,Female,1
CUST_CH_07485,30,65.48,21,24,Two-Year,Bank Transfer,Female,0
CUST_CH_07486,22,112.34,41,9,Month-to-Month,Bank Transfer,Female,0
CUST_CH_07487,41,103.18,48,36,One-Year,Electronic Check,Male,0
CUST_CH_07488,31,92.44,35,12,Month-to-Month,Bank Transfer,Male,1
CUST_CH_07489,53,81.53,39,47,Month-to-Month,Bank Transfer,Male,0
CUST_CH_07490,64,68.47,2,17,One-Year,Credit Card,Female,0
CUST_CH_07491,32,94.74,29,43,Two-Year,Electronic Check,Male,0
CUST_CH_07492,24,70.07,21,0,Month-to-Month,Bank Transfer,Male,0
CUST_CH_07493,1,40.82,49,22,Month-to-Month,Electronic Check,Male,0
CUST_CH_07494,9,43.96,17,49,Month-to-Month,Bank Transfer,Female,1
CUST_CH_07495,35,45.79,7,52,Month-to-Month,Bank Transfer,Female,0
CUST_CH_07496,61,50.27,46,52,Month-to-Month,Bank Transfer,Male,0
CUST_CH_07497,36,41.77,44,58,One-Year,Bank Transfer,Female,0
CUST_CH_07498,45,77.78,9,45,Month-to-Month,Credit Card,Female,1
CUST_CH_07499,38,81.25,48,58,Two-Year,Electronic Check,Male,0
CUST_CH_07500,13,93.16,23,16,Month-to-Month,Credit Card,Male,1
CUST_CH_07501,47,68.77,41,10,Month-to-Month,Bank Transfer,Female,1
CUST_CH_07502,29,111.11,14,49,One-Year,Credit Card,Male,0
CUST_CH_07503,37,82.15,43,45,Month-to-Month,Electronic Check,Female,1
CUST_CH_07504,40,93.84,40,56,Month-to-Month,Bank Transfer,Female,1
CUST_CH_07505,40,66.81,21,32,Month-to-Month,Electronic Check,Male,1
CUST_CH_07506,34,73.78,33,57,Month-to-Month,Bank Transfer,Female,0
CUST_CH_07507,70,33.36,9,60,Month-to-Month,Bank Transfer,Male,1
CUST_CH_07508,10,113.8,29,43,One-Year,Bank Transfer,Female,0
CUST_CH_07509,65,78.36,15,3,Month-to-Month,Credit Card,Female,0
CUST_CH_07510,11,87.13,43,58,Month-to-Month,Electronic Check,Female,1
CUST_CH_07511,39,75.06,11,40,Month-to-Month,Electronic Check,Female,0
CUST_CH_07512,49,101.73,15,55,Month-to-Month,Bank Transfer,Male,1
CUST_CH_07513,58,65.49,22,5,Month-to-Month,Credit Card,Female,1
CUST_CH_07514,72,92.91,39,42,Two-Year,Credit Card,Female,1
CUST_CH_07515,22,27.82,7,2,Month-to-Month,Electronic Check,Male,1
CUST_CH_07516,8,39.29,45,15,Month-to-Month,Electronic Check,Male,1
CUST_CH_07517,48,26.58,15,30,One-Year,Bank Transfer,Male,1
CUST_CH_07518,17,75.82,10,12,One-Year,Credit Card,Female,0
CUST_CH_07519,5,61.53,48,35,Month-to-Month,Bank Transfer,Female,1
CUST_CH_07520,4,100.39,23,18,Two-Year,Electronic Check,Female,0
CUST_CH_07521,14,25.18,23,18,Month-to-Month,Electronic Check,Female,0
CUST_CH_07522,38,104.21,39,15,Month-to-Month,Credit Card,Male,0
CUST_CH_07523,16,91.14,8,4,Two-Year,Electronic Check,Male,1
CUST_CH_07524,42,54.77,29,42,One-Year,Credit Card,Male,1
CUST_CH_07525,51,74.39,41,55,Month-to-Month,Bank Transfer,Female,1
CUST_CH_07526,51,107.65,30,13,Two-Year,Bank Transfer,Female,1
CUST_CH_07527,57,86.9,35,24,One-Year,Electronic Check,Male,0
CUST_CH_07528,30,40.89,40,16,Month-to-Month,Electronic Check,Female,1
CUST_CH_07529,51,104.32,13,32,Month-to-Month,Credit Card,Male,1
CUST_CH_07530,31,109.15,7,25,One-Year,Bank Transfer,Male,0
CUST_CH_07531,24,21.41,21,37,Month-to-Month,Electronic Check,Female,1
CUST_CH_07532,10,53.56,48,16,One-Year,Credit Card,Male,0
CUST_CH_07533,35,109.81,41,21,One-Year,Bank Transfer,Male,1
CUST_CH_07534,42,93.99,23,39,Month-to-Month,Bank Transfer,Male,1
CUST_CH_07535,13,73.61,21,53,Month-to-Month,Bank Transfer,Male,1
CUST_CH_07536,65,61.43,45,35,One-Year,Bank Transfer,Female,0
CUST_CH_07537,71,68.17,13,33,Two-Year,Credit Card,Male,0
CUST_CH_07538,34,58.94,48,3,One-Year,Bank Transfer,Female,0
CUST_CH_07539,69,53.24,23,46,Month-to-Month,Credit Card,Male,1
CUST_CH_07540,24,40.17,38,7,One-Year,Bank Transfer,Male,0
CUST_CH_07541,47,95.53,31,9,Month-to-Month,Electronic Check,Male,0
CUST_CH_07542,57,26.28,31,5,Month-to-Month,Electronic Check,Female,1
CUST_CH_07543,67,102.92,16,56,Month-to-Month,Bank Transfer,Male,1
CUST_CH_07544,50,95.55,5,40,Month-to-Month,Electronic Check,Male,1
CUST_CH_07545,3,112.72,45,20,Month-to-Month,Electronic Check,Female,1
CUST_CH_07546,21,55.76,39,48,Month-to-Month,Electronic Check,Female,1
CUST_CH_07547,17,101.3,40,26,One-Year,Bank Transfer,Female,1
CUST_CH_07548,6,70.1,36,33,Month-to-Month,Credit Card,Male,1
CUST_CH_07549,32,43.25,41,38,Month-to-Month,Electronic Check,Male,1
CUST_CH_07550,14,66.76,35,8,Month-to-Month,Electronic Check,Female,1
CUST_CH_07551,63,77.34,24,16,One-Year,Bank Transfer,Male,0
CUST_CH_07552,13,29.21,27,31,One-Year,Bank Transfer,Female,1
CUST_CH_07553,43,71.76,39,60,Month-to-Month,Bank Transfer,Male,1
CUST_CH_07554,3,90.31,33,28,Two-Year,Credit Card,Female,1
CUST_CH_07555,16,50.58,4,30,One-Year,Bank Transfer,Female,0
CUST_CH_07556,39,70.63,37,24,Month-to-Month,Bank Transfer,Male,0
CUST_CH_07557,32,111.77,26,16,Month-to-Month,Bank Transfer,Female,1
CUST_CH_07558,62,56.04,9,52,Month-to-Month,Electronic Check,Female,1
CUST_CH_07559,20,47.57,22,48,Month-to-Month,Bank Transfer,Male,0
CUST_CH_07560,18,85.48,6,19,Month-to-Month,Electronic Check,Female,0
CUST_CH_07561,6,112.54,28,27,Two-Year,Bank Transfer,Male,1
CUST_CH_07562,66,47.95,23,18,Month-to-Month,Electronic Check,Female,0
CUST_CH_07563,42,30.26,3,50,Month-to-Month,Bank Transfer,Male,0
CUST_CH_07564,37,42.91,1,26,Month-to-Month,Credit Card,Male,1
CUST_CH_07565,37,51.14,48,45,Two-Year,Bank Transfer,Female,1
CUST_CH_07566,30,25.46,44,11,Two-Year,Electronic Check,Male,0
CUST_CH_07567,72,29.99,13,15,Two-Year,Electronic Check,Female,1
CUST_CH_07568,68,73.67,37,24,Two-Year,Credit Card,Male,1
CUST_CH_07569,8,82.31,22,47,One-Year,Credit Card,Female,0
CUST_CH_07570,56,31.88,25,32,Two-Year,Electronic Check,Female,0
CUST_CH_07571,17,51.73,35,7,Month-to-Month,Electronic Check,Female,0
CUST_CH_07572,64,68.62,22,4,Month-to-Month,Bank Transfer,Male,1
CUST_CH_07573,7,45.88,24,48,Month-to-Month,Bank Transfer,Female,1
CUST_CH_07574,44,75.41,4,41,Month-to-Month,Credit Card,Male,1
CUST_CH_07575,63,102.7,16,34,Month-to-Month,Credit Card,Female,0
CUST_CH_07576,48,90.48,17,55,Month-to-Month,Electronic Check,Male,1
CUST_CH_07577,68,81.0,26,16,One-Year,Bank Transfer,Male,0
CUST_CH_07578,48,29.0,18,44,Month-to-Month,Credit Card,Male,1
CUST_CH_07579,5,27.06,28,50,Month-to-Month,Credit Card,Male,1
CUST_CH_07580,45,95.21,19,32,Month-to-Month,Electronic Check,Male,1
CUST_CH_07581,33,80.94,29,51,Two-Year,Credit Card,Male,1
CUST_CH_07582,59,101.67,8,18,One-Year,Electronic Check,Female,0
CUST_CH_07583,16,62.75,19,10,Month-to-Month,Electronic Check,Female,0
CUST_CH_07584,58,109.8,2,12,Month-to-Month,Credit Card,Female,1
CUST_CH_07585,2,49.55,3,19,Two-Year,Bank Transfer,Male,1
CUST_CH_07586,38,93.93,8,25,Month-to-Month,Credit Card,Male,1
CUST_CH_07587,72,37.36,38,8,One-Year,Bank Transfer,Male,0
CUST_CH_07588,9,72.86,25,19,One-Year,Bank Transfer,Female,1
CUST_CH_07589,44,34.16,28,32,Month-to-Month,Credit Card,Female,0
CUST_CH_07590,25,62.55,41,2,Month-to-Month,Credit Card,Male,0
CUST_CH_07591,47,88.02,35,54,Month-to-Month,Credit Card,Female,0
CUST_CH_07592,59,87.38,34,29,Month-to-Month,Credit Card,Female,1
CUST_CH_07593,53,74.52,42,38,Month-to-Month,Bank Transfer,Male,0
CUST_CH_07594,71,90.91,49,23,Month-to-Month,Credit Card,Male,0
CUST_CH_07595,64,73.43,5,27,One-Year,Electronic Check,Female,0
CUST_CH_07596,58,51.58,33,15,One-Year,Bank Transfer,Female,0
CUST_CH_07597,65,83.46,26,54,One-Year,Bank Transfer,Female,0
CUST_CH_07598,52,96.38,24,42,Month-to-Month,Credit Card,Female,1
CUST_CH_07599,46,80.02,7,45,Month-to-Month,Credit Card,Male,0
CUST_CH_07600,46,94.17,14,8,Two-Year,Bank Transfer,Male,1
CUST_CH_07601,33,114.25,3,8,Month-to-Month,Bank Transfer,Female,0
CUST_CH_07602,35,79.28,25,57,Month-to-Month,Credit Card,Female,1
CUST_CH_07603,26,58.07,20,13,Two-Year,Bank Transfer,Male,0
CUST_CH_07604,46,20.7,15,50,Two-Year,Electronic Check,Male,1
CUST_CH_07605,24,69.19,32,30,Month-to-Month,Bank Transfer,Male,1
CUST_CH_07606,20,116.34,9,16,One-Year,Electronic Check,Male,1
CUST_CH_07607,68,65.78,24,52,Month-to-Month,Credit Card,Male,1
CUST_CH_07608,64,52.53,21,12,Two-Year,Electronic Check,Female,0
CUST_CH_07609,55,40.53,8,9,Month-to-Month,Credit Card,Female,0
CUST_CH_07610,33,57.85,19,13,Month-to-Month,Credit Card,Female,0
CUST_CH_07611,27,102.52,32,10,Month-to-Month,Bank Transfer,Male,1
CUST_CH_07612,22,109.88,32,34,One-Year,Bank Transfer,Female,1
CUST_CH_07613,13,63.42,16,10,Month-to-Month,Credit Card,Female,1
CUST_CH_07614,26,42.64,25,60,Month-to-Month,Bank Transfer,Male,1
CUST_CH_07615,26,109.19,30,18,Month-to-Month,Bank Transfer,Female,0
CUST_CH_07616,13,23.1,8,14,Month-to-Month,Bank Transfer,Female,1
CUST_CH_07617,42,39.8,4,46,Month-to-Month,Electronic Check,Female,0
CUST_CH_07618,63,57.43,48,13,Month-to-Month,Credit Card,Male,0
CUST_CH_07619,65,74.1,36,7,Month-to-Month,Electronic Check,Male,1
CUST_CH_07620,26,38.24,42,38,One-Year,Electronic Check,Female,1
CUST_CH_07621,57,33.94,40,25,Two-Year,Credit Card,Male,1
CUST_CH_07622,40,58.93,16,49,Two-Year,Bank Transfer,Female,0
CUST_CH_07623,30,88.88,16,41,Month-to-Month,Credit Card,Male,1
CUST_CH_07624,34,45.08,24,43,One-Year,Credit Card,Female,0
CUST_CH_07625,50,24.7,28,46,Month-to-Month,Electronic Check,Female,1
CUST_CH_07626,31,69.37,47,6,Month-to-Month,Electronic Check,Male,0
CUST_CH_07627,11,63.14,6,47,One-Year,Credit Card,Male,0
CUST_CH_07628,70,107.47,14,39,Month-to-Month,Electronic Check,Male,0
CUST_CH_07629,40,27.1,44,23,Month-to-Month,Credit Card,Female,1
CUST_CH_07630,68,103.89,24,45,Month-to-Month,Electronic Check,Female,1
CUST_CH_07631,18,75.12,14,18,Month-to-Month,Electronic Check,Female,0
CUST_CH_07632,5,64.41,22,38,Two-Year,Bank Transfer,Female,1
CUST_CH_07633,36,42.42,40,6,One-Year,Credit Card,Male,0
CUST_CH_07634,33,26.03,17,7,Two-Year,Electronic Check,Female,0
CUST_CH_07635,36,62.88,29,10,Two-Year,Bank Transfer,Male,0
CUST_CH_07636,56,94.32,4,6,Two-Year,Credit Card,Male,0
CUST_CH_07637,62,109.77,26,41,Two-Year,Credit Card,Male,1
CUST_CH_07638,22,65.51,17,1,Month-to-Month,Credit Card,Male,0
CUST_CH_07639,53,70.6,38,46,One-Year,Credit Card,Female,1
CUST_CH_07640,21,76.98,8,32,One-Year,Credit Card,Female,0
CUST_CH_07641,56,58.06,10,33,Month-to-Month,Credit Card,Female,1
CUST_CH_07642,67,57.14,43,41,One-Year,Bank Transfer,Female,1
CUST_CH_07643,16,51.36,40,32,Month-to-Month,Credit Card,Male,0
CUST_CH_07644,6,87.83,41,11,Two-Year,Electronic Check,Male,1
CUST_CH_07645,43,116.34,24,35,One-Year,Bank Transfer,Female,1
CUST_CH_07646,4,91.63,6,51,Month-to-Month,Credit Card,Female,0
CUST_CH_07647,22,35.07,24,2,Month-to-Month,Bank Transfer,Female,1
CUST_CH_07648,34,61.8,17,16,Month-to-Month,Bank Transfer,Female,0
CUST_CH_07649,39,75.02,30,10,Month-to-Month,Credit Card,Male,1
CUST_CH_07650,38,23.45,11,9,Month-to-Month,Electronic Check,Male,1
CUST_CH_07651,70,43.23,3,41,Month-to-Month,Electronic Check,Male,1
CUST_CH_07652,56,49.53,27,26,Month-to-Month,Credit Card,Female,1
CUST_CH_07653,11,30.08,36,15,One-Year,Credit Card,Female,0
CUST_CH_07654,40,113.37,33,26,Month-to-Month,Electronic Check,Male,1
CUST_CH_07655,46,56.81,45,49,One-Year,Bank Transfer,Male,1
CUST_CH_07656,50,105.41,10,3,One-Year,Electronic Check,Female,0
CUST_CH_07657,37,31.14,29,44,Month-to-Month,Credit Card,Female,1
CUST_CH_07658,56,113.79,39,58,Month-to-Month,Credit Card,Female,1
CUST_CH_07659,7,79.89,47,48,Two-Year,Credit Card,Male,1
CUST_CH_07660,34,46.18,47,52,Month-to-Month,Bank Transfer,Male,1
CUST_CH_07661,69,90.39,27,52,Month-to-Month,Electronic Check,Male,1
CUST_CH_07662,42,88.05,18,58,Month-to-Month,Credit Card,Male,1
CUST_CH_07663,4,111.03,43,41,Month-to-Month,Credit Card,Female,1
CUST_CH_07664,32,43.95,15,15,Month-to-Month,Bank Transfer,Female,0
CUST_CH_07665,35,48.16,45,15,Month-to-Month,Electronic Check,Female,1
CUST_CH_07666,31,36.57,41,9,Two-Year,Bank Transfer,Female,0
CUST_CH_07667,67,62.4,50,3,Two-Year,Credit Card,Male,0
CUST_CH_07668,30,55.08,48,24,One-Year,Electronic Check,Male,0
CUST_CH_07669,34,25.95,47,37,Month-to-Month,Credit Card,Male,1
CUST_CH_07670,71,25.74,24,34,One-Year,Bank Transfer,Male,0
CUST_CH_07671,48,26.2,37,0,Two-Year,Electronic Check,Female,0
CUST_CH_07672,71,21.47,24,38,Month-to-Month,Bank Transfer,Female,0
CUST_CH_07673,11,93.04,11,7,Month-to-Month,Electronic Check,Male,0
CUST_CH_07674,2,85.94,47,0,Month-to-Month,Credit Card,Male,0
CUST_CH_07675,1,104.39,3,17,Month-to-Month,Bank Transfer,Female,0
CUST_CH_07676,7,118.32,15,56,Month-to-Month,Electronic Check,Male,1
CUST_CH_07677,26,30.41,25,35,Month-to-Month,Electronic Check,Female,1
CUST_CH_07678,30,55.35,36,26,Month-to-Month,Credit Card,Female,0
CUST_CH_07679,65,101.73,34,56,Month-to-Month,Credit Card,Female,1
CUST_CH_07680,22,57.87,45,25,Month-to-Month,Electronic Check,Male,1
CUST_CH_07681,60,32.65,49,39,One-Year,Electronic Check,Female,1
CUST_CH_07682,46,102.35,39,54,Month-to-Month,Credit Card,Female,0
CUST_CH_07683,22,47.63,30,49,One-Year,Credit Card,Female,1
CUST_CH_07684,21,81.21,24,52,Month-to-Month,Bank Transfer,Male,1
CUST_CH_07685,32,20.17,47,26,Two-Year,Electronic Check,Female,1
CUST_CH_07686,59,59.96,35,50,Month-to-Month,Electronic Check,Male,0
CUST_CH_07687,2,59.64,41,38,Month-to-Month,Electronic Check,Male,1
CUST_CH_07688,1,83.6,20,7,Month-to-Month,Electronic Check,Male,0
CUST_CH_07689,16,110.22,48,60,Month-to-Month,Credit Card,Male,1
CUST_CH_07690,11,85.04,18,31,Two-Year,Bank Transfer,Female,1
CUST_CH_07691,58,32.21,3,5,Two-Year,Bank Transfer,Male,0
CUST_CH_07692,1,81.09,42,4,Month-to-Month,Bank Transfer,Female,1
CUST_CH_07693,71,87.28,19,46,Two-Year,Electronic Check,Female,1
CUST_CH_07694,45,113.21,24,41,Month-to-Month,Bank Transfer,Male,1
CUST_CH_07695,52,119.56,2,19,Month-to-Month,Electronic Check,Female,0
CUST_CH_07696,8,114.39,44,14,One-Year,Electronic Check,Male,1
CUST_CH_07697,17,82.3,11,22,Two-Year,Electronic Check,Male,0
CUST_CH_07698,72,27.06,22,57,One-Year,Bank Transfer,Female,0
CUST_CH_07699,1,108.59,34,40,One-Year,Credit Card,Male,1
CUST_CH_07700,49,106.04,8,51,Month-to-Month,Electronic Check,Male,1
CUST_CH_07701,3,52.9,10,23,Month-to-Month,Bank Transfer,Female,1
CUST_CH_07702,5,116.82,33,24,Month-to-Month,Credit Card,Male,1
CUST_CH_07703,19,78.68,12,15,Two-Year,Electronic Check,Female,0
CUST_CH_07704,3,91.78,45,55,Month-to-Month,Credit Card,Female,1
CUST_CH_07705,23,56.06,32,12,Month-to-Month,Electronic Check,Female,0
CUST_CH_07706,43,69.97,37,2,Month-to-Month,Bank Transfer,Female,1
CUST_CH_07707,1,62.28,49,53,Month-to-Month,Bank Transfer,Male,1
CUST_CH_07708,58,46.21,10,38,One-Year,Bank Transfer,Female,1
CUST_CH_07709,28,63.43,27,54,One-Year,Electronic Check,Male,0
CUST_CH_07710,54,62.67,34,40,Month-to-Month,Electronic Check,Female,0
CUST_CH_07711,36,96.87,30,13,Two-Year,Electronic Check,Female,0
CUST_CH_07712,53,52.64,27,44,Month-to-Month,Electronic Check,Male,1
CUST_CH_07713,38,109.67,15,18,Month-to-Month,Credit Card,Male,0
CUST_CH_07714,22,35.06,15,32,One-Year,Credit Card,Male,1
CUST_CH_07715,8,35.17,16,29,Month-to-Month,Bank Transfer,Female,1
CUST_CH_07716,33,31.11,12,8,Month-to-Month,Credit Card,Male,0
CUST_CH_07717,33,81.56,45,21,One-Year,Bank Transfer,Male,0
CUST_CH_07718,67,82.94,15,29,One-Year,Credit Card,Male,1
CUST_CH_07719,37,56.39,22,21,Month-to-Month,Electronic Check,Male,0
CUST_CH_07720,48,39.87,8,27,One-Year,Electronic Check,Male,0
CUST_CH_07721,45,113.19,35,26,Month-to-Month,Credit Card,Female,0
CUST_CH_07722,20,63.36,31,15,One-Year,Credit Card,Male,0
CUST_CH_07723,25,60.24,23,0,Two-Year,Credit Card,Male,0
CUST_CH_07724,6,91.03,24,38,Two-Year,Electronic Check,Male,1
CUST_CH_07725,41,101.53,49,45,Month-to-Month,Bank Transfer,Female,1
CUST_CH_07726,53,104.34,39,17,One-Year,Bank Transfer,Male,0
CUST_CH_07727,19,45.79,10,41,One-Year,Electronic Check,Female,1
CUST_CH_07728,20,110.73,48,56,One-Year,Electronic Check,Male,1
CUST_CH_07729,15,108.78,29,44,Month-to-Month,Electronic Check,Male,1
CUST_CH_07730,48,55.15,13,3,Month-to-Month,Credit Card,Female,0
CUST_CH_07731,29,96.66,50,26,Month-to-Month,Credit Card,Female,1
CUST_CH_07732,39,31.28,38,45,One-Year,Electronic Check,Female,0
CUST_CH_07733,5,75.11,6,21,Month-to-Month,Credit Card,Male,1
CUST_CH_07734,46,112.32,8,8,Month-to-Month,Electronic Check,Female,0
CUST_CH_07735,64,63.7,43,22,Two-Year,Credit Card,Female,0
CUST_CH_07736,40,76.39,44,15,Month-to-Month,Electronic Check,Male,0
CUST_CH_07737,56,64.27,5,15,Month-to-Month,Credit Card,Male,0
CUST_CH_07738,1,106.03,10,57,One-Year,Electronic Check,Male,1
CUST_CH_07739,44,87.4,32,47,Month-to-Month,Bank Transfer,Female,1
CUST_CH_07740,4,23.81,23,40,One-Year,Electronic Check,Female,0
CUST_CH_07741,8,117.29,47,21,One-Year,Bank Transfer,Female,1
CUST_CH_07742,11,24.98,15,4,Month-to-Month,Electronic Check,Male,1
CUST_CH_07743,16,88.69,18,51,One-Year,Bank Transfer,Female,1
CUST_CH_07744,70,96.01,42,47,Month-to-Month,Bank Transfer,Female,1
CUST_CH_07745,13,113.96,44,52,Month-to-Month,Electronic Check,Female,1
CUST_CH_07746,16,78.89,5,53,One-Year,Electronic Check,Female,0
CUST_CH_07747,46,76.39,5,56,Month-to-Month,Bank Transfer,Male,0
CUST_CH_07748,70,113.38,10,1,One-Year,Bank Transfer,Female,1
CUST_CH_07749,8,94.21,1,27,One-Year,Credit Card,Male,1
CUST_CH_07750,40,51.38,13,37,One-Year,Bank Transfer,Male,1
CUST_CH_07751,43,77.87,14,1,Two-Year,Bank Transfer,Female,0
CUST_CH_07752,12,90.64,23,5,One-Year,Electronic Check,Female,1
CUST_CH_07753,34,50.17,30,32,Month-to-Month,Bank Transfer,Male,1
CUST_CH_07754,31,29.59,41,48,Month-to-Month,Bank Transfer,Male,1
CUST_CH_07755,64,74.6,40,46,Month-to-Month,Electronic Check,Female,1
CUST_CH_07756,8,32.03,9,42,Month-to-Month,Bank Transfer,Female,1
CUST_CH_07757,35,42.6,3,58,Two-Year,Electronic Check,Male,0
CUST_CH_07758,17,37.33,21,44,One-Year,Credit Card,Male,1
CUST_CH_07759,14,71.4,28,6,Two-Year,Credit Card,Male,0
CUST_CH_07760,11,110.47,31,33,One-Year,Credit Card,Male,1
CUST_CH_07761,47,75.57,24,41,Month-to-Month,Credit Card,Female,1
CUST_CH_07762,69,35.37,40,41,One-Year,Electronic Check,Male,1
CUST_CH_07763,31,66.6,21,1,Month-to-Month,Credit Card,Male,0
CUST_CH_07764,23,23.29,14,16,Month-to-Month,Bank Transfer,Male,1
CUST_CH_07765,7,110.98,39,33,One-Year,Credit Card,Female,0
CUST_CH_07766,34,73.35,43,3,Month-to-Month,Bank Transfer,Female,0
CUST_CH_07767,6,34.18,7,33,One-Year,Electronic Check,Male,0
CUST_CH_07768,54,29.07,25,51,Month-to-Month,Electronic Check,Male,1
CUST_CH_07769,9,55.54,5,55,Month-to-Month,Bank Transfer,Male,1
CUST_CH_07770,32,116.77,40,35,Month-to-Month,Credit Card,Female,1
CUST_CH_07771,31,27.56,3,44,Two-Year,Electronic Check,Male,0
CUST_CH_07772,52,58.16,30,56,Two-Year,Bank Transfer,Male,0
CUST_CH_07773,51,20.18,9,11,Two-Year,Bank Transfer,Female,0
CUST_CH_07774,20,101.66,49,50,Month-to-Month,Bank Transfer,Male,1
CUST_CH_07775,20,70.61,39,1,Two-Year,Electronic Check,Female,0
CUST_CH_07776,57,77.31,42,26,Month-to-Month,Bank Transfer,Male,1
CUST_CH_07777,14,40.79,46,10,Two-Year,Bank Transfer,Female,0
CUST_CH_07778,53,61.81,13,31,Month-to-Month,Credit Card,Male,1
CUST_CH_07779,9,85.15,20,22,One-Year,Credit Card,Male,0
CUST_CH_07780,52,91.16,43,60,Month-to-Month,Bank Transfer,Female,1
CUST_CH_07781,23,58.81,37,7,Two-Year,Electronic Check,Male,0
CUST_CH_07782,10,105.64,26,45,Two-Year,Credit Card,Male,0
CUST_CH_07783,40,82.13,35,1,Month-to-Month,Credit Card,Female,0
CUST_CH_07784,63,71.83,5,52,Two-Year,Bank Transfer,Male,1
CUST_CH_07785,61,53.05,13,10,One-Year,Credit Card,Female,0
CUST_CH_07786,42,47.26,32,15,Month-to-Month,Electronic Check,Female,0
CUST_CH_07787,34,87.8,49,3,Month-to-Month,Electronic Check,Male,1
CUST_CH_07788,8,49.41,18,4,One-Year,Bank Transfer,Male,0
CUST_CH_07789,62,51.65,21,16,Month-to-Month,Bank Transfer,Female,1
CUST_CH_07790,47,48.88,27,53,Two-Year,Bank Transfer,Female,1
CUST_CH_07791,19,39.76,14,18,Month-to-Month,Credit Card,Male,0
CUST_CH_07792,48,46.3,8,41,Month-to-Month,Bank Transfer,Male,1
CUST_CH_07793,23,36.98,19,9,One-Year,Electronic Check,Male,0
CUST_CH_07794,54,74.99,10,0,One-Year,Bank Transfer,Male,0
CUST_CH_07795,29,22.29,31,49,One-Year,Electronic Check,Male,1
CUST_CH_07796,71,22.43,49,2,Two-Year,Credit Card,Female,0
CUST_CH_07797,46,69.19,32,58,Two-Year,Credit Card,Female,1
CUST_CH_07798,48,86.83,39,10,Month-to-Month,Credit Card,Male,1
CUST_CH_07799,21,53.69,13,13,Month-to-Month,Electronic Check,Male,1
CUST_CH_07800,44,89.39,21,22,Month-to-Month,Credit Card,Male,1
CUST_CH_07801,4,86.01,28,57,Month-to-Month,Bank Transfer,Male,1
CUST_CH_07802,59,72.88,17,34,Month-to-Month,Credit Card,Male,0
CUST_CH_07803,29,61.49,17,40,Month-to-Month,Bank Transfer,Female,0
CUST_CH_07804,56,24.94,14,20,One-Year,Bank Transfer,Female,0
CUST_CH_07805,59,97.2,18,60,Month-to-Month,Credit Card,Male,1
CUST_CH_07806,50,20.37,46,14,Month-to-Month,Credit Card,Male,0
CUST_CH_07807,4,65.15,6,48,Two-Year,Electronic Check,Female,1
CUST_CH_07808,49,96.91,1,0,Month-to-Month,Electronic Check,Female,0
CUST_CH_07809,19,50.69,19,34,One-Year,Credit Card,Female,0
CUST_CH_07810,25,33.61,42,17,Month-to-Month,Bank Transfer,Male,0
CUST_CH_07811,2,100.96,12,49,Month-to-Month,Bank Transfer,Male,1
CUST_CH_07812,23,59.43,1,14,Month-to-Month,Credit Card,Female,0
CUST_CH_07813,21,97.35,2,54,Month-to-Month,Electronic Check,Male,0
CUST_CH_07814,45,52.04,41,36,One-Year,Bank Transfer,Female,0
CUST_CH_07815,67,69.66,21,0,One-Year,Bank Transfer,Female,0
CUST_CH_07816,10,52.1,3,26,Month-to-Month,Bank Transfer,Male,1
CUST_CH_07817,4,91.18,5,13,One-Year,Credit Card,Male,0
CUST_CH_07818,41,91.23,39,17,Month-to-Month,Credit Card,Male,1
CUST_CH_07819,68,53.96,1,2,One-Year,Bank Transfer,Female,0
CUST_CH_07820,58,97.18,18,30,One-Year,Bank Transfer,Female,0
CUST_CH_07821,41,30.92,30,10,Month-to-Month,Bank Transfer,Female,0
CUST_CH_07822,51,38.42,45,3,One-Year,Credit Card,Female,0
CUST_CH_07823,26,100.14,44,16,One-Year,Credit Card,Male,0
CUST_CH_07824,6,31.78,34,30,Month-to-Month,Credit Card,Female,1
CUST_CH_07825,32,36.76,13,38,Month-to-Month,Credit Card,Female,1
CUST_CH_07826,8,21.89,10,24,Month-to-Month,Bank Transfer,Female,1
CUST_CH_07827,37,31.28,12,60,Month-to-Month,Electronic Check,Male,1
CUST_CH_07828,12,106.74,48,24,Two-Year,Credit Card,Female,1
CUST_CH_07829,36,74.43,8,2,One-Year,Credit Card,Male,0
CUST_CH_07830,58,51.63,17,43,Month-to-Month,Credit Card,Female,1
CUST_CH_07831,2,72.11,37,0,One-Year,Electronic Check,Male,1
CUST_CH_07832,48,114.35,20,17,Month-to-Month,Electronic Check,Male,0
CUST_CH_07833,23,84.17,44,47,Month-to-Month,Credit Card,Male,1
CUST_CH_07834,70,20.59,9,17,Two-Year,Credit Card,Male,1
CUST_CH_07835,70,86.0,22,42,Two-Year,Credit Card,Male,1
CUST_CH_07836,34,38.6,26,40,Month-to-Month,Bank Transfer,Female,0
CUST_CH_07837,54,59.27,4,2,Two-Year,Bank Transfer,Male,0
CUST_CH_07838,18,108.73,21,5,Month-to-Month,Credit Card,Male,0
CUST_CH_07839,56,101.76,47,34,Month-to-Month,Credit Card,Male,1
CUST_CH_07840,9,21.05,9,9,Month-to-Month,Electronic Check,Male,1
CUST_CH_07841,59,80.08,3,40,Month-to-Month,Electronic Check,Female,1
CUST_CH_07842,28,46.11,14,17,Month-to-Month,Bank Transfer,Male,0
CUST_CH_07843,65,107.34,36,12,Two-Year,Bank Transfer,Female,0
CUST_CH_07844,27,39.22,25,42,Two-Year,Electronic Check,Female,1
CUST_CH_07845,49,38.01,5,45,Month-to-Month,Credit Card,Male,1
CUST_CH_07846,33,42.97,33,49,Month-to-Month,Bank Transfer,Female,0
CUST_CH_07847,71,98.84,14,20,Month-to-Month,Credit Card,Female,0
CUST_CH_07848,57,28.65,38,17,Month-to-Month,Electronic Check,Male,1
CUST_CH_07849,49,102.33,30,19,One-Year,Electronic Check,Female,1
CUST_CH_07850,25,60.22,8,42,Two-Year,Bank Transfer,Female,0
CUST_CH_07851,47,93.43,13,5,One-Year,Credit Card,Male,1
CUST_CH_07852,28,119.01,22,20,Month-to-Month,Credit Card,Female,0
CUST_CH_07853,16,94.59,49,56,Two-Year,Bank Transfer,Female,0
CUST_CH_07854,50,71.18,27,42,One-Year,Bank Transfer,Female,1
CUST_CH_07855,32,52.92,12,25,Month-to-Month,Electronic Check,Male,0
CUST_CH_07856,44,115.7,41,25,Month-to-Month,Bank Transfer,Female,1
CUST_CH_07857,21,106.08,50,32,One-Year,Electronic Check,Male,0
CUST_CH_07858,30,30.27,14,36,Month-to-Month,Bank Transfer,Female,0
CUST_CH_07859,54,32.97,49,46,Month-to-Month,Electronic Check,Male,1
CUST_CH_07860,36,27.69,7,26,One-Year,Credit Card,Female,0
CUST_CH_07861,31,106.56,15,47,Month-to-Month,Credit Card,Female,0
CUST_CH_07862,60,31.38,36,43,Month-to-Month,Credit Card,Female,1
CUST_CH_07863,4,106.52,27,27,Month-to-Month,Credit Card,Female,1
CUST_CH_07864,70,31.7,10,17,One-Year,Electronic Check,Male,0
CUST_CH_07865,38,40.68,30,43,Month-to-Month,Bank Transfer,Male,1
CUST_CH_07866,10,83.44,31,21,Two-Year,Bank Transfer,Female,1
CUST_CH_07867,26,83.93,45,52,Two-Year,Electronic Check,Female,1
CUST_CH_07868,5,94.91,19,53,Month-to-Month,Bank Transfer,Male,0
CUST_CH_07869,43,29.82,11,10,Month-to-Month,Bank Transfer,Female,1
CUST_CH_07870,25,75.76,19,21,Two-Year,Credit Card,Male,1
CUST_CH_07871,38,110.06,15,17,Two-Year,Electronic Check,Male,0
CUST_CH_07872,25,118.02,38,53,One-Year,Bank Transfer,Female,1
CUST_CH_07873,1,98.08,37,24,One-Year,Credit Card,Female,1
CUST_CH_07874,25,52.02,22,51,One-Year,Credit Card,Male,0
CUST_CH_07875,54,80.23,27,55,Month-to-Month,Electronic Check,Male,0
CUST_CH_07876,39,93.35,33,23,One-Year,Credit Card,Male,1
CUST_CH_07877,45,111.56,15,15,Month-to-Month,Bank Transfer,Female,0
CUST_CH_07878,63,47.93,37,47,Month-to-Month,Bank Transfer,Male,0
CUST_CH_07879,25,94.95,26,44,One-Year,Credit Card,Female,1
CUST_CH_07880,67,79.22,12,16,One-Year,Bank Transfer,Male,0
CUST_CH_07881,27,37.74,23,39,Month-to-Month,Credit Card,Female,0
CUST_CH_07882,38,91.65,6,26,Month-to-Month,Bank Transfer,Male,1
CUST_CH_07883,62,110.57,43,11,Two-Year,Bank Transfer,Female,1
CUST_CH_07884,18,75.55,25,22,Month-to-Month,Bank Transfer,Male,1
CUST_CH_07885,71,92.78,30,17,Month-to-Month,Credit Card,Male,0
CUST_CH_07886,33,52.16,19,45,Two-Year,Credit Card,Female,1
CUST_CH_07887,60,49.37,25,44,One-Year,Electronic Check,Male,0
CUST_CH_07888,9,97.28,14,1,One-Year,Electronic Check,Female,1
CUST_CH_07889,20,107.75,20,50,Two-Year,Bank Transfer,Male,0
CUST_CH_07890,16,60.54,34,46,Month-to-Month,Credit Card,Female,1
CUST_CH_07891,13,96.93,19,32,Month-to-Month,Electronic Check,Male,1
CUST_CH_07892,53,111.82,29,39,Month-to-Month,Electronic Check,Female,1
CUST_CH_07893,51,60.09,19,7,Month-to-Month,Credit Card,Male,1
CUST_CH_07894,45,66.01,20,40,Month-to-Month,Credit Card,Female,0
CUST_CH_07895,71,27.3,7,5,One-Year,Bank Transfer,Male,0
CUST_CH_07896,43,68.82,28,50,Two-Year,Bank Transfer,Male,0
CUST_CH_07897,10,60.62,1,5,Month-to-Month,Credit Card,Female,1
CUST_CH_07898,19,89.73,11,20,Two-Year,Bank Transfer,Female,0
CUST_CH_07899,49,34.79,15,47,Month-to-Month,Electronic Check,Female,1
CUST_CH_07900,69,109.7,16,13,One-Year,Electronic Check,Male,0
CUST_CH_07901,5,110.37,1,56,Month-to-Month,Credit Card,Male,1
CUST_CH_07902,61,52.84,50,36,Month-to-Month,Credit Card,Female,0
CUST_CH_07903,48,92.35,2,17,One-Year,Credit Card,Female,0
CUST_CH_07904,53,77.52,3,16,Two-Year,Bank Transfer,Male,0
CUST_CH_07905,43,45.36,5,11,Month-to-Month,Bank Transfer,Female,1
CUST_CH_07906,39,118.83,7,40,Month-to-Month,Bank Transfer,Male,1
CUST_CH_07907,30,34.68,20,14,Month-to-Month,Bank Transfer,Male,1
CUST_CH_07908,62,36.87,26,24,Month-to-Month,Credit Card,Female,1
CUST_CH_07909,11,78.71,14,35,Month-to-Month,Credit Card,Male,1
CUST_CH_07910,10,36.99,14,19,Two-Year,Electronic Check,Female,0
CUST_CH_07911,27,39.57,9,9,Month-to-Month,Electronic Check,Female,1
CUST_CH_07912,35,41.52,20,13,One-Year,Credit Card,Female,1
CUST_CH_07913,43,74.66,31,40,Month-to-Month,Bank Transfer,Female,1
CUST_CH_07914,53,32.1,21,51,Month-to-Month,Electronic Check,Female,1
CUST_CH_07915,62,43.87,43,17,One-Year,Electronic Check,Male,0
CUST_CH_07916,31,111.63,29,33,Month-to-Month,Bank Transfer,Male,0
CUST_CH_07917,53,75.94,3,56,One-Year,Credit Card,Female,1
CUST_CH_07918,50,95.54,3,56,Two-Year,Credit Card,Female,0
CUST_CH_07919,41,70.91,23,4,Month-to-Month,Credit Card,Female,1
CUST_CH_07920,59,100.24,27,48,One-Year,Electronic Check,Male,0
CUST_CH_07921,18,106.69,15,51,One-Year,Electronic Check,Male,1
CUST_CH_07922,26,72.3,4,8,Month-to-Month,Bank Transfer,Male,0
CUST_CH_07923,20,42.74,8,40,Month-to-Month,Bank Transfer,Male,1
CUST_CH_07924,71,81.02,20,47,Month-to-Month,Credit Card,Male,0
CUST_CH_07925,46,39.58,17,2,Two-Year,Bank Transfer,Male,0
CUST_CH_07926,23,94.28,42,29,One-Year,Electronic Check,Female,1
CUST_CH_07927,12,43.02,43,19,Two-Year,Credit Card,Female,0
CUST_CH_07928,2,65.19,20,37,One-Year,Credit Card,Female,0
CUST_CH_07929,8,40.52,38,16,One-Year,Bank Transfer,Male,1
CUST_CH_07930,62,67.41,34,39,Two-Year,Electronic Check,Male,0
CUST_CH_07931,69,33.23,11,57,Month-to-Month,Credit Card,Male,1
CUST_CH_07932,14,51.85,30,36,Month-to-Month,Credit Card,Male,0
CUST_CH_07933,20,111.95,16,58,Two-Year,Bank Transfer,Male,1
CUST_CH_07934,70,68.7,42,12,Month-to-Month,Electronic Check,Female,1
CUST_CH_07935,72,72.04,5,25,Two-Year,Electronic Check,Male,1
CUST_CH_07936,64,111.27,42,7,Two-Year,Electronic Check,Male,0
CUST_CH_07937,5,70.56,49,1,Month-to-Month,Bank Transfer,Female,0
CUST_CH_07938,9,20.68,25,31,Two-Year,Credit Card,Female,1
CUST_CH_07939,6,44.97,11,9,One-Year,Credit Card,Male,0
CUST_CH_07940,4,104.76,19,55,Two-Year,Bank Transfer,Male,1
CUST_CH_07941,51,56.15,7,7,Two-Year,Credit Card,Male,1
CUST_CH_07942,54,109.08,32,44,Month-to-Month,Bank Transfer,Female,0
CUST_CH_07943,31,68.0,21,56,Month-to-Month,Bank Transfer,Female,1
CUST_CH_07944,18,43.81,30,56,One-Year,Electronic Check,Male,1
CUST_CH_07945,4,96.74,44,13,One-Year,Electronic Check,Female,0
CUST_CH_07946,72,34.94,17,34,One-Year,Bank Transfer,Female,1
CUST_CH_07947,33,26.47,49,36,One-Year,Bank Transfer,Female,0
CUST_CH_07948,32,86.71,18,14,One-Year,Electronic Check,Female,0
CUST_CH_07949,7,33.54,8,35,Two-Year,Bank Transfer,Female,1
CUST_CH_07950,34,60.97,42,57,One-Year,Bank Transfer,Male,1
CUST_CH_07951,1,20.52,10,16,Month-to-Month,Credit Card,Female,0
CUST_CH_07952,32,40.65,41,33,Month-to-Month,Bank Transfer,Female,1
CUST_CH_07953,51,70.48,32,7,Month-to-Month,Credit Card,Female,0
CUST_CH_07954,69,110.62,31,8,One-Year,Credit Card,Male,1
CUST_CH_07955,3,72.87,12,0,One-Year,Electronic Check,Female,1
CUST_CH_07956,49,34.16,40,25,Two-Year,Bank Transfer,Male,1
CUST_CH_07957,66,44.68,11,52,Month-to-Month,Bank Transfer,Female,1
CUST_CH_07958,61,32.27,31,28,Month-to-Month,Electronic Check,Female,0
CUST_CH_07959,49,66.14,31,1,Month-to-Month,Credit Card,Female,0
CUST_CH_07960,12,29.92,12,60,Month-to-Month,Credit Card,Male,1
CUST_CH_07961,47,110.76,49,54,One-Year,Bank Transfer,Male,0
CUST_CH_07962,13,53.01,40,46,Month-to-Month,Electronic Check,Male,0
CUST_CH_07963,22,118.41,49,20,Month-to-Month,Electronic Check,Female,0
CUST_CH_07964,38,88.99,6,51,Two-Year,Bank Transfer,Male,0
CUST_CH_07965,31,102.3,31,24,Month-to-Month,Electronic Check,Male,1
CUST_CH_07966,40,31.6,7,38,Month-to-Month,Bank Transfer,Male,1
CUST_CH_07967,48,36.79,37,17,Two-Year,Bank Transfer,Male,0
CUST_CH_07968,20,85.95,15,10,Month-to-Month,Bank Transfer,Female,0
CUST_CH_07969,4,113.31,16,20,Month-to-Month,Credit Card,Female,0
CUST_CH_07970,70,101.05,30,27,One-Year,Electronic Check,Female,1
CUST_CH_07971,36,32.76,7,1,Two-Year,Electronic Check,Male,0
CUST_CH_07972,62,96.79,18,14,Month-to-Month,Bank Transfer,Male,1
CUST_CH_07973,61,75.94,1,41,One-Year,Bank Transfer,Female,0
CUST_CH_07974,61,25.39,34,1,Month-to-Month,Bank Transfer,Female,0
CUST_CH_07975,12,91.83,5,35,One-Year,Electronic Check,Female,0
CUST_CH_07976,46,106.04,3,2,Month-to-Month,Bank Transfer,Male,0
CUST_CH_07977,13,52.54,27,40,Month-to-Month,Credit Card,Male,0
CUST_CH_07978,27,88.2,29,15,Month-to-Month,Electronic Check,Male,0
CUST_CH_07979,58,78.82,24,2,Month-to-Month,Bank Transfer,Female,0
CUST_CH_07980,71,27.13,31,38,Two-Year,Electronic Check,Male,1
CUST_CH_07981,51,119.38,9,18,Month-to-Month,Credit Card,Male,1
CUST_CH_07982,68,75.15,42,1,Month-to-Month,Credit Card,Male,0
CUST_CH_07983,10,98.32,38,33,One-Year,Electronic Check,Male,1
CUST_CH_07984,65,54.81,42,28,One-Year,Credit Card,Male,1
CUST_CH_07985,66,52.95,3,13,One-Year,Bank Transfer,Male,0
CUST_CH_07986,26,24.51,26,13,Month-to-Month,Bank Transfer,Male,1
CUST_CH_07987,48,79.75,27,37,One-Year,Credit Card,Female,0
CUST_CH_07988,70,90.47,19,49,Month-to-Month,Credit Card,Male,1
CUST_CH_07989,3,36.9,24,17,Month-to-Month,Electronic Check,Female,0
CUST_CH_07990,26,105.45,44,52,Two-Year,Electronic Check,Male,0
CUST_CH_07991,11,87.49,28,6,Month-to-Month,Bank Transfer,Female,1
CUST_CH_07992,67,66.83,26,51,Two-Year,Credit Card,Male,1
CUST_CH_07993,45,82.17,9,35,One-Year,Electronic Check,Male,0
CUST_CH_07994,5,51.85,43,12,Month-to-Month,Bank Transfer,Female,0
CUST_CH_07995,35,23.18,29,34,One-Year,Bank Transfer,Male,1
CUST_CH_07996,61,107.56,18,30,One-Year,Bank Transfer,Male,0
CUST_CH_07997,35,42.3,33,1,Month-to-Month,Bank Transfer,Female,0
CUST_CH_07998,65,89.01,29,2,Month-to-Month,Bank Transfer,Male,0
CUST_CH_07999,52,38.91,26,6,Two-Year,Bank Transfer,Male,0
CUST_CH_08000,22,36.0,35,4,One-Year,Electronic Check,Male,0
CUST_CH_08001,40,48.15,1,10,One-Year,Electronic Check,Female,0
CUST_CH_08002,28,98.04,50,21,Month-to-Month,Electronic Check,Female,1
CUST_CH_08003,72,52.56,44,57,Month-to-Month,Electronic Check,Female,1
CUST_CH_08004,32,20.4,39,0,Two-Year,Electronic Check,Female,0
CUST_CH_08005,63,71.28,40,36,One-Year,Electronic Check,Female,0
CUST_CH_08006,67,114.42,12,3,Month-to-Month,Bank Transfer,Male,0
CUST_CH_08007,63,54.5,17,56,Month-to-Month,Credit Card,Male,1
CUST_CH_08008,55,63.86,14,13,Month-to-Month,Credit Card,Male,0
CUST_CH_08009,65,31.58,34,30,Two-Year,Electronic Check,Female,1
CUST_CH_08010,54,44.14,44,24,Month-to-Month,Credit Card,Male,1
CUST_CH_08011,30,116.93,5,1,One-Year,Credit Card,Male,0
CUST_CH_08012,14,78.05,23,11,Month-to-Month,Credit Card,Female,0
CUST_CH_08013,55,118.19,40,4,One-Year,Electronic Check,Female,0
CUST_CH_08014,47,100.29,2,33,Month-to-Month,Electronic Check,Female,0
CUST_CH_08015,34,58.87,1,13,One-Year,Credit Card,Male,0
CUST_CH_08016,67,110.59,3,7,Month-to-Month,Electronic Check,Female,0
CUST_CH_08017,65,52.15,45,16,Month-to-Month,Bank Transfer,Male,1
CUST_CH_08018,68,31.96,6,1,Two-Year,Bank Transfer,Male,0
CUST_CH_08019,31,39.5,13,34,Month-to-Month,Credit Card,Female,1
CUST_CH_08020,43,92.67,26,41,Two-Year,Electronic Check,Female,1
CUST_CH_08021,49,22.97,1,30,Two-Year,Bank Transfer,Male,0
CUST_CH_08022,55,45.59,29,11,Two-Year,Credit Card,Female,0
CUST_CH_08023,59,85.46,48,38,Month-to-Month,Credit Card,Female,1
CUST_CH_08024,29,101.03,26,13,Month-to-Month,Credit Card,Female,0
CUST_CH_08025,19,110.78,23,58,One-Year,Bank Transfer,Male,0
CUST_CH_08026,42,36.59,31,18,Month-to-Month,Bank Transfer,Female,0
CUST_CH_08027,57,90.11,31,29,Month-to-Month,Bank Transfer,Female,1
CUST_CH_08028,71,63.79,9,35,One-Year,Electronic Check,Male,1
CUST_CH_08029,40,57.47,24,1,One-Year,Electronic Check,Male,0
CUST_CH_08030,70,68.88,29,14,Month-to-Month,Bank Transfer,Male,0
CUST_CH_08031,9,102.8,16,56,Month-to-Month,Bank Transfer,Male,1
CUST_CH_08032,66,37.96,34,11,Two-Year,Credit Card,Female,1
CUST_CH_08033,9,101.38,2,0,Month-to-Month,Electronic Check,Female,1
CUST_CH_08034,41,38.57,9,37,Two-Year,Electronic Check,Female,1
CUST_CH_08035,12,89.51,29,14,Month-to-Month,Bank Transfer,Female,1
CUST_CH_08036,59,30.65,28,13,Two-Year,Credit Card,Female,0
CUST_CH_08037,64,116.84,34,40,Month-to-Month,Electronic Check,Female,1
CUST_CH_08038,52,69.74,19,33,Two-Year,Credit Card,Male,1
CUST_CH_08039,7,25.65,50,53,One-Year,Bank Transfer,Male,1
CUST_CH_08040,8,76.91,14,36,Month-to-Month,Bank Transfer,Female,1
CUST_CH_08041,68,76.45,29,21,Month-to-Month,Credit Card,Female,1
CUST_CH_08042,33,29.48,13,16,Month-to-Month,Electronic Check,Female,0
CUST_CH_08043,55,88.72,39,60,Month-to-Month,Electronic Check,Female,1
CUST_CH_08044,28,57.37,5,43,Month-to-Month,Credit Card,Female,1
CUST_CH_08045,1,79.87,45,3,Month-to-Month,Bank Transfer,Male,1
CUST_CH_08046,45,106.71,6,18,Month-to-Month,Electronic Check,Female,0
CUST_CH_08047,72,31.65,31,1,Month-to-Month,Bank Transfer,Male,0
CUST_CH_08048,48,58.45,48,20,One-Year,Electronic Check,Female,0
CUST_CH_08049,28,90.31,34,39,Month-to-Month,Bank Transfer,Female,1
CUST_CH_08050,15,58.05,26,2,Month-to-Month,Credit Card,Male,1
CUST_CH_08051,14,116.08,41,16,Month-to-Month,Electronic Check,Male,0
CUST_CH_08052,47,29.05,11,6,Month-to-Month,Credit Card,Female,1
CUST_CH_08053,56,27.65,49,32,Month-to-Month,Electronic Check,Male,0
CUST_CH_08054,25,94.31,38,52,Two-Year,Bank Transfer,Female,0
CUST_CH_08055,58,106.76,18,54,Two-Year,Bank Transfer,Female,1
CUST_CH_08056,33,111.03,30,41,Two-Year,Electronic Check,Female,0
CUST_CH_08057,64,112.12,9,9,One-Year,Electronic Check,Female,0
CUST_CH_08058,35,88.12,38,55,One-Year,Electronic Check,Female,1
CUST_CH_08059,35,34.91,11,53,Month-to-Month,Bank Transfer,Male,1
CUST_CH_08060,8,95.06,21,58,Month-to-Month,Bank Transfer,Male,1
CUST_CH_08061,24,76.14,26,51,Month-to-Month,Credit Card,Male,1
CUST_CH_08062,43,28.76,8,2,Month-to-Month,Bank Transfer,Male,1
CUST_CH_08063,61,44.35,44,35,Month-to-Month,Bank Transfer,Female,1
CUST_CH_08064,47,60.41,24,23,Month-to-Month,Credit Card,Female,1
CUST_CH_08065,32,118.14,45,48,Month-to-Month,Bank Transfer,Male,0
CUST_CH_08066,70,39.27,3,43,Month-to-Month,Electronic Check,Female,1
CUST_CH_08067,55,76.83,33,45,Month-to-Month,Bank Transfer,Male,1
CUST_CH_08068,44,41.99,21,17,Month-to-Month,Electronic Check,Female,0
CUST_CH_08069,25,79.93,22,29,One-Year,Electronic Check,Female,0
CUST_CH_08070,68,119.68,2,29,One-Year,Bank Transfer,Male,1
CUST_CH_08071,2,118.9,15,38,Month-to-Month,Bank Transfer,Female,1
CUST_CH_08072,41,72.11,38,16,Month-to-Month,Electronic Check,Female,1
CUST_CH_08073,27,48.16,31,20,One-Year,Credit Card,Male,0
CUST_CH_08074,44,35.03,50,0,Month-to-Month,Credit Card,Female,0
CUST_CH_08075,9,30.19,9,45,One-Year,Electronic Check,Male,0
CUST_CH_08076,58,71.32,49,1,Month-to-Month,Electronic Check,Male,0
CUST_CH_08077,71,72.31,20,23,Month-to-Month,Bank Transfer,Male,1
CUST_CH_08078,41,43.34,36,42,Month-to-Month,Credit Card,Male,1
CUST_CH_08079,36,51.89,33,0,One-Year,Bank Transfer,Male,0
CUST_CH_08080,44,30.3,4,54,Month-to-Month,Electronic Check,Female,0
CUST_CH_08081,10,33.59,12,18,Month-to-Month,Electronic Check,Male,1
CUST_CH_08082,37,71.25,46,7,Month-to-Month,Bank Transfer,Female,0
CUST_CH_08083,14,115.15,21,46,Month-to-Month,Bank Transfer,Female,1
CUST_CH_08084,50,36.04,11,11,Month-to-Month,Bank Transfer,Male,0
CUST_CH_08085,50,91.75,28,35,Month-to-Month,Bank Transfer,Female,1
CUST_CH_08086,13,59.37,12,35,Month-to-Month,Credit Card,Female,1
CUST_CH_08087,24,88.32,3,7,One-Year,Electronic Check,Male,1
CUST_CH_08088,4,56.4,7,20,One-Year,Electronic Check,Male,1
CUST_CH_08089,8,50.61,1,43,Month-to-Month,Bank Transfer,Male,1
CUST_CH_08090,17,34.17,10,7,Two-Year,Credit Card,Male,0
CUST_CH_08091,44,77.2,35,44,Month-to-Month,Electronic Check,Female,1
CUST_CH_08092,52,87.91,19,9,One-Year,Bank Transfer,Female,0
CUST_CH_08093,46,58.82,40,4,One-Year,Electronic Check,Female,0
CUST_CH_08094,24,92.31,47,31,Month-to-Month,Credit Card,Male,1
CUST_CH_08095,5,105.55,17,7,One-Year,Electronic Check,Male,1
CUST_CH_08096,5,25.44,33,19,Month-to-Month,Credit Card,Male,0
CUST_CH_08097,38,24.08,24,19,Two-Year,Electronic Check,Male,0
CUST_CH_08098,72,26.74,50,17,One-Year,Bank Transfer,Female,0
CUST_CH_08099,22,24.19,11,44,Month-to-Month,Electronic Check,Female,1
CUST_CH_08100,31,96.28,17,52,Month-to-Month,Credit Card,Female,1
CUST_CH_08101,31,42.72,29,36,One-Year,Bank Transfer,Female,0
CUST_CH_08102,58,31.84,12,30,Month-to-Month,Electronic Check,Male,1
CUST_CH_08103,11,47.75,25,7,Month-to-Month,Credit Card,Male,1
CUST_CH_08104,29,67.56,23,53,One-Year,Bank Transfer,Male,0
CUST_CH_08105,40,104.99,32,14,Month-to-Month,Electronic Check,Female,1
CUST_CH_08106,22,86.22,36,38,One-Year,Electronic Check,Male,0
CUST_CH_08107,70,85.07,21,11,One-Year,Electronic Check,Female,0
CUST_CH_08108,38,64.99,32,13,Two-Year,Bank Transfer,Female,0
CUST_CH_08109,36,67.95,5,3,One-Year,Credit Card,Female,0
CUST_CH_08110,45,31.39,26,35,Two-Year,Credit Card,Male,1
CUST_CH_08111,32,60.78,44,39,Month-to-Month,Credit Card,Male,1
CUST_CH_08112,71,49.97,8,28,Month-to-Month,Credit Card,Male,1
CUST_CH_08113,16,32.39,16,47,Two-Year,Bank Transfer,Female,0
CUST_CH_08114,43,103.83,16,5,Month-to-Month,Electronic Check,Male,1
CUST_CH_08115,37,93.78,30,17,Month-to-Month,Bank Transfer,Female,1
CUST_CH_08116,54,27.41,23,42,Month-to-Month,Electronic Check,Female,1
CUST_CH_08117,63,77.5,37,49,Two-Year,Electronic Check,Female,0
CUST_CH_08118,45,26.27,17,22,Two-Year,Electronic Check,Male,0
CUST_CH_08119,51,27.17,9,17,One-Year,Electronic Check,Female,0
CUST_CH_08120,50,109.75,6,24,One-Year,Electronic Check,Female,1
CUST_CH_08121,62,95.54,50,7,Month-to-Month,Credit Card,Male,0
CUST_CH_08122,17,27.15,2,26,Two-Year,Electronic Check,Female,1
CUST_CH_08123,12,102.47,39,7,Month-to-Month,Bank Transfer,Female,1
CUST_CH_08124,69,23.74,16,26,Month-to-Month,Electronic Check,Female,1
CUST_CH_08125,45,89.18,26,30,One-Year,Credit Card,Female,1
CUST_CH_08126,46,41.76,17,33,One-Year,Bank Transfer,Female,0
CUST_CH_08127,47,32.03,47,32,Month-to-Month,Electronic Check,Female,1
CUST_CH_08128,8,27.33,31,38,One-Year,Bank Transfer,Male,0
CUST_CH_08129,27,98.86,34,35,Month-to-Month,Credit Card,Male,1
CUST_CH_08130,67,95.78,28,57,One-Year,Credit Card,Female,1
CUST_CH_08131,30,22.89,38,16,Month-to-Month,Credit Card,Female,0
CUST_CH_08132,22,72.59,5,10,Two-Year,Credit Card,Male,0
CUST_CH_08133,21,108.59,1,26,One-Year,Credit Card,Female,1
CUST_CH_08134,18,47.14,20,54,One-Year,Credit Card,Female,1
CUST_CH_08135,55,35.9,20,50,Month-to-Month,Bank Transfer,Female,1
CUST_CH_08136,56,64.57,23,30,Month-to-Month,Bank Transfer,Female,0
CUST_CH_08137,70,114.14,11,1,Month-to-Month,Electronic Check,Female,0
CUST_CH_08138,15,74.21,6,58,Two-Year,Credit Card,Female,0
CUST_CH_08139,58,64.55,24,8,Month-to-Month,Credit Card,Female,1
CUST_CH_08140,30,42.57,4,25,One-Year,Electronic Check,Female,1
CUST_CH_08141,18,56.47,34,0,Month-to-Month,Electronic Check,Female,1
CUST_CH_08142,16,70.97,36,34,Month-to-Month,Credit Card,Female,0
CUST_CH_08143,21,101.51,4,52,One-Year,Credit Card,Male,0
CUST_CH_08144,35,114.0,26,41,Two-Year,Credit Card,Male,1
CUST_CH_08145,52,23.71,23,40,Month-to-Month,Electronic Check,Male,0
CUST_CH_08146,15,98.51,8,32,Month-to-Month,Credit Card,Male,1
CUST_CH_08147,35,27.07,43,58,One-Year,Bank Transfer,Male,1
CUST_CH_08148,70,103.43,2,60,One-Year,Bank Transfer,Male,0
CUST_CH_08149,53,44.68,27,28,Month-to-Month,Credit Card,Male,1
CUST_CH_08150,34,78.93,1,38,One-Year,Credit Card,Female,1
CUST_CH_08151,53,106.18,3,4,Month-to-Month,Electronic Check,Male,0
CUST_CH_08152,20,112.98,43,1,Month-to-Month,Credit Card,Male,0
CUST_CH_08153,3,66.92,4,37,One-Year,Credit Card,Male,1
CUST_CH_08154,49,110.47,29,3,Two-Year,Electronic Check,Female,0
CUST_CH_08155,43,55.24,11,39,One-Year,Bank Transfer,Male,1
CUST_CH_08156,66,102.45,49,46,Month-to-Month,Credit Card,Male,1
CUST_CH_08157,11,80.94,19,0,Month-to-Month,Electronic Check,Female,1
CUST_CH_08158,56,44.16,48,16,Month-to-Month,Bank Transfer,Male,1
CUST_CH_08159,42,105.76,22,5,Two-Year,Bank Transfer,Male,0
CUST_CH_08160,62,60.53,32,23,Month-to-Month,Credit Card,Male,0
CUST_CH_08161,42,87.52,34,12,Month-to-Month,Electronic Check,Male,1
CUST_CH_08162,39,66.12,46,36,One-Year,Credit Card,Male,0
CUST_CH_08163,28,41.46,48,32,Month-to-Month,Bank Transfer,Male,1
CUST_CH_08164,27,40.12,49,11,Two-Year,Credit Card,Female,0
CUST_CH_08165,31,56.23,23,60,Two-Year,Bank Transfer,Female,0
CUST_CH_08166,33,40.4,31,16,Two-Year,Electronic Check,Male,0
CUST_CH_08167,16,43.08,14,36,Two-Year,Electronic Check,Male,0
CUST_CH_08168,60,82.49,15,58,One-Year,Electronic Check,Female,1
CUST_CH_08169,37,92.1,5,38,Two-Year,Bank Transfer,Female,0
CUST_CH_08170,66,90.34,23,5,One-Year,Electronic Check,Male,0
CUST_CH_08171,51,57.61,22,58,One-Year,Bank Transfer,Female,1
CUST_CH_08172,17,72.65,45,12,Month-to-Month,Electronic Check,Male,0
CUST_CH_08173,41,23.8,11,2,Month-to-Month,Bank Transfer,Female,1
CUST_CH_08174,72,50.38,49,23,Month-to-Month,Credit Card,Male,1
CUST_CH_08175,54,56.73,19,1,One-Year,Credit Card,Male,1
CUST_CH_08176,70,95.4,31,23,Month-to-Month,Electronic Check,Female,0
CUST_CH_08177,72,74.97,1,16,One-Year,Electronic Check,Female,0
CUST_CH_08178,23,36.14,48,26,Month-to-Month,Credit Card,Male,1
CUST_CH_08179,55,101.22,5,44,One-Year,Credit Card,Male,1
CUST_CH_08180,24,35.8,29,54,One-Year,Bank Transfer,Female,1
CUST_CH_08181,6,54.11,6,60,Month-to-Month,Bank Transfer,Male,1
CUST_CH_08182,6,66.81,27,50,Two-Year,Electronic Check,Male,0
CUST_CH_08183,59,21.34,44,53,One-Year,Bank Transfer,Male,1
CUST_CH_08184,71,86.65,35,1,Month-to-Month,Bank Transfer,Female,0
CUST_CH_08185,53,113.22,19,53,Month-to-Month,Credit Card,Female,1
CUST_CH_08186,63,71.78,40,27,Month-to-Month,Credit Card,Female,1
CUST_CH_08187,18,107.86,19,15,Two-Year,Bank Transfer,Male,1
CUST_CH_08188,14,104.52,45,33,One-Year,Credit Card,Female,1
CUST_CH_08189,9,82.06,5,30,Two-Year,Electronic Check,Male,1
CUST_CH_08190,39,31.76,25,32,Month-to-Month,Bank Transfer,Female,1
CUST_CH_08191,57,85.08,29,18,Two-Year,Electronic Check,Female,0
CUST_CH_08192,34,61.59,30,18,Two-Year,Electronic Check,Male,0
CUST_CH_08193,70,114.45,16,39,Month-to-Month,Electronic Check,Male,1
CUST_CH_08194,15,116.4,44,19,One-Year,Bank Transfer,Female,1
CUST_CH_08195,11,119.05,20,31,Month-to-Month,Electronic Check,Male,1
CUST_CH_08196,46,111.67,20,32,Month-to-Month,Electronic Check,Male,1
CUST_CH_08197,13,112.33,17,32,Month-to-Month,Bank Transfer,Female,0
CUST_CH_08198,61,55.29,3,38,One-Year,Bank Transfer,Female,0
CUST_CH_08199,6,84.46,19,8,Month-to-Month,Credit Card,Female,1
CUST_CH_08200,69,100.21,45,11,Month-to-Month,Electronic Check,Male,1
CUST_CH_08201,20,51.59,17,38,Month-to-Month,Electronic Check,Male,1
CUST_CH_08202,39,63.95,12,35,Two-Year,Electronic Check,Male,0
CUST_CH_08203,16,95.48,13,24,Month-to-Month,Bank Transfer,Female,0
CUST_CH_08204,38,114.35,18,14,Month-to-Month,Bank Transfer,Female,1
CUST_CH_08205,8,92.54,47,9,Month-to-Month,Bank Transfer,Male,0
CUST_CH_08206,1,86.54,29,30,One-Year,Bank Transfer,Female,0
CUST_CH_08207,57,93.68,45,2,One-Year,Bank Transfer,Male,0
CUST_CH_08208,25,107.41,35,34,Two-Year,Credit Card,Female,1
CUST_CH_08209,47,44.88,39,50,One-Year,Electronic Check,Male,1
CUST_CH_08210,68,55.67,32,52,Month-to-Month,Bank Transfer,Male,1
CUST_CH_08211,39,107.91,21,49,Month-to-Month,Bank Transfer,Female,1
CUST_CH_08212,52,60.21,47,60,Month-to-Month,Electronic Check,Male,1
CUST_CH_08213,46,61.88,9,31,Month-to-Month,Credit Card,Female,1
CUST_CH_08214,10,102.71,30,4,Two-Year,Electronic Check,Female,0
CUST_CH_08215,32,23.57,2,10,One-Year,Credit Card,Female,0
CUST_CH_08216,19,35.61,9,57,Month-to-Month,Bank Transfer,Female,1
CUST_CH_08217,71,57.36,15,30,One-Year,Bank Transfer,Female,0
CUST_CH_08218,30,102.26,45,1,Two-Year,Bank Transfer,Male,0
CUST_CH_08219,67,85.64,36,37,One-Year,Credit Card,Male,0
CUST_CH_08220,8,52.74,43,36,Month-to-Month,Credit Card,Female,1
CUST_CH_08221,19,90.42,18,40,One-Year,Bank Transfer,Male,0
CUST_CH_08222,14,69.52,50,8,Two-Year,Electronic Check,Male,0
CUST_CH_08223,72,49.64,48,56,Month-to-Month,Electronic Check,Female,1
CUST_CH_08224,21,25.05,22,13,One-Year,Bank Transfer,Female,0
CUST_CH_08225,4,23.35,28,2,One-Year,Bank Transfer,Male,0
CUST_CH_08226,70,72.13,46,46,Month-to-Month,Bank Transfer,Female,1
CUST_CH_08227,14,81.21,43,55,One-Year,Bank Transfer,Male,0
CUST_CH_08228,33,89.96,21,18,One-Year,Credit Card,Female,0
CUST_CH_08229,55,100.05,40,50,Month-to-Month,Electronic Check,Male,1
CUST_CH_08230,18,71.67,20,48,Month-to-Month,Electronic Check,Male,1
CUST_CH_08231,59,38.55,16,41,Two-Year,Bank Transfer,Male,1
CUST_CH_08232,9,40.21,23,10,Two-Year,Electronic Check,Female,0
CUST_CH_08233,58,47.06,9,26,One-Year,Credit Card,Female,1
CUST_CH_08234,59,96.08,9,47,Month-to-Month,Credit Card,Female,0
CUST_CH_08235,33,96.11,40,28,Two-Year,Credit Card,Male,1
CUST_CH_08236,24,76.85,9,11,Month-to-Month,Bank Transfer,Male,0
CUST_CH_08237,42,78.17,10,38,Month-to-Month,Electronic Check,Male,1
CUST_CH_08238,40,31.16,14,16,One-Year,Electronic Check,Female,0
CUST_CH_08239,4,82.31,40,56,One-Year,Electronic Check,Male,0
CUST_CH_08240,51,99.59,3,34,Month-to-Month,Electronic Check,Male,1
CUST_CH_08241,34,49.31,3,58,One-Year,Bank Transfer,Male,1
CUST_CH_08242,5,33.06,2,15,One-Year,Electronic Check,Male,1
CUST_CH_08243,32,68.4,39,23,Two-Year,Credit Card,Male,1
CUST_CH_08244,42,56.14,17,2,Month-to-Month,Credit Card,Female,0
CUST_CH_08245,38,106.15,31,57,Month-to-Month,Bank Transfer,Male,1
CUST_CH_08246,34,50.54,50,56,Two-Year,Electronic Check,Male,0
CUST_CH_08247,34,34.74,6,9,One-Year,Credit Card,Male,0
CUST_CH_08248,69,53.14,39,28,Month-to-Month,Bank Transfer,Male,1
CUST_CH_08249,22,84.0,37,5,Month-to-Month,Credit Card,Female,1
CUST_CH_08250,22,100.35,16,44,Month-to-Month,Electronic Check,Male,1
CUST_CH_08251,65,83.66,19,50,Two-Year,Credit Card,Male,0
CUST_CH_08252,24,90.94,10,22,Month-to-Month,Electronic Check,Female,0
CUST_CH_08253,40,35.1,19,14,Two-Year,Electronic Check,Male,0
CUST_CH_08254,63,101.03,26,21,Two-Year,Credit Card,Male,0
CUST_CH_08255,1,44.69,28,54,Month-to-Month,Electronic Check,Female,0
CUST_CH_08256,63,113.06,1,34,Month-to-Month,Bank Transfer,Female,1
CUST_CH_08257,53,31.2,9,39,Month-to-Month,Credit Card,Male,1
CUST_CH_08258,33,74.62,4,57,One-Year,Electronic Check,Male,1
CUST_CH_08259,36,84.15,25,46,One-Year,Electronic Check,Male,0
CUST_CH_08260,11,48.9,35,17,Month-to-Month,Bank Transfer,Male,1
CUST_CH_08261,36,53.36,31,25,Two-Year,Electronic Check,Male,0
CUST_CH_08262,69,24.99,24,32,One-Year,Credit Card,Female,0
CUST_CH_08263,5,61.46,47,10,Month-to-Month,Bank Transfer,Female,0
CUST_CH_08264,65,103.01,15,26,Month-to-Month,Bank Transfer,Male,1
CUST_CH_08265,51,75.56,38,35,Two-Year,Electronic Check,Male,1
CUST_CH_08266,36,67.0,11,26,One-Year,Bank Transfer,Female,0
CUST_CH_08267,28,57.7,36,23,One-Year,Bank Transfer,Female,0
CUST_CH_08268,65,73.14,30,47,Two-Year,Electronic Check,Female,1
CUST_CH_08269,26,69.7,15,0,One-Year,Bank Transfer,Female,0
CUST_CH_08270,9,57.39,35,50,One-Year,Bank Transfer,Male,0
CUST_CH_08271,57,115.08,11,14,Month-to-Month,Electronic Check,Female,1
CUST_CH_08272,38,64.62,49,21,Two-Year,Electronic Check,Male,1
CUST_CH_08273,24,29.41,50,4,Month-to-Month,Credit Card,Male,1
CUST_CH_08274,20,118.45,24,48,Month-to-Month,Electronic Check,Male,1
CUST_CH_08275,42,40.18,20,49,Month-to-Month,Electronic Check,Female,0
CUST_CH_08276,15,93.51,37,40,One-Year,Bank Transfer,Female,0
CUST_CH_08277,51,85.74,37,37,Month-to-Month,Electronic Check,Female,1
CUST_CH_08278,62,69.03,44,11,Month-to-Month,Bank Transfer,Female,1
CUST_CH_08279,48,66.29,20,3,Month-to-Month,Credit Card,Male,0
CUST_CH_08280,46,41.38,6,2,One-Year,Bank Transfer,Male,0
CUST_CH_08281,30,105.81,5,4,Month-to-Month,Credit Card,Female,1
CUST_CH_08282,29,46.91,15,19,One-Year,Electronic Check,Male,0
CUST_CH_08283,7,77.45,13,13,Month-to-Month,Credit Card,Female,1
CUST_CH_08284,35,119.08,45,46,One-Year,Electronic Check,Female,0
CUST_CH_08285,40,50.79,48,6,Month-to-Month,Electronic Check,Male,0
CUST_CH_08286,24,33.57,26,5,Month-to-Month,Credit Card,Male,0
CUST_CH_08287,70,67.0,13,7,Month-to-Month,Bank Transfer,Male,1
CUST_CH_08288,70,118.81,21,14,Month-to-Month,Credit Card,Male,1
CUST_CH_08289,69,76.22,19,42,Month-to-Month,Electronic Check,Male,0
CUST_CH_08290,42,32.32,49,35,Month-to-Month,Credit Card,Female,1
CUST_CH_08291,13,92.95,48,19,One-Year,Credit Card,Male,0
CUST_CH_08292,45,77.88,42,26,Month-to-Month,Credit Card,Female,1
CUST_CH_08293,71,48.47,9,59,Month-to-Month,Credit Card,Female,1
CUST_CH_08294,3,23.14,36,40,Month-to-Month,Electronic Check,Male,0
CUST_CH_08295,52,116.19,10,21,Month-to-Month,Bank Transfer,Female,1
CUST_CH_08296,72,56.08,11,26,Month-to-Month,Electronic Check,Female,1
CUST_CH_08297,56,40.89,22,50,Month-to-Month,Credit Card,Female,0
CUST_CH_08298,69,26.92,30,27,Two-Year,Credit Card,Male,1
CUST_CH_08299,46,57.68,1,57,One-Year,Bank Transfer,Female,0
CUST_CH_08300,72,77.89,31,11,One-Year,Electronic Check,Female,0
CUST_CH_08301,13,23.06,50,56,Month-to-Month,Credit Card,Female,0
CUST_CH_08302,2,108.54,9,14,One-Year,Bank Transfer,Male,1
CUST_CH_08303,61,110.69,17,25,Two-Year,Credit Card,Female,0
CUST_CH_08304,70,34.5,2,38,Month-to-Month,Bank Transfer,Male,0
CUST_CH_08305,12,88.83,38,49,One-Year,Credit Card,Male,1
CUST_CH_08306,6,75.32,38,50,Month-to-Month,Credit Card,Female,1
CUST_CH_08307,61,22.26,25,22,Month-to-Month,Electronic Check,Male,1
CUST_CH_08308,52,81.45,36,29,Month-to-Month,Electronic Check,Female,1
CUST_CH_08309,66,82.71,39,6,One-Year,Bank Transfer,Male,0
CUST_CH_08310,45,82.04,22,52,Two-Year,Bank Transfer,Female,1
CUST_CH_08311,44,86.86,19,42,Month-to-Month,Electronic Check,Male,1
CUST_CH_08312,65,30.94,1,40,One-Year,Bank Transfer,Female,0
CUST_CH_08313,30,90.11,46,30,One-Year,Bank Transfer,Female,1
CUST_CH_08314,19,22.09,7,55,Month-to-Month,Bank Transfer,Female,1
CUST_CH_08315,72,91.1,36,30,One-Year,Credit Card,Female,1
CUST_CH_08316,68,90.59,4,22,One-Year,Electronic Check,Female,1
CUST_CH_08317,11,111.81,18,22,One-Year,Bank Transfer,Male,1
CUST_CH_08318,71,79.26,22,51,One-Year,Bank Transfer,Female,1
CUST_CH_08319,17,25.44,31,33,Month-to-Month,Bank Transfer,Male,1
CUST_CH_08320,26,50.41,26,3,Month-to-Month,Electronic Check,Female,1
CUST_CH_08321,22,62.08,25,38,Two-Year,Credit Card,Female,0
CUST_CH_08322,30,104.55,8,23,One-Year,Credit Card,Male,1
CUST_CH_08323,44,35.89,35,30,Month-to-Month,Electronic Check,Male,0
CUST_CH_08324,5,95.9,16,9,Month-to-Month,Electronic Check,Male,0
CUST_CH_08325,47,103.2,35,8,Month-to-Month,Credit Card,Female,0
CUST_CH_08326,39,63.24,19,38,Two-Year,Credit Card,Female,0
CUST_CH_08327,23,31.44,1,44,Month-to-Month,Bank Transfer,Male,1
CUST_CH_08328,38,56.15,31,5,Two-Year,Credit Card,Male,0
CUST_CH_08329,41,59.56,14,5,Two-Year,Credit Card,Female,1
CUST_CH_08330,65,84.0,28,45,One-Year,Credit Card,Female,1
CUST_CH_08331,18,54.87,49,35,One-Year,Bank Transfer,Female,1
CUST_CH_08332,52,68.65,44,11,Month-to-Month,Credit Card,Female,0
CUST_CH_08333,16,98.55,16,39,Month-to-Month,Bank Transfer,Female,1
CUST_CH_08334,2,81.63,20,3,One-Year,Bank Transfer,Male,1
CUST_CH_08335,13,104.99,4,11,Month-to-Month,Bank Transfer,Female,1
CUST_CH_08336,67,113.19,39,0,Month-to-Month,Electronic Check,Male,0
CUST_CH_08337,8,99.58,17,43,Month-to-Month,Credit Card,Female,1
CUST_CH_08338,62,95.5,44,32,Month-to-Month,Bank Transfer,Female,1
CUST_CH_08339,23,94.0,21,40,Month-to-Month,Credit Card,Female,1
CUST_CH_08340,57,66.46,25,54,Two-Year,Credit Card,Female,0
CUST_CH_08341,16,97.01,39,44,Two-Year,Credit Card,Male,0
CUST_CH_08342,13,49.98,40,52,One-Year,Credit Card,Male,0
CUST_CH_08343,21,66.7,29,4,Month-to-Month,Bank Transfer,Female,0
CUST_CH_08344,17,115.13,20,0,One-Year,Bank Transfer,Male,0
CUST_CH_08345,26,36.33,20,40,One-Year,Bank Transfer,Female,0
CUST_CH_08346,7,99.87,44,9,One-Year,Credit Card,Female,1
CUST_CH_08347,39,26.87,29,13,One-Year,Credit Card,Female,0
CUST_CH_08348,37,90.18,19,0,Month-to-Month,Electronic Check,Female,0
CUST_CH_08349,27,27.2,5,33,One-Year,Bank Transfer,Male,0
CUST_CH_08350,21,87.49,8,52,Month-to-Month,Credit Card,Male,1
CUST_CH_08351,71,81.63,25,59,Month-to-Month,Bank Transfer,Male,1
CUST_CH_08352,11,25.64,45,0,Month-to-Month,Credit Card,Female,1
CUST_CH_08353,31,100.44,39,26,Two-Year,Credit Card,Female,1
CUST_CH_08354,1,60.74,36,33,Month-to-Month,Electronic Check,Male,1
CUST_CH_08355,25,33.43,8,7,One-Year,Credit Card,Male,0
CUST_CH_08356,65,78.93,10,20,Month-to-Month,Credit Card,Male,1
CUST_CH_08357,32,65.96,32,10,One-Year,Electronic Check,Female,0
CUST_CH_08358,10,113.29,25,12,Month-to-Month,Bank Transfer,Female,1
CUST_CH_08359,38,49.92,14,38,One-Year,Electronic Check,Female,1
CUST_CH_08360,40,50.37,24,59,One-Year,Credit Card,Male,0
CUST_CH_08361,71,76.28,18,38,Month-to-Month,Electronic Check,Female,0
CUST_CH_08362,20,87.46,4,4,Month-to-Month,Credit Card,Male,1
CUST_CH_08363,56,85.78,50,36,Month-to-Month,Credit Card,Female,1
CUST_CH_08364,50,91.89,19,12,Two-Year,Bank Transfer,Male,0
CUST_CH_08365,8,93.36,26,52,Two-Year,Bank Transfer,Female,1
CUST_CH_08366,66,119.34,31,14,Month-to-Month,Electronic Check,Female,1
CUST_CH_08367,23,114.17,5,53,Month-to-Month,Electronic Check,Female,1
CUST_CH_08368,55,68.06,34,35,One-Year,Electronic Check,Male,1
CUST_CH_08369,43,96.5,17,15,Two-Year,Credit Card,Male,1
CUST_CH_08370,41,78.96,46,26,Month-to-Month,Electronic Check,Male,0
CUST_CH_08371,29,72.49,10,3,Month-to-Month,Credit Card,Female,1
CUST_CH_08372,72,58.31,2,40,One-Year,Electronic Check,Male,1
CUST_CH_08373,42,93.23,29,13,Month-to-Month,Credit Card,Male,0
CUST_CH_08374,44,93.59,39,37,Month-to-Month,Credit Card,Male,1
CUST_CH_08375,58,61.39,31,40,Month-to-Month,Credit Card,Male,1
CUST_CH_08376,23,60.42,32,40,Month-to-Month,Credit Card,Female,1
CUST_CH_08377,68,107.16,6,3,Month-to-Month,Credit Card,Female,1
CUST_CH_08378,20,93.9,19,26,Month-to-Month,Electronic Check,Female,1
CUST_CH_08379,16,86.85,19,59,Month-to-Month,Credit Card,Male,0
CUST_CH_08380,7,93.1,10,55,Month-to-Month,Bank Transfer,Male,1
CUST_CH_08381,66,45.8,23,11,Month-to-Month,Electronic Check,Female,1
CUST_CH_08382,46,106.52,32,7,Month-to-Month,Credit Card,Male,1
CUST_CH_08383,30,37.12,35,17,Month-to-Month,Bank Transfer,Female,1
CUST_CH_08384,15,68.79,5,7,One-Year,Credit Card,Male,0
CUST_CH_08385,63,42.86,10,2,Month-to-Month,Electronic Check,Male,0
CUST_CH_08386,58,22.69,30,26,Month-to-Month,Electronic Check,Female,0
CUST_CH_08387,60,35.35,12,5,Month-to-Month,Bank Transfer,Male,1
CUST_CH_08388,13,25.93,27,45,Two-Year,Credit Card,Male,0
CUST_CH_08389,72,115.31,35,60,One-Year,Electronic Check,Female,0
CUST_CH_08390,5,46.79,16,19,Month-to-Month,Bank Transfer,Male,0
CUST_CH_08391,70,28.73,50,48,One-Year,Electronic Check,Male,1
CUST_CH_08392,13,25.71,13,30,Month-to-Month,Bank Transfer,Female,1
CUST_CH_08393,20,72.07,4,38,Month-to-Month,Electronic Check,Male,1
CUST_CH_08394,6,93.38,1,50,One-Year,Credit Card,Female,1
CUST_CH_08395,72,26.68,4,13,Month-to-Month,Bank Transfer,Female,0
CUST_CH_08396,26,98.93,41,17,Month-to-Month,Credit Card,Male,1
CUST_CH_08397,16,83.36,30,58,One-Year,Bank Transfer,Male,1
CUST_CH_08398,46,58.63,1,6,Month-to-Month,Credit Card,Male,1
CUST_CH_08399,10,24.48,41,5,Month-to-Month,Bank Transfer,Female,1
CUST_CH_08400,15,62.34,3,18,Two-Year,Bank Transfer,Male,0
CUST_CH_08401,49,27.49,20,33,Month-to-Month,Bank Transfer,Female,0
CUST_CH_08402,49,69.59,23,35,Month-to-Month,Credit Card,Female,0
CUST_CH_08403,42,82.73,36,25,Month-to-Month,Electronic Check,Female,1
CUST_CH_08404,29,82.78,28,46,One-Year,Electronic Check,Male,0
CUST_CH_08405,45,57.88,14,52,Month-to-Month,Credit Card,Male,1
CUST_CH_08406,27,41.61,39,36,One-Year,Credit Card,Female,0
CUST_CH_08407,40,76.1,43,59,Month-to-Month,Credit Card,Female,0
CUST_CH_08408,55,99.41,22,56,Two-Year,Electronic Check,Male,1
CUST_CH_08409,54,62.11,18,29,Month-to-Month,Credit Card,Female,0
CUST_CH_08410,20,61.27,14,4,Month-to-Month,Bank Transfer,Female,1
CUST_CH_08411,70,32.04,5,49,Two-Year,Electronic Check,Female,1
CUST_CH_08412,27,79.39,14,27,Two-Year,Credit Card,Female,0
CUST_CH_08413,18,102.66,21,57,One-Year,Credit Card,Female,0
CUST_CH_08414,25,53.18,37,52,Month-to-Month,Bank Transfer,Female,0
CUST_CH_08415,12,82.38,39,7,One-Year,Electronic Check,Male,0
CUST_CH_08416,36,55.99,4,51,Month-to-Month,Bank Transfer,Male,1
CUST_CH_08417,6,116.95,12,30,Two-Year,Bank Transfer,Female,1
CUST_CH_08418,4,62.53,38,25,Month-to-Month,Bank Transfer,Male,1
CUST_CH_08419,19,42.55,50,30,One-Year,Electronic Check,Male,0
CUST_CH_08420,5,65.29,30,45,Month-to-Month,Bank Transfer,Female,1
CUST_CH_08421,39,101.47,43,51,Two-Year,Credit Card,Male,0
CUST_CH_08422,13,83.65,19,49,Month-to-Month,Bank Transfer,Male,1
CUST_CH_08423,52,57.48,25,58,Month-to-Month,Credit Card,Female,0
CUST_CH_08424,4,55.02,32,56,Two-Year,Electronic Check,Male,1
CUST_CH_08425,36,116.41,8,46,Month-to-Month,Credit Card,Female,1
CUST_CH_08426,54,68.83,9,33,Month-to-Month,Bank Transfer,Female,0
CUST_CH_08427,38,107.28,37,13,Month-to-Month,Credit Card,Male,1
CUST_CH_08428,29,50.39,28,13,Month-to-Month,Bank Transfer,Female,0
CUST_CH_08429,49,104.76,16,2,One-Year,Electronic Check,Male,1
CUST_CH_08430,12,116.1,7,6,Two-Year,Bank Transfer,Female,0
CUST_CH_08431,40,54.14,16,5,Month-to-Month,Electronic Check,Female,0
CUST_CH_08432,59,75.16,34,17,Month-to-Month,Bank Transfer,Female,0
CUST_CH_08433,56,109.15,47,34,Month-to-Month,Electronic Check,Male,0
CUST_CH_08434,47,35.68,12,47,Month-to-Month,Electronic Check,Male,0
CUST_CH_08435,12,93.86,1,29,Month-to-Month,Bank Transfer,Male,1
CUST_CH_08436,33,74.09,3,58,One-Year,Credit Card,Male,1
CUST_CH_08437,26,114.94,40,26,One-Year,Electronic Check,Male,0
CUST_CH_08438,2,74.03,19,12,Month-to-Month,Bank Transfer,Female,1
CUST_CH_08439,26,63.95,47,46,Month-to-Month,Bank Transfer,Female,1
CUST_CH_08440,33,78.0,45,2,Month-to-Month,Electronic Check,Female,1
CUST_CH_08441,36,31.71,48,41,Month-to-Month,Bank Transfer,Female,0
CUST_CH_08442,33,50.03,26,10,Month-to-Month,Bank Transfer,Male,1
CUST_CH_08443,42,75.83,35,18,One-Year,Electronic Check,Male,0
CUST_CH_08444,2,65.59,23,42,Two-Year,Electronic Check,Female,1
CUST_CH_08445,45,113.49,15,47,Month-to-Month,Electronic Check,Female,1
CUST_CH_08446,17,45.32,5,24,Month-to-Month,Electronic Check,Male,1
CUST_CH_08447,54,36.45,46,39,One-Year,Bank Transfer,Male,0
CUST_CH_08448,62,60.13,26,58,Month-to-Month,Bank Transfer,Male,1
CUST_CH_08449,36,119.86,13,9,Month-to-Month,Bank Transfer,Female,1
CUST_CH_08450,71,96.46,20,0,Month-to-Month,Credit Card,Female,1
CUST_CH_08451,18,39.75,8,9,Month-to-Month,Bank Transfer,Female,1
CUST_CH_08452,51,28.65,2,33,Month-to-Month,Credit Card,Male,1
CUST_CH_08453,70,36.81,3,7,One-Year,Bank Transfer,Female,0
CUST_CH_08454,54,97.98,32,20,Month-to-Month,Electronic Check,Female,1
CUST_CH_08455,10,41.3,20,42,Month-to-Month,Bank Transfer,Male,0
CUST_CH_08456,41,35.24,30,31,Two-Year,Credit Card,Female,0
CUST_CH_08457,61,109.8,1,2,Month-to-Month,Bank Transfer,Female,0
CUST_CH_08458,12,30.99,6,8,Two-Year,Bank Transfer,Female,0
CUST_CH_08459,11,23.8,2,51,One-Year,Electronic Check,Male,1
CUST_CH_08460,6,80.5,47,20,One-Year,Bank Transfer,Male,0
CUST_CH_08461,17,51.16,48,55,Month-to-Month,Electronic Check,Female,0
CUST_CH_08462,23,31.43,28,44,Month-to-Month,Electronic Check,Female,1
CUST_CH_08463,59,32.49,3,41,Month-to-Month,Electronic Check,Male,1
CUST_CH_08464,32,73.03,5,15,Month-to-Month,Credit Card,Female,0
CUST_CH_08465,16,46.96,28,4,Month-to-Month,Credit Card,Female,1
CUST_CH_08466,51,74.12,7,28,Month-to-Month,Electronic Check,Male,1
CUST_CH_08467,57,101.05,36,28,Month-to-Month,Electronic Check,Female,1
CUST_CH_08468,37,118.29,8,59,One-Year,Bank Transfer,Female,0
CUST_CH_08469,45,30.53,28,31,Month-to-Month,Bank Transfer,Female,1
CUST_CH_08470,15,71.36,47,53,Month-to-Month,Credit Card,Male,1
CUST_CH_08471,66,72.86,14,13,Month-to-Month,Credit Card,Female,1
CUST_CH_08472,66,90.78,48,32,Month-to-Month,Electronic Check,Female,1
CUST_CH_08473,51,116.3,24,18,One-Year,Bank Transfer,Female,0
CUST_CH_08474,69,69.79,33,56,Month-to-Month,Credit Card,Male,1
CUST_CH_08475,38,74.33,7,14,One-Year,Bank Transfer,Female,0
CUST_CH_08476,54,119.3,8,26,Month-to-Month,Electronic Check,Female,1
CUST_CH_08477,3,104.51,47,27,Month-to-Month,Credit Card,Female,1
CUST_CH_08478,54,74.84,46,33,Two-Year,Electronic Check,Male,0
CUST_CH_08479,49,49.29,15,9,One-Year,Electronic Check,Male,1
CUST_CH_08480,54,80.15,27,17,Month-to-Month,Bank Transfer,Female,0
CUST_CH_08481,8,77.69,3,4,One-Year,Credit Card,Female,0
CUST_CH_08482,46,98.34,35,37,One-Year,Credit Card,Male,0
CUST_CH_08483,22,83.24,41,9,One-Year,Bank Transfer,Female,0
CUST_CH_08484,69,62.05,47,55,Two-Year,Electronic Check,Male,1
CUST_CH_08485,45,50.07,37,40,Month-to-Month,Electronic Check,Male,1
CUST_CH_08486,40,55.62,41,5,Two-Year,Electronic Check,Female,1
CUST_CH_08487,29,53.81,13,31,One-Year,Credit Card,Male,1
CUST_CH_08488,11,118.05,15,57,Month-to-Month,Credit Card,Female,1
CUST_CH_08489,70,30.09,46,48,One-Year,Electronic Check,Male,0
CUST_CH_08490,32,37.04,50,19,Two-Year,Credit Card,Male,1
CUST_CH_08491,17,111.88,7,56,One-Year,Credit Card,Female,0
CUST_CH_08492,26,20.89,27,37,Month-to-Month,Electronic Check,Female,0
CUST_CH_08493,20,69.31,8,6,Month-to-Month,Credit Card,Female,0
CUST_CH_08494,40,39.23,13,45,Two-Year,Bank Transfer,Male,1
CUST_CH_08495,47,70.21,45,26,Month-to-Month,Electronic Check,Male,1
CUST_CH_08496,63,69.94,42,19,Month-to-Month,Electronic Check,Male,0
CUST_CH_08497,19,25.81,19,47,Month-to-Month,Electronic Check,Male,1
CUST_CH_08498,22,114.53,37,59,Two-Year,Credit Card,Female,1
CUST_CH_08499,21,66.5,19,52,One-Year,Credit Card,Male,0
CUST_CH_08500,50,115.4,5,34,Month-to-Month,Electronic Check,Male,0
CUST_CH_08501,48,45.57,41,37,One-Year,Bank Transfer,Male,0
CUST_CH_08502,21,53.87,27,19,Month-to-Month,Credit Card,Female,1
CUST_CH_08503,24,101.47,21,52,One-Year,Bank Transfer,Male,1
CUST_CH_08504,66,65.37,8,28,One-Year,Bank Transfer,Female,0
CUST_CH_08505,20,108.54,13,49,Month-to-Month,Bank Transfer,Female,0
CUST_CH_08506,65,112.0,23,51,One-Year,Credit Card,Male,0
CUST_CH_08507,52,45.22,25,39,Month-to-Month,Bank Transfer,Male,1
CUST_CH_08508,6,20.89,5,15,Two-Year,Credit Card,Female,0
CUST_CH_08509,27,48.31,45,38,Month-to-Month,Electronic Check,Male,1
CUST_CH_08510,37,30.36,27,47,One-Year,Bank Transfer,Female,0
CUST_CH_08511,10,65.34,23,27,Two-Year,Bank Transfer,Female,1
CUST_CH_08512,20,70.78,40,58,Two-Year,Credit Card,Female,0
CUST_CH_08513,11,95.64,41,54,Month-to-Month,Credit Card,Female,1
CUST_CH_08514,67,58.86,49,5,Two-Year,Electronic Check,Male,0
CUST_CH_08515,61,50.34,10,19,One-Year,Credit Card,Female,0
CUST_CH_08516,52,114.78,29,19,Month-to-Month,Credit Card,Female,0
CUST_CH_08517,48,22.74,1,32,Month-to-Month,Credit Card,Female,1
CUST_CH_08518,13,51.67,23,5,Month-to-Month,Electronic Check,Female,1
CUST_CH_08519,13,109.69,46,22,Two-Year,Credit Card,Male,0
CUST_CH_08520,11,83.29,14,26,Month-to-Month,Bank Transfer,Female,1
CUST_CH_08521,1,115.57,26,21,One-Year,Credit Card,Female,1
CUST_CH_08522,39,26.59,45,60,Month-to-Month,Credit Card,Male,0
CUST_CH_08523,37,94.97,11,1,One-Year,Bank Transfer,Female,0
CUST_CH_08524,17,26.18,38,8,Month-to-Month,Bank Transfer,Male,1
CUST_CH_08525,56,43.26,11,8,One-Year,Credit Card,Female,0
CUST_CH_08526,60,70.31,11,5,Month-to-Month,Bank Transfer,Male,1
CUST_CH_08527,70,76.7,1,18,Month-to-Month,Electronic Check,Male,1
CUST_CH_08528,10,118.6,20,21,Two-Year,Credit Card,Male,1
CUST_CH_08529,45,47.62,41,39,Month-to-Month,Credit Card,Female,1
CUST_CH_08530,35,86.92,13,5,Month-to-Month,Electronic Check,Female,0
CUST_CH_08531,47,100.08,10,22,Month-to-Month,Electronic Check,Male,1
CUST_CH_08532,2,114.87,15,51,Two-Year,Bank Transfer,Male,1
CUST_CH_08533,16,58.8,47,40,Two-Year,Bank Transfer,Male,0
CUST_CH_08534,69,40.84,30,38,Two-Year,Credit Card,Male,0
CUST_CH_08535,32,44.61,25,42,Month-to-Month,Electronic Check,Male,1
CUST_CH_08536,12,20.99,16,56,Month-to-Month,Electronic Check,Female,0
CUST_CH_08537,40,119.21,22,5,Month-to-Month,Credit Card,Female,0
CUST_CH_08538,1,81.65,5,32,Month-to-Month,Bank Transfer,Female,1
CUST_CH_08539,55,35.0,10,24,Month-to-Month,Credit Card,Female,1
CUST_CH_08540,22,96.75,42,59,One-Year,Electronic Check,Female,0
CUST_CH_08541,14,92.04,35,55,Month-to-Month,Electronic Check,Male,0
CUST_CH_08542,26,117.06,30,40,Month-to-Month,Credit Card,Male,1
CUST_CH_08543,30,62.93,13,52,One-Year,Bank Transfer,Male,0
CUST_CH_08544,28,23.58,29,47,Month-to-Month,Electronic Check,Female,1
CUST_CH_08545,20,40.0,35,15,Two-Year,Credit Card,Female,0
CUST_CH_08546,47,64.19,47,45,Month-to-Month,Electronic Check,Female,0
CUST_CH_08547,3,116.6,29,48,Two-Year,Credit Card,Male,1
CUST_CH_08548,21,89.75,39,45,One-Year,Credit Card,Male,0
CUST_CH_08549,28,85.33,13,24,Month-to-Month,Credit Card,Female,1
CUST_CH_08550,16,95.56,31,40,Month-to-Month,Credit Card,Male,1
CUST_CH_08551,18,54.52,18,54,One-Year,Bank Transfer,Male,0
CUST_CH_08552,39,64.79,25,10,Month-to-Month,Electronic Check,Male,0
CUST_CH_08553,56,106.98,7,33,Two-Year,Credit Card,Female,1
CUST_CH_08554,65,51.94,48,54,Month-to-Month,Bank Transfer,Female,1
CUST_CH_08555,14,40.83,24,54,Month-to-Month,Bank Transfer,Female,0
CUST_CH_08556,39,53.34,4,55,Month-to-Month,Bank Transfer,Female,1
CUST_CH_08557,34,87.91,4,33,Month-to-Month,Bank Transfer,Female,1
CUST_CH_08558,37,41.32,36,28,Two-Year,Bank Transfer,Male,0
CUST_CH_08559,11,58.78,6,33,Two-Year,Credit Card,Female,1
CUST_CH_08560,51,29.71,28,51,One-Year,Credit Card,Female,0
CUST_CH_08561,67,118.9,30,23,Two-Year,Credit Card,Female,1
CUST_CH_08562,38,45.32,44,40,Month-to-Month,Bank Transfer,Female,1
CUST_CH_08563,46,20.41,24,50,Month-to-Month,Credit Card,Female,1
CUST_CH_08564,11,72.2,22,19,One-Year,Credit Card,Male,1
CUST_CH_08565,40,75.63,44,0,Month-to-Month,Credit Card,Male,1
CUST_CH_08566,2,72.42,14,37,Month-to-Month,Electronic Check,Female,1
CUST_CH_08567,52,83.55,14,36,Month-to-Month,Electronic Check,Male,1
CUST_CH_08568,1,102.38,34,42,One-Year,Electronic Check,Female,1
CUST_CH_08569,14,81.76,33,19,Month-to-Month,Bank Transfer,Female,0
CUST_CH_08570,72,109.52,36,51,Month-to-Month,Bank Transfer,Male,1
CUST_CH_08571,26,42.38,29,35,Month-to-Month,Credit Card,Male,0
CUST_CH_08572,69,106.32,5,56,One-Year,Electronic Check,Female,1
CUST_CH_08573,33,79.43,30,8,One-Year,Bank Transfer,Female,0
CUST_CH_08574,51,102.42,41,10,One-Year,Credit Card,Male,1
CUST_CH_08575,64,57.97,6,58,One-Year,Electronic Check,Male,0
CUST_CH_08576,37,28.37,22,56,Month-to-Month,Credit Card,Male,1
CUST_CH_08577,63,110.6,40,7,Month-to-Month,Bank Transfer,Male,0
CUST_CH_08578,37,23.34,41,53,One-Year,Bank Transfer,Male,1
CUST_CH_08579,9,34.25,24,2,Two-Year,Electronic Check,Female,0
CUST_CH_08580,54,54.85,31,57,Month-to-Month,Electronic Check,Male,1
CUST_CH_08581,29,54.59,40,34,One-Year,Bank Transfer,Female,0
CUST_CH_08582,23,24.95,15,34,Month-to-Month,Bank Transfer,Male,1
CUST_CH_08583,1,66.82,23,37,Month-to-Month,Credit Card,Female,1
CUST_CH_08584,71,99.8,2,20,Month-to-Month,Electronic Check,Male,1
CUST_CH_08585,51,31.88,27,39,Month-to-Month,Credit Card,Male,1
CUST_CH_08586,12,101.34,34,5,One-Year,Credit Card,Female,0
CUST_CH_08587,69,71.04,37,43,Two-Year,Bank Transfer,Male,0
CUST_CH_08588,48,113.46,1,25,Month-to-Month,Electronic Check,Female,1
CUST_CH_08589,9,60.74,33,12,Two-Year,Bank Transfer,Male,0
CUST_CH_08590,28,59.52,42,50,Month-to-Month,Credit Card,Male,1
CUST_CH_08591,27,72.25,6,50,One-Year,Credit Card,Female,0
CUST_CH_08592,57,93.32,4,40,Two-Year,Credit Card,Male,1
CUST_CH_08593,71,116.48,43,44,Month-to-Month,Bank Transfer,Male,0
CUST_CH_08594,19,95.6,46,5,Month-to-Month,Bank Transfer,Male,0
CUST_CH_08595,5,67.02,5,2,Month-to-Month,Electronic Check,Male,1
CUST_CH_08596,18,98.92,39,45,One-Year,Bank Transfer,Female,1
CUST_CH_08597,19,91.0,3,31,One-Year,Electronic Check,Female,1
CUST_CH_08598,7,43.76,29,19,One-Year,Credit Card,Female,0
CUST_CH_08599,31,89.92,35,4,Two-Year,Bank Transfer,Male,0
CUST_CH_08600,37,94.6,16,27,One-Year,Bank Transfer,Female,0
CUST_CH_08601,54,65.14,47,26,Month-to-Month,Credit Card,Male,0
CUST_CH_08602,14,68.58,30,58,One-Year,Electronic Check,Male,0
CUST_CH_08603,45,51.57,3,48,Two-Year,Electronic Check,Female,0
CUST_CH_08604,45,108.68,23,34,Month-to-Month,Electronic Check,Male,1
CUST_CH_08605,30,109.77,15,10,Two-Year,Electronic Check,Male,1
CUST_CH_08606,5,111.96,13,11,Month-to-Month,Credit Card,Female,1
CUST_CH_08607,44,75.49,15,25,One-Year,Electronic Check,Female,0
CUST_CH_08608,47,59.27,24,58,Month-to-Month,Bank Transfer,Female,0
CUST_CH_08609,59,82.1,34,6,Month-to-Month,Credit Card,Male,1
CUST_CH_08610,9,45.17,4,28,Two-Year,Electronic Check,Male,0
CUST_CH_08611,18,85.53,39,47,Two-Year,Bank Transfer,Male,1
CUST_CH_08612,50,65.63,19,42,One-Year,Bank Transfer,Female,1
CUST_CH_08613,19,105.53,21,46,One-Year,Bank Transfer,Female,1
CUST_CH_08614,19,30.81,34,42,Month-to-Month,Electronic Check,Male,1
CUST_CH_08615,15,102.78,22,47,Month-to-Month,Bank Transfer,Female,0
CUST_CH_08616,45,108.71,32,60,Month-to-Month,Electronic Check,Male,0
CUST_CH_08617,17,62.54,41,47,Two-Year,Credit Card,Female,0
CUST_CH_08618,6,30.7,41,13,Month-to-Month,Credit Card,Female,1
CUST_CH_08619,10,77.53,47,11,One-Year,Bank Transfer,Male,0
CUST_CH_08620,46,39.92,10,23,Month-to-Month,Electronic Check,Male,1
CUST_CH_08621,1,43.4,12,54,Two-Year,Credit Card,Male,0
CUST_CH_08622,21,80.25,18,53,One-Year,Bank Transfer,Female,0
CUST_CH_08623,57,37.3,1,39,Month-to-Month,Electronic Check,Male,1
CUST_CH_08624,57,59.45,32,31,Month-to-Month,Electronic Check,Female,1
CUST_CH_08625,6,69.75,16,55,Month-to-Month,Credit Card,Male,1
CUST_CH_08626,27,62.02,43,35,One-Year,Electronic Check,Female,1
CUST_CH_08627,56,85.23,2,1,One-Year,Electronic Check,Male,0
CUST_CH_08628,33,44.56,35,60,One-Year,Credit Card,Female,0
CUST_CH_08629,1,20.03,30,46,Two-Year,Credit Card,Female,0
CUST_CH_08630,29,68.07,30,23,Month-to-Month,Electronic Check,Male,0
CUST_CH_08631,26,20.2,23,10,Month-to-Month,Credit Card,Female,1
CUST_CH_08632,24,53.64,4,24,Month-to-Month,Credit Card,Female,0
CUST_CH_08633,57,54.34,26,1,One-Year,Electronic Check,Male,0
CUST_CH_08634,34,39.33,1,23,One-Year,Credit Card,Male,0
CUST_CH_08635,48,96.1,18,5,Month-to-Month,Electronic Check,Female,1
CUST_CH_08636,63,55.78,18,9,Month-to-Month,Electronic Check,Male,1
CUST_CH_08637,36,63.93,23,49,One-Year,Credit Card,Male,1
CUST_CH_08638,34,84.82,38,30,Two-Year,Bank Transfer,Male,0
CUST_CH_08639,37,42.0,41,49,One-Year,Credit Card,Male,1
CUST_CH_08640,17,113.23,30,30,Month-to-Month,Electronic Check,Male,1
CUST_CH_08641,54,79.69,48,28,Month-to-Month,Credit Card,Male,1
CUST_CH_08642,44,101.53,34,32,Month-to-Month,Credit Card,Female,1
CUST_CH_08643,44,70.0,29,49,Month-to-Month,Electronic Check,Female,1
CUST_CH_08644,53,96.43,26,47,Month-to-Month,Credit Card,Male,1
CUST_CH_08645,29,53.68,33,22,Two-Year,Bank Transfer,Female,0
CUST_CH_08646,11,92.56,38,35,Two-Year,Credit Card,Female,0
CUST_CH_08647,26,23.87,48,11,Month-to-Month,Bank Transfer,Female,1
CUST_CH_08648,27,81.03,40,59,Month-to-Month,Bank Transfer,Female,1
CUST_CH_08649,2,58.82,7,0,Month-to-Month,Electronic Check,Female,1
CUST_CH_08650,59,29.62,7,2,Two-Year,Bank Transfer,Female,0
CUST_CH_08651,42,83.48,35,33,Two-Year,Bank Transfer,Male,0
CUST_CH_08652,54,60.06,18,50,One-Year,Electronic Check,Male,0
CUST_CH_08653,59,105.13,11,41,Two-Year,Electronic Check,Male,0
CUST_CH_08654,33,114.41,3,16,One-Year,Electronic Check,Female,1
CUST_CH_08655,30,45.2,30,34,Two-Year,Credit Card,Female,0
CUST_CH_08656,7,48.75,10,44,Month-to-Month,Credit Card,Female,0
CUST_CH_08657,17,33.08,48,45,Two-Year,Credit Card,Male,0
CUST_CH_08658,61,96.31,28,11,Two-Year,Credit Card,Male,1
CUST_CH_08659,66,51.79,30,7,Two-Year,Electronic Check,Male,0
CUST_CH_08660,14,118.32,45,13,Two-Year,Credit Card,Male,0
CUST_CH_08661,46,105.33,5,24,Two-Year,Bank Transfer,Male,0
CUST_CH_08662,41,63.74,38,42,Two-Year,Electronic Check,Male,0
CUST_CH_08663,7,20.25,3,21,Month-to-Month,Electronic Check,Female,1
CUST_CH_08664,41,45.51,14,1,One-Year,Bank Transfer,Female,0
CUST_CH_08665,45,102.64,3,52,One-Year,Bank Transfer,Male,1
CUST_CH_08666,54,43.55,49,18,One-Year,Electronic Check,Male,0
CUST_CH_08667,26,118.01,44,10,One-Year,Credit Card,Male,0
CUST_CH_08668,23,59.76,44,5,Month-to-Month,Credit Card,Male,0
CUST_CH_08669,24,56.04,34,57,Two-Year,Bank Transfer,Male,0
CUST_CH_08670,44,71.59,3,28,Month-to-Month,Credit Card,Male,0
CUST_CH_08671,27,112.8,32,36,One-Year,Credit Card,Male,1
CUST_CH_08672,16,100.23,48,4,Month-to-Month,Credit Card,Male,1
CUST_CH_08673,1,60.67,24,52,Month-to-Month,Bank Transfer,Female,1
CUST_CH_08674,51,73.43,49,51,Two-Year,Bank Transfer,Male,0
CUST_CH_08675,51,69.67,12,17,Month-to-Month,Credit Card,Female,1
CUST_CH_08676,6,91.58,32,49,Two-Year,Electronic Check,Female,0
CUST_CH_08677,54,50.89,30,60,One-Year,Electronic Check,Male,0
CUST_CH_08678,60,89.81,24,6,Month-to-Month,Bank Transfer,Female,0
CUST_CH_08679,36,48.57,28,0,Month-to-Month,Bank Transfer,Female,1
CUST_CH_08680,46,87.22,17,56,Two-Year,Electronic Check,Male,1
CUST_CH_08681,47,63.61,20,33,Month-to-Month,Bank Transfer,Male,0
CUST_CH_08682,33,52.99,8,60,Two-Year,Bank Transfer,Female,0
CUST_CH_08683,1,50.89,28,54,One-Year,Bank Transfer,Male,1
CUST_CH_08684,65,76.14,5,47,Two-Year,Bank Transfer,Male,0
CUST_CH_08685,27,91.12,42,33,Two-Year,Bank Transfer,Female,0
CUST_CH_08686,43,28.13,8,1,Two-Year,Electronic Check,Female,0
CUST_CH_08687,29,59.95,21,30,Two-Year,Credit Card,Male,1
CUST_CH_08688,10,60.9,48,10,Month-to-Month,Credit Card,Male,1
CUST_CH_08689,34,26.8,48,59,Month-to-Month,Bank Transfer,Male,0
CUST_CH_08690,29,116.25,49,40,Month-to-Month,Credit Card,Female,0
CUST_CH_08691,9,106.18,47,48,One-Year,Credit Card,Male,1
CUST_CH_08692,53,23.31,20,23,One-Year,Electronic Check,Male,0
CUST_CH_08693,25,68.08,24,39,Month-to-Month,Credit Card,Male,1
CUST_CH_08694,60,81.35,3,16,Month-to-Month,Credit Card,Female,0
CUST_CH_08695,14,117.5,6,9,One-Year,Electronic Check,Female,0
CUST_CH_08696,54,37.61,45,16,Month-to-Month,Credit Card,Male,1
CUST_CH_08697,17,118.42,14,9,Month-to-Month,Credit Card,Female,1
CUST_CH_08698,49,33.8,33,41,Month-to-Month,Credit Card,Female,1
CUST_CH_08699,22,113.33,42,31,One-Year,Bank Transfer,Female,0
CUST_CH_08700,52,49.83,5,40,One-Year,Electronic Check,Male,1
CUST_CH_08701,51,99.6,27,27,Month-to-Month,Credit Card,Male,0
CUST_CH_08702,17,24.19,14,4,Month-to-Month,Credit Card,Female,0
CUST_CH_08703,36,86.5,1,9,Month-to-Month,Electronic Check,Male,1
CUST_CH_08704,22,63.28,8,5,Month-to-Month,Electronic Check,Female,0
CUST_CH_08705,39,76.91,28,31,Two-Year,Credit Card,Male,0
CUST_CH_08706,57,47.57,45,52,Month-to-Month,Electronic Check,Male,1
CUST_CH_08707,26,66.13,40,8,Two-Year,Bank Transfer,Female,0
CUST_CH_08708,65,106.46,12,17,Month-to-Month,Electronic Check,Male,1
CUST_CH_08709,3,64.92,1,56,Two-Year,Credit Card,Female,0
CUST_CH_08710,23,115.54,16,50,Two-Year,Bank Transfer,Female,0
CUST_CH_08711,7,71.98,15,16,Two-Year,Bank Transfer,Male,0
CUST_CH_08712,72,73.55,16,0,Month-to-Month,Bank Transfer,Female,1
CUST_CH_08713,63,28.02,29,22,Two-Year,Bank Transfer,Male,1
CUST_CH_08714,5,99.05,48,39,One-Year,Bank Transfer,Male,0
CUST_CH_08715,20,57.7,5,11,One-Year,Electronic Check,Male,1
CUST_CH_08716,33,94.42,45,25,Month-to-Month,Bank Transfer,Male,1
CUST_CH_08717,65,42.62,34,20,Two-Year,Electronic Check,Female,0
CUST_CH_08718,50,63.21,7,40,Two-Year,Electronic Check,Female,0
CUST_CH_08719,19,36.2,16,31,Two-Year,Electronic Check,Female,1
CUST_CH_08720,38,61.87,14,19,Month-to-Month,Bank Transfer,Female,0
CUST_CH_08721,23,41.86,34,17,Month-to-Month,Bank Transfer,Male,1
CUST_CH_08722,60,117.79,28,40,One-Year,Electronic Check,Male,0
CUST_CH_08723,69,73.85,33,20,One-Year,Bank Transfer,Male,1
CUST_CH_08724,37,73.62,28,40,Month-to-Month,Electronic Check,Male,0
CUST_CH_08725,37,42.93,8,13,Two-Year,Electronic Check,Male,0
CUST_CH_08726,15,77.58,20,39,One-Year,Bank Transfer,Male,1
CUST_CH_08727,18,63.68,44,3,Month-to-Month,Electronic Check,Male,1
CUST_CH_08728,38,74.66,34,16,Month-to-Month,Bank Transfer,Male,1
CUST_CH_08729,66,62.32,16,1,Month-to-Month,Bank Transfer,Male,1
CUST_CH_08730,56,68.56,9,15,Month-to-Month,Credit Card,Male,1
CUST_CH_08731,62,59.04,41,29,Month-to-Month,Credit Card,Female,0
CUST_CH_08732,16,31.98,30,6,Month-to-Month,Credit Card,Male,0
CUST_CH_08733,49,67.18,15,12,One-Year,Electronic Check,Male,0
CUST_CH_08734,21,103.02,34,28,Month-to-Month,Electronic Check,Female,1
CUST_CH_08735,38,59.72,1,41,Month-to-Month,Credit Card,Female,1
CUST_CH_08736,31,35.16,23,41,Month-to-Month,Credit Card,Female,1
CUST_CH_08737,62,42.08,36,12,Month-to-Month,Electronic Check,Female,1
CUST_CH_08738,5,77.15,38,46,One-Year,Credit Card,Male,0
CUST_CH_08739,46,31.78,17,2,One-Year,Bank Transfer,Female,0
CUST_CH_08740,38,95.68,33,28,One-Year,Credit Card,Female,1
CUST_CH_08741,60,35.02,13,27,Two-Year,Bank Transfer,Male,1
CUST_CH_08742,17,62.24,12,52,Month-to-Month,Credit Card,Female,1
CUST_CH_08743,63,58.33,7,19,One-Year,Electronic Check,Male,0
CUST_CH_08744,41,101.23,11,59,Month-to-Month,Electronic Check,Male,1
CUST_CH_08745,29,52.16,15,51,One-Year,Credit Card,Female,1
CUST_CH_08746,14,49.55,21,20,Month-to-Month,Credit Card,Male,1
CUST_CH_08747,59,83.54,18,3,Two-Year,Electronic Check,Male,0
CUST_CH_08748,3,48.02,46,13,Two-Year,Bank Transfer,Male,0
CUST_CH_08749,15,56.72,33,28,Month-to-Month,Bank Transfer,Male,1
CUST_CH_08750,57,91.38,23,27,Month-to-Month,Electronic Check,Male,1
CUST_CH_08751,46,82.16,20,5,Month-to-Month,Electronic Check,Female,0
CUST_CH_08752,26,35.46,20,25,Month-to-Month,Electronic Check,Male,1
CUST_CH_08753,46,56.51,39,38,Month-to-Month,Electronic Check,Female,0
CUST_CH_08754,37,37.22,28,29,Month-to-Month,Electronic Check,Male,1
CUST_CH_08755,58,117.29,42,44,Month-to-Month,Bank Transfer,Male,0
CUST_CH_08756,50,36.84,2,34,Month-to-Month,Bank Transfer,Female,0
CUST_CH_08757,33,21.63,22,53,Month-to-Month,Bank Transfer,Female,1
CUST_CH_08758,28,70.19,20,60,One-Year,Electronic Check,Male,0
CUST_CH_08759,25,80.73,20,35,One-Year,Bank Transfer,Female,0
CUST_CH_08760,49,99.29,13,29,Two-Year,Credit Card,Male,0
CUST_CH_08761,46,23.33,36,46,Month-to-Month,Bank Transfer,Female,1
CUST_CH_08762,5,58.3,18,8,One-Year,Bank Transfer,Male,0
CUST_CH_08763,12,29.11,40,44,One-Year,Bank Transfer,Female,0
CUST_CH_08764,36,95.65,22,58,One-Year,Bank Transfer,Female,1
CUST_CH_08765,21,64.5,29,45,One-Year,Bank Transfer,Male,1
CUST_CH_08766,20,39.21,43,15,One-Year,Credit Card,Male,0
CUST_CH_08767,12,111.82,14,31,One-Year,Bank Transfer,Female,1
CUST_CH_08768,6,85.79,45,40,Month-to-Month,Credit Card,Female,1
CUST_CH_08769,3,81.8,10,32,Month-to-Month,Electronic Check,Female,0
CUST_CH_08770,58,60.02,26,60,Month-to-Month,Credit Card,Male,1
CUST_CH_08771,36,51.21,20,20,Month-to-Month,Credit Card,Male,1
CUST_CH_08772,12,79.99,45,45,One-Year,Electronic Check,Male,0
CUST_CH_08773,28,24.14,17,35,Month-to-Month,Electronic Check,Female,0
CUST_CH_08774,71,117.24,25,37,Month-to-Month,Bank Transfer,Male,1
CUST_CH_08775,22,58.04,8,36,One-Year,Credit Card,Male,0
CUST_CH_08776,4,54.66,24,5,Month-to-Month,Electronic Check,Male,1
CUST_CH_08777,45,109.49,35,16,One-Year,Credit Card,Male,0
CUST_CH_08778,22,101.92,14,52,One-Year,Electronic Check,Female,0
CUST_CH_08779,33,70.79,21,18,Month-to-Month,Credit Card,Male,1
CUST_CH_08780,68,42.68,8,21,Month-to-Month,Credit Card,Female,1
CUST_CH_08781,36,28.78,13,34,Month-to-Month,Bank Transfer,Female,1
CUST_CH_08782,44,94.47,19,36,Month-to-Month,Credit Card,Male,1
CUST_CH_08783,47,36.49,2,52,Month-to-Month,Electronic Check,Female,1
CUST_CH_08784,54,41.04,21,46,Two-Year,Bank Transfer,Female,1
CUST_CH_08785,68,85.3,4,0,Month-to-Month,Electronic Check,Female,1
CUST_CH_08786,3,64.56,32,20,One-Year,Electronic Check,Female,1
CUST_CH_08787,58,56.79,27,45,Two-Year,Electronic Check,Female,0
CUST_CH_08788,25,41.7,21,28,Month-to-Month,Electronic Check,Female,0
CUST_CH_08789,32,71.76,31,15,Month-to-Month,Bank Transfer,Female,0
CUST_CH_08790,59,78.43,10,50,Month-to-Month,Bank Transfer,Female,1
CUST_CH_08791,15,102.67,27,56,Month-to-Month,Electronic Check,Male,1
CUST_CH_08792,49,81.31,33,23,Month-to-Month,Electronic Check,Male,1
CUST_CH_08793,69,34.43,46,56,One-Year,Electronic Check,Female,0
CUST_CH_08794,4,89.78,14,1,Month-to-Month,Bank Transfer,Male,0
CUST_CH_08795,71,79.1,38,32,Month-to-Month,Electronic Check,Female,0
CUST_CH_08796,34,55.09,27,13,One-Year,Electronic Check,Male,1
CUST_CH_08797,33,101.13,32,46,Two-Year,Credit Card,Female,1
CUST_CH_08798,27,101.53,44,20,Month-to-Month,Credit Card,Male,0
CUST_CH_08799,52,61.2,25,15,Month-to-Month,Electronic Check,Female,0
CUST_CH_08800,63,76.23,28,42,Month-to-Month,Bank Transfer,Female,1
CUST_CH_08801,55,86.59,22,3,Month-to-Month,Credit Card,Female,1
CUST_CH_08802,37,39.9,41,31,One-Year,Electronic Check,Female,0
CUST_CH_08803,70,102.26,19,14,Month-to-Month,Electronic Check,Female,1
CUST_CH_08804,62,115.12,2,0,Month-to-Month,Electronic Check,Male,0
CUST_CH_08805,52,105.83,1,43,Month-to-Month,Credit Card,Female,1
CUST_CH_08806,54,101.11,43,2,One-Year,Credit Card,Female,0
CUST_CH_08807,46,39.46,9,29,Month-to-Month,Bank Transfer,Female,0
CUST_CH_08808,41,31.51,49,57,Month-to-Month,Bank Transfer,Female,1
CUST_CH_08809,14,88.31,50,13,Month-to-Month,Electronic Check,Female,0
CUST_CH_08810,10,115.31,14,52,Month-to-Month,Credit Card,Female,1
CUST_CH_08811,42,96.07,9,37,One-Year,Electronic Check,Female,1
CUST_CH_08812,50,51.68,1,5,One-Year,Credit Card,Male,0
CUST_CH_08813,26,83.03,40,32,Month-to-Month,Bank Transfer,Female,1
CUST_CH_08814,51,40.24,38,1,Two-Year,Credit Card,Female,0
CUST_CH_08815,55,34.57,7,32,One-Year,Bank Transfer,Male,1
CUST_CH_08816,5,78.18,49,45,Month-to-Month,Bank Transfer,Female,1
CUST_CH_08817,34,87.83,45,33,One-Year,Electronic Check,Male,1
CUST_CH_08818,47,114.22,20,26,Month-to-Month,Bank Transfer,Female,1
CUST_CH_08819,6,82.22,2,30,Month-to-Month,Electronic Check,Female,1
CUST_CH_08820,50,102.08,41,9,Month-to-Month,Electronic Check,Female,0
CUST_CH_08821,47,51.35,40,31,Month-to-Month,Credit Card,Female,1
CUST_CH_08822,45,48.65,9,12,Month-to-Month,Electronic Check,Female,1
CUST_CH_08823,50,94.23,29,44,Month-to-Month,Credit Card,Female,1
CUST_CH_08824,67,47.35,35,40,Two-Year,Electronic Check,Male,0
CUST_CH_08825,32,79.4,9,10,Two-Year,Bank Transfer,Male,0
CUST_CH_08826,47,88.12,26,4,Month-to-Month,Credit Card,Male,0
CUST_CH_08827,16,23.1,50,39,One-Year,Credit Card,Male,0
CUST_CH_08828,59,63.07,36,50,One-Year,Bank Transfer,Female,0
CUST_CH_08829,26,53.83,18,32,Month-to-Month,Credit Card,Female,1
CUST_CH_08830,28,28.4,26,7,One-Year,Electronic Check,Male,0
CUST_CH_08831,21,31.07,5,17,One-Year,Electronic Check,Male,0
CUST_CH_08832,27,24.34,11,45,Two-Year,Credit Card,Female,0
CUST_CH_08833,25,78.57,12,22,Month-to-Month,Bank Transfer,Female,0
CUST_CH_08834,41,73.17,48,3,Month-to-Month,Credit Card,Male,0
CUST_CH_08835,40,106.73,49,52,Month-to-Month,Credit Card,Male,0
CUST_CH_08836,59,105.12,25,53,Month-to-Month,Electronic Check,Female,0
CUST_CH_08837,32,95.34,49,28,One-Year,Credit Card,Male,1
CUST_CH_08838,9,69.1,14,39,One-Year,Credit Card,Male,1
CUST_CH_08839,39,97.68,22,14,Month-to-Month,Bank Transfer,Female,1
CUST_CH_08840,41,31.81,29,55,Two-Year,Credit Card,Female,0
CUST_CH_08841,35,98.76,49,32,Month-to-Month,Bank Transfer,Male,1
CUST_CH_08842,68,71.0,19,48,Two-Year,Credit Card,Female,0
CUST_CH_08843,27,66.76,26,32,Month-to-Month,Electronic Check,Male,0
CUST_CH_08844,55,70.0,1,4,Month-to-Month,Bank Transfer,Male,1
CUST_CH_08845,6,114.5,11,21,Month-to-Month,Bank Transfer,Female,1
CUST_CH_08846,44,115.13,26,9,Month-to-Month,Electronic Check,Female,1
CUST_CH_08847,40,67.05,5,8,Month-to-Month,Electronic Check,Female,1
CUST_CH_08848,49,21.98,20,33,Month-to-Month,Electronic Check,Female,1
CUST_CH_08849,10,28.55,9,7,Month-to-Month,Credit Card,Male,1
CUST_CH_08850,57,60.12,15,41,Month-to-Month,Bank Transfer,Female,0
CUST_CH_08851,67,55.59,16,45,One-Year,Electronic Check,Female,1
CUST_CH_08852,62,97.3,3,15,One-Year,Electronic Check,Female,1
CUST_CH_08853,66,93.1,40,11,Month-to-Month,Bank Transfer,Female,0
CUST_CH_08854,37,108.44,34,4,One-Year,Credit Card,Male,1
CUST_CH_08855,37,92.32,44,16,Month-to-Month,Credit Card,Male,0
CUST_CH_08856,42,96.98,34,25,Month-to-Month,Electronic Check,Female,1
CUST_CH_08857,67,74.61,3,52,Month-to-Month,Credit Card,Female,1
CUST_CH_08858,59,118.82,27,39,One-Year,Bank Transfer,Female,0
CUST_CH_08859,66,29.54,35,26,Two-Year,Bank Transfer,Female,0
CUST_CH_08860,69,86.39,3,5,One-Year,Credit Card,Male,0
CUST_CH_08861,64,75.92,48,55,Two-Year,Credit Card,Female,0
CUST_CH_08862,4,27.22,34,6,Two-Year,Credit Card,Male,0
CUST_CH_08863,34,55.6,23,29,Two-Year,Electronic Check,Female,0
CUST_CH_08864,61,88.23,28,16,One-Year,Credit Card,Female,0
CUST_CH_08865,60,86.61,48,28,Month-to-Month,Bank Transfer,Male,1
CUST_CH_08866,58,81.78,18,41,One-Year,Bank Transfer,Male,1
CUST_CH_08867,38,66.29,22,42,Month-to-Month,Credit Card,Female,1
CUST_CH_08868,18,83.95,39,1,One-Year,Credit Card,Female,0
CUST_CH_08869,46,42.77,7,18,Month-to-Month,Electronic Check,Male,1
CUST_CH_08870,30,86.85,7,18,Month-to-Month,Bank Transfer,Male,1
CUST_CH_08871,56,103.91,37,27,Month-to-Month,Electronic Check,Female,1
CUST_CH_08872,25,105.87,18,9,One-Year,Electronic Check,Female,0
CUST_CH_08873,68,105.76,40,19,One-Year,Electronic Check,Male,1
CUST_CH_08874,51,112.28,46,35,One-Year,Bank Transfer,Male,1
CUST_CH_08875,18,118.4,10,24,Month-to-Month,Electronic Check,Female,1
CUST_CH_08876,28,107.93,36,32,One-Year,Bank Transfer,Male,1
CUST_CH_08877,16,23.58,27,16,Month-to-Month,Credit Card,Male,0
CUST_CH_08878,33,106.73,5,52,Month-to-Month,Credit Card,Male,1
CUST_CH_08879,19,34.0,12,50,Month-to-Month,Electronic Check,Male,0
CUST_CH_08880,19,101.01,18,32,Month-to-Month,Bank Transfer,Male,1
CUST_CH_08881,39,87.71,38,36,One-Year,Credit Card,Male,0
CUST_CH_08882,67,66.42,16,59,One-Year,Credit Card,Female,0
CUST_CH_08883,36,90.18,10,27,Month-to-Month,Credit Card,Female,1
CUST_CH_08884,28,70.77,32,34,Two-Year,Bank Transfer,Male,0
CUST_CH_08885,48,110.56,41,43,Two-Year,Electronic Check,Male,1
CUST_CH_08886,16,33.23,27,4,Two-Year,Bank Transfer,Female,0
CUST_CH_08887,50,107.19,20,50,Two-Year,Credit Card,Female,1
CUST_CH_08888,18,63.69,37,37,Two-Year,Credit Card,Male,1
CUST_CH_08889,19,93.59,12,6,Month-to-Month,Electronic Check,Female,1
CUST_CH_08890,45,74.89,26,36,Two-Year,Credit Card,Female,1
CUST_CH_08891,47,70.0,41,9,One-Year,Bank Transfer,Female,0
CUST_CH_08892,49,41.7,38,4,Month-to-Month,Bank Transfer,Female,1
CUST_CH_08893,70,38.24,31,48,Month-to-Month,Credit Card,Female,0
CUST_CH_08894,45,90.61,13,46,Month-to-Month,Electronic Check,Female,1
CUST_CH_08895,37,42.68,24,31,Two-Year,Credit Card,Male,0
CUST_CH_08896,15,111.36,34,42,Month-to-Month,Bank Transfer,Male,1
CUST_CH_08897,70,37.62,36,28,Month-to-Month,Credit Card,Male,1
CUST_CH_08898,46,91.02,48,19,Month-to-Month,Bank Transfer,Female,0
CUST_CH_08899,36,45.94,6,8,Month-to-Month,Credit Card,Male,0
CUST_CH_08900,56,78.38,31,29,Month-to-Month,Credit Card,Male,1
CUST_CH_08901,29,75.01,48,48,Month-to-Month,Credit Card,Female,1
CUST_CH_08902,23,59.12,5,14,Month-to-Month,Electronic Check,Female,1
CUST_CH_08903,16,49.86,9,55,Month-to-Month,Electronic Check,Female,1
CUST_CH_08904,42,118.91,12,11,Month-to-Month,Credit Card,Male,1
CUST_CH_08905,55,56.43,8,35,One-Year,Credit Card,Male,1
CUST_CH_08906,56,33.27,26,55,Month-to-Month,Electronic Check,Female,0
CUST_CH_08907,4,57.13,42,22,Month-to-Month,Credit Card,Female,1
CUST_CH_08908,56,57.47,14,10,Two-Year,Electronic Check,Female,0
CUST_CH_08909,32,90.32,6,48,Month-to-Month,Credit Card,Female,1
CUST_CH_08910,27,67.05,23,6,One-Year,Electronic Check,Female,1
CUST_CH_08911,53,44.86,36,24,Month-to-Month,Bank Transfer,Female,0
CUST_CH_08912,29,66.12,50,54,One-Year,Bank Transfer,Female,0
CUST_CH_08913,52,100.33,32,39,Month-to-Month,Credit Card,Male,1
CUST_CH_08914,50,104.78,12,12,One-Year,Bank Transfer,Female,0
CUST_CH_08915,25,98.45,2,35,One-Year,Bank Transfer,Male,0
CUST_CH_08916,5,103.67,14,22,Month-to-Month,Bank Transfer,Male,1
CUST_CH_08917,63,89.05,39,26,Month-to-Month,Bank Transfer,Female,1
CUST_CH_08918,52,30.09,3,20,Month-to-Month,Bank Transfer,Female,0
CUST_CH_08919,51,94.74,45,37,Two-Year,Credit Card,Male,1
CUST_CH_08920,45,28.62,43,4,One-Year,Credit Card,Male,0
CUST_CH_08921,15,103.53,36,40,One-Year,Credit Card,Female,1
CUST_CH_08922,57,57.45,1,8,Month-to-Month,Credit Card,Female,0
CUST_CH_08923,3,42.16,32,36,Month-to-Month,Credit Card,Female,1
CUST_CH_08924,13,93.72,3,47,One-Year,Credit Card,Male,0
CUST_CH_08925,24,24.92,3,45,One-Year,Bank Transfer,Female,1
CUST_CH_08926,2,104.46,4,20,Month-to-Month,Bank Transfer,Female,1
CUST_CH_08927,65,37.73,5,49,One-Year,Credit Card,Female,1
CUST_CH_08928,7,96.81,50,26,One-Year,Electronic Check,Male,0
CUST_CH_08929,16,88.01,19,45,Month-to-Month,Bank Transfer,Male,0
CUST_CH_08930,16,40.96,26,49,One-Year,Credit Card,Male,0
CUST_CH_08931,29,100.49,30,51,Month-to-Month,Electronic Check,Male,0
CUST_CH_08932,54,35.71,14,24,Month-to-Month,Electronic Check,Male,1
CUST_CH_08933,60,61.28,36,12,Month-to-Month,Credit Card,Male,0
CUST_CH_08934,1,22.69,15,15,Month-to-Month,Electronic Check,Male,1
CUST_CH_08935,39,96.82,15,13,Month-to-Month,Credit Card,Female,1
CUST_CH_08936,55,37.45,30,1,Month-to-Month,Bank Transfer,Female,0
CUST_CH_08937,3,110.08,45,4,Month-to-Month,Electronic Check,Female,1
CUST_CH_08938,65,47.46,20,42,Two-Year,Bank Transfer,Female,1
CUST_CH_08939,57,74.27,18,57,One-Year,Electronic Check,Male,1
CUST_CH_08940,22,98.02,32,34,One-Year,Electronic Check,Female,1
CUST_CH_08941,46,98.41,38,19,Two-Year,Credit Card,Male,1
CUST_CH_08942,67,95.21,33,58,One-Year,Credit Card,Male,0
CUST_CH_08943,33,84.93,32,51,One-Year,Credit Card,Male,0
CUST_CH_08944,67,103.41,25,23,Month-to-Month,Credit Card,Female,1
CUST_CH_08945,55,52.28,14,56,Month-to-Month,Electronic Check,Male,0
CUST_CH_08946,50,35.79,33,58,Month-to-Month,Credit Card,Male,1
CUST_CH_08947,68,106.07,16,48,One-Year,Credit Card,Female,1
CUST_CH_08948,29,43.11,33,44,Month-to-Month,Electronic Check,Female,1
CUST_CH_08949,44,75.43,22,10,Month-to-Month,Bank Transfer,Female,0
CUST_CH_08950,5,33.5,15,16,Two-Year,Electronic Check,Male,1
CUST_CH_08951,57,21.31,20,44,Month-to-Month,Electronic Check,Male,1
CUST_CH_08952,63,62.53,48,2,Two-Year,Electronic Check,Female,1
CUST_CH_08953,18,54.07,45,26,Month-to-Month,Credit Card,Male,1
CUST_CH_08954,64,26.55,17,28,Month-to-Month,Bank Transfer,Female,1
CUST_CH_08955,63,39.19,40,11,One-Year,Credit Card,Female,0
CUST_CH_08956,19,66.7,35,24,Month-to-Month,Electronic Check,Female,1
CUST_CH_08957,45,111.59,16,7,Month-to-Month,Electronic Check,Male,1
CUST_CH_08958,13,102.37,29,9,Month-to-Month,Credit Card,Female,0
CUST_CH_08959,9,90.27,36,13,Month-to-Month,Bank Transfer,Male,1
CUST_CH_08960,66,115.93,24,54,Two-Year,Bank Transfer,Male,0
CUST_CH_08961,71,57.65,8,21,Month-to-Month,Credit Card,Female,1
CUST_CH_08962,53,77.07,2,41,Month-to-Month,Electronic Check,Female,1
CUST_CH_08963,53,57.68,8,9,Month-to-Month,Electronic Check,Female,0
CUST_CH_08964,1,29.77,8,55,Month-to-Month,Electronic Check,Male,1
CUST_CH_08965,57,61.63,27,58,Two-Year,Bank Transfer,Female,0
CUST_CH_08966,67,117.78,20,38,Month-to-Month,Bank Transfer,Male,1
CUST_CH_08967,13,48.24,11,16,Month-to-Month,Credit Card,Female,0
CUST_CH_08968,53,64.16,29,55,Two-Year,Electronic Check,Female,1
CUST_CH_08969,41,93.49,17,22,Month-to-Month,Electronic Check,Male,0
CUST_CH_08970,72,91.71,10,26,Month-to-Month,Bank Transfer,Male,1
CUST_CH_08971,51,38.61,38,15,One-Year,Credit Card,Female,0
CUST_CH_08972,59,64.08,37,22,Two-Year,Bank Transfer,Female,0
CUST_CH_08973,55,40.46,1,30,Two-Year,Bank Transfer,Female,0
CUST_CH_08974,23,24.87,50,30,One-Year,Bank Transfer,Male,0
CUST_CH_08975,24,95.92,9,15,One-Year,Electronic Check,Female,1
CUST_CH_08976,30,95.22,22,27,One-Year,Electronic Check,Female,1
CUST_CH_08977,60,39.78,40,22,Two-Year,Bank Transfer,Male,0
CUST_CH_08978,11,94.09,43,45,Month-to-Month,Credit Card,Male,1
CUST_CH_08979,66,105.07,48,52,One-Year,Electronic Check,Male,1
CUST_CH_08980,25,82.08,6,19,Month-to-Month,Electronic Check,Male,1
CUST_CH_08981,24,52.46,23,39,Month-to-Month,Electronic Check,Male,1
CUST_CH_08982,55,75.69,25,30,Two-Year,Credit Card,Male,0
CUST_CH_08983,7,76.56,5,9,One-Year,Bank Transfer,Male,0
CUST_CH_08984,48,39.34,13,23,One-Year,Bank Transfer,Female,0
CUST_CH_08985,57,99.78,46,36,Month-to-Month,Credit Card,Male,0
CUST_CH_08986,23,105.85,36,29,Month-to-Month,Electronic Check,Female,1
CUST_CH_08987,65,76.48,31,36,Month-to-Month,Credit Card,Female,1
CUST_CH_08988,64,81.47,39,14,Two-Year,Bank Transfer,Male,0
CUST_CH_08989,63,89.48,2,29,One-Year,Electronic Check,Female,1
CUST_CH_08990,56,84.62,16,54,Month-to-Month,Bank Transfer,Male,1
CUST_CH_08991,7,50.52,19,33,One-Year,Bank Transfer,Female,0
CUST_CH_08992,50,65.48,21,8,One-Year,Credit Card,Male,0
CUST_CH_08993,61,35.53,25,45,Month-to-Month,Electronic Check,Female,0
CUST_CH_08994,21,119.98,40,16,Two-Year,Electronic Check,Male,0
CUST_CH_08995,57,72.26,14,58,Two-Year,Credit Card,Female,0
CUST_CH_08996,28,104.53,20,27,Month-to-Month,Electronic Check,Male,0
CUST_CH_08997,33,46.39,34,36,Two-Year,Electronic Check,Male,0
CUST_CH_08998,1,29.29,33,11,Month-to-Month,Electronic Check,Male,0
CUST_CH_08999,29,58.91,14,40,Month-to-Month,Electronic Check,Female,0
CUST_CH_09000,32,114.15,3,26,One-Year,Electronic Check,Male,1
CUST_CH_09001,27,87.4,16,39,Month-to-Month,Bank Transfer,Female,1
CUST_CH_09002,52,43.93,3,49,Month-to-Month,Credit Card,Female,1
CUST_CH_09003,47,88.93,29,43,Month-to-Month,Credit Card,Female,1
CUST_CH_09004,64,23.78,15,21,Month-to-Month,Electronic Check,Male,0
CUST_CH_09005,33,77.11,43,21,Month-to-Month,Credit Card,Male,1
CUST_CH_09006,17,39.82,38,56,One-Year,Bank Transfer,Female,1
CUST_CH_09007,30,48.81,36,46,Two-Year,Electronic Check,Female,1
CUST_CH_09008,69,101.91,4,54,Month-to-Month,Credit Card,Female,1
CUST_CH_09009,14,57.08,15,54,One-Year,Electronic Check,Female,1
CUST_CH_09010,64,52.55,13,9,One-Year,Credit Card,Female,0
CUST_CH_09011,40,35.42,44,47,One-Year,Credit Card,Male,0
CUST_CH_09012,34,85.69,41,19,Month-to-Month,Credit Card,Male,0
CUST_CH_09013,47,44.58,48,50,One-Year,Credit Card,Male,0
CUST_CH_09014,60,75.09,41,16,Two-Year,Bank Transfer,Female,0
CUST_CH_09015,61,56.29,15,18,Two-Year,Bank Transfer,Female,0
CUST_CH_09016,49,22.46,22,50,Month-to-Month,Credit Card,Male,1
CUST_CH_09017,66,99.23,12,45,Two-Year,Bank Transfer,Female,1
CUST_CH_09018,65,29.28,50,47,Month-to-Month,Credit Card,Male,1
CUST_CH_09019,5,79.3,45,26,Month-to-Month,Bank Transfer,Male,1
CUST_CH_09020,33,48.91,21,38,Month-to-Month,Electronic Check,Male,1
CUST_CH_09021,56,96.61,27,20,Month-to-Month,Bank Transfer,Male,1
CUST_CH_09022,34,50.15,27,18,One-Year,Bank Transfer,Female,0
CUST_CH_09023,19,30.57,45,14,Month-to-Month,Bank Transfer,Female,0
CUST_CH_09024,9,81.32,30,22,Two-Year,Electronic Check,Male,1
CUST_CH_09025,67,40.67,23,3,Month-to-Month,Electronic Check,Male,0
CUST_CH_09026,19,35.12,1,22,Month-to-Month,Electronic Check,Female,1
CUST_CH_09027,66,105.87,34,52,One-Year,Electronic Check,Male,0
CUST_CH_09028,34,35.8,35,8,Two-Year,Bank Transfer,Female,1
CUST_CH_09029,1,34.86,44,30,Two-Year,Credit Card,Female,1
CUST_CH_09030,9,88.12,6,24,Month-to-Month,Credit Card,Male,1
CUST_CH_09031,16,69.6,28,17,One-Year,Bank Transfer,Female,0
CUST_CH_09032,36,44.66,31,57,Month-to-Month,Credit Card,Female,0
CUST_CH_09033,46,47.65,47,22,One-Year,Credit Card,Female,0
CUST_CH_09034,53,66.82,22,38,Month-to-Month,Electronic Check,Male,1
CUST_CH_09035,38,108.83,6,22,Month-to-Month,Bank Transfer,Male,1
CUST_CH_09036,56,63.56,25,2,Two-Year,Credit Card,Female,1
CUST_CH_09037,67,119.59,23,34,Month-to-Month,Electronic Check,Female,1
CUST_CH_09038,30,49.41,44,42,One-Year,Electronic Check,Female,0
CUST_CH_09039,70,51.58,4,25,Two-Year,Electronic Check,Female,0
CUST_CH_09040,55,66.44,37,10,Month-to-Month,Credit Card,Male,0
CUST_CH_09041,4,119.12,1,46,Month-to-Month,Bank Transfer,Female,1
CUST_CH_09042,21,31.5,25,30,Month-to-Month,Credit Card,Female,0
CUST_CH_09043,3,74.9,32,52,One-Year,Electronic Check,Female,0
CUST_CH_09044,17,25.35,44,29,Two-Year,Electronic Check,Female,0
CUST_CH_09045,65,31.75,36,5,Two-Year,Credit Card,Female,0
CUST_CH_09046,35,117.19,32,12,Two-Year,Bank Transfer,Male,0
CUST_CH_09047,69,112.38,31,27,One-Year,Credit Card,Male,0
CUST_CH_09048,69,39.62,29,54,Month-to-Month,Bank Transfer,Male,0
CUST_CH_09049,23,69.44,21,27,Month-to-Month,Electronic Check,Male,1
CUST_CH_09050,70,90.01,21,28,One-Year,Credit Card,Male,1
CUST_CH_09051,8,55.88,40,14,Month-to-Month,Credit Card,Male,1
CUST_CH_09052,9,69.47,30,1,Month-to-Month,Electronic Check,Male,1
CUST_CH_09053,1,72.56,36,52,Month-to-Month,Electronic Check,Male,1
CUST_CH_09054,2,81.53,34,45,Two-Year,Credit Card,Male,1
CUST_CH_09055,54,69.49,19,45,Month-to-Month,Electronic Check,Female,1
CUST_CH_09056,64,96.47,42,0,Month-to-Month,Credit Card,Male,1
CUST_CH_09057,50,106.09,11,28,Month-to-Month,Electronic Check,Female,0
CUST_CH_09058,9,114.52,12,22,Month-to-Month,Credit Card,Female,1
CUST_CH_09059,32,113.25,6,29,Month-to-Month,Credit Card,Male,1
CUST_CH_09060,18,106.7,19,0,Two-Year,Bank Transfer,Male,1
CUST_CH_09061,46,33.54,27,27,One-Year,Bank Transfer,Male,0
CUST_CH_09062,53,113.06,50,4,Two-Year,Bank Transfer,Male,0
CUST_CH_09063,23,27.41,26,45,Two-Year,Bank Transfer,Male,1
CUST_CH_09064,27,78.17,13,40,Month-to-Month,Credit Card,Male,1
CUST_CH_09065,36,71.91,3,60,Two-Year,Electronic Check,Female,0
CUST_CH_09066,12,23.29,11,44,Month-to-Month,Electronic Check,Female,1
CUST_CH_09067,11,20.53,39,22,Month-to-Month,Bank Transfer,Female,1
CUST_CH_09068,39,100.37,5,20,One-Year,Bank Transfer,Male,1
CUST_CH_09069,1,85.64,2,45,Month-to-Month,Electronic Check,Female,1
CUST_CH_09070,4,103.07,45,32,Month-to-Month,Electronic Check,Female,1
CUST_CH_09071,25,63.28,27,21,Two-Year,Electronic Check,Female,0
CUST_CH_09072,72,45.48,38,56,Month-to-Month,Credit Card,Male,0
CUST_CH_09073,30,27.38,23,4,Month-to-Month,Credit Card,Male,1
CUST_CH_09074,3,60.72,49,26,Month-to-Month,Electronic Check,Male,1
CUST_CH_09075,20,43.02,36,43,Month-to-Month,Bank Transfer,Female,1
CUST_CH_09076,16,28.53,48,0,Month-to-Month,Electronic Check,Male,0
CUST_CH_09077,6,54.21,28,5,Two-Year,Bank Transfer,Male,0
CUST_CH_09078,41,112.25,39,13,One-Year,Bank Transfer,Female,0
CUST_CH_09079,71,76.29,36,53,Two-Year,Bank Transfer,Female,1
CUST_CH_09080,66,69.38,45,57,Month-to-Month,Bank Transfer,Male,0
CUST_CH_09081,5,66.78,13,10,Two-Year,Bank Transfer,Female,1
CUST_CH_09082,33,28.47,18,52,Month-to-Month,Electronic Check,Male,1
CUST_CH_09083,16,113.51,41,46,One-Year,Credit Card,Female,1
CUST_CH_09084,27,98.1,30,48,Month-to-Month,Electronic Check,Female,0
CUST_CH_09085,68,48.55,19,0,Month-to-Month,Electronic Check,Male,1
CUST_CH_09086,1,39.91,34,58,Month-to-Month,Electronic Check,Female,1
CUST_CH_09087,41,30.67,24,37,Month-to-Month,Electronic Check,Female,1
CUST_CH_09088,27,116.42,14,55,Two-Year,Electronic Check,Female,1
CUST_CH_09089,60,86.27,14,19,Month-to-Month,Bank Transfer,Male,0
CUST_CH_09090,22,87.82,41,26,One-Year,Electronic Check,Male,1
CUST_CH_09091,57,21.66,7,5,Two-Year,Bank Transfer,Male,0
CUST_CH_09092,32,57.16,48,54,Month-to-Month,Credit Card,Male,0
CUST_CH_09093,10,88.02,29,28,Month-to-Month,Electronic Check,Male,1
CUST_CH_09094,57,101.62,40,50,Month-to-Month,Bank Transfer,Male,1
CUST_CH_09095,13,98.93,33,15,Month-to-Month,Electronic Check,Female,1
CUST_CH_09096,23,36.54,13,60,Two-Year,Credit Card,Male,0
CUST_CH_09097,37,104.76,11,6,Two-Year,Electronic Check,Female,1
CUST_CH_09098,24,60.9,20,2,One-Year,Electronic Check,Male,0
CUST_CH_09099,36,60.27,14,15,Month-to-Month,Credit Card,Female,0
CUST_CH_09100,5,47.63,31,25,One-Year,Electronic Check,Male,0
CUST_CH_09101,52,78.37,49,15,Month-to-Month,Bank Transfer,Female,0
CUST_CH_09102,51,96.06,37,34,Month-to-Month,Electronic Check,Male,1
CUST_CH_09103,4,28.59,4,0,Month-to-Month,Electronic Check,Male,0
CUST_CH_09104,58,79.69,39,46,Month-to-Month,Electronic Check,Female,1
CUST_CH_09105,37,65.74,6,18,Month-to-Month,Bank Transfer,Female,0
CUST_CH_09106,10,60.99,38,18,Month-to-Month,Electronic Check,Female,1
CUST_CH_09107,8,110.98,49,7,Two-Year,Credit Card,Female,1
CUST_CH_09108,36,90.02,4,53,Month-to-Month,Electronic Check,Female,1
CUST_CH_09109,7,29.43,33,21,Month-to-Month,Electronic Check,Female,1
CUST_CH_09110,56,94.65,22,56,Month-to-Month,Electronic Check,Female,0
CUST_CH_09111,15,60.0,14,49,One-Year,Bank Transfer,Female,1
CUST_CH_09112,11,63.56,38,33,Two-Year,Electronic Check,Female,1
CUST_CH_09113,1,98.65,45,39,Two-Year,Bank Transfer,Female,1
CUST_CH_09114,41,26.29,4,24,Two-Year,Electronic Check,Male,0
CUST_CH_09115,38,57.65,28,37,Two-Year,Bank Transfer,Male,1
CUST_CH_09116,12,36.4,17,49,Month-to-Month,Bank Transfer,Male,0
CUST_CH_09117,7,71.33,36,13,Month-to-Month,Credit Card,Female,0
CUST_CH_09118,38,86.45,10,47,Month-to-Month,Electronic Check,Female,1
CUST_CH_09119,43,113.12,9,0,Month-to-Month,Credit Card,Male,0
CUST_CH_09120,9,84.05,49,2,Month-to-Month,Credit Card,Male,0
CUST_CH_09121,68,82.31,2,28,Two-Year,Electronic Check,Male,1
CUST_CH_09122,63,67.6,15,40,Month-to-Month,Electronic Check,Male,0
CUST_CH_09123,14,116.73,2,6,Month-to-Month,Credit Card,Male,1
CUST_CH_09124,45,31.67,2,15,Month-to-Month,Electronic Check,Female,0
CUST_CH_09125,7,88.93,20,0,Month-to-Month,Credit Card,Male,1
CUST_CH_09126,62,96.19,38,46,Month-to-Month,Bank Transfer,Male,0
CUST_CH_09127,58,98.17,16,56,One-Year,Credit Card,Male,1
CUST_CH_09128,54,22.78,23,27,Month-to-Month,Bank Transfer,Female,0
CUST_CH_09129,15,100.96,12,51,Month-to-Month,Credit Card,Male,1
CUST_CH_09130,21,88.96,49,21,Month-to-Month,Electronic Check,Female,0
CUST_CH_09131,71,25.01,47,1,Month-to-Month,Bank Transfer,Male,1
CUST_CH_09132,25,66.38,7,35,Month-to-Month,Credit Card,Female,0
CUST_CH_09133,15,24.4,11,48,Month-to-Month,Credit Card,Male,0
CUST_CH_09134,19,119.2,41,58,Month-to-Month,Electronic Check,Male,1
CUST_CH_09135,28,57.72,9,6,One-Year,Electronic Check,Female,1
CUST_CH_09136,20,110.67,20,21,Month-to-Month,Credit Card,Male,1
CUST_CH_09137,62,26.26,45,24,One-Year,Electronic Check,Female,0
CUST_CH_09138,42,78.78,43,1,One-Year,Electronic Check,Male,0
CUST_CH_09139,41,68.33,11,12,Two-Year,Electronic Check,Male,0
CUST_CH_09140,12,56.34,21,24,Month-to-Month,Credit Card,Male,0
CUST_CH_09141,7,47.92,37,18,One-Year,Electronic Check,Female,1
CUST_CH_09142,22,79.08,20,46,Two-Year,Credit Card,Male,0
CUST_CH_09143,41,78.19,19,20,Two-Year,Credit Card,Female,0
CUST_CH_09144,30,109.92,9,17,Month-to-Month,Electronic Check,Female,0
CUST_CH_09145,10,86.7,43,9,Two-Year,Electronic Check,Male,0
CUST_CH_09146,39,37.45,46,58,Month-to-Month,Electronic Check,Male,1
CUST_CH_09147,66,27.07,23,48,Month-to-Month,Electronic Check,Male,1
CUST_CH_09148,21,95.9,42,12,Month-to-Month,Electronic Check,Male,0
CUST_CH_09149,11,102.51,33,8,Month-to-Month,Credit Card,Female,0
CUST_CH_09150,31,65.81,12,17,One-Year,Electronic Check,Female,1
CUST_CH_09151,20,93.89,33,39,Two-Year,Electronic Check,Male,1
CUST_CH_09152,41,60.3,15,54,Month-to-Month,Bank Transfer,Female,0
CUST_CH_09153,28,35.22,44,33,Month-to-Month,Bank Transfer,Female,1
CUST_CH_09154,65,97.28,22,30,Month-to-Month,Credit Card,Male,1
CUST_CH_09155,23,26.53,11,22,Month-to-Month,Electronic Check,Female,1
CUST_CH_09156,59,49.6,28,10,Month-to-Month,Electronic Check,Female,0
CUST_CH_09157,48,98.97,43,3,Month-to-Month,Credit Card,Male,1
CUST_CH_09158,58,56.47,26,17,Two-Year,Electronic Check,Male,1
CUST_CH_09159,62,66.01,45,47,Month-to-Month,Electronic Check,Female,1
CUST_CH_09160,70,115.38,2,4,One-Year,Electronic Check,Female,0
CUST_CH_09161,67,28.27,12,39,Month-to-Month,Electronic Check,Male,0
CUST_CH_09162,3,76.06,11,59,Month-to-Month,Credit Card,Female,1
CUST_CH_09163,19,71.16,12,31,One-Year,Credit Card,Female,1
CUST_CH_09164,44,117.06,24,30,Two-Year,Bank Transfer,Male,1
CUST_CH_09165,41,60.47,36,34,Month-to-Month,Electronic Check,Female,0
CUST_CH_09166,29,26.8,33,13,Month-to-Month,Electronic Check,Male,1
CUST_CH_09167,47,87.5,1,34,Two-Year,Bank Transfer,Male,1
CUST_CH_09168,70,53.52,11,50,One-Year,Bank Transfer,Male,0
CUST_CH_09169,41,108.75,47,52,Month-to-Month,Electronic Check,Male,0
CUST_CH_09170,20,45.12,36,21,Month-to-Month,Credit Card,Female,1
CUST_CH_09171,30,75.39,3,58,Month-to-Month,Electronic Check,Male,1
CUST_CH_09172,12,118.35,10,40,One-Year,Credit Card,Male,0
CUST_CH_09173,29,108.7,20,1,Month-to-Month,Credit Card,Female,1
CUST_CH_09174,63,119.75,33,28,Two-Year,Credit Card,Female,0
CUST_CH_09175,20,48.15,1,57,Month-to-Month,Credit Card,Female,1
CUST_CH_09176,48,87.84,26,4,Month-to-Month,Credit Card,Male,1
CUST_CH_09177,28,116.83,48,14,Month-to-Month,Electronic Check,Male,0
CUST_CH_09178,67,55.98,24,18,Month-to-Month,Credit Card,Male,1
CUST_CH_09179,42,35.22,5,53,Two-Year,Credit Card,Female,1
CUST_CH_09180,14,62.41,50,0,Two-Year,Credit Card,Female,1
CUST_CH_09181,19,55.32,8,28,Month-to-Month,Bank Transfer,Male,0
CUST_CH_09182,46,71.39,32,18,Month-to-Month,Electronic Check,Male,0
CUST_CH_09183,69,116.83,46,58,One-Year,Bank Transfer,Male,0
CUST_CH_09184,54,80.46,23,38,Month-to-Month,Bank Transfer,Female,1
CUST_CH_09185,6,47.63,13,60,Two-Year,Bank Transfer,Female,1
CUST_CH_09186,35,110.14,48,7,One-Year,Credit Card,Male,0
CUST_CH_09187,63,46.02,24,34,Month-to-Month,Bank Transfer,Female,1
CUST_CH_09188,65,67.4,13,49,Two-Year,Bank Transfer,Male,1
CUST_CH_09189,70,118.21,50,24,Month-to-Month,Credit Card,Male,1
CUST_CH_09190,61,57.06,8,56,One-Year,Electronic Check,Female,1
CUST_CH_09191,66,59.53,23,11,Month-to-Month,Bank Transfer,Male,0
CUST_CH_09192,69,70.7,9,31,Two-Year,Bank Transfer,Male,1
CUST_CH_09193,20,108.91,16,52,Month-to-Month,Electronic Check,Male,1
CUST_CH_09194,67,90.92,41,17,Month-to-Month,Bank Transfer,Female,0
CUST_CH_09195,47,96.2,49,10,Month-to-Month,Electronic Check,Female,0
CUST_CH_09196,61,28.78,44,58,Month-to-Month,Bank Transfer,Female,1
CUST_CH_09197,53,49.4,37,47,Month-to-Month,Credit Card,Female,1
CUST_CH_09198,60,81.76,46,20,Month-to-Month,Bank Transfer,Male,0
CUST_CH_09199,66,81.38,12,56,One-Year,Bank Transfer,Male,0
CUST_CH_09200,35,116.57,8,56,One-Year,Electronic Check,Male,1
CUST_CH_09201,41,21.63,23,50,Month-to-Month,Credit Card,Male,1
CUST_CH_09202,55,25.27,17,27,Month-to-Month,Credit Card,Male,1
CUST_CH_09203,49,22.27,49,5,Two-Year,Bank Transfer,Female,0
CUST_CH_09204,39,119.55,12,60,Month-to-Month,Credit Card,Male,0
CUST_CH_09205,11,106.93,12,52,One-Year,Bank Transfer,Male,0
CUST_CH_09206,71,75.7,47,34,Month-to-Month,Credit Card,Male,0
CUST_CH_09207,4,47.57,6,40,Month-to-Month,Bank Transfer,Female,1
CUST_CH_09208,30,47.98,6,46,Month-to-Month,Electronic Check,Female,1
CUST_CH_09209,42,111.96,9,58,One-Year,Bank Transfer,Female,1
CUST_CH_09210,44,50.8,49,37,Two-Year,Electronic Check,Male,1
CUST_CH_09211,59,82.63,24,41,One-Year,Bank Transfer,Male,1
CUST_CH_09212,52,92.67,47,55,One-Year,Electronic Check,Female,1
CUST_CH_09213,46,66.64,23,26,One-Year,Electronic Check,Female,1
CUST_CH_09214,69,53.13,47,55,Month-to-Month,Credit Card,Male,1
CUST_CH_09215,5,95.24,2,35,Month-to-Month,Electronic Check,Female,1
CUST_CH_09216,7,65.86,23,34,One-Year,Credit Card,Female,1
CUST_CH_09217,11,83.73,48,51,Month-to-Month,Electronic Check,Male,1
CUST_CH_09218,39,90.67,25,54,Two-Year,Electronic Check,Female,0
CUST_CH_09219,29,98.94,35,28,Month-to-Month,Electronic Check,Male,1
CUST_CH_09220,28,75.14,6,41,Two-Year,Credit Card,Female,0
CUST_CH_09221,50,57.73,19,48,One-Year,Electronic Check,Female,1
CUST_CH_09222,28,44.17,8,26,Month-to-Month,Bank Transfer,Male,1
CUST_CH_09223,62,27.14,12,14,Month-to-Month,Credit Card,Male,0
CUST_CH_09224,37,116.31,36,4,Two-Year,Bank Transfer,Female,0
CUST_CH_09225,22,21.45,49,10,Month-to-Month,Credit Card,Male,1
CUST_CH_09226,41,35.13,3,15,Two-Year,Bank Transfer,Male,0
CUST_CH_09227,71,69.22,15,53,Month-to-Month,Electronic Check,Male,0
CUST_CH_09228,2,59.02,50,28,Two-Year,Credit Card,Male,0
CUST_CH_09229,71,46.42,48,42,Month-to-Month,Electronic Check,Female,0
CUST_CH_09230,1,69.92,41,56,Month-to-Month,Bank Transfer,Female,1
CUST_CH_09231,24,27.67,40,53,One-Year,Credit Card,Female,0
CUST_CH_09232,19,28.68,29,47,Two-Year,Bank Transfer,Female,1
CUST_CH_09233,59,68.2,8,37,One-Year,Credit Card,Female,1
CUST_CH_09234,26,95.91,19,50,Two-Year,Credit Card,Male,1
CUST_CH_09235,6,92.67,22,31,Month-to-Month,Bank Transfer,Male,1
CUST_CH_09236,23,108.96,24,1,Month-to-Month,Credit Card,Female,1
CUST_CH_09237,49,103.73,23,37,One-Year,Credit Card,Female,1
CUST_CH_09238,25,97.09,6,11,Month-to-Month,Bank Transfer,Female,1
CUST_CH_09239,71,79.86,48,60,Two-Year,Bank Transfer,Male,0
CUST_CH_09240,10,41.73,22,57,One-Year,Credit Card,Female,1
CUST_CH_09241,53,67.43,43,2,Two-Year,Bank Transfer,Female,0
CUST_CH_09242,15,59.74,24,50,Two-Year,Bank Transfer,Female,1
CUST_CH_09243,70,84.83,21,10,One-Year,Electronic Check,Female,1
CUST_CH_09244,68,49.07,36,42,One-Year,Credit Card,Male,1
CUST_CH_09245,23,54.65,12,30,One-Year,Credit Card,Male,1
CUST_CH_09246,48,113.88,6,4,Month-to-Month,Electronic Check,Female,1
CUST_CH_09247,43,75.8,11,24,Month-to-Month,Credit Card,Male,1
CUST_CH_09248,58,49.34,14,8,One-Year,Bank Transfer,Male,0
CUST_CH_09249,70,39.02,12,42,Month-to-Month,Bank Transfer,Female,0
CUST_CH_09250,35,101.55,21,31,Month-to-Month,Bank Transfer,Female,1
CUST_CH_09251,29,49.9,12,8,One-Year,Bank Transfer,Female,0
CUST_CH_09252,11,114.75,37,46,One-Year,Bank Transfer,Male,0
CUST_CH_09253,48,111.64,29,11,One-Year,Credit Card,Male,1
CUST_CH_09254,10,118.22,22,53,Two-Year,Credit Card,Female,1
CUST_CH_09255,22,56.0,13,14,Two-Year,Credit Card,Male,0
CUST_CH_09256,49,34.91,19,49,Month-to-Month,Credit Card,Female,0
CUST_CH_09257,55,105.59,13,38,Month-to-Month,Credit Card,Male,0
CUST_CH_09258,41,114.39,5,0,Month-to-Month,Electronic Check,Male,0
CUST_CH_09259,70,27.89,30,9,One-Year,Bank Transfer,Male,0
CUST_CH_09260,18,98.77,4,17,Month-to-Month,Credit Card,Female,1
CUST_CH_09261,70,54.55,30,58,Month-to-Month,Credit Card,Female,0
CUST_CH_09262,45,103.73,18,11,Month-to-Month,Electronic Check,Female,1
CUST_CH_09263,54,96.1,9,31,One-Year,Bank Transfer,Male,0
CUST_CH_09264,2,105.43,39,20,One-Year,Bank Transfer,Male,1
CUST_CH_09265,11,68.84,10,22,One-Year,Electronic Check,Male,1
CUST_CH_09266,25,109.83,14,58,Two-Year,Electronic Check,Female,1
CUST_CH_09267,33,40.12,34,44,One-Year,Bank Transfer,Male,0
CUST_CH_09268,7,59.33,17,13,Month-to-Month,Credit Card,Female,1
CUST_CH_09269,4,30.59,45,48,Month-to-Month,Bank Transfer,Female,1
CUST_CH_09270,3,94.96,34,27,One-Year,Credit Card,Male,1
CUST_CH_09271,37,45.87,12,29,Two-Year,Electronic Check,Female,0
CUST_CH_09272,9,28.13,42,43,Two-Year,Credit Card,Male,0
CUST_CH_09273,20,53.09,13,56,Month-to-Month,Credit Card,Female,1
CUST_CH_09274,22,93.29,21,42,Month-to-Month,Credit Card,Male,1
CUST_CH_09275,24,109.8,13,60,Month-to-Month,Electronic Check,Female,1
CUST_CH_09276,64,75.67,50,8,Month-to-Month,Credit Card,Male,0
CUST_CH_09277,12,63.36,29,40,Month-to-Month,Credit Card,Male,0
CUST_CH_09278,32,113.82,43,22,One-Year,Bank Transfer,Male,0
CUST_CH_09279,64,42.28,18,32,Month-to-Month,Credit Card,Female,1
CUST_CH_09280,48,87.79,7,54,One-Year,Credit Card,Male,1
CUST_CH_09281,3,26.21,42,52,Month-to-Month,Credit Card,Male,1
CUST_CH_09282,30,115.16,27,16,One-Year,Electronic Check,Male,0
CUST_CH_09283,71,41.7,15,52,One-Year,Electronic Check,Male,1
CUST_CH_09284,24,21.05,8,13,Two-Year,Electronic Check,Female,0
CUST_CH_09285,70,79.14,39,27,One-Year,Bank Transfer,Female,1
CUST_CH_09286,56,91.5,15,16,One-Year,Credit Card,Female,0
CUST_CH_09287,37,98.16,6,27,Two-Year,Electronic Check,Male,0
CUST_CH_09288,61,30.97,28,4,One-Year,Bank Transfer,Male,1
CUST_CH_09289,20,28.72,42,17,Month-to-Month,Electronic Check,Male,1
CUST_CH_09290,4,49.59,21,40,One-Year,Electronic Check,Male,1
CUST_CH_09291,31,52.27,27,13,Month-to-Month,Electronic Check,Female,0
CUST_CH_09292,50,84.65,47,2,Month-to-Month,Bank Transfer,Female,1
CUST_CH_09293,35,51.07,30,57,One-Year,Bank Transfer,Male,0
CUST_CH_09294,18,26.6,17,39,Month-to-Month,Electronic Check,Male,1
CUST_CH_09295,8,118.33,27,47,One-Year,Electronic Check,Male,0
CUST_CH_09296,55,59.27,47,55,Month-to-Month,Electronic Check,Male,0
CUST_CH_09297,63,114.11,28,11,One-Year,Bank Transfer,Male,1
CUST_CH_09298,64,29.89,19,15,One-Year,Bank Transfer,Male,0
CUST_CH_09299,1,35.67,41,44,Month-to-Month,Electronic Check,Male,1
CUST_CH_09300,40,34.12,22,5,One-Year,Bank Transfer,Male,0
CUST_CH_09301,1,105.52,35,52,Two-Year,Credit Card,Female,1
CUST_CH_09302,11,43.6,36,3,One-Year,Credit Card,Male,0
CUST_CH_09303,21,44.55,10,2,One-Year,Electronic Check,Male,0
CUST_CH_09304,68,44.75,49,51,Month-to-Month,Bank Transfer,Male,0
CUST_CH_09305,12,81.16,41,19,Month-to-Month,Electronic Check,Male,0
CUST_CH_09306,59,79.74,33,53,Month-to-Month,Bank Transfer,Female,1
CUST_CH_09307,48,61.16,42,39,Month-to-Month,Electronic Check,Female,1
CUST_CH_09308,31,117.14,23,42,Month-to-Month,Bank Transfer,Male,1
CUST_CH_09309,59,71.93,43,51,Month-to-Month,Electronic Check,Female,1
CUST_CH_09310,18,53.8,43,26,Month-to-Month,Bank Transfer,Female,1
CUST_CH_09311,42,49.33,41,54,Two-Year,Electronic Check,Male,0
CUST_CH_09312,57,51.65,7,25,Month-to-Month,Credit Card,Male,1
CUST_CH_09313,60,37.36,22,33,Month-to-Month,Bank Transfer,Female,0
CUST_CH_09314,7,114.25,37,21,Month-to-Month,Electronic Check,Male,1
CUST_CH_09315,40,30.65,49,54,Two-Year,Credit Card,Male,0
CUST_CH_09316,42,102.44,27,52,One-Year,Electronic Check,Female,1
CUST_CH_09317,38,53.69,31,55,Two-Year,Credit Card,Female,1
CUST_CH_09318,30,29.02,13,12,Month-to-Month,Electronic Check,Male,1
CUST_CH_09319,2,59.07,23,31,Month-to-Month,Credit Card,Male,1
CUST_CH_09320,42,89.49,20,44,Month-to-Month,Bank Transfer,Male,1
CUST_CH_09321,66,108.64,23,13,Month-to-Month,Electronic Check,Female,0
CUST_CH_09322,3,65.68,29,19,Month-to-Month,Credit Card,Female,0
CUST_CH_09323,7,65.43,37,21,Month-to-Month,Electronic Check,Female,1
CUST_CH_09324,8,48.59,12,4,Two-Year,Credit Card,Female,1
CUST_CH_09325,55,117.68,13,10,Two-Year,Bank Transfer,Female,1
CUST_CH_09326,25,67.46,42,43,Month-to-Month,Credit Card,Male,0
CUST_CH_09327,63,26.26,25,41,Month-to-Month,Bank Transfer,Female,1
CUST_CH_09328,37,78.03,45,50,Two-Year,Electronic Check,Female,0
CUST_CH_09329,38,101.39,9,10,Month-to-Month,Bank Transfer,Male,0
CUST_CH_09330,27,95.12,28,49,Month-to-Month,Electronic Check,Female,0
CUST_CH_09331,57,98.77,23,52,Month-to-Month,Bank Transfer,Male,0
CUST_CH_09332,48,62.09,31,19,One-Year,Electronic Check,Female,0
CUST_CH_09333,40,37.97,38,9,Month-to-Month,Electronic Check,Female,0
CUST_CH_09334,5,53.77,15,39,Month-to-Month,Bank Transfer,Female,0
CUST_CH_09335,16,23.69,35,22,One-Year,Electronic Check,Male,0
CUST_CH_09336,30,98.28,48,11,Month-to-Month,Credit Card,Female,0
CUST_CH_09337,51,118.13,24,16,Month-to-Month,Credit Card,Female,0
CUST_CH_09338,10,57.63,24,34,Month-to-Month,Credit Card,Female,1
CUST_CH_09339,7,72.16,17,38,Month-to-Month,Electronic Check,Female,0
CUST_CH_09340,71,89.47,12,42,Month-to-Month,Electronic Check,Male,1
CUST_CH_09341,33,112.63,11,32,One-Year,Credit Card,Male,0
CUST_CH_09342,50,114.43,31,18,Month-to-Month,Credit Card,Female,0
CUST_CH_09343,70,83.65,17,52,Month-to-Month,Electronic Check,Male,0
CUST_CH_09344,24,102.3,38,16,Month-to-Month,Bank Transfer,Female,0
CUST_CH_09345,45,21.84,32,53,Two-Year,Bank Transfer,Male,0
CUST_CH_09346,30,76.64,20,42,Two-Year,Credit Card,Female,0
CUST_CH_09347,53,89.97,2,48,Month-to-Month,Electronic Check,Female,1
CUST_CH_09348,56,117.05,4,50,Two-Year,Bank Transfer,Female,1
CUST_CH_09349,53,62.17,21,19,Month-to-Month,Credit Card,Male,0
CUST_CH_09350,16,118.74,4,32,One-Year,Credit Card,Female,1
CUST_CH_09351,42,38.77,13,34,One-Year,Bank Transfer,Female,0
CUST_CH_09352,38,64.63,13,15,One-Year,Bank Transfer,Female,0
CUST_CH_09353,46,63.12,34,2,Month-to-Month,Credit Card,Male,1
CUST_CH_09354,50,34.1,1,12,Two-Year,Credit Card,Female,1
CUST_CH_09355,51,69.66,10,24,Month-to-Month,Credit Card,Female,0
CUST_CH_09356,47,74.96,21,6,One-Year,Credit Card,Female,1
CUST_CH_09357,43,63.76,47,7,Month-to-Month,Bank Transfer,Female,0
CUST_CH_09358,9,62.75,10,9,One-Year,Electronic Check,Female,1
CUST_CH_09359,19,25.4,40,0,Month-to-Month,Bank Transfer,Male,1
CUST_CH_09360,60,107.94,42,23,One-Year,Credit Card,Male,0
CUST_CH_09361,61,30.87,11,25,Month-to-Month,Credit Card,Female,0
CUST_CH_09362,49,35.03,15,18,Month-to-Month,Bank Transfer,Male,0
CUST_CH_09363,2,105.15,11,52,Month-to-Month,Credit Card,Female,0
CUST_CH_09364,33,98.87,50,3,One-Year,Bank Transfer,Female,0
CUST_CH_09365,2,28.45,43,50,One-Year,Credit Card,Female,1
CUST_CH_09366,61,90.93,28,8,One-Year,Bank Transfer,Female,0
CUST_CH_09367,50,32.07,49,50,Two-Year,Credit Card,Male,1
CUST_CH_09368,41,29.86,14,48,Month-to-Month,Electronic Check,Male,1
CUST_CH_09369,32,55.65,19,37,One-Year,Electronic Check,Male,0
CUST_CH_09370,60,48.17,10,55,Month-to-Month,Credit Card,Male,0
CUST_CH_09371,60,94.61,26,60,Month-to-Month,Electronic Check,Female,0
CUST_CH_09372,4,45.7,11,47,One-Year,Electronic Check,Male,0
CUST_CH_09373,60,29.1,48,31,One-Year,Bank Transfer,Female,0
CUST_CH_09374,15,58.07,37,56,Month-to-Month,Credit Card,Female,0
CUST_CH_09375,56,84.64,30,5,Two-Year,Bank Transfer,Male,0
CUST_CH_09376,29,50.39,15,26,Month-to-Month,Electronic Check,Male,1
CUST_CH_09377,10,71.01,47,52,One-Year,Credit Card,Female,1
CUST_CH_09378,62,96.76,2,51,Month-to-Month,Credit Card,Female,0
CUST_CH_09379,24,40.01,40,8,Month-to-Month,Electronic Check,Male,0
CUST_CH_09380,19,75.73,39,17,Month-to-Month,Bank Transfer,Male,0
CUST_CH_09381,67,108.26,21,47,Month-to-Month,Credit Card,Female,0
CUST_CH_09382,49,26.98,40,30,Month-to-Month,Electronic Check,Male,0
CUST_CH_09383,57,106.57,50,6,One-Year,Electronic Check,Male,0
CUST_CH_09384,21,25.24,50,29,Month-to-Month,Electronic Check,Male,1
CUST_CH_09385,5,111.02,28,46,Month-to-Month,Bank Transfer,Female,1
CUST_CH_09386,7,117.55,42,16,Two-Year,Bank Transfer,Female,1
CUST_CH_09387,52,56.46,49,12,Two-Year,Bank Transfer,Male,0
CUST_CH_09388,25,33.36,20,40,One-Year,Electronic Check,Female,0
CUST_CH_09389,71,48.85,29,43,Month-to-Month,Bank Transfer,Male,0
CUST_CH_09390,42,113.11,48,2,Two-Year,Bank Transfer,Female,0
CUST_CH_09391,48,41.31,7,14,One-Year,Credit Card,Female,0
CUST_CH_09392,25,104.07,27,2,Two-Year,Bank Transfer,Female,0
CUST_CH_09393,3,74.69,37,42,One-Year,Bank Transfer,Female,0
CUST_CH_09394,11,72.37,47,19,Month-to-Month,Electronic Check,Male,1
CUST_CH_09395,14,88.85,48,1,Month-to-Month,Bank Transfer,Male,0
CUST_CH_09396,14,61.23,22,22,Two-Year,Credit Card,Male,1
CUST_CH_09397,5,108.42,23,32,Two-Year,Bank Transfer,Female,1
CUST_CH_09398,1,36.78,50,14,Month-to-Month,Bank Transfer,Female,1
CUST_CH_09399,64,67.91,16,51,Month-to-Month,Credit Card,Female,1
CUST_CH_09400,30,29.01,12,6,Month-to-Month,Bank Transfer,Female,1
CUST_CH_09401,71,88.3,38,40,Month-to-Month,Bank Transfer,Male,1
CUST_CH_09402,60,63.01,34,56,Month-to-Month,Credit Card,Female,1
CUST_CH_09403,20,63.74,27,6,Month-to-Month,Credit Card,Female,1
CUST_CH_09404,25,117.61,12,2,Month-to-Month,Electronic Check,Male,0
CUST_CH_09405,9,29.57,49,1,Month-to-Month,Electronic Check,Male,1
CUST_CH_09406,1,64.69,31,11,Two-Year,Credit Card,Male,0
CUST_CH_09407,7,116.77,16,51,One-Year,Credit Card,Male,1
CUST_CH_09408,66,72.69,44,9,Month-to-Month,Electronic Check,Female,0
CUST_CH_09409,14,29.79,8,48,Month-to-Month,Bank Transfer,Female,0
CUST_CH_09410,69,39.05,30,14,Month-to-Month,Credit Card,Female,0
CUST_CH_09411,59,93.57,17,25,Two-Year,Credit Card,Male,1
CUST_CH_09412,47,75.18,45,0,One-Year,Credit Card,Female,0
CUST_CH_09413,29,64.51,3,14,Month-to-Month,Bank Transfer,Male,1
CUST_CH_09414,13,98.18,7,0,Month-to-Month,Credit Card,Male,0
CUST_CH_09415,37,63.21,8,35,Month-to-Month,Credit Card,Female,1
CUST_CH_09416,14,40.53,18,4,One-Year,Bank Transfer,Male,0
CUST_CH_09417,51,83.01,32,17,Month-to-Month,Credit Card,Male,1
CUST_CH_09418,59,112.98,14,21,One-Year,Credit Card,Female,0
CUST_CH_09419,62,100.9,28,9,Month-to-Month,Credit Card,Female,1
CUST_CH_09420,15,68.15,39,10,One-Year,Credit Card,Male,0
CUST_CH_09421,50,84.85,17,59,Two-Year,Electronic Check,Male,1
CUST_CH_09422,48,73.14,34,35,Month-to-Month,Electronic Check,Female,1
CUST_CH_09423,55,61.02,11,54,One-Year,Credit Card,Male,1
CUST_CH_09424,68,59.37,11,12,Month-to-Month,Bank Transfer,Female,0
CUST_CH_09425,45,34.53,15,22,One-Year,Credit Card,Male,0
CUST_CH_09426,55,21.56,19,52,One-Year,Credit Card,Male,1
CUST_CH_09427,17,94.78,50,6,Two-Year,Bank Transfer,Female,0
CUST_CH_09428,53,75.01,7,5,Month-to-Month,Bank Transfer,Female,0
CUST_CH_09429,38,49.62,46,19,One-Year,Electronic Check,Male,0
CUST_CH_09430,54,80.88,26,45,One-Year,Bank Transfer,Male,0
CUST_CH_09431,4,48.84,28,8,Month-to-Month,Credit Card,Female,0
CUST_CH_09432,29,24.18,11,0,Month-to-Month,Bank Transfer,Female,0
CUST_CH_09433,26,114.81,30,20,Month-to-Month,Bank Transfer,Male,0
CUST_CH_09434,5,98.62,26,22,Month-to-Month,Credit Card,Female,1
CUST_CH_09435,23,102.32,35,51,Month-to-Month,Electronic Check,Male,1
CUST_CH_09436,25,88.06,38,35,Month-to-Month,Electronic Check,Male,0
CUST_CH_09437,55,44.38,8,34,Two-Year,Credit Card,Male,0
CUST_CH_09438,63,62.77,48,17,Two-Year,Credit Card,Female,1
CUST_CH_09439,21,97.19,37,26,Month-to-Month,Credit Card,Female,1
CUST_CH_09440,46,49.54,48,10,Month-to-Month,Bank Transfer,Male,0
CUST_CH_09441,2,54.84,26,16,Month-to-Month,Electronic Check,Female,0
CUST_CH_09442,47,67.03,48,52,One-Year,Bank Transfer,Female,0
CUST_CH_09443,14,114.74,9,39,Month-to-Month,Bank Transfer,Male,1
CUST_CH_09444,44,95.44,35,41,Month-to-Month,Bank Transfer,Female,1
CUST_CH_09445,35,109.91,49,34,Month-to-Month,Electronic Check,Male,1
CUST_CH_09446,1,57.45,31,17,Month-to-Month,Bank Transfer,Male,1
CUST_CH_09447,63,100.57,15,5,One-Year,Bank Transfer,Female,1
CUST_CH_09448,4,45.68,8,25,Month-to-Month,Electronic Check,Male,1
CUST_CH_09449,50,36.68,27,6,One-Year,Bank Transfer,Male,0
CUST_CH_09450,2,27.47,28,5,Month-to-Month,Electronic Check,Male,1
CUST_CH_09451,37,105.67,11,20,One-Year,Bank Transfer,Male,0
CUST_CH_09452,56,36.33,21,51,Month-to-Month,Bank Transfer,Male,0
CUST_CH_09453,31,111.91,19,41,One-Year,Electronic Check,Female,0
CUST_CH_09454,68,111.91,24,6,Month-to-Month,Electronic Check,Female,0
CUST_CH_09455,25,93.18,38,18,Month-to-Month,Electronic Check,Male,0
CUST_CH_09456,15,119.79,50,52,Month-to-Month,Electronic Check,Female,1
CUST_CH_09457,12,46.2,44,36,Two-Year,Electronic Check,Male,0
CUST_CH_09458,18,64.44,13,57,Two-Year,Bank Transfer,Female,0
CUST_CH_09459,50,85.46,32,14,Month-to-Month,Electronic Check,Female,1
CUST_CH_09460,42,81.68,28,43,Month-to-Month,Credit Card,Male,0
CUST_CH_09461,40,101.84,11,21,Two-Year,Bank Transfer,Female,1
CUST_CH_09462,37,97.34,39,58,Two-Year,Electronic Check,Female,1
CUST_CH_09463,67,25.53,23,7,Month-to-Month,Bank Transfer,Female,1
CUST_CH_09464,70,105.26,25,37,One-Year,Electronic Check,Female,0
CUST_CH_09465,49,87.14,2,7,One-Year,Credit Card,Female,0
CUST_CH_09466,44,33.8,25,3,One-Year,Credit Card,Male,0
CUST_CH_09467,67,65.39,42,40,Month-to-Month,Credit Card,Female,1
CUST_CH_09468,50,92.94,35,7,Month-to-Month,Electronic Check,Male,0
CUST_CH_09469,68,40.66,16,18,Month-to-Month,Credit Card,Female,0
CUST_CH_09470,25,111.24,28,42,Two-Year,Bank Transfer,Male,1
CUST_CH_09471,62,38.77,29,8,Month-to-Month,Credit Card,Female,0
CUST_CH_09472,38,55.97,47,29,Month-to-Month,Electronic Check,Female,1
CUST_CH_09473,42,37.91,13,10,Month-to-Month,Credit Card,Male,0
CUST_CH_09474,16,103.02,37,24,Month-to-Month,Electronic Check,Male,1
CUST_CH_09475,10,106.96,34,20,Month-to-Month,Electronic Check,Male,1
CUST_CH_09476,32,117.06,28,40,Two-Year,Electronic Check,Male,0
CUST_CH_09477,31,45.83,3,30,Month-to-Month,Electronic Check,Male,1
CUST_CH_09478,72,117.78,6,6,Month-to-Month,Bank Transfer,Male,1
CUST_CH_09479,4,98.21,36,47,Two-Year,Bank Transfer,Female,0
CUST_CH_09480,55,49.72,15,45,Two-Year,Credit Card,Female,0
CUST_CH_09481,55,40.93,36,18,Month-to-Month,Bank Transfer,Male,1
CUST_CH_09482,13,91.76,21,25,One-Year,Credit Card,Female,0
CUST_CH_09483,46,97.87,8,53,One-Year,Bank Transfer,Male,0
CUST_CH_09484,11,43.42,27,28,One-Year,Bank Transfer,Male,1
CUST_CH_09485,23,68.97,25,15,One-Year,Bank Transfer,Female,0
CUST_CH_09486,64,109.73,27,6,Month-to-Month,Credit Card,Male,1
CUST_CH_09487,71,62.57,4,1,One-Year,Bank Transfer,Female,0
CUST_CH_09488,21,49.89,3,40,One-Year,Bank Transfer,Female,0
CUST_CH_09489,72,61.91,19,59,Month-to-Month,Bank Transfer,Male,1
CUST_CH_09490,14,110.03,50,26,Month-to-Month,Electronic Check,Male,0
CUST_CH_09491,25,80.55,24,43,One-Year,Bank Transfer,Male,1
CUST_CH_09492,53,40.32,45,30,Month-to-Month,Bank Transfer,Female,1
CUST_CH_09493,22,86.44,1,56,Month-to-Month,Bank Transfer,Female,1
CUST_CH_09494,3,111.7,12,34,Two-Year,Bank Transfer,Male,0
CUST_CH_09495,30,101.36,4,55,Month-to-Month,Bank Transfer,Female,1
CUST_CH_09496,28,61.93,31,34,Month-to-Month,Electronic Check,Male,0
CUST_CH_09497,21,37.86,42,15,One-Year,Electronic Check,Female,0
CUST_CH_09498,19,55.78,43,25,Two-Year,Credit Card,Male,0
CUST_CH_09499,45,115.07,28,30,Month-to-Month,Electronic Check,Female,1
CUST_CH_09500,40,59.5,30,4,Month-to-Month,Electronic Check,Male,1
CUST_CH_09501,24,22.09,15,23,Two-Year,Electronic Check,Female,0
CUST_CH_09502,43,35.21,10,35,Month-to-Month,Credit Card,Male,1
CUST_CH_09503,19,51.22,32,22,Month-to-Month,Credit Card,Female,1
CUST_CH_09504,65,64.77,29,29,One-Year,Credit Card,Male,1
CUST_CH_09505,17,79.91,15,18,Month-to-Month,Credit Card,Male,1
CUST_CH_09506,63,91.61,29,44,Month-to-Month,Electronic Check,Female,1
CUST_CH_09507,35,106.77,39,10,Month-to-Month,Credit Card,Male,1
CUST_CH_09508,19,79.19,8,36,Month-to-Month,Credit Card,Female,1
CUST_CH_09509,33,56.52,8,18,Two-Year,Bank Transfer,Female,0
CUST_CH_09510,54,62.63,23,32,Month-to-Month,Bank Transfer,Male,0
CUST_CH_09511,2,89.68,32,43,One-Year,Credit Card,Male,1
CUST_CH_09512,11,117.19,33,27,One-Year,Credit Card,Male,0
CUST_CH_09513,39,53.18,13,35,Two-Year,Electronic Check,Male,0
CUST_CH_09514,21,113.94,39,36,Month-to-Month,Credit Card,Female,1
CUST_CH_09515,41,66.72,26,47,Month-to-Month,Bank Transfer,Female,0
CUST_CH_09516,34,77.72,22,15,Month-to-Month,Credit Card,Male,1
CUST_CH_09517,48,36.96,9,21,Two-Year,Electronic Check,Female,0
CUST_CH_09518,70,112.81,12,47,Month-to-Month,Electronic Check,Female,1
CUST_CH_09519,16,93.89,9,48,Month-to-Month,Credit Card,Male,1
CUST_CH_09520,54,41.7,27,0,Month-to-Month,Electronic Check,Male,1
CUST_CH_09521,21,25.58,37,28,Month-to-Month,Bank Transfer,Male,0
CUST_CH_09522,43,115.61,27,57,Two-Year,Credit Card,Female,0
CUST_CH_09523,43,66.74,47,20,Month-to-Month,Credit Card,Male,0
CUST_CH_09524,26,88.25,49,28,Month-to-Month,Electronic Check,Male,1
CUST_CH_09525,70,77.08,4,6,One-Year,Electronic Check,Female,0
CUST_CH_09526,44,39.15,27,54,One-Year,Credit Card,Female,0
CUST_CH_09527,26,46.02,48,35,Two-Year,Electronic Check,Female,1
CUST_CH_09528,22,27.6,29,53,Month-to-Month,Bank Transfer,Female,1
CUST_CH_09529,37,39.21,13,12,Month-to-Month,Bank Transfer,Female,0
CUST_CH_09530,29,85.87,46,41,One-Year,Electronic Check,Male,0
CUST_CH_09531,20,113.69,49,14,Month-to-Month,Bank Transfer,Female,0
CUST_CH_09532,67,112.46,32,59,Month-to-Month,Bank Transfer,Female,1
CUST_CH_09533,12,50.8,18,33,Two-Year,Electronic Check,Female,0
CUST_CH_09534,17,44.15,7,52,Two-Year,Bank Transfer,Male,0
CUST_CH_09535,66,115.67,40,37,Month-to-Month,Credit Card,Female,1
CUST_CH_09536,41,117.34,11,31,Two-Year,Bank Transfer,Female,0
CUST_CH_09537,7,62.03,50,47,One-Year,Bank Transfer,Male,1
CUST_CH_09538,1,64.48,14,1,Month-to-Month,Credit Card,Female,0
CUST_CH_09539,61,42.35,21,25,Month-to-Month,Bank Transfer,Female,1
CUST_CH_09540,38,38.14,10,7,One-Year,Electronic Check,Female,1
CUST_CH_09541,20,50.51,38,31,One-Year,Electronic Check,Female,1
CUST_CH_09542,25,83.92,6,13,Two-Year,Credit Card,Female,1
CUST_CH_09543,56,95.65,35,11,Two-Year,Electronic Check,Female,1
CUST_CH_09544,27,29.75,7,19,Month-to-Month,Credit Card,Male,0
CUST_CH_09545,47,57.92,36,43,Two-Year,Credit Card,Male,0
CUST_CH_09546,70,43.69,18,28,Month-to-Month,Electronic Check,Female,0
CUST_CH_09547,27,110.92,42,40,Month-to-Month,Bank Transfer,Female,1
CUST_CH_09548,57,49.93,43,20,Two-Year,Electronic Check,Male,0
CUST_CH_09549,66,53.48,27,40,Two-Year,Electronic Check,Male,0
CUST_CH_09550,66,85.22,12,38,One-Year,Bank Transfer,Male,1
CUST_CH_09551,9,59.76,19,8,Month-to-Month,Credit Card,Female,1
CUST_CH_09552,36,87.09,29,35,One-Year,Electronic Check,Male,0
CUST_CH_09553,22,56.58,46,19,One-Year,Electronic Check,Female,1
CUST_CH_09554,10,92.44,22,47,Month-to-Month,Electronic Check,Female,1
CUST_CH_09555,21,73.32,50,9,Month-to-Month,Bank Transfer,Female,0
CUST_CH_09556,62,115.42,3,26,Two-Year,Electronic Check,Male,0
CUST_CH_09557,65,25.79,47,37,One-Year,Electronic Check,Female,1
CUST_CH_09558,39,54.53,15,41,Month-to-Month,Electronic Check,Male,0
CUST_CH_09559,54,110.94,41,11,One-Year,Credit Card,Female,0
CUST_CH_09560,8,102.79,13,60,One-Year,Credit Card,Female,1
CUST_CH_09561,60,72.19,31,10,Month-to-Month,Electronic Check,Female,1
CUST_CH_09562,69,73.16,19,16,Month-to-Month,Bank Transfer,Female,0
CUST_CH_09563,35,32.36,41,24,Two-Year,Electronic Check,Male,1
CUST_CH_09564,57,79.34,41,53,Month-to-Month,Bank Transfer,Male,0
CUST_CH_09565,43,86.71,34,14,Month-to-Month,Electronic Check,Female,1
CUST_CH_09566,63,73.39,7,44,Month-to-Month,Electronic Check,Male,1
CUST_CH_09567,6,21.56,27,56,One-Year,Electronic Check,Female,0
CUST_CH_09568,30,89.4,7,47,Month-to-Month,Bank Transfer,Male,0
CUST_CH_09569,69,100.94,45,60,Month-to-Month,Bank Transfer,Male,1
CUST_CH_09570,45,109.24,26,58,Month-to-Month,Bank Transfer,Female,0
CUST_CH_09571,64,66.25,36,6,Month-to-Month,Credit Card,Female,1
CUST_CH_09572,54,24.84,18,42,Month-to-Month,Bank Transfer,Male,1
CUST_CH_09573,3,22.56,9,37,Month-to-Month,Bank Transfer,Female,1
CUST_CH_09574,50,116.37,16,14,Month-to-Month,Bank Transfer,Female,0
CUST_CH_09575,48,61.23,39,1,Month-to-Month,Bank Transfer,Female,1
CUST_CH_09576,30,93.17,38,5,Month-to-Month,Electronic Check,Male,0
CUST_CH_09577,23,32.88,40,23,One-Year,Credit Card,Female,1
CUST_CH_09578,60,72.68,44,13,One-Year,Credit Card,Male,0
CUST_CH_09579,25,29.07,13,22,One-Year,Bank Transfer,Female,0
CUST_CH_09580,72,27.86,39,17,Month-to-Month,Bank Transfer,Male,1
CUST_CH_09581,9,110.37,43,10,Month-to-Month,Electronic Check,Male,1
CUST_CH_09582,38,31.21,24,11,Month-to-Month,Credit Card,Female,1
CUST_CH_09583,5,25.44,31,36,Month-to-Month,Bank Transfer,Male,0
CUST_CH_09584,56,116.82,25,54,Month-to-Month,Credit Card,Male,1
CUST_CH_09585,13,81.13,43,45,Month-to-Month,Bank Transfer,Male,1
CUST_CH_09586,42,38.02,3,39,Month-to-Month,Bank Transfer,Male,0
CUST_CH_09587,57,107.2,22,2,Two-Year,Credit Card,Female,1
CUST_CH_09588,30,69.53,8,34,Two-Year,Bank Transfer,Female,0
CUST_CH_09589,62,103.66,38,58,One-Year,Credit Card,Male,0
CUST_CH_09590,47,59.17,3,5,Two-Year,Bank Transfer,Male,0
CUST_CH_09591,25,43.27,18,45,One-Year,Electronic Check,Female,1
CUST_CH_09592,34,115.79,3,14,One-Year,Electronic Check,Male,0
CUST_CH_09593,64,85.39,8,15,Two-Year,Electronic Check,Female,1
CUST_CH_09594,31,29.7,32,53,Month-to-Month,Credit Card,Male,0
CUST_CH_09595,36,43.42,14,10,Month-to-Month,Electronic Check,Male,0
CUST_CH_09596,51,101.05,41,51,Month-to-Month,Electronic Check,Male,1
CUST_CH_09597,30,105.44,39,59,Month-to-Month,Bank Transfer,Male,1
CUST_CH_09598,34,100.47,2,9,Month-to-Month,Credit Card,Female,0
CUST_CH_09599,17,82.39,34,55,Two-Year,Electronic Check,Female,0
CUST_CH_09600,12,107.63,36,0,One-Year,Bank Transfer,Male,0
CUST_CH_09601,8,87.66,8,11,Month-to-Month,Bank Transfer,Female,0
CUST_CH_09602,32,112.05,23,16,One-Year,Credit Card,Female,0
CUST_CH_09603,28,45.28,33,39,One-Year,Credit Card,Male,0
CUST_CH_09604,16,111.13,1,56,Month-to-Month,Credit Card,Female,1
CUST_CH_09605,55,86.58,50,40,Month-to-Month,Credit Card,Male,1
CUST_CH_09606,2,51.93,14,18,Two-Year,Bank Transfer,Male,0
CUST_CH_09607,59,55.72,3,24,Month-to-Month,Bank Transfer,Female,1
CUST_CH_09608,70,55.51,46,23,Month-to-Month,Credit Card,Male,1
CUST_CH_09609,26,49.02,25,53,Month-to-Month,Credit Card,Female,1
CUST_CH_09610,68,92.63,1,19,Two-Year,Credit Card,Male,1
CUST_CH_09611,54,24.35,47,0,One-Year,Electronic Check,Female,0
CUST_CH_09612,51,91.84,37,18,Two-Year,Bank Transfer,Male,0
CUST_CH_09613,31,86.18,11,57,Two-Year,Bank Transfer,Female,1
CUST_CH_09614,72,55.29,35,48,One-Year,Electronic Check,Male,0
CUST_CH_09615,5,34.17,7,54,Month-to-Month,Bank Transfer,Female,1
CUST_CH_09616,17,100.03,40,9,Two-Year,Electronic Check,Female,1
CUST_CH_09617,48,54.12,39,2,Two-Year,Bank Transfer,Female,0
CUST_CH_09618,3,66.32,15,17,Month-to-Month,Credit Card,Female,1
CUST_CH_09619,7,63.84,33,35,One-Year,Electronic Check,Female,1
CUST_CH_09620,35,53.59,50,16,Month-to-Month,Bank Transfer,Male,0
CUST_CH_09621,6,89.96,14,59,Month-to-Month,Bank Transfer,Female,1
CUST_CH_09622,19,89.89,21,7,Month-to-Month,Electronic Check,Female,0
CUST_CH_09623,56,29.94,36,4,Month-to-Month,Credit Card,Female,1
CUST_CH_09624,61,86.39,2,3,Month-to-Month,Bank Transfer,Female,0
CUST_CH_09625,41,107.42,17,28,Month-to-Month,Bank Transfer,Female,1
CUST_CH_09626,55,49.29,29,9,One-Year,Credit Card,Male,0
CUST_CH_09627,1,25.13,49,45,One-Year,Electronic Check,Male,0
CUST_CH_09628,30,104.9,46,12,One-Year,Bank Transfer,Male,1
CUST_CH_09629,36,94.18,31,9,One-Year,Bank Transfer,Female,0
CUST_CH_09630,52,91.78,31,4,Month-to-Month,Bank Transfer,Male,0
CUST_CH_09631,14,31.18,22,55,One-Year,Bank Transfer,Female,0
CUST_CH_09632,65,41.22,34,55,Two-Year,Credit Card,Male,0
CUST_CH_09633,36,119.26,35,60,Two-Year,Credit Card,Male,1
CUST_CH_09634,49,89.88,18,41,Two-Year,Credit Card,Female,1
CUST_CH_09635,71,49.99,21,43,Month-to-Month,Electronic Check,Female,0
CUST_CH_09636,43,92.52,38,25,Month-to-Month,Electronic Check,Female,1
CUST_CH_09637,5,60.81,1,50,Two-Year,Credit Card,Female,0
CUST_CH_09638,58,60.97,16,8,Month-to-Month,Bank Transfer,Male,0
CUST_CH_09639,2,91.32,44,27,One-Year,Credit Card,Male,1
CUST_CH_09640,18,68.9,28,25,Month-to-Month,Credit Card,Male,1
CUST_CH_09641,49,49.27,41,31,Month-to-Month,Bank Transfer,Female,1
CUST_CH_09642,26,64.65,9,29,Two-Year,Electronic Check,Female,0
CUST_CH_09643,4,38.21,20,5,Month-to-Month,Credit Card,Male,1
CUST_CH_09644,24,117.53,45,23,Month-to-Month,Bank Transfer,Female,1
CUST_CH_09645,11,42.04,8,23,One-Year,Bank Transfer,Male,1
CUST_CH_09646,67,60.3,9,19,Month-to-Month,Electronic Check,Male,1
CUST_CH_09647,43,40.78,13,59,Month-to-Month,Credit Card,Female,0
CUST_CH_09648,12,112.4,41,36,Month-to-Month,Electronic Check,Female,1
CUST_CH_09649,33,38.44,26,39,One-Year,Bank Transfer,Male,0
CUST_CH_09650,22,46.25,41,30,One-Year,Credit Card,Female,0
CUST_CH_09651,14,94.72,45,39,One-Year,Bank Transfer,Male,0
CUST_CH_09652,31,64.29,25,48,Two-Year,Credit Card,Male,1
CUST_CH_09653,3,34.56,16,13,Month-to-Month,Credit Card,Female,0
CUST_CH_09654,38,70.76,28,13,One-Year,Credit Card,Male,0
CUST_CH_09655,34,37.55,12,4,Month-to-Month,Credit Card,Female,0
CUST_CH_09656,70,58.5,42,60,Month-to-Month,Bank Transfer,Male,1
CUST_CH_09657,39,23.42,3,37,Month-to-Month,Bank Transfer,Female,1
CUST_CH_09658,55,60.57,48,35,Month-to-Month,Credit Card,Female,1
CUST_CH_09659,48,34.15,36,3,Month-to-Month,Electronic Check,Female,1
CUST_CH_09660,29,93.08,40,15,Two-Year,Credit Card,Female,0
CUST_CH_09661,1,38.62,38,58,Month-to-Month,Credit Card,Female,1
CUST_CH_09662,53,111.8,11,8,Two-Year,Electronic Check,Female,0
CUST_CH_09663,56,60.48,48,22,Two-Year,Credit Card,Male,0
CUST_CH_09664,67,23.22,34,27,One-Year,Electronic Check,Female,0
CUST_CH_09665,22,58.4,1,58,One-Year,Electronic Check,Male,1
CUST_CH_09666,62,71.84,18,19,Two-Year,Credit Card,Male,1
CUST_CH_09667,12,62.89,15,14,Month-to-Month,Electronic Check,Male,1
CUST_CH_09668,33,55.64,4,8,Two-Year,Bank Transfer,Male,0
CUST_CH_09669,1,49.62,10,21,Two-Year,Bank Transfer,Female,1
CUST_CH_09670,27,91.99,31,20,Month-to-Month,Bank Transfer,Female,0
CUST_CH_09671,25,80.32,46,31,Two-Year,Bank Transfer,Male,0
CUST_CH_09672,4,59.5,32,10,Two-Year,Credit Card,Male,1
CUST_CH_09673,61,69.2,27,7,Two-Year,Credit Card,Female,0
CUST_CH_09674,7,118.3,27,18,One-Year,Electronic Check,Male,0
CUST_CH_09675,49,33.06,8,24,One-Year,Bank Transfer,Female,0
CUST_CH_09676,52,82.49,16,50,Month-to-Month,Electronic Check,Female,1
CUST_CH_09677,30,46.77,28,29,Month-to-Month,Bank Transfer,Female,1
CUST_CH_09678,39,93.54,11,10,Month-to-Month,Bank Transfer,Male,1
CUST_CH_09679,53,104.27,35,42,One-Year,Electronic Check,Female,1
CUST_CH_09680,70,34.3,48,23,Month-to-Month,Bank Transfer,Female,1
CUST_CH_09681,28,26.86,13,35,Month-to-Month,Bank Transfer,Female,1
CUST_CH_09682,53,77.7,22,29,Month-to-Month,Credit Card,Male,0
CUST_CH_09683,60,59.46,23,47,One-Year,Bank Transfer,Male,1
CUST_CH_09684,69,72.6,48,7,One-Year,Bank Transfer,Female,0
CUST_CH_09685,54,26.22,21,59,One-Year,Electronic Check,Male,1
CUST_CH_09686,41,110.56,48,55,One-Year,Bank Transfer,Male,0
CUST_CH_09687,19,40.69,3,56,One-Year,Bank Transfer,Female,1
CUST_CH_09688,42,68.33,50,40,One-Year,Credit Card,Male,0
CUST_CH_09689,35,65.7,25,9,Month-to-Month,Credit Card,Female,1
CUST_CH_09690,67,55.74,18,32,Month-to-Month,Electronic Check,Female,1
CUST_CH_09691,67,86.57,41,4,Month-to-Month,Credit Card,Female,1
CUST_CH_09692,6,100.26,1,28,Month-to-Month,Bank Transfer,Male,0
CUST_CH_09693,7,86.77,8,28,Two-Year,Credit Card,Male,1
CUST_CH_09694,66,101.55,27,58,Two-Year,Bank Transfer,Male,1
CUST_CH_09695,69,28.36,34,23,Two-Year,Bank Transfer,Female,1
CUST_CH_09696,20,104.9,39,46,One-Year,Electronic Check,Female,1
CUST_CH_09697,7,39.53,10,57,One-Year,Bank Transfer,Male,1
CUST_CH_09698,7,90.91,18,38,One-Year,Bank Transfer,Male,0
CUST_CH_09699,52,86.94,16,25,One-Year,Electronic Check,Female,1
CUST_CH_09700,52,100.74,43,19,Month-to-Month,Bank Transfer,Female,0
CUST_CH_09701,62,99.45,19,58,Month-to-Month,Credit Card,Female,1
CUST_CH_09702,42,89.0,5,35,One-Year,Credit Card,Female,1
CUST_CH_09703,72,99.51,18,43,One-Year,Electronic Check,Male,0
CUST_CH_09704,42,111.68,18,10,One-Year,Bank Transfer,Female,1
CUST_CH_09705,35,55.77,41,7,Month-to-Month,Electronic Check,Female,0
CUST_CH_09706,4,44.52,36,16,Month-to-Month,Electronic Check,Male,1
CUST_CH_09707,63,65.23,13,45,Month-to-Month,Bank Transfer,Female,0
CUST_CH_09708,17,58.65,17,14,Two-Year,Credit Card,Male,0
CUST_CH_09709,3,81.95,3,15,Month-to-Month,Credit Card,Male,1
CUST_CH_09710,14,77.7,43,57,Month-to-Month,Electronic Check,Female,1
CUST_CH_09711,27,58.65,9,43,Month-to-Month,Electronic Check,Male,1
CUST_CH_09712,29,108.13,38,28,Month-to-Month,Bank Transfer,Female,0
CUST_CH_09713,45,33.25,23,4,One-Year,Bank Transfer,Male,1
CUST_CH_09714,28,79.29,17,43,One-Year,Credit Card,Male,0
CUST_CH_09715,15,36.42,26,18,One-Year,Credit Card,Male,0
CUST_CH_09716,69,43.38,28,3,Two-Year,Bank Transfer,Male,0
CUST_CH_09717,55,95.37,13,36,Month-to-Month,Credit Card,Female,0
CUST_CH_09718,4,50.25,38,20,Two-Year,Electronic Check,Male,0
CUST_CH_09719,71,53.34,11,22,Month-to-Month,Electronic Check,Male,1
CUST_CH_09720,53,30.91,39,10,Month-to-Month,Bank Transfer,Male,0
CUST_CH_09721,27,82.97,10,40,Month-to-Month,Credit Card,Female,1
CUST_CH_09722,71,23.86,21,50,Month-to-Month,Bank Transfer,Male,1
CUST_CH_09723,41,81.27,41,21,Month-to-Month,Electronic Check,Female,1
CUST_CH_09724,41,58.82,43,22,Month-to-Month,Bank Transfer,Female,0
CUST_CH_09725,29,63.3,41,50,Two-Year,Bank Transfer,Female,1
CUST_CH_09726,20,65.38,16,1,Month-to-Month,Bank Transfer,Female,0
CUST_CH_09727,59,84.58,10,56,Month-to-Month,Bank Transfer,Male,0
CUST_CH_09728,35,99.69,47,45,One-Year,Credit Card,Male,0
CUST_CH_09729,52,106.55,7,51,Month-to-Month,Bank Transfer,Female,0
CUST_CH_09730,59,53.65,43,12,Month-to-Month,Bank Transfer,Female,1
CUST_CH_09731,27,81.4,28,4,One-Year,Credit Card,Female,0
CUST_CH_09732,8,45.62,42,19,One-Year,Electronic Check,Male,1
CUST_CH_09733,69,101.62,43,36,Month-to-Month,Electronic Check,Female,1
CUST_CH_09734,14,104.76,40,8,Month-to-Month,Electronic Check,Female,1
CUST_CH_09735,3,94.14,35,33,Month-to-Month,Bank Transfer,Female,1
CUST_CH_09736,12,88.1,47,41,One-Year,Bank Transfer,Female,0
CUST_CH_09737,46,82.02,6,6,Month-to-Month,Credit Card,Female,1
CUST_CH_09738,6,34.2,9,53,One-Year,Electronic Check,Female,1
CUST_CH_09739,72,65.68,30,0,One-Year,Bank Transfer,Male,1
CUST_CH_09740,11,105.59,20,34,Two-Year,Bank Transfer,Female,1
CUST_CH_09741,51,47.61,29,56,Month-to-Month,Electronic Check,Male,0
CUST_CH_09742,32,88.85,28,16,Month-to-Month,Electronic Check,Female,1
CUST_CH_09743,62,48.83,13,46,One-Year,Credit Card,Male,0
CUST_CH_09744,71,112.24,16,8,One-Year,Electronic Check,Female,0
CUST_CH_09745,72,89.56,40,19,Two-Year,Bank Transfer,Male,0
CUST_CH_09746,9,119.65,49,4,Month-to-Month,Bank Transfer,Male,1
CUST_CH_09747,48,44.44,10,31,Month-to-Month,Bank Transfer,Male,1
CUST_CH_09748,54,29.74,41,13,Two-Year,Electronic Check,Male,1
CUST_CH_09749,61,100.95,49,28,Month-to-Month,Electronic Check,Male,1
CUST_CH_09750,38,81.56,1,29,Month-to-Month,Credit Card,Female,1
CUST_CH_09751,67,97.37,41,2,One-Year,Credit Card,Male,1
CUST_CH_09752,11,107.98,13,52,Month-to-Month,Bank Transfer,Female,1
CUST_CH_09753,69,81.93,13,36,Two-Year,Electronic Check,Male,1
CUST_CH_09754,33,59.79,28,57,Month-to-Month,Bank Transfer,Male,0
CUST_CH_09755,19,107.5,8,56,One-Year,Electronic Check,Male,1
CUST_CH_09756,67,94.8,38,20,Two-Year,Bank Transfer,Female,0
CUST_CH_09757,38,100.93,24,28,Month-to-Month,Credit Card,Male,1
CUST_CH_09758,57,46.07,1,2,Month-to-Month,Credit Card,Female,0
CUST_CH_09759,37,37.73,43,36,One-Year,Bank Transfer,Female,0
CUST_CH_09760,34,89.68,34,45,Month-to-Month,Electronic Check,Male,1
CUST_CH_09761,17,53.66,18,24,Month-to-Month,Electronic Check,Male,0
CUST_CH_09762,71,70.28,30,36,One-Year,Credit Card,Female,0
CUST_CH_09763,61,61.32,23,12,Two-Year,Bank Transfer,Male,0
CUST_CH_09764,24,92.64,42,59,Two-Year,Electronic Check,Male,0
CUST_CH_09765,32,59.31,27,53,Two-Year,Credit Card,Female,1
CUST_CH_09766,51,74.47,34,16,One-Year,Electronic Check,Female,0
CUST_CH_09767,60,41.05,24,53,Month-to-Month,Bank Transfer,Female,1
CUST_CH_09768,1,96.32,50,6,Two-Year,Credit Card,Male,0
CUST_CH_09769,72,119.48,20,18,One-Year,Credit Card,Male,1
CUST_CH_09770,5,25.45,26,28,Month-to-Month,Bank Transfer,Male,1
CUST_CH_09771,43,100.6,48,59,Month-to-Month,Electronic Check,Female,1
CUST_CH_09772,12,105.03,33,2,One-Year,Bank Transfer,Female,0
CUST_CH_09773,38,87.03,32,12,Month-to-Month,Electronic Check,Male,1
CUST_CH_09774,24,21.49,50,56,One-Year,Credit Card,Male,1
CUST_CH_09775,8,33.76,27,17,Two-Year,Credit Card,Female,0
CUST_CH_09776,69,72.3,9,39,Month-to-Month,Credit Card,Female,1
CUST_CH_09777,30,110.03,38,22,Month-to-Month,Electronic Check,Male,0
CUST_CH_09778,58,48.89,32,53,Month-to-Month,Credit Card,Male,1
CUST_CH_09779,50,51.12,1,9,Month-to-Month,Bank Transfer,Male,1
CUST_CH_09780,15,100.62,9,56,One-Year,Credit Card,Male,0
CUST_CH_09781,29,52.96,26,22,One-Year,Electronic Check,Female,1
CUST_CH_09782,50,88.36,15,52,One-Year,Credit Card,Male,0
CUST_CH_09783,12,34.63,13,35,Month-to-Month,Bank Transfer,Male,0
CUST_CH_09784,69,98.84,12,20,One-Year,Bank Transfer,Female,0
CUST_CH_09785,50,57.54,26,28,Month-to-Month,Credit Card,Male,0
CUST_CH_09786,6,90.56,2,31,One-Year,Credit Card,Female,1
CUST_CH_09787,27,37.93,12,55,Month-to-Month,Credit Card,Female,1
CUST_CH_09788,21,20.54,8,15,Month-to-Month,Electronic Check,Female,0
CUST_CH_09789,44,96.47,46,43,One-Year,Bank Transfer,Female,1
CUST_CH_09790,37,114.2,6,22,One-Year,Credit Card,Female,1
CUST_CH_09791,65,105.39,29,54,Month-to-Month,Electronic Check,Female,0
CUST_CH_09792,65,86.69,1,24,Month-to-Month,Credit Card,Female,1
CUST_CH_09793,40,75.87,15,38,One-Year,Bank Transfer,Female,1
CUST_CH_09794,46,83.56,25,48,Month-to-Month,Electronic Check,Male,1
CUST_CH_09795,43,46.95,40,1,Month-to-Month,Electronic Check,Male,1
CUST_CH_09796,63,111.28,31,23,Month-to-Month,Bank Transfer,Male,0
CUST_CH_09797,71,97.2,45,39,Two-Year,Electronic Check,Male,0
CUST_CH_09798,52,105.39,38,34,Two-Year,Credit Card,Male,0
CUST_CH_09799,39,24.83,40,42,Month-to-Month,Electronic Check,Female,1
CUST_CH_09800,7,43.49,27,21,Month-to-Month,Bank Transfer,Male,1
CUST_CH_09801,24,60.43,32,47,Month-to-Month,Electronic Check,Female,1
CUST_CH_09802,59,23.46,48,15,Month-to-Month,Electronic Check,Male,0
CUST_CH_09803,72,27.55,28,60,Month-to-Month,Bank Transfer,Male,0
CUST_CH_09804,7,47.43,35,0,Month-to-Month,Electronic Check,Male,1
CUST_CH_09805,28,86.41,30,15,One-Year,Credit Card,Male,0
CUST_CH_09806,36,31.01,34,11,Two-Year,Bank Transfer,Male,0
CUST_CH_09807,70,37.02,48,48,Two-Year,Bank Transfer,Male,0
CUST_CH_09808,29,60.38,16,56,Month-to-Month,Bank Transfer,Female,1
CUST_CH_09809,7,85.41,10,52,Month-to-Month,Bank Transfer,Male,1
CUST_CH_09810,71,21.51,40,35,Month-to-Month,Electronic Check,Male,1
CUST_CH_09811,55,61.97,4,21,One-Year,Bank Transfer,Female,0
CUST_CH_09812,36,66.75,23,9,Month-to-Month,Credit Card,Male,1
CUST_CH_09813,61,60.41,41,27,Two-Year,Bank Transfer,Female,1
CUST_CH_09814,50,55.22,16,49,Month-to-Month,Credit Card,Male,0
CUST_CH_09815,12,47.23,12,22,Two-Year,Bank Transfer,Female,0
CUST_CH_09816,27,39.32,23,45,Two-Year,Bank Transfer,Female,1
CUST_CH_09817,24,52.85,32,12,Month-to-Month,Bank Transfer,Female,1
CUST_CH_09818,6,75.11,12,1,Month-to-Month,Electronic Check,Male,1
CUST_CH_09819,55,53.82,49,5,Month-to-Month,Credit Card,Female,1
CUST_CH_09820,41,32.35,45,37,Month-to-Month,Electronic Check,Male,1
CUST_CH_09821,43,60.58,7,53,One-Year,Credit Card,Female,1
CUST_CH_09822,70,50.41,46,54,Month-to-Month,Credit Card,Female,0
CUST_CH_09823,51,76.34,43,40,Month-to-Month,Electronic Check,Male,0
CUST_CH_09824,65,113.35,43,11,Two-Year,Credit Card,Male,1
CUST_CH_09825,12,92.0,7,54,Month-to-Month,Bank Transfer,Male,1
CUST_CH_09826,2,91.75,8,21,Month-to-Month,Credit Card,Female,1
CUST_CH_09827,30,23.04,10,39,Month-to-Month,Bank Transfer,Male,1
CUST_CH_09828,37,23.45,37,38,Month-to-Month,Credit Card,Female,1
CUST_CH_09829,58,32.57,33,50,Month-to-Month,Electronic Check,Male,1
CUST_CH_09830,58,83.96,28,26,Two-Year,Electronic Check,Male,0
CUST_CH_09831,63,43.24,17,0,Month-to-Month,Bank Transfer,Female,0
CUST_CH_09832,46,40.0,44,60,Two-Year,Credit Card,Male,0
CUST_CH_09833,37,81.38,7,0,Two-Year,Electronic Check,Female,0
CUST_CH_09834,68,25.28,23,0,One-Year,Credit Card,Female,0
CUST_CH_09835,22,70.85,30,9,Month-to-Month,Credit Card,Male,1
CUST_CH_09836,55,45.69,46,56,Month-to-Month,Bank Transfer,Male,0
CUST_CH_09837,47,109.21,16,48,Two-Year,Bank Transfer,Male,1
CUST_CH_09838,12,36.75,27,30,One-Year,Electronic Check,Female,0
CUST_CH_09839,65,101.53,27,18,Month-to-Month,Credit Card,Female,0
CUST_CH_09840,4,41.19,34,56,One-Year,Bank Transfer,Female,0
CUST_CH_09841,53,88.84,17,46,Month-to-Month,Credit Card,Male,1
CUST_CH_09842,24,117.17,1,60,One-Year,Electronic Check,Male,1
CUST_CH_09843,64,62.19,22,34,One-Year,Credit Card,Female,1
CUST_CH_09844,30,85.54,2,47,Month-to-Month,Credit Card,Male,1
CUST_CH_09845,65,54.66,27,18,Month-to-Month,Bank Transfer,Female,0
CUST_CH_09846,60,25.77,20,58,One-Year,Electronic Check,Female,0
CUST_CH_09847,46,44.55,46,6,Month-to-Month,Bank Transfer,Male,1
CUST_CH_09848,32,59.29,36,33,Month-to-Month,Credit Card,Male,1
CUST_CH_09849,12,109.84,17,18,One-Year,Electronic Check,Female,0
CUST_CH_09850,60,69.73,46,27,Month-to-Month,Electronic Check,Female,0
CUST_CH_09851,48,54.88,6,23,Two-Year,Electronic Check,Female,1
CUST_CH_09852,29,23.11,34,5,Month-to-Month,Bank Transfer,Female,1
CUST_CH_09853,23,46.93,20,58,Month-to-Month,Bank Transfer,Male,0
CUST_CH_09854,21,85.0,38,20,Two-Year,Credit Card,Male,0
CUST_CH_09855,32,52.49,8,17,Month-to-Month,Electronic Check,Male,1
CUST_CH_09856,35,108.0,36,6,Month-to-Month,Bank Transfer,Female,1
CUST_CH_09857,10,108.83,18,27,Month-to-Month,Bank Transfer,Female,1
CUST_CH_09858,57,114.27,29,7,Month-to-Month,Credit Card,Female,0
CUST_CH_09859,45,97.76,23,10,Month-to-Month,Electronic Check,Male,0
CUST_CH_09860,33,58.1,46,39,Month-to-Month,Electronic Check,Male,0
CUST_CH_09861,54,57.57,46,35,Month-to-Month,Bank Transfer,Female,0
CUST_CH_09862,20,79.74,8,54,One-Year,Credit Card,Male,0
CUST_CH_09863,17,118.61,24,28,Two-Year,Credit Card,Female,1
CUST_CH_09864,71,29.77,34,20,Two-Year,Electronic Check,Female,0
CUST_CH_09865,8,91.13,30,13,Two-Year,Electronic Check,Female,0
CUST_CH_09866,12,89.39,9,12,Two-Year,Electronic Check,Female,1
CUST_CH_09867,28,91.35,33,25,Two-Year,Electronic Check,Female,0
CUST_CH_09868,19,101.97,16,5,Month-to-Month,Bank Transfer,Male,1
CUST_CH_09869,14,61.55,42,28,Month-to-Month,Electronic Check,Male,1
CUST_CH_09870,30,41.19,38,28,Month-to-Month,Bank Transfer,Female,0
CUST_CH_09871,20,65.09,24,60,Month-to-Month,Credit Card,Female,1
CUST_CH_09872,70,58.34,33,58,Two-Year,Bank Transfer,Male,1
CUST_CH_09873,42,40.61,49,25,Month-to-Month,Bank Transfer,Female,0
CUST_CH_09874,20,108.32,38,2,Two-Year,Credit Card,Female,0
CUST_CH_09875,47,90.48,24,9,Two-Year,Electronic Check,Female,1
CUST_CH_09876,33,31.44,37,25,Two-Year,Bank Transfer,Female,1
CUST_CH_09877,43,64.78,27,27,Month-to-Month,Credit Card,Male,1
CUST_CH_09878,50,74.86,7,4,One-Year,Credit Card,Female,0
CUST_CH_09879,15,95.07,17,41,Month-to-Month,Bank Transfer,Male,1
CUST_CH_09880,6,22.69,5,25,Month-to-Month,Electronic Check,Female,1
CUST_CH_09881,34,28.11,39,46,One-Year,Bank Transfer,Male,0
CUST_CH_09882,31,37.7,2,0,Month-to-Month,Electronic Check,Female,0
CUST_CH_09883,59,89.74,5,3,Month-to-Month,Bank Transfer,Female,1
CUST_CH_09884,40,89.58,10,49,One-Year,Bank Transfer,Female,1
CUST_CH_09885,69,28.05,10,7,Month-to-Month,Bank Transfer,Male,0
CUST_CH_09886,52,101.67,47,25,Two-Year,Bank Transfer,Male,1
CUST_CH_09887,18,114.44,26,36,Month-to-Month,Electronic Check,Male,1
CUST_CH_09888,65,81.41,18,48,One-Year,Bank Transfer,Male,1
CUST_CH_09889,7,46.28,5,40,Month-to-Month,Electronic Check,Male,0
CUST_CH_09890,66,65.47,48,56,Month-to-Month,Credit Card,Female,0
CUST_CH_09891,70,101.77,23,46,Two-Year,Credit Card,Male,1
CUST_CH_09892,65,112.85,8,37,Month-to-Month,Electronic Check,Female,0
CUST_CH_09893,37,64.4,32,18,Two-Year,Electronic Check,Female,0
CUST_CH_09894,14,46.02,46,32,Month-to-Month,Credit Card,Male,1
CUST_CH_09895,48,95.15,18,55,Two-Year,Bank Transfer,Male,0
CUST_CH_09896,33,72.25,30,3,One-Year,Electronic Check,Male,1
CUST_CH_09897,51,35.71,37,25,Month-to-Month,Bank Transfer,Female,0
CUST_CH_09898,41,61.84,47,55,Month-to-Month,Credit Card,Female,1
CUST_CH_09899,22,90.2,8,1,Month-to-Month,Credit Card,Female,1
CUST_CH_09900,53,85.03,8,42,Month-to-Month,Credit Card,Male,1
CUST_CH_09901,59,81.71,13,56,Two-Year,Credit Card,Female,0
CUST_CH_09902,56,85.02,1,7,Month-to-Month,Electronic Check,Male,1
CUST_CH_09903,10,71.56,49,60,Month-to-Month,Bank Transfer,Female,1
CUST_CH_09904,15,83.78,41,24,Month-to-Month,Credit Card,Female,0
CUST_CH_09905,47,84.03,31,18,One-Year,Bank Transfer,Male,0
CUST_CH_09906,16,58.39,38,44,Month-to-Month,Credit Card,Female,1
CUST_CH_09907,51,60.36,37,2,One-Year,Credit Card,Female,0
CUST_CH_09908,35,71.14,22,24,Month-to-Month,Credit Card,Female,1
CUST_CH_09909,45,56.37,18,45,Two-Year,Electronic Check,Male,0
CUST_CH_09910,26,102.0,38,11,Two-Year,Electronic Check,Male,1
CUST_CH_09911,19,106.81,12,25,Month-to-Month,Credit Card,Female,0
CUST_CH_09912,8,55.16,25,54,Month-to-Month,Bank Transfer,Female,1
CUST_CH_09913,34,97.91,30,51,Month-to-Month,Credit Card,Female,1
CUST_CH_09914,7,87.78,16,47,Two-Year,Credit Card,Female,0
CUST_CH_09915,30,57.83,15,1,Month-to-Month,Bank Transfer,Male,1
CUST_CH_09916,27,105.85,2,39,Two-Year,Credit Card,Female,1
CUST_CH_09917,38,21.51,15,57,Month-to-Month,Credit Card,Male,1
CUST_CH_09918,6,118.42,32,41,Two-Year,Electronic Check,Female,1
CUST_CH_09919,30,60.42,15,54,Two-Year,Electronic Check,Male,1
CUST_CH_09920,62,106.31,21,21,One-Year,Credit Card,Male,0
CUST_CH_09921,53,47.61,6,42,Month-to-Month,Electronic Check,Male,1
CUST_CH_09922,32,33.11,21,14,One-Year,Credit Card,Female,0
CUST_CH_09923,65,101.98,16,6,Month-to-Month,Electronic Check,Female,0
CUST_CH_09924,65,102.85,39,49,Month-to-Month,Credit Card,Male,1
CUST_CH_09925,27,119.43,7,26,Month-to-Month,Credit Card,Female,1
CUST_CH_09926,42,47.34,35,25,Month-to-Month,Credit Card,Female,1
CUST_CH_09927,52,84.54,35,60,Two-Year,Credit Card,Female,1
CUST_CH_09928,16,49.1,27,52,One-Year,Bank Transfer,Female,1
CUST_CH_09929,17,53.11,12,12,Month-to-Month,Bank Transfer,Male,1
CUST_CH_09930,1,101.27,43,39,Month-to-Month,Electronic Check,Male,1
CUST_CH_09931,28,44.76,21,17,One-Year,Bank Transfer,Female,0
CUST_CH_09932,35,61.2,31,37,Month-to-Month,Credit Card,Male,0
CUST_CH_09933,11,68.01,20,59,Month-to-Month,Credit Card,Male,1
CUST_CH_09934,72,108.44,30,20,Month-to-Month,Electronic Check,Female,0
CUST_CH_09935,53,53.83,28,6,Month-to-Month,Electronic Check,Female,0
CUST_CH_09936,61,97.13,35,14,Month-to-Month,Bank Transfer,Male,1
CUST_CH_09937,72,85.66,14,5,Month-to-Month,Bank Transfer,Female,1
CUST_CH_09938,48,65.29,43,29,Month-to-Month,Credit Card,Male,1
CUST_CH_09939,17,25.15,24,2,Month-to-Month,Bank Transfer,Male,1
CUST_CH_09940,42,60.16,29,54,Two-Year,Electronic Check,Female,1
CUST_CH_09941,64,97.36,15,5,Month-to-Month,Electronic Check,Female,0
CUST_CH_09942,25,37.38,9,27,Month-to-Month,Credit Card,Male,1
CUST_CH_09943,31,102.55,19,47,Month-to-Month,Bank Transfer,Male,0
CUST_CH_09944,64,99.62,2,4,Month-to-Month,Electronic Check,Male,1
CUST_CH_09945,72,93.73,33,4,Month-to-Month,Bank Transfer,Male,0
CUST_CH_09946,60,99.57,7,54,One-Year,Bank Transfer,Female,1
CUST_CH_09947,61,57.19,49,7,Month-to-Month,Credit Card,Male,0
CUST_CH_09948,54,118.43,42,20,Month-to-Month,Bank Transfer,Male,0
CUST_CH_09949,2,59.94,32,35,One-Year,Bank Transfer,Male,1
CUST_CH_09950,37,101.4,9,16,Month-to-Month,Bank Transfer,Female,1
CUST_CH_09951,45,36.59,25,48,Month-to-Month,Credit Card,Female,1
CUST_CH_09952,33,35.45,10,46,Month-to-Month,Credit Card,Male,1
CUST_CH_09953,30,118.48,36,29,Month-to-Month,Electronic Check,Male,1
CUST_CH_09954,25,85.79,11,30,Month-to-Month,Electronic Check,Male,1
CUST_CH_09955,70,62.93,44,30,Month-to-Month,Credit Card,Male,0
CUST_CH_09956,44,112.2,3,12,One-Year,Electronic Check,Female,0
CUST_CH_09957,67,89.8,29,13,Month-to-Month,Credit Card,Female,1
CUST_CH_09958,6,84.43,8,49,Month-to-Month,Electronic Check,Female,0
CUST_CH_09959,25,47.47,34,22,Month-to-Month,Credit Card,Female,1
CUST_CH_09960,70,61.43,30,4,One-Year,Credit Card,Female,0
CUST_CH_09961,31,92.72,28,9,Month-to-Month,Credit Card,Male,1
CUST_CH_09962,57,55.45,7,0,One-Year,Electronic Check,Female,0
CUST_CH_09963,35,81.45,17,60,Two-Year,Credit Card,Female,1
CUST_CH_09964,48,113.21,49,3,Two-Year,Bank Transfer,Female,1
CUST_CH_09965,34,82.62,20,23,Month-to-Month,Credit Card,Female,1
CUST_CH_09966,72,103.28,9,35,Month-to-Month,Credit Card,Male,0
CUST_CH_09967,68,53.57,22,15,Month-to-Month,Bank Transfer,Female,0
CUST_CH_09968,49,93.53,19,20,Month-to-Month,Credit Card,Male,0
CUST_CH_09969,48,100.65,47,20,Two-Year,Bank Transfer,Male,0
CUST_CH_09970,18,87.22,22,13,Month-to-Month,Electronic Check,Female,0
CUST_CH_09971,50,84.51,20,40,Month-to-Month,Electronic Check,Male,1
CUST_CH_09972,33,81.03,4,47,Month-to-Month,Electronic Check,Female,0
CUST_CH_09973,67,57.36,40,45,Month-to-Month,Electronic Check,Female,1
CUST_CH_09974,12,111.5,15,19,One-Year,Electronic Check,Male,1
CUST_CH_09975,48,98.18,17,3,One-Year,Credit Card,Female,0
CUST_CH_09976,37,115.25,35,60,One-Year,Bank Transfer,Female,1
CUST_CH_09977,32,28.97,37,52,One-Year,Electronic Check,Male,0
CUST_CH_09978,19,104.67,37,25,Month-to-Month,Bank Transfer,Female,0
CUST_CH_09979,5,118.88,37,7,Two-Year,Bank Transfer,Male,1
CUST_CH_09980,59,92.6,22,11,Month-to-Month,Bank Transfer,Female,1
CUST_CH_09981,6,24.39,46,33,One-Year,Credit Card,Female,0
CUST_CH_09982,45,40.92,33,38,Month-to-Month,Electronic Check,Female,1
CUST_CH_09983,1,83.31,50,37,Month-to-Month,Bank Transfer,Female,1
CUST_CH_09984,12,104.45,32,42,Month-to-Month,Credit Card,Female,1
CUST_CH_09985,40,90.91,20,14,Month-to-Month,Bank Transfer,Female,1
CUST_CH_09986,1,62.06,42,39,One-Year,Credit Card,Female,1
CUST_CH_09987,69,64.6,10,13,Two-Year,Electronic Check,Male,0
CUST_CH_09988,35,68.96,13,9,Month-to-Month,Credit Card,Male,1
CUST_CH_09989,65,101.56,20,46,Month-to-Month,Electronic Check,Male,0
CUST_CH_09990,19,46.2,18,57,One-Year,Electronic Check,Female,0
CUST_CH_09991,63,70.45,5,60,Two-Year,Bank Transfer,Male,0
CUST_CH_09992,62,33.16,12,45,Month-to-Month,Electronic Check,Female,0
CUST_CH_09993,67,107.84,39,56,Month-to-Month,Credit Card,Female,1
CUST_CH_09994,13,62.39,17,54,Month-to-Month,Bank Transfer,Male,1
CUST_CH_09995,64,69.18,10,3,Month-to-Month,Credit Card,Male,0
CUST_CH_09996,64,34.29,37,57,Month-to-Month,Credit Card,Female,1
CUST_CH_09997,32,77.89,46,27,Month-to-Month,Electronic Check,Male,0
CUST_CH_09998,4,39.77,9,41,Month-to-Month,Electronic Check,Male,0
CUST_CH_09999,42,27.32,27,26,Month-to-Month,Electronic Check,Female,0
CUST_CH_10000,5,44.5,13,24,Month-to-Month,Credit Card,Female,1
