customer_id,age,income,city,spending_score,signup_date
CUST_00001,19.0,16494.25,Ho Chi Minh,43.71,2025-12-11
CUST_00002,33.0,54720.14,Da Nang,95.56,2025-04-27
CUST_00003,65.0,71855.47,Ho Chi Minh,75.88,2025-08-26
CUST_00004,65.0,53921.47,Da Nang,63.88,2025-10-13
CUST_00005,23.0,57955.99,Ho Chi Minh,24.04,2025-10-27
CUST_00006,20.0,47094.11,Da Nang,24.04,2026-01-31
CUST_00007,,45354.33,Hanoi,15.23,2025-03-01
CUST_00008,50.0,42407.76,Can Tho,87.96,2025-12-08
CUST_00009,53.0,46470.66,Hai Phong,64.1,2025-03-16
CUST_00010,59.0,35653.34,Can Tho,73.73,2025-02-19
CUST_00011,44.0,78807.85,Hanoi,11.85,2025-04-24
CUST_00012,55.0,65919.45,Ho Chi Minh,97.29,2025-12-05
CUST_00013,18.0,29371.72,Da Nang,84.92,2025-11-14
CUST_00014,28.0,60206.9,Da Nang,29.11,2026-01-07
CUST_00015,39.0,65080.53,Hanoi,26.36,2026-01-03
CUST_00016,31.0,36980.23,Can Tho,26.51,2025-08-16
CUST_00017,39.0,76909.16,Can Tho,37.38,2025-05-09
CUST_00018,42.0,36144.09,Ho Chi Minh,57.23,2025-05-03
CUST_00019,40.0,58098.16,Da Nang,48.88,2026-01-04
CUST_00020,69.0,23696.47,Hai Phong,36.21,2025-07-26
CUST_00021,47.0,49750.3,Can Tho,65.07,2025-11-02
CUST_00022,42.0,,Hai Phong,22.55,2025-10-22
CUST_00023,36.0,26756.91,Da Nang,36.29,2025-01-08
CUST_00024,57.0,71215.97,Hai Phong,42.97,2025-06-13
CUST_00025,41.0,64785.85,Hanoi,51.05,2025-06-19
CUST_00026,63.0,46199.95,Hanoi,80.67,2025-10-10
CUST_00027,60.0,65468.14,Hai Phong,27.97,2025-06-15
CUST_00028,36.0,61506.81,Hai Phong,56.28,2025-06-26
CUST_00029,32.0,62942.01,Can Tho,63.32,2025-09-10
CUST_00030,42.0,40537.56,Da Nang,14.18,2025-07-10
CUST_00031,58.0,45756.7,Hanoi,64.68,2025-10-31
CUST_00032,28.0,53557.45,Hanoi,25.35,2025-10-20
CUST_00033,31.0,40877.64,Hai Phong,15.85,2025-06-06
CUST_00034,62.0,19125.59,Can Tho,95.4,2025-12-24
CUST_00035,59.0,62060.43,Da Nang,96.91,2026-01-29
CUST_00036,58.0,55568.16,Ho Chi Minh,82.76,2025-01-11
CUST_00037,64.0,53052.46,Hai Phong,37.42,2025-10-06
CUST_00038,47.0,60783.36,Ho Chi Minh,18.79,2026-01-24
CUST_00039,58.0,52033.64,Ho Chi Minh,71.58,2025-05-23
CUST_00040,32.0,61777.7,Can Tho,49.61,2025-04-06
CUST_00041,67.0,50704.34,Da Nang,20.98,2025-10-22
CUST_00042,32.0,51069.73,Ho Chi Minh,54.57,2026-01-13
CUST_00043,69.0,45745.83,Hai Phong,13.09,2025-01-01
CUST_00044,35.0,37094.2,Hanoi,91.84,2025-08-03
CUST_00045,54.0,62798.27,Can Tho,33.29,2025-11-05
CUST_00046,38.0,24870.64,Hanoi,69.63,2025-08-09
CUST_00047,49.0,52227.96,Hanoi,38.05,2025-10-18
CUST_00048,59.0,44290.99,Ho Chi Minh,56.81,2025-11-23
CUST_00049,34.0,37490.31,Da Nang,59.2,2025-01-26
CUST_00050,65.0,40271.43,Hai Phong,26.64,2025-12-20
CUST_00051,34.0,61579.35,Ho Chi Minh,97.26,2025-06-02
CUST_00052,45.0,68983.4,Hanoi,79.76,2025-07-03
CUST_00053,43.0,,Can Tho,94.55,2025-03-20
CUST_00054,26.0,30552.34,Ho Chi Minh,90.53,2025-09-24
CUST_00055,23.0,67458.65,Hanoi,63.81,2025-11-08
CUST_00056,25.0,20656.54,Hanoi,92.97,2025-10-06
CUST_00057,28.0,13832.73,Hai Phong,17.96,2025-08-08
CUST_00058,45.0,42952.39,Hai Phong,27.64,2025-01-08
CUST_00059,42.0,28197.26,Hanoi,14.07,2025-07-13
CUST_00060,47.0,56794.76,Can Tho,39.28,2025-02-04
CUST_00061,53.0,49365.11,Ho Chi Minh,44.98,2026-01-08
CUST_00062,18.0,48996.39,Hai Phong,34.42,2025-01-25
CUST_00063,25.0,40684.42,Ho Chi Minh,84.59,2025-07-18
CUST_00064,52.0,69111.54,Ho Chi Minh,42.11,2025-06-19
CUST_00065,67.0,47989.92,Ho Chi Minh,35.28,2025-08-04
CUST_00066,25.0,27509.94,Can Tho,58.84,2025-08-24
CUST_00067,28.0,48192.93,Ho Chi Minh,22.68,2025-05-04
CUST_00068,64.0,23399.37,Ho Chi Minh,82.2,2025-04-30
CUST_00069,34.0,65916.32,Ho Chi Minh,16.71,2025-08-20
CUST_00070,66.0,43868.6,Can Tho,98.82,2026-01-23
CUST_00071,24.0,61938.03,Da Nang,79.5,2025-05-20
CUST_00072,37.0,58725.82,Hanoi,27.88,2025-07-10
CUST_00073,50.0,70970.35,Hai Phong,10.5,2025-08-16
CUST_00074,27.0,27629.09,Hai Phong,83.39,2025-01-23
CUST_00075,28.0,67259.19,Hanoi,73.62,2025-02-12
CUST_00076,67.0,53488.99,Da Nang,75.61,2025-07-24
CUST_00077,18.0,94281.73,Ho Chi Minh,79.41,2025-06-12
CUST_00078,49.0,48971.68,Hanoi,16.66,2025-03-15
CUST_00079,,66527.18,Can Tho,42.26,2025-08-16
CUST_00080,69.0,45204.18,Da Nang,20.43,2025-08-01
CUST_00081,21.0,67275.68,Hanoi,87.68,2025-02-17
CUST_00082,54.0,81627.87,Can Tho,66.1,2025-04-25
CUST_00083,23.0,53650.01,Ho Chi Minh,39.78,2025-08-03
CUST_00084,70.0,49847.67,Ho Chi Minh,15.72,2025-12-06
CUST_00085,66.0,40949.71,Hanoi,37.99,2025-10-14
CUST_00086,26.0,58132.82,Hai Phong,39.27,2025-02-05
CUST_00087,48.0,71324.61,Da Nang,75.66,2025-06-03
CUST_00088,28.0,43293.31,Hanoi,67.38,2025-10-28
CUST_00089,56.0,38336.71,Ho Chi Minh,89.85,2025-10-10
CUST_00090,31.0,37011.38,Hai Phong,52.5,2025-01-30
CUST_00091,66.0,53219.25,Hanoi,20.76,2025-03-13
CUST_00092,30.0,69383.41,Da Nang,74.19,2025-07-03
CUST_00093,43.0,31795.13,Hai Phong,78.47,2025-04-23
CUST_00094,59.0,77440.75,Can Tho,60.51,2025-11-22
CUST_00095,51.0,35067.91,Hanoi,79.39,2025-01-11
CUST_00096,33.0,28345.75,Ho Chi Minh,54.44,2025-09-20
CUST_00097,39.0,51211.79,Ho Chi Minh,57.05,2025-05-24
CUST_00098,,61553.28,Ho Chi Minh,48.48,2025-04-10
CUST_00099,55.0,39209.46,Ho Chi Minh,12.29,2025-09-03
CUST_00100,22.0,66947.13,Ho Chi Minh,19.71,2026-01-06
CUST_00101,21.0,42974.35,Hanoi,12.83,2025-07-24
CUST_00102,20.0,46539.6,Ho Chi Minh,67.28,2025-11-12
CUST_00103,22.0,48937.39,Can Tho,38.29,2025-11-11
CUST_00104,35.0,37101.52,Can Tho,55.77,2025-03-24
CUST_00105,31.0,37983.59,Da Nang,91.68,2025-11-24
CUST_00106,64.0,60178.99,Can Tho,32.44,2025-11-10
CUST_00107,54.0,57132.83,Can Tho,46.93,2025-07-23
CUST_00108,33.0,46855.99,Can Tho,78.0,2025-06-01
CUST_00109,69.0,51597.91,Can Tho,30.59,2025-05-18
CUST_00110,24.0,51265.17,Da Nang,16.93,2025-06-04
CUST_00111,45.0,55082.63,Hanoi,36.08,2025-08-24
CUST_00112,44.0,38483.35,Da Nang,24.51,2026-02-01
CUST_00113,64.0,57357.04,Hai Phong,93.67,2025-09-13
CUST_00114,59.0,59789.09,Hai Phong,82.73,2025-04-03
CUST_00115,24.0,51861.18,Ho Chi Minh,67.01,2025-06-15
CUST_00116,64.0,46498.23,Can Tho,88.43,2025-01-05
CUST_00117,24.0,45488.4,Hanoi,82.33,2025-09-30
CUST_00118,30.0,38891.5,Hai Phong,26.79,2025-05-25
CUST_00119,26.0,42893.84,Ho Chi Minh,90.33,2025-12-12
CUST_00120,35.0,42329.34,Da Nang,58.54,2025-04-05
CUST_00121,22.0,75500.46,Hanoi,82.67,2025-05-04
CUST_00122,53.0,59876.92,Hai Phong,90.65,2026-01-16
CUST_00123,59.0,70236.73,Can Tho,38.62,2025-03-14
CUST_00124,18.0,21424.12,Can Tho,19.9,2025-05-09
CUST_00125,66.0,72982.42,Hai Phong,30.51,2025-03-31
CUST_00126,28.0,37952.8,Da Nang,48.44,2025-04-19
CUST_00127,48.0,41632.62,Ho Chi Minh,83.62,2025-06-04
CUST_00128,43.0,76255.41,Da Nang,87.47,2025-09-20
CUST_00129,28.0,64833.5,Hanoi,10.63,2025-01-03
CUST_00130,42.0,52022.36,Hanoi,55.97,2026-01-28
CUST_00131,68.0,41342.97,Ho Chi Minh,47.57,2025-01-17
CUST_00132,36.0,62185.87,Ho Chi Minh,29.99,2025-05-21
CUST_00133,64.0,43139.16,Hanoi,20.79,2025-02-10
CUST_00134,53.0,83272.8,Da Nang,40.39,2025-08-21
CUST_00135,49.0,60856.95,Can Tho,94.86,2025-12-30
CUST_00136,36.0,57612.02,Ho Chi Minh,39.09,2025-03-06
CUST_00137,21.0,83023.71,Hanoi,56.69,2025-06-07
CUST_00138,52.0,61684.19,Hanoi,73.27,2025-02-26
CUST_00139,38.0,35666.86,Da Nang,42.73,2026-01-04
CUST_00140,55.0,42450.45,Hai Phong,97.46,2025-06-19
CUST_00141,51.0,56776.88,Da Nang,96.62,2025-06-25
CUST_00142,50.0,76234.25,Ho Chi Minh,32.66,2025-05-07
CUST_00143,29.0,30855.09,Da Nang,54.75,2025-07-23
CUST_00144,22.0,72494.18,Ho Chi Minh,37.08,2025-11-04
CUST_00145,33.0,59183.44,Hai Phong,35.64,2025-02-25
CUST_00146,54.0,38673.58,Hai Phong,13.32,2025-06-17
CUST_00147,56.0,52510.6,Hanoi,64.86,2025-10-01
CUST_00148,23.0,54448.38,Ho Chi Minh,55.24,2025-06-23
CUST_00149,55.0,57052.61,Da Nang,14.63,2025-06-11
CUST_00150,38.0,47464.07,Hanoi,35.08,2025-08-23
CUST_00151,31.0,42217.51,Can Tho,91.74,2025-05-25
CUST_00152,38.0,53436.43,Hanoi,31.56,2025-10-27
CUST_00153,43.0,61069.13,Hanoi,23.04,2025-01-15
CUST_00154,59.0,60238.97,Ho Chi Minh,54.05,2025-07-16
CUST_00155,38.0,61608.66,Da Nang,98.71,2025-03-31
CUST_00156,22.0,71920.62,Hanoi,31.78,2025-09-13
CUST_00157,,46895.06,Ho Chi Minh,70.49,2025-10-16
CUST_00158,54.0,44289.75,Hanoi,78.55,2025-07-13
CUST_00159,22.0,34341.37,Hanoi,31.39,2025-01-08
CUST_00160,50.0,64320.19,Hanoi,75.54,2025-03-25
CUST_00161,40.0,55688.88,Da Nang,43.1,2025-05-23
CUST_00162,33.0,55119.76,Da Nang,66.91,2025-03-26
CUST_00163,28.0,53128.02,Can Tho,67.02,2025-07-08
CUST_00164,52.0,69697.49,Hanoi,58.22,2025-08-20
CUST_00165,57.0,47685.05,Hai Phong,18.13,2025-02-01
CUST_00166,69.0,43727.99,Can Tho,85.18,2025-05-03
CUST_00167,18.0,73364.76,Ho Chi Minh,38.87,2026-01-26
CUST_00168,53.0,49993.28,Hai Phong,26.79,2025-04-20
CUST_00169,60.0,39198.16,Da Nang,13.67,2025-04-24
CUST_00170,26.0,71124.61,Da Nang,63.18,2025-12-03
CUST_00171,24.0,30701.65,Can Tho,70.98,2025-03-15
CUST_00172,27.0,63056.64,Can Tho,11.49,2025-11-14
CUST_00173,56.0,53848.82,Ho Chi Minh,56.09,2025-06-23
CUST_00174,39.0,31971.39,Hai Phong,30.38,2025-12-12
CUST_00175,58.0,23101.38,Ho Chi Minh,68.07,2025-11-04
CUST_00176,50.0,43276.74,Can Tho,25.69,2025-05-30
CUST_00177,21.0,55807.59,Hanoi,72.18,2025-07-03
CUST_00178,45.0,71210.0,Can Tho,44.81,2025-04-03
CUST_00179,20.0,49476.97,Ho Chi Minh,94.31,2025-04-24
CUST_00180,,48541.01,Hanoi,22.38,2025-02-12
CUST_00181,58.0,69034.32,Hai Phong,40.7,2025-06-14
CUST_00182,28.0,54778.1,Hai Phong,20.21,2025-11-24
CUST_00183,53.0,48934.66,Can Tho,93.22,2025-10-03
CUST_00184,53.0,75065.02,Da Nang,88.96,2025-03-13
CUST_00185,,38263.68,Ho Chi Minh,33.21,2025-09-26
CUST_00186,62.0,87249.92,Da Nang,69.4,2025-07-18
CUST_00187,52.0,43816.66,Ho Chi Minh,83.55,2025-04-26
CUST_00188,41.0,40501.23,Ho Chi Minh,59.97,2025-01-24
CUST_00189,27.0,60322.63,Can Tho,57.67,2025-05-24
CUST_00190,20.0,42948.61,Hai Phong,31.77,2025-01-11
CUST_00191,68.0,37027.37,Hanoi,18.38,2025-03-13
CUST_00192,20.0,50779.94,Hanoi,90.75,2025-11-06
CUST_00193,31.0,35912.41,Ho Chi Minh,91.04,2025-08-11
CUST_00194,60.0,38905.41,Hanoi,66.98,2025-07-20
CUST_00195,67.0,53942.79,Hai Phong,40.51,2025-04-05
CUST_00196,44.0,51138.39,Da Nang,41.43,2025-12-20
CUST_00197,65.0,51746.18,Can Tho,75.34,2025-11-13
CUST_00198,33.0,57861.34,Hai Phong,90.74,2025-11-04
CUST_00199,69.0,45847.62,Can Tho,89.84,2025-02-16
CUST_00200,44.0,73884.46,Hanoi,80.19,2025-08-15
CUST_00201,,48543.78,Can Tho,67.78,2025-03-22
CUST_00202,39.0,71679.54,Hai Phong,17.57,2025-02-20
CUST_00203,44.0,71191.52,Can Tho,24.55,2025-09-06
CUST_00204,65.0,42331.53,Hanoi,90.87,2025-06-01
CUST_00205,35.0,56055.41,Hanoi,64.58,2025-03-22
CUST_00206,62.0,70253.9,Ho Chi Minh,10.83,2025-11-04
CUST_00207,20.0,35511.78,Da Nang,19.13,2025-03-13
CUST_00208,32.0,31182.83,Hai Phong,69.72,2025-03-09
CUST_00209,47.0,41043.7,Da Nang,10.46,2025-01-14
CUST_00210,70.0,49355.82,Hai Phong,24.47,2025-06-04
CUST_00211,32.0,53443.2,Can Tho,59.39,2025-02-14
CUST_00212,60.0,35769.99,Da Nang,72.27,2025-07-28
CUST_00213,39.0,47670.58,Can Tho,68.68,2025-08-26
CUST_00214,22.0,68323.31,Hai Phong,30.18,2025-10-05
CUST_00215,35.0,46903.31,Hai Phong,74.1,2026-01-29
CUST_00216,50.0,55687.12,Da Nang,31.35,2025-04-01
CUST_00217,52.0,66268.17,Can Tho,39.29,2025-03-03
CUST_00218,19.0,71338.54,Da Nang,77.18,2025-07-03
CUST_00219,34.0,60546.32,Hai Phong,68.47,2025-12-17
CUST_00220,34.0,48633.02,Da Nang,86.43,2025-05-04
CUST_00221,56.0,63090.54,Can Tho,69.19,2025-10-30
CUST_00222,64.0,62846.64,Hai Phong,61.15,2025-04-01
CUST_00223,45.0,52348.38,Hai Phong,18.43,2025-07-27
CUST_00224,50.0,43701.34,Hanoi,43.09,2025-07-15
CUST_00225,54.0,47618.16,Ho Chi Minh,33.87,2025-11-06
CUST_00226,20.0,61687.47,Ho Chi Minh,31.96,2025-04-18
CUST_00227,18.0,39622.78,Can Tho,97.57,2025-09-01
CUST_00228,69.0,72793.19,Ho Chi Minh,45.38,2025-01-03
CUST_00229,64.0,38410.07,Hai Phong,90.28,2025-07-22
CUST_00230,65.0,26224.2,Da Nang,66.8,2025-04-24
CUST_00231,41.0,33549.27,Can Tho,81.53,2025-03-06
CUST_00232,60.0,61538.43,Da Nang,55.24,2025-07-01
CUST_00233,57.0,44970.5,Hanoi,61.92,2026-01-20
CUST_00234,25.0,28623.51,Da Nang,54.33,2025-01-17
CUST_00235,37.0,46341.95,Hai Phong,27.57,2025-04-21
CUST_00236,60.0,83384.35,Hanoi,75.02,2025-03-04
CUST_00237,43.0,53887.57,Ho Chi Minh,35.27,2025-04-29
CUST_00238,53.0,27748.5,Hanoi,12.19,2025-10-28
CUST_00239,44.0,36996.2,Hai Phong,68.09,2025-03-22
CUST_00240,42.0,55247.12,Can Tho,25.94,2025-09-14
CUST_00241,29.0,67388.94,Ho Chi Minh,94.64,2025-01-24
CUST_00242,37.0,44664.37,Ho Chi Minh,95.85,2025-06-04
CUST_00243,18.0,52835.58,Da Nang,92.34,2025-09-30
CUST_00244,31.0,71125.33,Can Tho,43.31,2026-02-04
CUST_00245,55.0,53736.23,Hai Phong,11.39,2025-07-03
CUST_00246,38.0,21264.95,Can Tho,93.55,2025-01-04
CUST_00247,46.0,50416.11,Hanoi,48.54,2025-04-05
CUST_00248,50.0,56638.31,Ho Chi Minh,97.0,2025-03-19
CUST_00249,68.0,42281.93,Ho Chi Minh,96.73,2025-01-24
CUST_00250,60.0,83681.81,Hanoi,86.77,2025-08-03
CUST_00251,50.0,71376.93,Da Nang,36.5,2025-02-18
CUST_00252,57.0,42815.34,Hai Phong,44.66,2025-12-10
CUST_00253,70.0,27198.52,Can Tho,86.6,2025-10-27
CUST_00254,33.0,50314.46,Hanoi,38.52,2025-01-25
CUST_00255,32.0,51778.12,Hanoi,25.25,2025-02-24
CUST_00256,27.0,51771.24,Hai Phong,60.11,2025-10-23
CUST_00257,,65763.4,Hanoi,94.25,2025-05-03
CUST_00258,48.0,50722.56,Da Nang,72.64,2025-11-26
CUST_00259,67.0,72054.01,Da Nang,61.31,2025-05-05
CUST_00260,44.0,49198.99,Ho Chi Minh,18.75,2025-04-19
CUST_00261,54.0,71421.93,Ho Chi Minh,65.35,2025-07-11
CUST_00262,62.0,42278.72,Can Tho,99.1,2025-11-13
CUST_00263,43.0,66952.52,Da Nang,22.61,2025-04-26
CUST_00264,59.0,80174.03,Hai Phong,56.65,2025-09-08
CUST_00265,66.0,56527.97,Can Tho,88.96,2025-11-06
CUST_00266,24.0,62774.97,Can Tho,76.67,2025-09-07
CUST_00267,32.0,66656.87,Hai Phong,72.73,2025-02-13
CUST_00268,62.0,55517.24,Hai Phong,73.22,2025-11-06
CUST_00269,21.0,38128.28,Da Nang,42.35,2025-02-01
CUST_00270,25.0,69248.17,Hanoi,36.42,2025-01-02
CUST_00271,69.0,57781.76,Hai Phong,82.84,2025-01-30
CUST_00272,51.0,40324.98,Ho Chi Minh,82.91,2025-11-27
CUST_00273,56.0,71183.91,Hanoi,88.04,2025-01-12
CUST_00274,66.0,50297.41,Can Tho,92.19,2025-04-05
CUST_00275,57.0,84231.3,Ho Chi Minh,56.02,2025-12-29
CUST_00276,50.0,33657.28,Hanoi,55.14,2025-10-25
CUST_00277,53.0,79106.71,Hanoi,81.85,2025-11-28
CUST_00278,28.0,37494.28,Hai Phong,68.5,2025-06-24
CUST_00279,48.0,66649.28,Can Tho,73.18,2025-08-09
CUST_00280,66.0,50616.55,Can Tho,81.62,2025-02-20
CUST_00281,58.0,35917.81,Hanoi,90.1,2025-07-12
CUST_00282,67.0,69453.91,Ho Chi Minh,40.42,2025-03-16
CUST_00283,58.0,,Hai Phong,43.8,2025-04-05
CUST_00284,46.0,55958.17,Can Tho,18.46,2025-06-24
CUST_00285,36.0,67418.27,Da Nang,62.05,2025-07-12
CUST_00286,39.0,51509.7,Hanoi,13.23,2026-01-02
CUST_00287,52.0,49082.78,Hanoi,51.9,2026-01-03
CUST_00288,27.0,35719.48,Da Nang,58.84,2025-12-13
CUST_00289,62.0,52659.24,Ho Chi Minh,35.79,2025-05-24
CUST_00290,31.0,38423.01,Ho Chi Minh,63.17,2025-12-25
CUST_00291,44.0,47303.0,Ho Chi Minh,12.75,2025-09-10
CUST_00292,47.0,42356.21,Da Nang,13.36,2025-02-02
CUST_00293,31.0,53062.19,Hanoi,84.03,2025-09-21
CUST_00294,42.0,,Ho Chi Minh,42.42,2026-01-14
CUST_00295,55.0,48158.84,Ho Chi Minh,21.44,2025-07-08
CUST_00296,19.0,42972.41,Hanoi,57.0,2025-07-01
CUST_00297,66.0,38166.76,Ho Chi Minh,79.3,2025-11-04
CUST_00298,48.0,56403.53,Ho Chi Minh,29.42,2025-06-08
CUST_00299,,86032.39,Ho Chi Minh,66.06,2025-01-02
CUST_00300,66.0,37884.47,Hai Phong,17.68,2026-01-08
CUST_00301,44.0,32493.03,Da Nang,14.65,2025-08-19
CUST_00302,65.0,51204.43,Can Tho,57.82,2025-10-24
CUST_00303,56.0,50178.84,Hai Phong,58.66,2025-11-15
CUST_00304,49.0,23884.56,Hanoi,67.37,2025-03-15
CUST_00305,45.0,48572.59,Hanoi,75.35,2025-04-27
CUST_00306,42.0,22000.97,Can Tho,97.83,2025-01-01
CUST_00307,61.0,52065.34,Can Tho,56.47,2025-05-27
CUST_00308,64.0,42489.89,Hai Phong,39.07,2026-02-04
CUST_00309,47.0,48036.5,Ho Chi Minh,81.57,2025-06-26
CUST_00310,57.0,45506.24,Ho Chi Minh,34.37,2026-01-08
CUST_00311,43.0,48438.9,Ho Chi Minh,49.51,2025-04-22
CUST_00312,60.0,48908.88,Hai Phong,17.06,2025-03-11
CUST_00313,,63786.88,Hai Phong,12.28,2026-01-16
CUST_00314,26.0,57877.1,Ho Chi Minh,96.64,2025-04-30
CUST_00315,29.0,54709.24,Hai Phong,85.24,2025-02-12
CUST_00316,42.0,61241.09,Da Nang,72.64,2025-07-17
CUST_00317,47.0,43259.35,Da Nang,46.81,2025-11-30
CUST_00318,66.0,28822.52,Hai Phong,25.6,2025-11-18
CUST_00319,35.0,51428.08,Hanoi,24.08,2025-08-28
CUST_00320,44.0,43151.07,Da Nang,32.52,2025-08-27
CUST_00321,23.0,61077.92,Hai Phong,59.43,2026-02-05
CUST_00322,65.0,77310.11,Hanoi,74.31,2025-10-01
CUST_00323,40.0,61045.22,Ho Chi Minh,69.42,2026-01-29
CUST_00324,22.0,60432.55,Can Tho,35.19,2025-02-08
CUST_00325,59.0,51718.53,Can Tho,95.94,2025-05-26
CUST_00326,19.0,52250.62,Can Tho,76.41,2025-06-19
CUST_00327,30.0,36630.53,Hanoi,59.89,2025-07-12
CUST_00328,57.0,62499.13,Can Tho,65.05,2025-05-29
CUST_00329,26.0,52788.59,Ho Chi Minh,47.76,2025-08-14
CUST_00330,25.0,65559.24,Can Tho,32.3,2026-01-11
CUST_00331,31.0,56865.3,Da Nang,42.04,2025-05-28
CUST_00332,34.0,52309.89,Ho Chi Minh,78.21,2025-05-06
CUST_00333,28.0,47299.49,Can Tho,11.3,2025-08-16
CUST_00334,65.0,39029.63,Hanoi,20.45,2025-01-07
CUST_00335,67.0,72046.07,Da Nang,14.14,2026-02-05
CUST_00336,37.0,50074.24,Can Tho,13.67,2026-01-14
CUST_00337,19.0,46140.92,Hanoi,86.99,2025-03-02
CUST_00338,54.0,70120.53,Hai Phong,73.33,2025-11-11
CUST_00339,42.0,36488.82,Can Tho,52.68,2025-06-01
CUST_00340,63.0,50740.47,Da Nang,18.81,2026-01-23
CUST_00341,55.0,39477.96,Ho Chi Minh,54.25,2025-06-30
CUST_00342,58.0,26514.92,Da Nang,52.61,2025-04-11
CUST_00343,62.0,59106.68,Da Nang,25.59,2025-12-13
CUST_00344,61.0,27014.03,Ho Chi Minh,49.05,2025-11-11
CUST_00345,25.0,50888.95,Hanoi,45.87,2025-12-25
CUST_00346,54.0,62021.25,Hai Phong,65.43,2025-02-23
CUST_00347,40.0,66591.68,Da Nang,67.16,2025-02-11
CUST_00348,60.0,63099.36,Hanoi,14.08,2025-12-10
CUST_00349,50.0,80522.93,Hanoi,43.72,2025-08-20
CUST_00350,18.0,43844.87,Ho Chi Minh,66.33,2025-09-13
CUST_00351,70.0,43556.98,Da Nang,55.28,2025-08-08
CUST_00352,45.0,52284.49,Hanoi,87.08,2025-08-04
CUST_00353,58.0,44594.39,Can Tho,69.28,2025-12-31
CUST_00354,47.0,66126.18,Hanoi,24.66,2025-08-08
CUST_00355,45.0,54463.66,Ho Chi Minh,16.35,2025-06-24
CUST_00356,51.0,56451.64,Can Tho,67.82,2025-01-30
CUST_00357,35.0,69667.67,Hanoi,12.39,2025-06-26
CUST_00358,52.0,34057.05,Da Nang,62.72,2025-04-01
CUST_00359,47.0,41777.46,Hanoi,94.62,2025-12-04
CUST_00360,64.0,61724.6,Ho Chi Minh,61.79,2025-08-30
CUST_00361,38.0,34143.31,Hai Phong,44.94,2025-11-28
CUST_00362,23.0,56729.04,Hai Phong,67.9,2026-01-24
CUST_00363,46.0,52303.39,Da Nang,51.24,2025-08-03
CUST_00364,47.0,41231.64,Hanoi,59.11,2025-02-04
CUST_00365,60.0,40761.31,Da Nang,94.73,2025-03-06
CUST_00366,19.0,86307.58,Ho Chi Minh,44.75,2025-01-14
CUST_00367,38.0,60105.73,Can Tho,96.51,2025-10-22
CUST_00368,31.0,75613.88,Da Nang,91.48,2025-03-23
CUST_00369,34.0,44098.78,Ho Chi Minh,27.62,2025-10-11
CUST_00370,56.0,49498.7,Ho Chi Minh,16.24,2025-02-14
CUST_00371,35.0,36215.38,Can Tho,19.07,2025-12-25
CUST_00372,51.0,44290.37,Hai Phong,11.64,2025-11-28
CUST_00373,23.0,69534.12,Can Tho,18.5,2025-06-14
CUST_00374,44.0,50441.99,Hanoi,71.47,2025-09-02
CUST_00375,66.0,,Can Tho,16.41,2025-10-08
CUST_00376,48.0,32298.83,Ho Chi Minh,38.71,2025-01-29
CUST_00377,49.0,48573.79,Can Tho,86.04,2025-07-28
CUST_00378,19.0,57549.7,Hanoi,12.09,2025-12-06
CUST_00379,32.0,39941.46,Da Nang,83.3,2025-02-07
CUST_00380,33.0,53021.01,Hanoi,35.37,2026-01-05
CUST_00381,55.0,68277.33,Can Tho,20.63,2025-11-16
CUST_00382,53.0,61307.28,Can Tho,72.71,2025-01-31
CUST_00383,45.0,45690.44,Hanoi,66.6,2025-03-21
CUST_00384,53.0,89784.09,Can Tho,88.97,2025-03-09
CUST_00385,62.0,63348.01,Ho Chi Minh,76.16,2025-05-06
CUST_00386,37.0,66166.55,Hanoi,82.31,2025-02-05
CUST_00387,25.0,64468.05,Can Tho,35.38,2025-12-12
CUST_00388,38.0,33613.37,Ho Chi Minh,25.97,2025-02-28
CUST_00389,52.0,82380.62,Da Nang,77.56,2025-07-20
CUST_00390,62.0,71419.93,Hai Phong,82.62,2025-09-02
CUST_00391,31.0,73873.05,Hanoi,99.15,2025-11-17
CUST_00392,35.0,48474.92,Da Nang,47.14,2025-10-08
CUST_00393,66.0,48456.51,Hai Phong,43.48,2025-12-15
CUST_00394,36.0,47860.58,Ho Chi Minh,79.88,2025-08-15
CUST_00395,30.0,61335.19,Hai Phong,40.67,2025-01-13
CUST_00396,41.0,73956.8,Hanoi,93.77,2025-07-17
CUST_00397,18.0,23831.45,Can Tho,87.26,2025-11-19
CUST_00398,26.0,36275.48,Hanoi,48.61,2025-09-02
CUST_00399,21.0,16500.3,Hanoi,77.58,2025-11-20
CUST_00400,62.0,41920.36,Hai Phong,77.91,2025-08-07
CUST_00401,58.0,43786.15,Hanoi,19.28,2025-04-15
CUST_00402,49.0,56037.5,Hanoi,91.23,2025-06-21
CUST_00403,18.0,70266.22,Can Tho,55.47,2025-05-06
CUST_00404,48.0,27113.63,Da Nang,84.38,2025-03-11
CUST_00405,39.0,58068.49,Hai Phong,38.8,2025-03-19
CUST_00406,21.0,32594.17,Hanoi,90.6,2025-04-12
CUST_00407,48.0,52309.3,Ho Chi Minh,45.03,2025-12-17
CUST_00408,22.0,58721.93,Hanoi,10.98,2025-09-06
CUST_00409,22.0,67417.14,Da Nang,91.48,2025-03-05
CUST_00410,61.0,47415.01,Da Nang,18.22,2025-10-04
CUST_00411,27.0,62664.95,Da Nang,38.74,2025-07-02
CUST_00412,37.0,46289.57,Da Nang,95.51,2025-10-27
CUST_00413,33.0,41063.38,Hai Phong,95.55,2025-03-21
CUST_00414,66.0,29265.03,Hanoi,61.61,2025-02-06
CUST_00415,56.0,56020.65,Da Nang,66.87,2025-03-12
CUST_00416,32.0,66256.34,Da Nang,50.36,2025-07-13
CUST_00417,42.0,68983.26,Ho Chi Minh,36.39,2025-11-22
CUST_00418,46.0,44597.58,Da Nang,39.58,2025-09-22
CUST_00419,55.0,54824.11,Ho Chi Minh,70.53,2026-01-04
CUST_00420,37.0,57323.91,Hai Phong,77.71,2025-05-26
CUST_00421,21.0,46813.04,Can Tho,81.24,2025-11-28
CUST_00422,65.0,68804.11,Hai Phong,81.07,2025-09-20
CUST_00423,66.0,42362.69,Can Tho,18.21,2025-07-08
CUST_00424,31.0,,Hanoi,54.5,2025-08-01
CUST_00425,23.0,23275.31,Ho Chi Minh,15.18,2025-04-23
CUST_00426,29.0,42712.38,Da Nang,59.46,2025-09-12
CUST_00427,28.0,66239.9,Da Nang,49.74,2025-02-12
CUST_00428,,69438.44,Hai Phong,89.89,2025-02-12
CUST_00429,56.0,43957.73,Da Nang,41.58,2025-05-27
CUST_00430,20.0,66025.42,Da Nang,20.54,2025-03-19
CUST_00431,63.0,47943.41,Ho Chi Minh,22.87,2025-11-07
CUST_00432,47.0,68675.03,Ho Chi Minh,78.54,2025-06-09
CUST_00433,32.0,43294.39,Ho Chi Minh,65.64,2025-04-09
CUST_00434,68.0,48068.18,Can Tho,19.1,2025-01-12
CUST_00435,55.0,60690.93,Ho Chi Minh,17.57,2025-01-21
CUST_00436,30.0,50081.31,Da Nang,73.09,2025-01-15
CUST_00437,52.0,42544.35,Hai Phong,16.55,2026-01-18
CUST_00438,27.0,59825.45,Ho Chi Minh,83.97,2025-05-06
CUST_00439,70.0,40805.55,Ho Chi Minh,73.56,2025-08-21
CUST_00440,21.0,28088.89,Can Tho,17.32,2025-06-22
CUST_00441,37.0,60678.94,Da Nang,17.64,2026-01-31
CUST_00442,70.0,49379.86,Can Tho,98.8,2025-05-06
CUST_00443,36.0,61994.07,Ho Chi Minh,43.68,2025-10-19
CUST_00444,47.0,56234.25,Can Tho,43.36,2026-01-21
CUST_00445,62.0,53846.51,Hanoi,83.15,2025-10-03
CUST_00446,35.0,52268.44,Hanoi,95.25,2025-10-17
CUST_00447,49.0,45177.4,Hai Phong,98.74,2025-12-23
CUST_00448,56.0,58172.84,Hai Phong,77.8,2025-03-18
CUST_00449,45.0,41921.54,Hanoi,43.86,2025-05-05
CUST_00450,56.0,30613.88,Hanoi,17.52,2025-12-26
CUST_00451,23.0,47668.68,Hanoi,79.94,2025-12-24
CUST_00452,61.0,67487.35,Can Tho,60.26,2025-02-07
CUST_00453,54.0,72399.36,Hanoi,48.18,2025-04-17
CUST_00454,19.0,35182.33,Hanoi,91.57,2025-03-15
CUST_00455,61.0,75769.25,Ho Chi Minh,20.01,2025-05-13
CUST_00456,54.0,46423.21,Ho Chi Minh,54.34,2025-08-12
CUST_00457,66.0,24707.16,Hai Phong,11.02,2025-06-26
CUST_00458,51.0,58802.78,Ho Chi Minh,52.18,2025-11-03
CUST_00459,35.0,62002.8,Da Nang,15.07,2025-12-04
CUST_00460,55.0,60338.28,Da Nang,20.69,2025-11-17
CUST_00461,70.0,46528.41,Hai Phong,20.58,2025-09-15
CUST_00462,23.0,57024.47,Can Tho,68.43,2025-07-14
CUST_00463,44.0,32824.66,Can Tho,77.14,2025-07-14
CUST_00464,60.0,50625.49,Hanoi,62.5,2025-11-10
CUST_00465,28.0,44651.46,Da Nang,96.6,2025-04-17
CUST_00466,62.0,43808.58,Can Tho,43.74,2025-03-06
CUST_00467,60.0,35937.72,Hanoi,35.71,2025-09-03
CUST_00468,70.0,62685.45,Can Tho,88.17,2026-01-22
CUST_00469,20.0,39431.5,Da Nang,30.12,2025-10-02
CUST_00470,38.0,47552.97,Da Nang,96.69,2026-01-01
CUST_00471,25.0,24401.32,Can Tho,11.09,2025-05-13
CUST_00472,43.0,45624.09,Da Nang,97.29,2025-02-22
CUST_00473,70.0,62130.92,Da Nang,13.88,2025-09-09
CUST_00474,60.0,57407.67,Can Tho,90.2,2025-12-04
CUST_00475,47.0,38966.85,Da Nang,57.49,2025-10-11
CUST_00476,30.0,62934.87,Hanoi,99.37,2025-04-14
CUST_00477,57.0,62047.95,Can Tho,16.64,2025-12-16
CUST_00478,58.0,42497.98,Hanoi,59.85,2025-09-12
CUST_00479,21.0,60672.88,Ho Chi Minh,97.24,2025-07-31
CUST_00480,53.0,62794.42,Da Nang,57.08,2025-06-25
CUST_00481,36.0,64246.4,Da Nang,66.65,2025-10-19
CUST_00482,62.0,43442.28,Can Tho,72.62,2025-02-06
CUST_00483,19.0,49858.59,Can Tho,50.91,2025-06-24
CUST_00484,56.0,42510.43,Can Tho,66.48,2025-04-18
CUST_00485,63.0,47543.54,Hanoi,62.59,2025-09-26
CUST_00486,53.0,26978.82,Ho Chi Minh,91.1,2025-03-13
CUST_00487,,65568.95,Hanoi,14.09,2025-01-22
CUST_00488,32.0,62235.52,Hanoi,35.29,2025-02-18
CUST_00489,25.0,54612.1,Ho Chi Minh,95.54,2025-02-20
CUST_00490,25.0,57086.39,Da Nang,90.12,2026-02-03
CUST_00491,27.0,78201.21,Hanoi,51.01,2025-05-21
CUST_00492,63.0,52215.51,Hanoi,65.81,2025-12-08
CUST_00493,63.0,41906.37,Ho Chi Minh,34.96,2025-01-16
CUST_00494,48.0,51556.35,Hanoi,26.93,2025-07-18
CUST_00495,33.0,26400.19,Hai Phong,51.73,2025-06-30
CUST_00496,27.0,54473.56,Ho Chi Minh,41.8,2025-03-25
CUST_00497,56.0,57260.6,Hai Phong,62.53,2025-12-25
CUST_00498,26.0,50604.0,Hai Phong,17.0,2025-08-08
CUST_00499,35.0,42651.82,Da Nang,97.7,2025-07-21
CUST_00500,44.0,44361.04,Hanoi,98.76,2025-05-30
CUST_00501,68.0,17619.69,Ho Chi Minh,72.83,2025-04-05
CUST_00502,70.0,66853.62,Can Tho,58.25,2025-08-09
CUST_00503,,49011.38,Hai Phong,37.86,2025-08-16
CUST_00504,55.0,69518.59,Hai Phong,83.24,2025-04-23
CUST_00505,60.0,60856.52,Can Tho,71.63,2025-07-08
CUST_00506,27.0,45011.63,Can Tho,24.64,2025-02-02
CUST_00507,48.0,73571.94,Da Nang,91.98,2025-03-15
CUST_00508,53.0,42516.33,Can Tho,84.03,2025-09-07
CUST_00509,42.0,28255.13,Hanoi,95.48,2025-04-04
CUST_00510,38.0,67467.87,Ho Chi Minh,75.31,2025-05-24
CUST_00511,62.0,70376.38,Can Tho,65.21,2025-06-11
CUST_00512,42.0,60741.12,Hanoi,47.64,2025-06-26
CUST_00513,67.0,37854.55,Da Nang,93.95,2025-04-23
CUST_00514,38.0,58242.9,Da Nang,87.95,2025-05-08
CUST_00515,63.0,39425.05,Ho Chi Minh,14.07,2025-09-08
CUST_00516,42.0,55453.49,Ho Chi Minh,12.37,2025-07-07
CUST_00517,60.0,52440.37,Hai Phong,43.88,2025-12-11
CUST_00518,59.0,36660.23,Hai Phong,82.95,2025-07-20
CUST_00519,49.0,58120.97,Ho Chi Minh,98.85,2025-06-10
CUST_00520,26.0,56419.83,Hai Phong,23.54,2026-01-20
CUST_00521,55.0,53839.02,Can Tho,63.47,2025-07-17
CUST_00522,24.0,59308.51,Ho Chi Minh,44.28,2025-11-11
CUST_00523,46.0,66774.62,Can Tho,97.29,2025-08-29
CUST_00524,47.0,59926.08,Hai Phong,85.79,2025-07-30
CUST_00525,,45317.04,Ho Chi Minh,85.45,2025-05-14
CUST_00526,59.0,50478.11,Da Nang,52.18,2025-09-28
CUST_00527,22.0,74850.39,Hai Phong,47.33,2025-08-14
CUST_00528,34.0,46946.55,Hanoi,34.61,2025-09-19
CUST_00529,62.0,44116.01,Ho Chi Minh,15.07,2025-05-31
CUST_00530,23.0,63721.71,Hanoi,87.83,2025-10-29
CUST_00531,61.0,43866.86,Can Tho,83.16,2025-08-07
CUST_00532,42.0,38021.45,Da Nang,99.97,2025-03-23
CUST_00533,58.0,24091.71,Hai Phong,99.7,2025-03-26
CUST_00534,66.0,49645.57,Hai Phong,59.99,2025-05-23
CUST_00535,52.0,20083.88,Da Nang,79.21,2025-10-23
CUST_00536,22.0,54362.64,Ho Chi Minh,95.03,2025-05-28
CUST_00537,61.0,47495.45,Hanoi,86.47,2025-12-29
CUST_00538,32.0,44464.72,Da Nang,32.26,2025-07-08
CUST_00539,45.0,51207.95,Ho Chi Minh,50.55,2025-03-03
CUST_00540,66.0,60384.81,Can Tho,21.62,2025-01-12
CUST_00541,24.0,40667.34,Hanoi,95.86,2025-06-07
CUST_00542,62.0,3380.85,Hanoi,64.56,2025-07-28
CUST_00543,19.0,35839.69,Hanoi,30.58,2025-11-17
CUST_00544,68.0,38473.33,Da Nang,70.45,2025-03-12
CUST_00545,40.0,58444.58,Hanoi,65.63,2025-06-11
CUST_00546,27.0,59129.26,Hai Phong,42.23,2025-01-03
CUST_00547,44.0,72948.01,Can Tho,20.22,2025-07-31
CUST_00548,68.0,55894.03,Hanoi,70.44,2025-10-24
CUST_00549,29.0,70493.57,Can Tho,56.83,2025-03-08
CUST_00550,42.0,49614.88,Hai Phong,79.51,2025-10-18
CUST_00551,33.0,56786.76,Can Tho,56.81,2025-08-03
CUST_00552,55.0,49761.3,Ho Chi Minh,86.7,2025-06-17
CUST_00553,47.0,38977.95,Hai Phong,59.67,2025-07-16
CUST_00554,47.0,78074.13,Da Nang,60.48,2025-10-01
CUST_00555,18.0,33478.35,Can Tho,88.9,2025-06-20
CUST_00556,47.0,50112.92,Hai Phong,46.31,2025-02-26
CUST_00557,61.0,67887.57,Da Nang,22.06,2025-03-15
CUST_00558,22.0,58166.27,Ho Chi Minh,12.59,2025-12-11
CUST_00559,40.0,45920.73,Hai Phong,77.96,2025-01-28
CUST_00560,37.0,33836.42,Can Tho,65.83,2025-08-04
CUST_00561,45.0,51336.93,Can Tho,73.37,2026-01-28
CUST_00562,47.0,33851.39,Da Nang,29.17,2025-03-06
CUST_00563,30.0,67088.79,Hai Phong,22.27,2026-01-20
CUST_00564,48.0,46926.79,Da Nang,11.31,2025-08-18
CUST_00565,42.0,32457.58,Hanoi,41.55,2025-08-02
CUST_00566,54.0,61282.81,Hanoi,63.09,2025-12-31
CUST_00567,62.0,29066.14,Can Tho,45.3,2025-09-10
CUST_00568,60.0,48355.22,Can Tho,49.37,2025-04-02
CUST_00569,18.0,35975.75,Hai Phong,91.37,2025-11-02
CUST_00570,61.0,58510.15,Hanoi,41.34,2025-04-29
CUST_00571,21.0,89828.29,Can Tho,56.26,2026-01-14
CUST_00572,65.0,60943.03,Hai Phong,80.53,2025-06-13
CUST_00573,36.0,44024.57,Da Nang,45.69,2025-12-26
CUST_00574,32.0,31709.16,Hai Phong,65.99,2025-01-12
CUST_00575,40.0,36146.31,Hai Phong,87.61,2025-11-11
CUST_00576,30.0,63711.37,Ho Chi Minh,95.46,2025-08-14
CUST_00577,61.0,65692.04,Hanoi,23.24,2025-10-27
CUST_00578,67.0,34141.21,Hanoi,93.39,2026-02-03
CUST_00579,26.0,22969.5,Can Tho,54.29,2025-04-21
CUST_00580,58.0,43937.32,Hai Phong,33.24,2025-05-12
CUST_00581,37.0,79523.56,Hanoi,51.32,2025-12-17
CUST_00582,20.0,73912.31,Hai Phong,98.2,2025-05-18
CUST_00583,64.0,45539.05,Can Tho,54.34,2025-03-12
CUST_00584,36.0,53176.41,Ho Chi Minh,39.59,2025-02-07
CUST_00585,44.0,55737.79,Da Nang,67.01,2025-03-09
CUST_00586,26.0,73989.37,Da Nang,31.61,2025-10-22
CUST_00587,41.0,14917.38,Da Nang,16.83,2025-02-26
CUST_00588,35.0,39788.14,Ho Chi Minh,21.6,2025-06-04
CUST_00589,34.0,9493.7,Can Tho,21.52,2025-08-12
CUST_00590,48.0,31493.78,Ho Chi Minh,23.67,2026-02-05
CUST_00591,36.0,59521.75,Da Nang,22.49,2025-12-03
CUST_00592,39.0,25287.98,Can Tho,67.68,2025-07-10
CUST_00593,47.0,50774.32,Hanoi,26.37,2025-01-03
CUST_00594,27.0,53137.66,Can Tho,41.11,2025-04-06
CUST_00595,32.0,49878.5,Can Tho,90.71,2025-03-17
CUST_00596,64.0,59335.74,Can Tho,52.66,2025-04-11
CUST_00597,43.0,76583.92,Ho Chi Minh,70.08,2025-05-30
CUST_00598,69.0,64988.61,Can Tho,25.51,2025-09-10
CUST_00599,23.0,57093.02,Hai Phong,27.31,2025-08-25
CUST_00600,18.0,80914.64,Da Nang,13.68,2025-10-09
CUST_00601,25.0,62535.64,Can Tho,25.2,2025-12-20
CUST_00602,61.0,40270.89,Can Tho,35.07,2025-12-25
CUST_00603,34.0,61357.19,Ho Chi Minh,25.93,2025-12-09
CUST_00604,70.0,83938.95,Hai Phong,17.98,2026-01-09
CUST_00605,41.0,58221.21,Hanoi,20.86,2025-12-24
CUST_00606,32.0,11938.95,Da Nang,51.47,2025-01-04
CUST_00607,57.0,24765.22,Ho Chi Minh,28.57,2025-05-27
CUST_00608,53.0,38063.99,Da Nang,42.78,2025-06-26
CUST_00609,57.0,57630.78,Da Nang,55.31,2025-09-10
CUST_00610,22.0,72781.67,Hai Phong,72.14,2026-01-06
CUST_00611,47.0,35637.31,Ho Chi Minh,13.54,2025-10-18
CUST_00612,37.0,26037.15,Ho Chi Minh,81.95,2025-08-26
CUST_00613,25.0,49731.67,Ho Chi Minh,66.51,2025-03-12
CUST_00614,20.0,47478.54,Da Nang,17.36,2025-07-11
CUST_00615,49.0,36916.61,Can Tho,88.62,2025-03-01
CUST_00616,33.0,50045.57,Can Tho,92.88,2025-09-24
CUST_00617,26.0,48070.6,Can Tho,15.5,2025-05-30
CUST_00618,41.0,73933.26,Hai Phong,34.92,2025-12-24
CUST_00619,65.0,63278.31,Da Nang,82.56,2025-12-02
CUST_00620,52.0,33376.16,Can Tho,77.34,2025-01-27
CUST_00621,65.0,74173.38,Da Nang,26.61,2025-08-23
CUST_00622,44.0,55640.87,Can Tho,28.84,2025-01-13
CUST_00623,49.0,53102.94,Hanoi,43.34,2025-04-15
CUST_00624,35.0,29906.09,Can Tho,53.61,2025-04-28
CUST_00625,41.0,58178.06,Da Nang,65.64,2025-11-29
CUST_00626,46.0,71103.13,Hai Phong,43.2,2025-11-09
CUST_00627,41.0,41661.73,Ho Chi Minh,51.63,2025-09-29
CUST_00628,61.0,59603.58,Can Tho,77.27,2025-03-10
CUST_00629,59.0,62492.6,Da Nang,13.3,2025-02-17
CUST_00630,43.0,62452.69,Ho Chi Minh,32.72,2025-05-30
CUST_00631,25.0,33205.5,Hanoi,74.2,2025-08-20
CUST_00632,70.0,72595.32,Hanoi,90.57,2025-10-12
CUST_00633,60.0,32407.02,Can Tho,56.05,2025-12-15
CUST_00634,58.0,79398.54,Da Nang,57.89,2025-03-15
CUST_00635,19.0,41548.68,Can Tho,19.65,2026-02-01
CUST_00636,39.0,47091.41,Da Nang,50.27,2025-05-05
CUST_00637,26.0,37814.75,Da Nang,57.94,2025-04-09
CUST_00638,31.0,30903.88,Can Tho,31.82,2025-08-16
CUST_00639,66.0,80159.59,Hai Phong,34.23,2025-11-27
CUST_00640,55.0,37596.54,Ho Chi Minh,43.96,2026-01-10
CUST_00641,32.0,53387.42,Ho Chi Minh,11.81,2025-03-21
CUST_00642,27.0,44451.47,Hai Phong,38.99,2025-12-22
CUST_00643,56.0,69860.53,Hanoi,29.03,2025-01-29
CUST_00644,,65142.33,Can Tho,39.47,2025-10-18
CUST_00645,27.0,38140.92,Da Nang,20.78,2025-12-24
CUST_00646,52.0,36797.19,Ho Chi Minh,90.15,2025-12-27
CUST_00647,29.0,56173.51,Da Nang,63.42,2025-05-19
CUST_00648,19.0,41691.57,Ho Chi Minh,71.12,2025-06-12
CUST_00649,40.0,72226.21,Hai Phong,81.03,2025-02-02
CUST_00650,33.0,69471.56,Da Nang,54.86,2026-01-03
CUST_00651,19.0,54546.93,Can Tho,17.82,2025-07-22
CUST_00652,21.0,33878.26,Ho Chi Minh,58.34,2025-09-07
CUST_00653,44.0,53251.07,Can Tho,62.82,2025-07-24
CUST_00654,65.0,35297.3,Da Nang,77.09,2026-01-28
CUST_00655,46.0,38174.93,Da Nang,48.85,2026-01-09
CUST_00656,50.0,49437.82,Hai Phong,21.48,2025-08-16
CUST_00657,46.0,76911.12,Ho Chi Minh,35.54,2025-01-07
CUST_00658,57.0,31130.23,Da Nang,42.68,2025-07-22
CUST_00659,68.0,,Hanoi,68.13,2025-04-11
CUST_00660,60.0,53386.95,Ho Chi Minh,61.37,2025-07-28
CUST_00661,47.0,50705.28,Hanoi,42.05,2025-11-19
CUST_00662,19.0,25510.24,Can Tho,98.79,2025-04-23
CUST_00663,48.0,47068.17,Can Tho,64.52,2025-12-10
CUST_00664,45.0,35703.16,Da Nang,31.35,2025-03-13
CUST_00665,49.0,43030.83,Ho Chi Minh,19.16,2025-09-24
CUST_00666,46.0,38830.51,Hanoi,23.76,2025-08-07
CUST_00667,23.0,39993.5,Hai Phong,32.14,2025-04-13
CUST_00668,27.0,17948.56,Hanoi,24.46,2025-01-03
CUST_00669,35.0,65303.63,Hai Phong,26.79,2025-02-27
CUST_00670,55.0,39231.16,Hanoi,35.66,2025-02-04
CUST_00671,38.0,57506.07,Ho Chi Minh,25.6,2025-03-12
CUST_00672,56.0,48062.45,Hai Phong,90.71,2025-03-19
CUST_00673,47.0,42448.86,Hanoi,17.22,2025-01-14
CUST_00674,45.0,30208.48,Da Nang,57.21,2025-01-26
CUST_00675,62.0,65955.84,Da Nang,46.94,2026-01-04
CUST_00676,59.0,57157.55,Hai Phong,98.41,2025-12-13
CUST_00677,67.0,61131.56,Hanoi,20.08,2025-09-23
CUST_00678,31.0,75650.48,Da Nang,45.81,2025-05-30
CUST_00679,32.0,51862.83,Ho Chi Minh,97.25,2025-09-15
CUST_00680,70.0,11310.8,Hai Phong,87.9,2025-05-18
CUST_00681,44.0,39108.86,Ho Chi Minh,83.54,2025-03-06
CUST_00682,38.0,45734.96,Hanoi,33.21,2025-07-18
CUST_00683,60.0,7262.98,Ho Chi Minh,25.38,2025-05-10
CUST_00684,27.0,58465.79,Da Nang,70.18,2026-01-31
CUST_00685,48.0,70099.89,Da Nang,93.64,2025-10-06
CUST_00686,23.0,62997.28,Da Nang,60.11,2025-04-15
CUST_00687,24.0,29648.91,Hai Phong,61.45,2025-04-15
CUST_00688,41.0,49678.25,Hai Phong,35.2,2026-01-21
CUST_00689,53.0,54879.31,Ho Chi Minh,79.25,2025-04-19
CUST_00690,53.0,92945.28,Ho Chi Minh,26.83,2025-08-05
CUST_00691,60.0,56288.54,Hai Phong,39.13,2025-08-20
CUST_00692,40.0,56885.62,Da Nang,48.29,2025-12-12
CUST_00693,66.0,46610.61,Can Tho,55.68,2025-10-23
CUST_00694,64.0,52541.77,Can Tho,31.82,2025-07-15
CUST_00695,36.0,55457.3,Ho Chi Minh,20.34,2025-01-12
CUST_00696,40.0,51803.57,Hai Phong,64.96,2025-09-18
CUST_00697,50.0,56670.48,Hai Phong,35.98,2025-03-27
CUST_00698,60.0,29047.02,Da Nang,62.31,2025-12-20
CUST_00699,24.0,51779.28,Da Nang,23.89,2025-10-04
CUST_00700,53.0,66352.47,Hai Phong,53.3,2025-11-06
CUST_00701,66.0,36422.41,Hanoi,57.93,2025-07-27
CUST_00702,32.0,40214.88,Hai Phong,14.66,2025-09-13
CUST_00703,53.0,80936.9,Da Nang,40.29,2026-01-06
CUST_00704,70.0,54583.52,Ho Chi Minh,22.1,2026-01-14
CUST_00705,61.0,44076.28,Hanoi,15.7,2025-11-23
CUST_00706,19.0,70295.37,Hanoi,99.1,2025-02-13
CUST_00707,60.0,,Hanoi,39.01,2025-12-24
CUST_00708,35.0,49351.48,Ho Chi Minh,82.89,2025-04-16
CUST_00709,,64785.12,Ho Chi Minh,32.92,2025-07-15
CUST_00710,66.0,64165.4,Can Tho,71.34,2025-01-05
CUST_00711,39.0,50720.7,Hanoi,78.42,2025-06-21
CUST_00712,29.0,39551.92,Hai Phong,63.61,2025-11-24
CUST_00713,54.0,58052.37,Can Tho,52.44,2025-12-13
CUST_00714,22.0,51509.75,Ho Chi Minh,47.07,2025-05-10
CUST_00715,58.0,58397.28,Ho Chi Minh,41.4,2025-11-07
CUST_00716,23.0,58565.71,Hai Phong,93.66,2025-05-27
CUST_00717,31.0,44326.73,Hai Phong,84.76,2025-08-11
CUST_00718,47.0,28959.2,Ho Chi Minh,96.85,2025-11-03
CUST_00719,41.0,16607.21,Hanoi,21.19,2025-03-10
CUST_00720,38.0,64186.56,Ho Chi Minh,75.78,2025-01-13
CUST_00721,54.0,59334.04,Da Nang,94.45,2025-10-15
CUST_00722,21.0,77474.38,Hai Phong,26.31,2025-07-09
CUST_00723,66.0,71255.04,Hai Phong,15.98,2025-08-03
CUST_00724,61.0,66041.29,Can Tho,76.7,2025-05-24
CUST_00725,46.0,56576.15,Hai Phong,61.7,2025-10-18
CUST_00726,49.0,73084.9,Ho Chi Minh,85.76,2026-01-02
CUST_00727,44.0,40178.0,Da Nang,22.58,2025-01-27
CUST_00728,66.0,43204.32,Hanoi,81.57,2025-02-28
CUST_00729,40.0,42571.1,Can Tho,28.15,2025-04-07
CUST_00730,36.0,56713.35,Hai Phong,24.73,2025-03-16
CUST_00731,55.0,56915.92,Hai Phong,24.78,2025-05-14
CUST_00732,60.0,35143.73,Can Tho,83.31,2025-11-15
CUST_00733,32.0,49703.49,Da Nang,69.87,2025-07-09
CUST_00734,56.0,65401.32,Hanoi,57.08,2026-01-26
CUST_00735,31.0,67556.23,Hai Phong,42.29,2025-02-17
CUST_00736,31.0,44341.71,Hai Phong,88.95,2025-10-16
CUST_00737,66.0,55760.07,Hanoi,45.32,2025-04-21
CUST_00738,38.0,35191.51,Can Tho,83.49,2025-07-11
CUST_00739,49.0,53138.11,Ho Chi Minh,49.52,2025-01-26
CUST_00740,29.0,64115.8,Ho Chi Minh,43.92,2025-12-01
CUST_00741,52.0,72861.34,Can Tho,51.64,2025-01-01
CUST_00742,50.0,51385.4,Hanoi,37.12,2025-02-09
CUST_00743,60.0,37956.61,Ho Chi Minh,77.28,2025-02-25
CUST_00744,22.0,44565.0,Ho Chi Minh,55.24,2025-06-19
CUST_00745,65.0,47828.29,Hai Phong,30.9,2025-05-30
CUST_00746,19.0,60129.14,Ho Chi Minh,90.96,2025-07-20
CUST_00747,22.0,42369.09,Can Tho,44.55,2025-02-26
CUST_00748,54.0,14539.02,Hai Phong,58.92,2025-09-01
CUST_00749,43.0,30667.35,Ho Chi Minh,91.58,2025-06-26
CUST_00750,44.0,40309.89,Ho Chi Minh,66.18,2025-09-29
CUST_00751,43.0,53866.56,Ho Chi Minh,20.52,2026-01-02
CUST_00752,,40811.69,Da Nang,94.58,2025-12-20
CUST_00753,69.0,61499.05,Hai Phong,66.49,2025-12-29
CUST_00754,47.0,53481.64,Da Nang,40.14,2025-11-25
CUST_00755,41.0,33875.71,Hai Phong,22.53,2025-01-31
CUST_00756,24.0,38062.1,Hanoi,81.46,2025-10-04
CUST_00757,55.0,76068.44,Hai Phong,65.81,2025-01-25
CUST_00758,23.0,52933.75,Ho Chi Minh,58.01,2025-04-21
CUST_00759,37.0,,Can Tho,90.45,2025-09-26
CUST_00760,32.0,76612.71,Hanoi,80.97,2026-01-11
CUST_00761,28.0,78719.9,Ho Chi Minh,23.65,2025-09-18
CUST_00762,58.0,36593.81,Ho Chi Minh,38.05,2025-10-23
CUST_00763,50.0,47659.06,Da Nang,32.36,2025-11-24
CUST_00764,67.0,57471.06,Hai Phong,76.96,2026-01-23
CUST_00765,64.0,36379.85,Hanoi,13.02,2026-01-08
CUST_00766,59.0,46536.03,Hai Phong,61.29,2026-01-12
CUST_00767,33.0,55040.71,Can Tho,78.62,2025-01-19
CUST_00768,34.0,62081.12,Hanoi,88.91,2025-05-27
CUST_00769,56.0,53681.17,Hai Phong,40.79,2025-05-11
CUST_00770,66.0,29170.11,Hanoi,83.91,2025-11-23
CUST_00771,29.0,24464.61,Hanoi,19.96,2025-02-04
CUST_00772,58.0,58533.32,Ho Chi Minh,86.18,2025-02-01
CUST_00773,66.0,56427.44,Hai Phong,21.47,2025-05-25
CUST_00774,55.0,79795.52,Can Tho,45.76,2025-02-01
CUST_00775,54.0,48790.02,Ho Chi Minh,81.76,2025-05-20
CUST_00776,57.0,70484.24,Can Tho,23.49,2025-05-04
CUST_00777,58.0,62644.42,Ho Chi Minh,30.63,2025-02-02
CUST_00778,46.0,48548.36,Ho Chi Minh,75.0,2025-06-28
CUST_00779,46.0,49650.93,Hai Phong,74.8,2025-07-27
CUST_00780,68.0,53307.71,Ho Chi Minh,67.7,2025-07-17
CUST_00781,21.0,47021.2,Ho Chi Minh,72.46,2025-09-18
CUST_00782,22.0,48028.04,Can Tho,58.85,2025-06-24
CUST_00783,46.0,72806.51,Ho Chi Minh,32.66,2025-02-08
CUST_00784,41.0,39181.71,Ho Chi Minh,41.11,2025-12-18
CUST_00785,22.0,17631.25,Da Nang,26.34,2025-04-20
CUST_00786,23.0,46417.46,Hanoi,91.76,2025-06-19
CUST_00787,50.0,57696.89,Hai Phong,62.51,2025-04-08
CUST_00788,55.0,66910.19,Hai Phong,46.08,2025-09-25
CUST_00789,68.0,36964.11,Da Nang,51.58,2025-11-21
CUST_00790,20.0,51017.7,Ho Chi Minh,95.26,2025-12-02
CUST_00791,69.0,67071.63,Da Nang,23.8,2025-02-22
CUST_00792,30.0,52442.1,Hanoi,62.76,2025-05-21
CUST_00793,48.0,32951.5,Hanoi,55.53,2025-09-21
CUST_00794,21.0,46636.67,Ho Chi Minh,65.03,2025-11-27
CUST_00795,69.0,36412.18,Ho Chi Minh,11.63,2025-04-22
CUST_00796,39.0,32219.18,Hanoi,88.49,2025-09-02
CUST_00797,23.0,26431.17,Can Tho,93.89,2025-06-08
CUST_00798,29.0,39638.34,Hai Phong,60.86,2025-08-23
CUST_00799,63.0,50351.32,Da Nang,72.7,2025-06-13
CUST_00800,46.0,36983.18,Hanoi,93.02,2025-06-30
CUST_00801,57.0,61467.12,Ho Chi Minh,73.65,2025-09-16
CUST_00802,41.0,51312.32,Hanoi,23.73,2025-01-26
CUST_00803,42.0,32030.4,Hanoi,61.87,2025-04-11
CUST_00804,39.0,44357.65,Hanoi,64.6,2025-01-22
CUST_00805,21.0,28847.31,Hai Phong,48.17,2025-11-16
CUST_00806,59.0,72883.41,Hai Phong,76.28,2025-11-24
CUST_00807,39.0,74386.93,Can Tho,94.09,2025-01-07
CUST_00808,61.0,42654.37,Ho Chi Minh,93.3,2025-02-22
CUST_00809,34.0,43060.35,Can Tho,50.58,2025-07-26
CUST_00810,60.0,29775.46,Hanoi,20.19,2025-09-22
CUST_00811,56.0,60611.89,Hai Phong,98.64,2025-06-12
CUST_00812,39.0,63362.67,Da Nang,85.5,2025-07-15
CUST_00813,60.0,59975.9,Da Nang,21.22,2025-05-25
CUST_00814,40.0,66582.56,Ho Chi Minh,92.88,2025-08-18
CUST_00815,59.0,51734.6,Can Tho,88.29,2025-02-26
CUST_00816,43.0,36290.53,Can Tho,56.7,2025-09-07
CUST_00817,63.0,47305.65,Can Tho,63.21,2025-08-19
CUST_00818,37.0,43682.05,Da Nang,45.91,2025-10-09
CUST_00819,59.0,58205.91,Can Tho,14.93,2025-05-15
CUST_00820,70.0,41871.09,Ho Chi Minh,40.17,2025-01-19
CUST_00821,62.0,63997.06,Ho Chi Minh,82.26,2025-02-16
CUST_00822,65.0,24545.3,Hanoi,10.42,2025-11-08
CUST_00823,51.0,73155.41,Can Tho,40.01,2025-01-20
CUST_00824,60.0,55360.89,Hanoi,45.84,2025-03-21
CUST_00825,41.0,60795.76,Hai Phong,58.37,2025-08-25
CUST_00826,,53712.57,Hanoi,92.79,2025-12-03
CUST_00827,31.0,53039.4,Hai Phong,41.17,2025-02-22
CUST_00828,67.0,73866.57,Hanoi,41.23,2025-07-27
CUST_00829,32.0,71091.35,Hanoi,76.38,2025-11-07
CUST_00830,27.0,38203.06,Da Nang,50.7,2025-09-27
CUST_00831,68.0,47585.43,Da Nang,30.21,2025-12-22
CUST_00832,67.0,37629.1,Can Tho,50.72,2025-10-14
CUST_00833,65.0,58457.41,Da Nang,22.68,2025-11-27
CUST_00834,20.0,43716.6,Hanoi,25.87,2025-12-27
CUST_00835,67.0,33625.92,Hai Phong,54.85,2025-04-15
CUST_00836,56.0,34692.78,Da Nang,47.7,2025-09-05
CUST_00837,28.0,32213.95,Can Tho,92.34,2025-12-26
CUST_00838,62.0,,Ho Chi Minh,42.62,2025-02-22
CUST_00839,69.0,67511.08,Da Nang,62.25,2025-08-12
CUST_00840,64.0,38541.8,Ho Chi Minh,66.9,2025-02-17
CUST_00841,44.0,46516.38,Da Nang,11.18,2025-02-24
CUST_00842,64.0,41524.22,Ho Chi Minh,69.72,2025-07-07
CUST_00843,46.0,41840.08,Ho Chi Minh,26.02,2025-09-22
CUST_00844,66.0,64378.13,Ho Chi Minh,96.5,2025-07-19
CUST_00845,46.0,47232.73,Ho Chi Minh,23.38,2025-08-06
CUST_00846,33.0,51346.57,Can Tho,47.32,2025-09-22
CUST_00847,69.0,62111.77,Ho Chi Minh,17.68,2025-08-05
CUST_00848,30.0,,Hai Phong,99.72,2025-02-27
CUST_00849,54.0,72270.98,Can Tho,55.2,2025-02-13
CUST_00850,47.0,80485.14,Hai Phong,63.58,2025-10-19
CUST_00851,67.0,50192.79,Ho Chi Minh,16.04,2025-10-20
CUST_00852,51.0,72510.26,Hai Phong,77.5,2025-08-29
CUST_00853,28.0,52469.53,Hai Phong,28.89,2025-07-17
CUST_00854,69.0,24847.22,Hanoi,90.82,2025-08-13
CUST_00855,34.0,49502.67,Da Nang,28.46,2025-07-02
CUST_00856,48.0,54506.49,Can Tho,27.16,2025-10-24
CUST_00857,53.0,37204.07,Hai Phong,13.29,2026-01-12
CUST_00858,63.0,28770.99,Da Nang,52.49,2025-12-31
CUST_00859,25.0,43728.84,Ho Chi Minh,60.84,2025-09-24
CUST_00860,66.0,55959.25,Hai Phong,15.91,2025-04-14
CUST_00861,46.0,38787.48,Can Tho,79.8,2025-12-06
CUST_00862,27.0,34543.41,Hanoi,50.8,2025-04-12
CUST_00863,23.0,24258.28,Ho Chi Minh,57.2,2025-03-23
CUST_00864,32.0,47731.54,Da Nang,49.67,2025-07-31
CUST_00865,40.0,68013.68,Hanoi,46.07,2025-02-03
CUST_00866,44.0,41054.92,Hanoi,60.37,2025-09-01
CUST_00867,50.0,55651.61,Da Nang,23.97,2025-01-22
CUST_00868,42.0,69322.4,Da Nang,26.37,2026-01-04
CUST_00869,41.0,53799.9,Hai Phong,87.56,2025-06-14
CUST_00870,38.0,51758.57,Hanoi,95.15,2025-01-15
CUST_00871,63.0,56244.07,Ho Chi Minh,43.6,2025-06-20
CUST_00872,68.0,59346.25,Hai Phong,34.37,2025-10-02
CUST_00873,20.0,57529.47,Da Nang,67.96,2025-04-17
CUST_00874,48.0,87788.73,Can Tho,46.79,2025-07-11
CUST_00875,26.0,26807.24,Hanoi,12.28,2025-04-08
CUST_00876,48.0,61746.69,Hai Phong,24.05,2025-05-11
CUST_00877,18.0,42579.17,Da Nang,74.44,2025-07-02
CUST_00878,19.0,61355.56,Da Nang,69.3,2025-11-26
CUST_00879,27.0,45933.21,Hai Phong,12.44,2025-10-04
CUST_00880,64.0,41525.53,Hai Phong,29.98,2025-02-04
CUST_00881,45.0,22856.97,Da Nang,30.8,2025-10-29
CUST_00882,36.0,25696.38,Ho Chi Minh,70.47,2025-06-28
CUST_00883,25.0,39180.1,Hanoi,11.77,2025-08-05
CUST_00884,44.0,84292.72,Da Nang,19.37,2025-06-17
CUST_00885,57.0,51797.54,Hanoi,81.99,2025-08-14
CUST_00886,25.0,37722.49,Ho Chi Minh,26.07,2025-12-28
CUST_00887,49.0,48198.61,Da Nang,68.75,2025-03-18
CUST_00888,19.0,44536.13,Hanoi,31.44,2025-10-07
CUST_00889,54.0,50453.35,Can Tho,18.95,2025-07-09
CUST_00890,27.0,55713.77,Ho Chi Minh,31.89,2025-05-07
CUST_00891,18.0,77439.04,Hanoi,75.0,2025-07-06
CUST_00892,33.0,63972.0,Can Tho,87.01,2025-05-03
CUST_00893,29.0,50447.02,Da Nang,84.72,2025-05-07
CUST_00894,23.0,69978.28,Hai Phong,45.75,2025-10-24
CUST_00895,41.0,73456.77,Ho Chi Minh,70.13,2025-12-02
CUST_00896,51.0,68591.14,Ho Chi Minh,28.45,2025-10-31
CUST_00897,68.0,45042.42,Ho Chi Minh,36.38,2026-01-30
CUST_00898,53.0,65225.31,Hai Phong,90.67,2026-01-25
CUST_00899,,69039.63,Can Tho,11.17,2025-09-18
CUST_00900,20.0,49027.84,Hanoi,17.7,2025-03-25
CUST_00901,41.0,53708.62,Da Nang,28.71,2025-05-25
CUST_00902,19.0,43563.34,Hai Phong,12.39,2025-03-23
CUST_00903,22.0,36649.41,Ho Chi Minh,26.33,2025-07-18
CUST_00904,64.0,76394.0,Can Tho,62.47,2025-07-24
CUST_00905,24.0,28999.33,Hanoi,47.93,2025-12-04
CUST_00906,65.0,21813.33,Ho Chi Minh,90.34,2025-03-14
CUST_00907,26.0,62026.21,Ho Chi Minh,83.57,2025-02-18
CUST_00908,52.0,51260.0,Hanoi,40.76,2025-08-28
CUST_00909,59.0,38691.53,Da Nang,33.35,2026-02-02
CUST_00910,67.0,45731.75,Can Tho,44.17,2025-12-25
CUST_00911,62.0,61856.44,Hai Phong,63.13,2025-09-04
CUST_00912,29.0,60649.61,Da Nang,34.13,2025-06-21
CUST_00913,22.0,73935.14,Ho Chi Minh,66.17,2025-10-14
CUST_00914,47.0,27232.66,Hai Phong,46.85,2025-01-23
CUST_00915,30.0,46163.21,Hai Phong,59.68,2025-02-04
CUST_00916,30.0,41225.48,Ho Chi Minh,49.25,2025-12-15
CUST_00917,38.0,60944.08,Hai Phong,36.5,2025-06-19
CUST_00918,50.0,17860.72,Hanoi,95.36,2025-10-04
CUST_00919,70.0,57976.15,Can Tho,78.72,2025-05-18
CUST_00920,34.0,57014.88,Ho Chi Minh,22.61,2025-08-06
CUST_00921,59.0,54355.25,Ho Chi Minh,88.16,2025-08-08
CUST_00922,40.0,37310.94,Can Tho,53.87,2025-10-08
CUST_00923,21.0,42990.62,Ho Chi Minh,90.51,2025-09-06
CUST_00924,39.0,53579.99,Hai Phong,81.99,2025-11-06
CUST_00925,69.0,46544.03,Hanoi,48.27,2025-04-17
CUST_00926,43.0,41951.35,Da Nang,12.02,2025-01-03
CUST_00927,42.0,35342.27,Da Nang,34.18,2026-02-02
CUST_00928,29.0,53353.77,Hanoi,58.75,2025-04-14
CUST_00929,49.0,44655.97,Hanoi,67.01,2025-01-04
CUST_00930,69.0,65761.03,Hanoi,33.21,2025-03-19
CUST_00931,69.0,62553.79,Da Nang,22.54,2025-09-21
CUST_00932,45.0,39067.33,Ho Chi Minh,85.14,2025-06-24
CUST_00933,56.0,22083.83,Ho Chi Minh,98.6,2025-04-15
CUST_00934,29.0,26223.12,Hanoi,57.31,2025-03-22
CUST_00935,38.0,48380.93,Hai Phong,25.45,2025-08-25
CUST_00936,38.0,13715.23,Hai Phong,34.51,2025-04-02
CUST_00937,37.0,35090.61,Can Tho,11.66,2025-09-03
CUST_00938,63.0,44441.22,Ho Chi Minh,92.29,2026-01-22
CUST_00939,62.0,43309.05,Hanoi,20.6,2025-07-16
CUST_00940,46.0,75018.66,Hanoi,61.89,2025-08-09
CUST_00941,40.0,39458.06,Da Nang,34.66,2025-10-31
CUST_00942,45.0,57887.08,Can Tho,59.88,2025-10-14
CUST_00943,68.0,53539.82,Ho Chi Minh,68.63,2025-11-28
CUST_00944,22.0,50123.15,Ho Chi Minh,84.68,2025-04-24
CUST_00945,43.0,57014.57,Can Tho,28.58,2025-05-11
CUST_00946,69.0,23525.04,Ho Chi Minh,10.99,2025-06-12
CUST_00947,28.0,71702.7,Can Tho,22.32,2025-02-05
CUST_00948,27.0,54420.09,Da Nang,91.0,2025-11-23
CUST_00949,61.0,60048.19,Da Nang,88.65,2025-07-09
CUST_00950,20.0,37750.78,Can Tho,63.77,2026-01-14
CUST_00951,33.0,39503.51,Hai Phong,64.05,2025-12-30
CUST_00952,41.0,51904.41,Hai Phong,69.85,2025-02-01
CUST_00953,54.0,52495.26,Can Tho,25.78,2025-03-26
CUST_00954,27.0,51050.65,Da Nang,92.3,2025-06-13
CUST_00955,41.0,67924.76,Ho Chi Minh,47.69,2025-03-06
CUST_00956,66.0,37692.81,Hanoi,44.48,2025-09-23
CUST_00957,26.0,51518.13,Hai Phong,56.7,2025-07-09
CUST_00958,43.0,41909.73,Ho Chi Minh,14.23,2025-06-03
CUST_00959,35.0,58909.14,Can Tho,24.97,2025-08-07
CUST_00960,25.0,23212.01,Da Nang,76.42,2025-02-24
CUST_00961,,56171.23,Can Tho,17.45,2025-05-03
CUST_00962,51.0,60853.59,Da Nang,64.28,2025-01-03
CUST_00963,53.0,60208.44,Can Tho,32.08,2025-10-06
CUST_00964,67.0,37145.82,Hanoi,45.04,2025-08-28
CUST_00965,46.0,32208.64,Da Nang,35.98,2025-04-08
CUST_00966,57.0,44975.38,Hanoi,42.01,2025-01-04
CUST_00967,49.0,56500.71,Da Nang,74.71,2025-10-02
CUST_00968,26.0,58792.19,Hanoi,36.74,2025-10-16
CUST_00969,46.0,50504.37,Hanoi,60.98,2025-08-30
CUST_00970,63.0,57896.21,Can Tho,52.84,2025-03-06
CUST_00971,23.0,81391.71,Da Nang,69.73,2026-01-05
CUST_00972,38.0,53926.31,Da Nang,94.31,2025-01-05
CUST_00973,63.0,57645.97,Can Tho,75.93,2025-11-24
CUST_00974,52.0,21283.58,Can Tho,29.34,2025-08-22
CUST_00975,37.0,57472.88,Can Tho,12.81,2026-01-27
CUST_00976,63.0,31497.51,Hanoi,33.6,2025-04-25
CUST_00977,62.0,21465.26,Hanoi,63.56,2025-10-12
CUST_00978,68.0,11753.03,Da Nang,14.63,2026-01-02
CUST_00979,32.0,53920.01,Hanoi,54.67,2025-03-27
CUST_00980,30.0,45400.9,Can Tho,63.72,2025-09-05
CUST_00981,33.0,32763.67,Hai Phong,40.08,2025-09-01
CUST_00982,19.0,43553.92,Hai Phong,79.38,2025-08-29
CUST_00983,54.0,31068.3,Da Nang,19.59,2025-08-22
CUST_00984,69.0,52699.57,Hai Phong,16.76,2026-01-18
CUST_00985,26.0,45081.18,Can Tho,75.54,2026-01-22
CUST_00986,23.0,52545.46,Da Nang,54.59,2025-03-01
CUST_00987,43.0,72045.46,Hai Phong,71.96,2025-03-03
CUST_00988,64.0,45139.6,Ho Chi Minh,49.13,2026-01-25
CUST_00989,44.0,59741.06,Ho Chi Minh,32.18,2025-09-14
CUST_00990,70.0,52001.28,Hanoi,83.72,2025-05-30
CUST_00991,26.0,43208.0,Ho Chi Minh,81.95,2025-03-13
CUST_00992,59.0,19863.14,Hai Phong,72.52,2025-06-13
CUST_00993,47.0,76879.24,Da Nang,34.49,2025-03-07
CUST_00994,40.0,49987.41,Can Tho,63.12,2025-12-21
CUST_00995,67.0,54142.61,Hanoi,42.49,2026-01-11
CUST_00996,55.0,35080.79,Hai Phong,18.24,2025-09-04
CUST_00997,26.0,65046.84,Hai Phong,92.56,2025-12-01
CUST_00998,21.0,62780.73,Hanoi,22.31,2025-09-16
CUST_00999,51.0,60260.54,Hanoi,95.52,2025-07-19
CUST_01000,28.0,40716.5,Ho Chi Minh,50.14,2025-04-12
CUST_01001,63.0,46560.67,Hanoi,26.66,2025-01-01
CUST_01002,51.0,53787.29,Da Nang,58.77,2026-02-04
CUST_01003,23.0,74404.57,Ho Chi Minh,88.57,2025-11-05
CUST_01004,58.0,51582.33,Da Nang,75.9,2025-02-01
CUST_01005,35.0,43837.91,Da Nang,82.59,2025-01-05
CUST_01006,37.0,53209.11,Can Tho,69.29,2025-08-15
CUST_01007,23.0,52216.64,Da Nang,72.3,2025-02-12
CUST_01008,28.0,,Can Tho,86.43,2025-03-16
CUST_01009,55.0,22728.65,Hai Phong,32.47,2025-02-07
CUST_01010,60.0,37522.14,Hai Phong,54.05,2025-01-25
CUST_01011,56.0,73366.15,Hanoi,29.91,2025-03-14
CUST_01012,54.0,43646.17,Hai Phong,98.89,2026-01-02
CUST_01013,19.0,57425.7,Ho Chi Minh,94.97,2025-05-23
CUST_01014,59.0,77126.88,Hanoi,13.55,2025-03-14
CUST_01015,34.0,73754.81,Hai Phong,73.5,2025-04-10
CUST_01016,67.0,32685.36,Can Tho,93.27,2025-06-01
CUST_01017,57.0,28475.97,Can Tho,26.25,2025-12-12
CUST_01018,49.0,28348.28,Hai Phong,61.12,2025-05-29
CUST_01019,52.0,43121.84,Hai Phong,92.39,2025-09-08
CUST_01020,37.0,49251.72,Can Tho,13.06,2025-04-21
CUST_01021,69.0,46900.19,Can Tho,72.77,2025-12-14
CUST_01022,43.0,49192.92,Hanoi,36.76,2025-01-27
CUST_01023,22.0,57037.42,Hanoi,93.2,2025-06-28
CUST_01024,28.0,36838.59,Da Nang,97.4,2026-01-14
CUST_01025,48.0,56765.19,Hanoi,94.98,2025-12-04
CUST_01026,39.0,60350.39,Ho Chi Minh,52.68,2025-09-05
CUST_01027,38.0,29508.7,Da Nang,87.58,2025-12-21
CUST_01028,38.0,47703.88,Da Nang,86.01,2025-12-06
CUST_01029,40.0,19674.47,Da Nang,38.72,2025-08-17
CUST_01030,26.0,40994.72,Ho Chi Minh,84.6,2025-08-29
CUST_01031,50.0,71733.31,Hai Phong,13.33,2025-02-18
CUST_01032,38.0,47936.49,Ho Chi Minh,63.66,2026-01-23
CUST_01033,25.0,59603.83,Can Tho,30.7,2025-11-13
CUST_01034,33.0,79883.85,Can Tho,20.85,2025-12-31
CUST_01035,21.0,55463.59,Can Tho,16.93,2025-08-07
CUST_01036,42.0,37748.4,Da Nang,72.67,2025-03-03
CUST_01037,44.0,66172.53,Hanoi,40.59,2025-12-14
CUST_01038,28.0,56678.48,Can Tho,75.23,2025-10-24
CUST_01039,54.0,28059.85,Hai Phong,15.88,2025-10-26
CUST_01040,30.0,31849.14,Hanoi,38.38,2025-11-20
CUST_01041,49.0,64050.25,Hai Phong,58.55,2025-09-01
CUST_01042,47.0,56694.02,Ho Chi Minh,81.17,2025-02-25
CUST_01043,37.0,63021.91,Hanoi,38.69,2025-07-12
CUST_01044,23.0,38880.88,Ho Chi Minh,66.33,2025-07-06
CUST_01045,50.0,63949.89,Can Tho,89.74,2025-12-30
CUST_01046,33.0,60689.45,Hanoi,65.43,2025-11-09
CUST_01047,40.0,24095.5,Da Nang,30.97,2025-08-11
CUST_01048,36.0,53671.38,Can Tho,12.2,2025-06-29
CUST_01049,59.0,53148.26,Hanoi,88.31,2026-01-31
CUST_01050,36.0,48548.55,Ho Chi Minh,11.91,2025-07-24
CUST_01051,24.0,38602.23,Hai Phong,88.72,2025-07-26
CUST_01052,34.0,40793.3,Hanoi,57.6,2026-01-30
CUST_01053,66.0,35249.92,Da Nang,94.52,2025-08-22
CUST_01054,20.0,51659.07,Da Nang,81.89,2025-07-28
CUST_01055,54.0,44297.64,Hanoi,99.81,2025-06-01
CUST_01056,41.0,31934.65,Hai Phong,41.56,2025-01-21
CUST_01057,22.0,25753.71,Ho Chi Minh,79.05,2025-11-07
CUST_01058,46.0,28446.52,Ho Chi Minh,46.17,2025-11-09
CUST_01059,35.0,59630.15,Da Nang,53.19,2026-01-06
CUST_01060,57.0,44552.56,Da Nang,66.48,2025-12-15
CUST_01061,25.0,28578.32,Can Tho,88.63,2025-07-13
CUST_01062,24.0,63022.76,Ho Chi Minh,98.57,2025-09-26
CUST_01063,68.0,75877.23,Da Nang,79.14,2025-05-01
CUST_01064,53.0,57655.7,Hanoi,47.6,2025-04-10
CUST_01065,66.0,54799.27,Da Nang,47.92,2025-05-28
CUST_01066,56.0,51792.28,Hanoi,76.38,2026-02-03
CUST_01067,50.0,42011.74,Ho Chi Minh,31.49,2025-05-17
CUST_01068,20.0,68741.52,Hanoi,19.94,2025-01-09
CUST_01069,39.0,60361.46,Hanoi,41.92,2025-01-09
CUST_01070,51.0,60994.48,Ho Chi Minh,35.85,2025-11-11
CUST_01071,56.0,81411.51,Da Nang,36.67,2026-01-01
CUST_01072,26.0,66349.03,Da Nang,31.02,2025-07-07
CUST_01073,57.0,62427.56,Hai Phong,13.79,2025-03-19
CUST_01074,43.0,20483.51,Hai Phong,11.61,2025-03-24
CUST_01075,65.0,45335.29,Can Tho,98.9,2025-05-25
CUST_01076,55.0,63563.61,Da Nang,48.5,2025-03-12
CUST_01077,50.0,51154.24,Ho Chi Minh,44.59,2025-12-12
CUST_01078,63.0,81690.6,Can Tho,71.17,2025-07-14
CUST_01079,48.0,60968.33,Hanoi,29.64,2025-12-16
CUST_01080,41.0,58439.48,Da Nang,95.5,2025-12-31
CUST_01081,25.0,43959.56,Ho Chi Minh,80.77,2025-07-06
CUST_01082,55.0,50524.78,Ho Chi Minh,18.05,2025-04-11
CUST_01083,64.0,37317.01,Can Tho,47.58,2026-02-04
CUST_01084,58.0,48317.15,Da Nang,89.12,2025-08-23
CUST_01085,,45852.72,Ho Chi Minh,95.03,2025-11-16
CUST_01086,59.0,23909.79,Ho Chi Minh,52.07,2025-04-13
CUST_01087,67.0,26276.53,Can Tho,65.21,2025-12-22
CUST_01088,32.0,59344.99,Hanoi,25.03,2025-04-04
CUST_01089,55.0,56146.87,Hanoi,99.21,2025-03-07
CUST_01090,51.0,39800.99,Ho Chi Minh,30.85,2025-02-15
CUST_01091,57.0,55137.94,Ho Chi Minh,94.85,2025-10-24
CUST_01092,42.0,48854.8,Hai Phong,68.47,2025-02-08
CUST_01093,61.0,64627.69,Can Tho,64.7,2026-01-25
CUST_01094,54.0,51740.48,Hai Phong,56.14,2025-05-13
CUST_01095,25.0,34003.99,Hanoi,30.76,2025-05-05
CUST_01096,46.0,65149.05,Can Tho,25.89,2025-11-16
CUST_01097,27.0,74962.19,Ho Chi Minh,29.84,2025-12-27
CUST_01098,31.0,54974.44,Can Tho,26.78,2025-01-07
CUST_01099,67.0,50382.04,Hanoi,80.16,2025-08-23
CUST_01100,48.0,36425.58,Ho Chi Minh,41.51,2025-01-11
CUST_01101,65.0,50218.48,Ho Chi Minh,15.21,2025-07-05
CUST_01102,63.0,39522.86,Ho Chi Minh,97.22,2025-12-21
CUST_01103,31.0,28286.17,Da Nang,89.54,2025-05-26
CUST_01104,60.0,29212.82,Da Nang,93.5,2025-09-02
CUST_01105,42.0,50410.65,Ho Chi Minh,99.54,2025-12-10
CUST_01106,29.0,22778.01,Can Tho,25.65,2025-05-05
CUST_01107,52.0,61253.66,Hanoi,45.66,2025-08-04
CUST_01108,40.0,44916.45,Ho Chi Minh,78.24,2025-01-26
CUST_01109,64.0,28778.01,Ho Chi Minh,72.64,2026-01-26
CUST_01110,69.0,61009.55,Hai Phong,23.85,2025-02-28
CUST_01111,57.0,66314.63,Can Tho,83.42,2025-06-21
CUST_01112,33.0,45844.42,Can Tho,30.2,2025-09-10
CUST_01113,37.0,60186.04,Hai Phong,30.14,2025-11-24
CUST_01114,37.0,43328.48,Hai Phong,58.33,2025-10-28
CUST_01115,63.0,75767.12,Da Nang,63.36,2025-02-28
CUST_01116,63.0,49806.7,Hanoi,62.21,2025-02-12
CUST_01117,48.0,61659.19,Hanoi,18.23,2025-06-18
CUST_01118,68.0,52884.98,Hanoi,88.97,2025-01-20
CUST_01119,36.0,35248.87,Da Nang,33.9,2026-01-17
CUST_01120,61.0,28861.68,Hai Phong,21.66,2025-12-26
CUST_01121,43.0,34834.4,Can Tho,89.99,2025-02-19
CUST_01122,67.0,25843.14,Da Nang,96.01,2025-01-23
CUST_01123,36.0,51990.63,Ho Chi Minh,87.59,2025-02-05
CUST_01124,63.0,50216.81,Ho Chi Minh,82.86,2025-07-23
CUST_01125,46.0,37597.8,Hanoi,68.97,2025-12-29
CUST_01126,65.0,35433.9,Hanoi,59.58,2025-03-19
CUST_01127,30.0,78072.63,Hai Phong,17.83,2025-08-03
CUST_01128,35.0,65329.15,Ho Chi Minh,46.76,2025-01-05
CUST_01129,62.0,39213.8,Hai Phong,43.54,2025-01-16
CUST_01130,24.0,54236.14,Can Tho,33.38,2025-09-16
CUST_01131,55.0,39230.12,Hanoi,75.11,2025-01-17
CUST_01132,21.0,50343.27,Hai Phong,54.63,2025-03-10
CUST_01133,51.0,43919.4,Can Tho,17.29,2025-07-25
CUST_01134,32.0,40933.3,Can Tho,29.82,2025-06-28
CUST_01135,44.0,33853.75,Hai Phong,71.49,2025-10-14
CUST_01136,48.0,49317.93,Ho Chi Minh,16.85,2025-10-20
CUST_01137,67.0,55099.26,Hai Phong,86.61,2026-01-03
CUST_01138,53.0,86574.29,Ho Chi Minh,54.56,2025-04-17
CUST_01139,28.0,78812.76,Hai Phong,53.25,2025-12-09
CUST_01140,48.0,52927.98,Can Tho,63.32,2025-05-14
CUST_01141,30.0,60540.7,Ho Chi Minh,84.22,2025-08-28
CUST_01142,36.0,53043.2,Hai Phong,41.3,2025-06-22
CUST_01143,59.0,54563.09,Hanoi,71.02,2025-11-03
CUST_01144,67.0,53931.22,Ho Chi Minh,60.92,2025-08-22
CUST_01145,54.0,60816.19,Hanoi,34.03,2025-10-12
CUST_01146,65.0,30070.45,Hanoi,89.08,2025-04-15
CUST_01147,20.0,49307.71,Da Nang,81.77,2025-04-23
CUST_01148,29.0,53282.2,Hanoi,69.26,2025-06-13
CUST_01149,29.0,81618.06,Da Nang,86.55,2025-05-28
CUST_01150,20.0,45012.32,Ho Chi Minh,88.06,2025-09-17
CUST_01151,43.0,48968.41,Ho Chi Minh,73.75,2025-09-14
CUST_01152,29.0,53630.39,Da Nang,85.33,2026-01-01
CUST_01153,36.0,61786.93,Ho Chi Minh,72.77,2025-04-16
CUST_01154,18.0,66236.89,Hanoi,71.21,2025-07-03
CUST_01155,56.0,40811.4,Hai Phong,65.68,2025-09-09
CUST_01156,39.0,71946.61,Hai Phong,77.74,2025-02-15
CUST_01157,59.0,41769.14,Ho Chi Minh,24.27,2025-11-04
CUST_01158,49.0,15390.22,Ho Chi Minh,89.28,2025-04-06
CUST_01159,26.0,45283.81,Ho Chi Minh,88.47,2025-02-25
CUST_01160,47.0,42863.43,Hanoi,12.63,2025-05-26
CUST_01161,69.0,86367.43,Can Tho,84.32,2025-10-20
CUST_01162,28.0,39478.71,Ho Chi Minh,21.6,2025-07-26
CUST_01163,59.0,71159.48,Ho Chi Minh,40.16,2025-08-30
CUST_01164,29.0,49709.22,Ho Chi Minh,76.92,2025-10-19
CUST_01165,,72284.77,Hanoi,24.47,2025-02-16
CUST_01166,36.0,71256.57,Da Nang,83.62,2025-05-10
CUST_01167,66.0,40180.1,Can Tho,84.89,2025-07-16
CUST_01168,57.0,34697.36,Da Nang,55.67,2025-05-05
CUST_01169,43.0,20620.37,Da Nang,10.57,2025-12-30
CUST_01170,50.0,34973.61,Can Tho,35.83,2025-09-16
CUST_01171,43.0,60760.32,Hai Phong,65.52,2025-07-31
CUST_01172,29.0,48466.84,Can Tho,98.31,2025-11-21
CUST_01173,48.0,44301.15,Can Tho,66.86,2025-07-18
CUST_01174,33.0,34752.59,Hai Phong,33.38,2025-05-26
CUST_01175,,66872.03,Hai Phong,67.06,2025-12-14
CUST_01176,46.0,59232.74,Da Nang,58.6,2025-05-03
CUST_01177,39.0,39199.32,Hanoi,80.19,2025-03-21
CUST_01178,64.0,51078.88,Da Nang,19.63,2025-01-12
CUST_01179,34.0,70718.08,Hai Phong,78.49,2025-04-17
CUST_01180,62.0,11060.54,Hai Phong,58.71,2025-02-16
CUST_01181,60.0,68909.37,Da Nang,96.67,2025-09-11
CUST_01182,37.0,37877.01,Can Tho,40.77,2025-12-21
CUST_01183,61.0,53896.66,Hai Phong,66.94,2025-03-13
CUST_01184,63.0,36851.96,Can Tho,93.88,2025-12-03
CUST_01185,62.0,41502.09,Ho Chi Minh,19.23,2025-07-28
CUST_01186,36.0,49731.56,Hai Phong,94.35,2025-08-05
CUST_01187,32.0,53026.28,Ho Chi Minh,71.91,2025-07-06
CUST_01188,26.0,58949.77,Hai Phong,16.11,2025-03-16
CUST_01189,47.0,27720.04,Ho Chi Minh,37.09,2026-02-03
CUST_01190,56.0,62500.26,Can Tho,73.74,2025-09-23
CUST_01191,62.0,74376.62,Da Nang,16.06,2025-03-14
CUST_01192,48.0,67944.65,Hai Phong,62.4,2025-06-08
CUST_01193,69.0,52911.97,Hanoi,41.13,2025-07-21
CUST_01194,31.0,55063.43,Ho Chi Minh,65.88,2025-10-03
CUST_01195,61.0,38010.93,Hanoi,14.12,2025-06-20
CUST_01196,68.0,60159.88,Can Tho,88.44,2025-05-16
CUST_01197,46.0,50672.43,Da Nang,97.61,2025-10-31
CUST_01198,41.0,62482.93,Da Nang,97.2,2025-03-27
CUST_01199,54.0,39357.56,Da Nang,77.47,2026-01-04
CUST_01200,53.0,67579.28,Hanoi,21.71,2025-09-13
CUST_01201,30.0,80211.9,Hanoi,78.24,2025-12-09
CUST_01202,27.0,65096.63,Ho Chi Minh,12.21,2025-03-07
CUST_01203,51.0,33223.26,Hai Phong,11.99,2025-05-29
CUST_01204,61.0,31946.38,Ho Chi Minh,39.12,2025-01-02
CUST_01205,55.0,42478.99,Can Tho,53.98,2025-01-21
CUST_01206,50.0,26796.34,Hai Phong,79.34,2025-01-18
CUST_01207,21.0,57632.51,Ho Chi Minh,71.5,2025-12-19
CUST_01208,50.0,33808.1,Hai Phong,50.13,2026-01-12
CUST_01209,54.0,,Da Nang,34.63,2025-12-12
CUST_01210,47.0,42412.96,Can Tho,99.74,2025-12-03
CUST_01211,37.0,35359.01,Hai Phong,48.36,2025-03-14
CUST_01212,43.0,47915.21,Da Nang,50.62,2025-01-11
CUST_01213,18.0,38039.94,Ho Chi Minh,24.73,2025-10-07
CUST_01214,55.0,45284.89,Da Nang,81.53,2025-07-20
CUST_01215,45.0,50198.8,Can Tho,72.43,2025-12-07
CUST_01216,22.0,15632.86,Ho Chi Minh,29.87,2025-01-26
CUST_01217,21.0,48221.72,Da Nang,17.41,2025-02-14
CUST_01218,22.0,51703.88,Can Tho,71.24,2025-06-05
CUST_01219,48.0,12879.04,Ho Chi Minh,68.91,2025-12-08
CUST_01220,44.0,67966.52,Ho Chi Minh,34.59,2026-01-18
CUST_01221,26.0,33627.81,Da Nang,95.58,2025-07-13
CUST_01222,64.0,59476.64,Hanoi,23.6,2025-01-09
CUST_01223,44.0,41054.09,Ho Chi Minh,48.91,2025-06-13
CUST_01224,42.0,45919.99,Ho Chi Minh,94.93,2025-02-14
CUST_01225,42.0,66834.48,Hanoi,47.78,2025-10-29
CUST_01226,61.0,60787.52,Hanoi,67.47,2025-01-13
CUST_01227,52.0,45666.45,Hai Phong,45.78,2025-10-14
CUST_01228,40.0,51392.8,Hai Phong,34.68,2026-01-28
CUST_01229,52.0,62042.87,Ho Chi Minh,98.56,2025-06-23
CUST_01230,26.0,40890.76,Da Nang,46.84,2025-05-24
CUST_01231,32.0,49501.66,Can Tho,90.47,2025-04-17
CUST_01232,66.0,64409.41,Da Nang,30.7,2025-03-15
CUST_01233,,38177.45,Hanoi,29.18,2025-09-11
CUST_01234,61.0,56330.33,Da Nang,12.8,2025-02-28
CUST_01235,45.0,37057.25,Ho Chi Minh,68.65,2025-07-25
CUST_01236,70.0,35431.51,Ho Chi Minh,43.17,2025-11-30
CUST_01237,47.0,57250.6,Can Tho,87.79,2025-04-14
CUST_01238,35.0,70717.5,Hai Phong,52.59,2026-01-09
CUST_01239,64.0,38268.23,Hai Phong,97.14,2025-01-30
CUST_01240,20.0,63397.18,Hanoi,26.7,2025-11-27
CUST_01241,44.0,38757.12,Hai Phong,88.18,2025-12-23
CUST_01242,19.0,46035.04,Hai Phong,79.89,2026-01-07
CUST_01243,22.0,71941.49,Ho Chi Minh,79.38,2025-04-12
CUST_01244,20.0,49617.5,Hanoi,86.03,2025-05-01
CUST_01245,61.0,39366.46,Hanoi,78.49,2025-06-13
CUST_01246,21.0,41576.64,Can Tho,66.36,2025-08-04
CUST_01247,20.0,64174.51,Da Nang,21.81,2025-12-02
CUST_01248,32.0,70456.2,Hanoi,12.93,2025-04-22
CUST_01249,66.0,60275.81,Ho Chi Minh,92.88,2025-07-15
CUST_01250,21.0,68926.6,Ho Chi Minh,65.5,2025-11-03
CUST_01251,36.0,63830.87,Hanoi,81.69,2025-12-31
CUST_01252,64.0,23287.5,Can Tho,53.34,2026-01-26
CUST_01253,54.0,39777.42,Da Nang,20.56,2025-04-13
CUST_01254,61.0,42146.17,Da Nang,21.27,2025-01-07
CUST_01255,33.0,41917.35,Can Tho,71.7,2025-02-15
CUST_01256,27.0,51842.08,Hanoi,48.73,2025-01-30
CUST_01257,51.0,59726.09,Ho Chi Minh,28.05,2025-01-30
CUST_01258,37.0,56767.04,Ho Chi Minh,54.24,2026-01-05
CUST_01259,53.0,66223.03,Hai Phong,15.78,2025-01-20
CUST_01260,65.0,65342.19,Ho Chi Minh,62.38,2025-10-29
CUST_01261,58.0,59563.13,Da Nang,34.21,2025-01-27
CUST_01262,53.0,34038.3,Hanoi,81.78,2025-09-27
CUST_01263,40.0,56988.51,Can Tho,37.93,2025-11-01
CUST_01264,60.0,72216.11,Can Tho,50.97,2025-10-29
CUST_01265,51.0,55527.81,Ho Chi Minh,11.05,2025-05-01
CUST_01266,44.0,51331.94,Hai Phong,16.52,2025-02-03
CUST_01267,37.0,63826.85,Hai Phong,45.32,2025-10-11
CUST_01268,66.0,70695.67,Hanoi,53.19,2025-08-16
CUST_01269,33.0,30042.52,Ho Chi Minh,64.0,2025-09-24
CUST_01270,37.0,28886.97,Hai Phong,36.25,2025-02-28
CUST_01271,27.0,51298.76,Hanoi,72.55,2026-01-08
CUST_01272,21.0,47031.58,Can Tho,87.41,2025-01-02
CUST_01273,44.0,60118.28,Da Nang,80.19,2025-06-08
CUST_01274,26.0,51368.36,Hanoi,13.57,2025-09-30
CUST_01275,34.0,34413.47,Ho Chi Minh,53.25,2025-01-23
CUST_01276,59.0,41682.37,Ho Chi Minh,19.44,2025-03-30
CUST_01277,46.0,54246.92,Hai Phong,31.78,2025-09-27
CUST_01278,23.0,41303.12,Da Nang,98.8,2025-11-26
CUST_01279,30.0,62361.43,Hanoi,22.82,2025-04-29
CUST_01280,42.0,66074.58,Ho Chi Minh,54.9,2025-06-21
CUST_01281,56.0,24712.97,Hai Phong,65.63,2025-12-24
CUST_01282,22.0,61650.98,Hai Phong,73.22,2025-05-23
CUST_01283,66.0,52143.93,Can Tho,60.37,2025-02-03
CUST_01284,60.0,33785.39,Hanoi,10.88,2025-06-21
CUST_01285,48.0,60432.75,Hanoi,39.38,2025-10-06
CUST_01286,39.0,26841.47,Hai Phong,56.59,2025-11-04
CUST_01287,18.0,64447.2,Can Tho,17.91,2026-01-23
CUST_01288,30.0,66284.34,Can Tho,41.56,2025-04-03
CUST_01289,25.0,55820.38,Hanoi,12.99,2025-11-16
CUST_01290,66.0,65676.05,Hanoi,17.07,2025-12-16
CUST_01291,33.0,54621.52,Da Nang,45.72,2025-01-26
CUST_01292,63.0,24579.67,Can Tho,21.94,2025-11-15
CUST_01293,33.0,44147.74,Hanoi,61.08,2026-01-14
CUST_01294,67.0,43943.97,Ho Chi Minh,72.05,2025-04-28
CUST_01295,47.0,44941.67,Da Nang,82.05,2025-01-26
CUST_01296,40.0,64518.0,Hanoi,28.01,2025-05-15
CUST_01297,41.0,51937.73,Ho Chi Minh,25.07,2025-12-28
CUST_01298,49.0,34623.9,Hanoi,19.41,2025-04-23
CUST_01299,69.0,70425.37,Hanoi,67.28,2025-11-21
CUST_01300,48.0,54567.01,Da Nang,73.58,2025-08-16
CUST_01301,38.0,68004.81,Da Nang,12.84,2025-08-02
CUST_01302,41.0,31097.89,Can Tho,94.26,2025-08-06
CUST_01303,20.0,64562.12,Hanoi,14.68,2025-02-15
CUST_01304,32.0,39122.19,Hai Phong,58.72,2025-05-05
CUST_01305,19.0,61032.0,Can Tho,73.82,2026-01-30
CUST_01306,55.0,78882.38,Hanoi,88.39,2025-08-02
CUST_01307,44.0,52481.54,Ho Chi Minh,74.27,2025-07-21
CUST_01308,30.0,23445.96,Can Tho,82.16,2025-03-29
CUST_01309,42.0,49749.84,Ho Chi Minh,40.55,2025-10-01
CUST_01310,33.0,70951.46,Hai Phong,83.33,2025-11-26
CUST_01311,59.0,53216.49,Can Tho,17.21,2025-01-13
CUST_01312,39.0,49985.4,Hanoi,90.53,2025-09-20
CUST_01313,70.0,22532.19,Ho Chi Minh,59.28,2025-02-12
CUST_01314,64.0,62767.39,Da Nang,83.56,2025-03-13
CUST_01315,49.0,22096.26,Da Nang,50.71,2025-03-12
CUST_01316,64.0,26620.24,Hanoi,67.92,2025-12-12
CUST_01317,28.0,49337.36,Ho Chi Minh,57.38,2025-11-22
CUST_01318,52.0,49135.21,Da Nang,75.84,2025-08-08
CUST_01319,52.0,31282.25,Ho Chi Minh,17.35,2025-09-24
CUST_01320,21.0,37294.11,Hanoi,15.43,2025-02-04
CUST_01321,22.0,42137.21,Da Nang,32.24,2025-06-28
CUST_01322,60.0,53421.14,Hanoi,24.36,2026-01-25
CUST_01323,18.0,34590.95,Hai Phong,88.46,2025-10-20
CUST_01324,58.0,43353.87,Da Nang,29.73,2025-06-05
CUST_01325,63.0,51755.23,Hanoi,97.83,2026-02-04
CUST_01326,31.0,38650.92,Can Tho,40.32,2025-08-23
CUST_01327,41.0,61125.85,Ho Chi Minh,26.39,2025-12-24
CUST_01328,58.0,47809.79,Da Nang,81.07,2025-05-12
CUST_01329,57.0,62074.88,Hanoi,69.28,2026-01-29
CUST_01330,60.0,14990.46,Can Tho,54.84,2025-08-23
CUST_01331,18.0,81893.11,Can Tho,59.98,2025-01-02
CUST_01332,44.0,51893.45,Hanoi,74.73,2025-06-27
CUST_01333,,26322.59,Hanoi,30.56,2026-01-03
CUST_01334,35.0,75448.31,Ho Chi Minh,99.67,2025-04-23
CUST_01335,36.0,54012.89,Hai Phong,97.73,2025-02-07
CUST_01336,,60022.71,Da Nang,68.53,2025-02-15
CUST_01337,61.0,58180.57,Can Tho,27.96,2025-01-19
CUST_01338,29.0,66647.92,Da Nang,71.22,2025-06-28
CUST_01339,24.0,59653.73,Hanoi,16.5,2025-12-15
CUST_01340,33.0,44771.62,Ho Chi Minh,12.76,2025-10-08
CUST_01341,51.0,46522.66,Hanoi,33.19,2025-04-19
CUST_01342,40.0,21609.99,Hanoi,51.64,2025-12-12
CUST_01343,43.0,45794.54,Hai Phong,88.14,2026-02-04
CUST_01344,43.0,34558.3,Ho Chi Minh,75.45,2026-01-15
CUST_01345,33.0,50639.0,Hai Phong,76.84,2025-05-06
CUST_01346,32.0,72324.96,Can Tho,48.29,2025-01-05
CUST_01347,70.0,55213.05,Ho Chi Minh,41.13,2025-11-10
CUST_01348,59.0,48830.79,Da Nang,43.39,2025-08-10
CUST_01349,59.0,60211.09,Hanoi,98.89,2025-09-12
CUST_01350,23.0,12018.06,Da Nang,13.61,2025-04-14
CUST_01351,42.0,50044.04,Da Nang,88.03,2025-11-06
CUST_01352,21.0,31025.79,Da Nang,62.08,2025-08-18
CUST_01353,62.0,52034.9,Hai Phong,49.48,2025-11-13
CUST_01354,49.0,63902.21,Hanoi,75.27,2025-09-15
CUST_01355,59.0,42496.56,Hai Phong,53.8,2025-05-29
CUST_01356,54.0,68105.66,Da Nang,88.61,2025-03-13
CUST_01357,24.0,51553.74,Ho Chi Minh,91.06,2025-02-18
CUST_01358,20.0,55035.71,Da Nang,47.95,2025-10-13
CUST_01359,62.0,44620.55,Hai Phong,34.91,2025-10-27
CUST_01360,48.0,37160.39,Hanoi,63.31,2025-03-05
CUST_01361,22.0,36971.05,Ho Chi Minh,92.11,2026-01-18
CUST_01362,35.0,48218.75,Ho Chi Minh,28.96,2025-06-07
CUST_01363,54.0,51006.43,Hai Phong,66.07,2025-03-13
CUST_01364,29.0,44198.57,Hai Phong,66.84,2025-12-08
CUST_01365,38.0,19646.89,Hanoi,75.98,2025-08-05
CUST_01366,,64852.9,Ho Chi Minh,21.84,2025-11-07
CUST_01367,27.0,37640.93,Hanoi,74.42,2025-04-30
CUST_01368,63.0,39268.8,Ho Chi Minh,91.81,2025-08-31
CUST_01369,22.0,25191.45,Hanoi,26.17,2025-07-28
CUST_01370,54.0,36571.07,Hanoi,31.38,2026-01-11
CUST_01371,42.0,39648.47,Hai Phong,97.43,2025-07-02
CUST_01372,52.0,48982.28,Ho Chi Minh,26.29,2025-11-28
CUST_01373,66.0,-51.1,Hanoi,86.89,2025-01-15
CUST_01374,68.0,46300.1,Hai Phong,54.31,2026-01-23
CUST_01375,64.0,33407.71,Hai Phong,32.25,2026-01-08
CUST_01376,65.0,3345.19,Can Tho,88.37,2025-02-23
CUST_01377,21.0,,Hanoi,50.08,2025-07-27
CUST_01378,32.0,58750.06,Ho Chi Minh,56.33,2025-09-06
CUST_01379,39.0,63810.57,Can Tho,42.33,2025-08-07
CUST_01380,57.0,59240.21,Da Nang,63.37,2025-09-03
CUST_01381,43.0,45377.05,Hai Phong,24.72,2025-12-20
CUST_01382,38.0,46881.36,Hai Phong,45.2,2025-02-20
CUST_01383,,48578.19,Ho Chi Minh,97.25,2025-09-18
CUST_01384,46.0,52093.34,Hanoi,33.23,2025-09-11
CUST_01385,40.0,63428.11,Can Tho,69.11,2025-09-03
CUST_01386,42.0,41655.99,Da Nang,39.27,2025-07-23
CUST_01387,61.0,53729.33,Can Tho,79.61,2025-03-06
CUST_01388,42.0,15195.67,Ho Chi Minh,21.78,2025-12-03
CUST_01389,57.0,55900.41,Ho Chi Minh,97.28,2025-09-29
CUST_01390,33.0,69217.45,Hanoi,50.84,2025-10-05
CUST_01391,23.0,58408.84,Da Nang,31.24,2025-04-21
CUST_01392,42.0,67392.27,Can Tho,16.61,2025-07-29
CUST_01393,58.0,40953.49,Can Tho,25.28,2025-05-01
CUST_01394,42.0,38362.97,Ho Chi Minh,56.78,2025-08-10
CUST_01395,24.0,19054.7,Da Nang,40.33,2025-10-06
CUST_01396,37.0,26066.29,Hai Phong,84.6,2025-09-27
CUST_01397,66.0,58653.01,Can Tho,48.78,2025-12-07
CUST_01398,26.0,,Ho Chi Minh,32.38,2025-12-08
CUST_01399,45.0,44449.71,Ho Chi Minh,65.54,2025-07-03
CUST_01400,53.0,68725.51,Can Tho,73.61,2025-01-13
CUST_01401,24.0,41123.27,Da Nang,25.03,2025-02-14
CUST_01402,,56036.61,Ho Chi Minh,25.09,2026-01-09
CUST_01403,23.0,50009.36,Ho Chi Minh,13.3,2025-12-02
CUST_01404,68.0,55556.9,Hanoi,76.28,2025-07-23
CUST_01405,42.0,35219.54,Hanoi,69.74,2026-02-02
CUST_01406,,50699.6,Can Tho,52.72,2026-02-05
CUST_01407,67.0,38888.52,Ho Chi Minh,85.98,2025-11-24
CUST_01408,53.0,46186.59,Hai Phong,82.51,2025-03-24
CUST_01409,33.0,36480.41,Da Nang,62.68,2025-08-24
CUST_01410,28.0,68035.57,Hai Phong,88.14,2025-07-25
CUST_01411,28.0,59651.1,Hanoi,28.53,2025-03-30
CUST_01412,37.0,41928.09,Da Nang,20.07,2025-10-31
CUST_01413,27.0,40985.63,Hai Phong,34.28,2025-03-23
CUST_01414,45.0,28417.41,Hai Phong,15.14,2025-04-05
CUST_01415,37.0,58287.87,Can Tho,57.81,2025-08-06
CUST_01416,22.0,67615.14,Can Tho,94.29,2025-08-10
CUST_01417,33.0,37161.59,Hai Phong,13.54,2025-08-11
CUST_01418,49.0,65826.94,Hai Phong,20.99,2025-08-16
CUST_01419,30.0,29694.29,Ho Chi Minh,50.7,2025-09-21
CUST_01420,26.0,27250.04,Da Nang,94.05,2025-12-20
CUST_01421,43.0,29436.11,Can Tho,38.45,2025-09-21
CUST_01422,57.0,25448.82,Hai Phong,55.65,2025-01-06
CUST_01423,39.0,74797.42,Da Nang,13.74,2025-10-19
CUST_01424,45.0,43657.09,Da Nang,23.35,2025-12-25
CUST_01425,59.0,57570.74,Ho Chi Minh,98.8,2025-12-19
CUST_01426,26.0,78291.97,Ho Chi Minh,96.86,2025-04-10
CUST_01427,56.0,32303.82,Hanoi,10.44,2025-08-18
CUST_01428,30.0,46877.97,Hanoi,95.66,2025-11-26
CUST_01429,29.0,71426.86,Da Nang,67.52,2025-07-23
CUST_01430,38.0,73405.92,Ho Chi Minh,88.11,2025-02-13
CUST_01431,62.0,49373.04,Ho Chi Minh,50.93,2025-07-22
CUST_01432,54.0,46648.08,Da Nang,56.4,2025-06-16
CUST_01433,38.0,48366.24,Ho Chi Minh,54.0,2025-03-28
CUST_01434,70.0,37115.08,Hai Phong,70.02,2025-04-06
CUST_01435,41.0,39671.08,Da Nang,22.57,2025-10-09
CUST_01436,54.0,38692.81,Hanoi,12.7,2025-11-25
CUST_01437,52.0,34930.67,Da Nang,37.71,2025-11-05
CUST_01438,67.0,32010.79,Da Nang,73.42,2025-12-13
CUST_01439,64.0,34553.38,Da Nang,28.17,2026-01-01
CUST_01440,63.0,53696.1,Can Tho,70.61,2025-10-03
CUST_01441,69.0,44975.63,Da Nang,97.29,2025-11-08
CUST_01442,62.0,27857.96,Hanoi,18.45,2025-01-01
CUST_01443,68.0,58227.48,Ho Chi Minh,70.53,2025-08-26
CUST_01444,61.0,44957.62,Hanoi,49.94,2025-05-30
CUST_01445,58.0,78914.93,Da Nang,88.13,2025-10-25
CUST_01446,34.0,38883.1,Can Tho,25.94,2025-10-26
CUST_01447,63.0,69443.14,Da Nang,72.34,2025-05-04
CUST_01448,42.0,71352.53,Hai Phong,85.43,2025-06-12
CUST_01449,56.0,88389.53,Hai Phong,95.02,2025-10-17
CUST_01450,43.0,72080.94,Hai Phong,71.49,2025-10-02
CUST_01451,62.0,51971.31,Ho Chi Minh,54.75,2025-02-24
CUST_01452,20.0,59097.65,Hai Phong,65.61,2025-03-11
CUST_01453,41.0,53700.47,Can Tho,88.2,2025-06-15
CUST_01454,69.0,49036.64,Hai Phong,61.35,2025-06-24
CUST_01455,58.0,59182.81,Can Tho,12.73,2025-11-15
CUST_01456,24.0,44219.22,Hai Phong,93.79,2025-09-02
CUST_01457,60.0,35736.52,Ho Chi Minh,72.06,2025-09-03
CUST_01458,28.0,62074.28,Ho Chi Minh,70.89,2025-08-27
CUST_01459,20.0,45314.85,Da Nang,29.41,2025-03-19
CUST_01460,59.0,22111.06,Da Nang,69.3,2025-08-11
CUST_01461,43.0,56003.91,Hai Phong,45.45,2025-06-15
CUST_01462,39.0,78531.96,Da Nang,68.61,2025-11-05
CUST_01463,45.0,67648.06,Hanoi,19.59,2025-09-11
CUST_01464,24.0,41335.27,Da Nang,69.21,2025-07-14
CUST_01465,50.0,69189.84,Da Nang,99.95,2025-06-01
CUST_01466,53.0,71335.85,Ho Chi Minh,14.34,2025-01-13
CUST_01467,54.0,51401.39,Da Nang,97.95,2025-10-09
CUST_01468,41.0,62056.39,Hanoi,46.62,2025-04-07
CUST_01469,67.0,45507.99,Hai Phong,88.37,2025-10-13
CUST_01470,62.0,66407.18,Hanoi,80.41,2025-07-09
CUST_01471,40.0,31291.81,Hai Phong,61.03,2026-01-15
CUST_01472,48.0,41041.33,Hanoi,76.46,2025-09-30
CUST_01473,44.0,58486.09,Can Tho,89.07,2025-01-13
CUST_01474,23.0,25572.37,Can Tho,46.37,2025-06-12
CUST_01475,64.0,64657.99,Can Tho,39.43,2025-01-16
CUST_01476,37.0,61525.07,Hai Phong,70.08,2025-02-07
CUST_01477,68.0,48490.91,Ho Chi Minh,82.71,2025-12-30
CUST_01478,48.0,41248.48,Ho Chi Minh,78.61,2025-05-29
CUST_01479,24.0,61260.01,Hai Phong,81.8,2025-03-05
CUST_01480,62.0,60951.76,Can Tho,49.2,2026-01-31
CUST_01481,22.0,29929.75,Hanoi,83.61,2025-08-14
CUST_01482,69.0,42494.39,Hanoi,20.82,2025-02-25
CUST_01483,19.0,45546.99,Da Nang,59.0,2026-02-04
CUST_01484,59.0,30222.8,Ho Chi Minh,10.52,2025-07-18
CUST_01485,69.0,58728.05,Can Tho,39.21,2025-06-18
CUST_01486,65.0,28410.22,Can Tho,42.98,2025-09-05
CUST_01487,29.0,83011.22,Hai Phong,45.66,2025-10-10
CUST_01488,39.0,47861.78,Da Nang,72.59,2025-10-26
CUST_01489,47.0,67873.19,Da Nang,44.97,2025-04-07
CUST_01490,43.0,47693.32,Can Tho,50.38,2025-10-20
CUST_01491,29.0,83796.23,Hanoi,31.38,2025-02-05
CUST_01492,45.0,33370.38,Da Nang,43.59,2025-03-13
CUST_01493,65.0,52611.4,Can Tho,30.45,2025-10-30
CUST_01494,30.0,32414.72,Da Nang,16.59,2025-06-30
CUST_01495,45.0,22931.66,Hanoi,64.31,2025-07-22
CUST_01496,63.0,29610.62,Ho Chi Minh,70.14,2025-06-29
CUST_01497,35.0,75001.37,Da Nang,65.75,2025-02-17
CUST_01498,69.0,33214.89,Hanoi,51.71,2025-10-01
CUST_01499,54.0,77713.48,Da Nang,44.18,2025-09-30
CUST_01500,52.0,59835.27,Hai Phong,87.7,2025-08-14
CUST_01501,38.0,66105.45,Hanoi,56.72,2025-02-11
CUST_01502,25.0,35036.95,Da Nang,53.13,2025-11-28
CUST_01503,49.0,36536.46,Can Tho,12.31,2025-02-28
CUST_01504,58.0,38945.85,Hanoi,40.71,2025-06-07
CUST_01505,42.0,51852.62,Ho Chi Minh,44.22,2025-09-27
CUST_01506,55.0,34901.1,Can Tho,45.89,2025-08-08
CUST_01507,40.0,51661.4,Ho Chi Minh,62.22,2025-01-21
CUST_01508,57.0,53451.01,Da Nang,58.02,2025-01-29
CUST_01509,61.0,84877.06,Hai Phong,64.71,2025-11-30
CUST_01510,37.0,39381.26,Can Tho,78.84,2025-07-04
CUST_01511,55.0,55335.58,Hai Phong,83.17,2026-02-01
CUST_01512,26.0,54654.13,Da Nang,74.63,2025-01-23
CUST_01513,33.0,57760.9,Da Nang,96.0,2025-01-03
CUST_01514,29.0,44093.31,Can Tho,11.64,2026-01-03
CUST_01515,27.0,32701.34,Hanoi,27.62,2025-11-05
CUST_01516,44.0,64158.17,Hanoi,10.68,2025-04-05
CUST_01517,54.0,67015.93,Can Tho,68.27,2025-05-15
CUST_01518,29.0,72437.76,Ho Chi Minh,90.82,2025-05-19
CUST_01519,52.0,64318.4,Da Nang,31.91,2025-11-01
CUST_01520,59.0,36767.31,Hai Phong,93.43,2025-12-27
CUST_01521,29.0,60132.61,Hanoi,15.42,2025-11-23
CUST_01522,49.0,56048.17,Hai Phong,94.1,2025-04-03
CUST_01523,29.0,61348.49,Hai Phong,41.65,2025-09-25
CUST_01524,46.0,27814.53,Da Nang,19.13,2025-08-17
CUST_01525,40.0,59345.24,Hai Phong,53.73,2025-10-15
CUST_01526,49.0,50239.28,Ho Chi Minh,33.11,2025-09-09
CUST_01527,70.0,48525.75,Hanoi,35.64,2025-06-28
CUST_01528,53.0,35715.58,Hanoi,37.66,2025-11-24
CUST_01529,49.0,45375.67,Da Nang,82.27,2025-08-26
CUST_01530,49.0,38068.03,Hai Phong,58.52,2025-01-26
CUST_01531,46.0,61739.87,Da Nang,38.02,2025-11-17
CUST_01532,23.0,40010.03,Ho Chi Minh,64.93,2025-04-30
CUST_01533,68.0,58524.22,Ho Chi Minh,74.45,2025-11-25
CUST_01534,36.0,44298.74,Da Nang,34.54,2025-01-09
CUST_01535,32.0,60831.6,Hai Phong,47.22,2026-02-01
CUST_01536,28.0,34794.32,Can Tho,20.97,2025-03-14
CUST_01537,54.0,39393.16,Ho Chi Minh,26.3,2025-10-29
CUST_01538,67.0,53441.61,Da Nang,71.3,2025-04-11
CUST_01539,50.0,49348.53,Hai Phong,26.33,2025-01-10
CUST_01540,25.0,51324.95,Da Nang,57.26,2025-03-05
CUST_01541,52.0,64166.16,Hanoi,73.81,2025-02-22
CUST_01542,41.0,,Hanoi,19.62,2026-01-10
CUST_01543,66.0,45173.96,Can Tho,61.06,2025-03-18
CUST_01544,64.0,53591.32,Can Tho,33.09,2025-06-24
CUST_01545,31.0,62229.79,Can Tho,96.66,2025-11-21
CUST_01546,24.0,53490.5,Ho Chi Minh,53.52,2025-01-07
CUST_01547,59.0,53657.09,Hanoi,82.54,2025-02-02
CUST_01548,37.0,57755.98,Da Nang,59.52,2025-11-26
CUST_01549,20.0,38419.16,Hai Phong,13.91,2025-09-17
CUST_01550,40.0,51414.82,Hanoi,66.98,2025-07-20
CUST_01551,23.0,35472.58,Hanoi,95.63,2025-11-17
CUST_01552,25.0,60805.62,Can Tho,64.15,2025-01-19
CUST_01553,33.0,36142.11,Hai Phong,83.73,2025-09-10
CUST_01554,65.0,70040.76,Can Tho,89.58,2025-05-21
CUST_01555,40.0,53109.88,Hanoi,30.53,2025-03-29
CUST_01556,57.0,41677.66,Ho Chi Minh,29.08,2025-10-20
CUST_01557,28.0,49107.6,Can Tho,64.99,2026-01-22
CUST_01558,68.0,47890.74,Ho Chi Minh,46.99,2025-01-12
CUST_01559,31.0,45562.05,Da Nang,85.59,2025-07-25
CUST_01560,54.0,52351.3,Da Nang,91.0,2025-12-05
CUST_01561,35.0,70304.36,Ho Chi Minh,41.81,2025-11-26
CUST_01562,28.0,68119.17,Da Nang,31.32,2025-11-04
CUST_01563,63.0,54581.53,Da Nang,80.25,2025-06-26
CUST_01564,54.0,26779.23,Ho Chi Minh,34.73,2025-03-18
CUST_01565,50.0,57191.92,Hai Phong,84.04,2025-04-03
CUST_01566,61.0,56078.07,Ho Chi Minh,48.14,2025-03-24
CUST_01567,26.0,54202.25,Da Nang,70.08,2025-04-27
CUST_01568,68.0,,Da Nang,18.6,2025-04-07
CUST_01569,21.0,45542.73,Can Tho,66.15,2025-07-28
CUST_01570,59.0,49111.98,Hanoi,50.66,2025-11-06
CUST_01571,26.0,68020.49,Da Nang,62.79,2025-04-18
CUST_01572,63.0,34612.91,Ho Chi Minh,25.12,2025-03-02
CUST_01573,33.0,56671.44,Can Tho,76.32,2025-11-21
CUST_01574,61.0,45341.18,Hanoi,87.65,2025-10-15
CUST_01575,27.0,51188.36,Hanoi,29.51,2025-01-09
CUST_01576,35.0,29917.12,Can Tho,18.61,2025-07-16
CUST_01577,42.0,60121.33,Hai Phong,12.13,2025-03-28
CUST_01578,58.0,48649.28,Can Tho,67.78,2025-01-22
CUST_01579,67.0,62423.94,Hanoi,64.64,2025-01-07
CUST_01580,50.0,48807.72,Hanoi,59.2,2026-02-05
CUST_01581,62.0,53859.74,Ho Chi Minh,30.88,2025-09-13
CUST_01582,41.0,35221.98,Da Nang,45.18,2025-11-24
CUST_01583,49.0,47058.68,Hai Phong,63.5,2025-04-11
CUST_01584,18.0,55889.62,Ho Chi Minh,54.71,2025-01-11
CUST_01585,64.0,55968.2,Hanoi,98.9,2025-03-11
CUST_01586,47.0,40634.66,Hai Phong,22.28,2025-05-14
CUST_01587,62.0,63708.99,Ho Chi Minh,72.56,2025-03-30
CUST_01588,22.0,78611.96,Hanoi,46.39,2025-07-17
CUST_01589,43.0,30179.99,Ho Chi Minh,48.54,2025-11-30
CUST_01590,45.0,62906.48,Hai Phong,74.58,2025-12-30
CUST_01591,49.0,53369.29,Da Nang,72.32,2025-08-05
CUST_01592,36.0,45504.12,Can Tho,99.21,2025-03-13
CUST_01593,54.0,22925.66,Hai Phong,21.56,2025-05-13
CUST_01594,49.0,47903.32,Da Nang,19.37,2025-12-26
CUST_01595,61.0,36543.78,Can Tho,75.19,2025-10-21
CUST_01596,20.0,42236.74,Ho Chi Minh,62.05,2025-08-20
CUST_01597,68.0,55585.41,Hai Phong,34.67,2025-07-06
CUST_01598,19.0,49719.88,Da Nang,17.15,2025-05-03
CUST_01599,28.0,43909.61,Hanoi,17.71,2025-08-29
CUST_01600,18.0,55283.97,Hai Phong,90.48,2026-01-12
CUST_01601,45.0,31216.93,Ho Chi Minh,27.27,2025-11-22
CUST_01602,62.0,24150.37,Da Nang,39.1,2025-05-28
CUST_01603,59.0,43508.58,Hanoi,30.4,2025-01-13
CUST_01604,35.0,40646.33,Hanoi,41.95,2025-12-24
CUST_01605,41.0,45356.6,Can Tho,16.25,2025-06-17
CUST_01606,41.0,46396.7,Hai Phong,56.72,2025-09-11
CUST_01607,59.0,41085.65,Da Nang,16.09,2026-02-05
CUST_01608,43.0,42372.04,Hanoi,82.03,2025-12-20
CUST_01609,64.0,55639.98,Can Tho,31.03,2025-02-17
CUST_01610,32.0,,Hanoi,58.6,2025-11-25
CUST_01611,23.0,54390.41,Hanoi,89.21,2026-01-26
CUST_01612,18.0,28493.85,Da Nang,68.58,2025-05-22
CUST_01613,22.0,55328.62,Hanoi,57.97,2025-06-06
CUST_01614,32.0,29385.32,Hanoi,39.19,2025-07-20
CUST_01615,46.0,47299.28,Can Tho,39.97,2025-12-06
CUST_01616,,39746.98,Ho Chi Minh,70.25,2025-11-02
CUST_01617,70.0,37111.58,Da Nang,99.47,2025-07-08
CUST_01618,45.0,39430.72,Ho Chi Minh,69.57,2025-07-28
CUST_01619,48.0,33531.56,Hai Phong,60.2,2025-12-14
CUST_01620,42.0,45610.44,Ho Chi Minh,75.76,2026-02-02
CUST_01621,69.0,38178.44,Hai Phong,51.87,2025-09-11
CUST_01622,38.0,75269.15,Hanoi,15.41,2025-05-11
CUST_01623,37.0,31509.57,Can Tho,60.61,2025-01-26
CUST_01624,67.0,50119.13,Ho Chi Minh,96.19,2026-01-04
CUST_01625,26.0,31921.48,Ho Chi Minh,25.78,2025-07-14
CUST_01626,61.0,62631.58,Da Nang,72.1,2025-10-05
CUST_01627,51.0,6700.93,Hanoi,28.08,2025-09-10
CUST_01628,57.0,53671.04,Hanoi,58.22,2025-04-17
CUST_01629,46.0,37448.91,Ho Chi Minh,18.7,2025-07-05
CUST_01630,31.0,47639.1,Hanoi,50.53,2025-11-27
CUST_01631,27.0,41449.62,Hanoi,78.05,2025-06-05
CUST_01632,57.0,51777.42,Hanoi,41.28,2025-05-10
CUST_01633,31.0,35731.7,Hai Phong,69.84,2025-07-10
CUST_01634,24.0,43837.0,Hai Phong,81.59,2025-04-23
CUST_01635,25.0,44766.95,Ho Chi Minh,93.45,2025-05-11
CUST_01636,42.0,74204.68,Hai Phong,31.12,2025-06-19
CUST_01637,45.0,35778.2,Da Nang,45.94,2026-01-06
CUST_01638,26.0,46576.89,Hai Phong,23.72,2025-02-03
CUST_01639,59.0,41803.74,Can Tho,99.32,2025-05-24
CUST_01640,53.0,56296.06,Hanoi,93.43,2025-07-14
CUST_01641,64.0,66915.68,Hanoi,58.6,2025-12-02
CUST_01642,67.0,30786.97,Hanoi,85.78,2025-08-08
CUST_01643,19.0,36712.41,Hai Phong,56.89,2025-10-09
CUST_01644,60.0,45676.1,Hai Phong,66.12,2025-10-02
CUST_01645,31.0,45355.65,Can Tho,18.02,2025-12-06
CUST_01646,50.0,75313.29,Hanoi,77.97,2025-08-03
CUST_01647,43.0,41790.16,Can Tho,21.49,2025-07-01
CUST_01648,21.0,30408.53,Da Nang,84.35,2025-09-21
CUST_01649,68.0,39510.12,Ho Chi Minh,80.38,2025-04-12
CUST_01650,49.0,47827.07,Hai Phong,73.79,2025-12-08
CUST_01651,33.0,42292.8,Can Tho,13.25,2026-01-18
CUST_01652,56.0,83219.41,Can Tho,37.28,2025-05-18
CUST_01653,18.0,49007.48,Hai Phong,33.68,2025-09-17
CUST_01654,38.0,50720.59,Ho Chi Minh,42.41,2025-04-12
CUST_01655,54.0,37354.68,Ho Chi Minh,17.89,2025-06-01
CUST_01656,52.0,31090.22,Hanoi,94.33,2025-10-15
CUST_01657,66.0,36408.41,Hai Phong,59.84,2026-01-15
CUST_01658,67.0,57684.75,Can Tho,37.5,2025-04-28
CUST_01659,55.0,53321.9,Hai Phong,45.73,2025-12-05
CUST_01660,34.0,70306.4,Hai Phong,50.25,2025-06-30
CUST_01661,21.0,36109.17,Da Nang,64.05,2025-12-02
CUST_01662,43.0,43401.03,Ho Chi Minh,56.41,2025-10-08
CUST_01663,58.0,60535.28,Can Tho,92.75,2025-08-08
CUST_01664,67.0,68192.74,Ho Chi Minh,54.73,2025-11-19
CUST_01665,62.0,70136.23,Hai Phong,99.29,2025-03-23
CUST_01666,58.0,52894.15,Hanoi,86.63,2025-08-02
CUST_01667,57.0,40200.86,Hanoi,28.77,2025-09-11
CUST_01668,23.0,49300.9,Ho Chi Minh,93.75,2025-04-21
CUST_01669,50.0,48130.98,Ho Chi Minh,20.47,2025-08-11
CUST_01670,69.0,39063.91,Can Tho,83.57,2025-07-20
CUST_01671,38.0,52483.19,Can Tho,44.26,2025-06-03
CUST_01672,58.0,57607.53,Hai Phong,89.02,2025-09-23
CUST_01673,59.0,35306.52,Hai Phong,88.13,2025-06-10
CUST_01674,22.0,42208.11,Ho Chi Minh,82.53,2025-05-04
CUST_01675,45.0,50477.08,Hai Phong,81.1,2025-03-20
CUST_01676,33.0,59346.94,Ho Chi Minh,37.42,2025-01-16
CUST_01677,23.0,59470.01,Ho Chi Minh,17.28,2025-12-06
CUST_01678,25.0,22999.17,Hai Phong,46.27,2025-08-24
CUST_01679,56.0,50774.53,Hanoi,25.62,2025-08-31
CUST_01680,60.0,73990.32,Hai Phong,72.55,2025-07-06
CUST_01681,65.0,43654.45,Da Nang,41.15,2025-09-26
CUST_01682,18.0,36057.59,Hanoi,97.8,2025-08-30
CUST_01683,62.0,30295.79,Ho Chi Minh,67.69,2025-01-03
CUST_01684,,67302.28,Hanoi,84.02,2025-09-18
CUST_01685,40.0,26858.48,Can Tho,21.93,2025-11-08
CUST_01686,68.0,44468.59,Hai Phong,87.58,2025-05-29
CUST_01687,34.0,46461.07,Can Tho,93.05,2025-05-05
CUST_01688,26.0,34277.17,Hanoi,53.84,2025-03-23
CUST_01689,35.0,60638.88,Da Nang,64.56,2026-01-31
CUST_01690,25.0,23928.22,Hanoi,78.83,2025-11-30
CUST_01691,19.0,22279.65,Ho Chi Minh,25.74,2025-07-29
CUST_01692,45.0,70292.24,Da Nang,55.23,2026-01-30
CUST_01693,22.0,51634.63,Hai Phong,45.88,2025-11-09
CUST_01694,54.0,43176.85,Hai Phong,23.17,2025-10-15
CUST_01695,49.0,26704.59,Hai Phong,43.08,2025-04-22
CUST_01696,41.0,37229.05,Can Tho,16.14,2025-12-03
CUST_01697,54.0,45401.16,Hai Phong,12.32,2025-11-29
CUST_01698,28.0,43090.4,Hai Phong,22.16,2025-05-09
CUST_01699,24.0,48777.94,Ho Chi Minh,96.68,2025-06-03
CUST_01700,61.0,63369.32,Hanoi,59.46,2025-05-05
CUST_01701,32.0,43626.26,Hai Phong,96.92,2026-01-09
CUST_01702,18.0,25756.75,Hai Phong,48.92,2025-08-09
CUST_01703,18.0,44988.84,Hai Phong,38.06,2025-11-02
CUST_01704,48.0,37528.13,Da Nang,55.55,2025-12-20
CUST_01705,27.0,49359.37,Da Nang,49.56,2025-06-22
CUST_01706,20.0,53996.15,Da Nang,19.51,2025-10-02
CUST_01707,63.0,80489.65,Hai Phong,67.67,2025-01-17
CUST_01708,44.0,55013.95,Can Tho,29.44,2025-07-02
CUST_01709,33.0,41706.35,Ho Chi Minh,65.76,2025-01-13
CUST_01710,64.0,72302.65,Da Nang,68.52,2026-01-26
CUST_01711,70.0,44841.71,Hanoi,23.68,2026-01-06
CUST_01712,41.0,28164.63,Hanoi,15.52,2025-06-06
CUST_01713,61.0,64177.6,Hanoi,80.27,2025-06-13
CUST_01714,29.0,64825.19,Ho Chi Minh,51.38,2025-01-31
CUST_01715,51.0,54047.43,Hanoi,15.23,2025-07-04
CUST_01716,43.0,78984.28,Da Nang,99.54,2026-01-05
CUST_01717,47.0,64233.62,Hai Phong,15.2,2025-01-17
CUST_01718,67.0,51081.23,Hai Phong,72.55,2025-11-02
CUST_01719,38.0,33017.32,Ho Chi Minh,98.53,2025-03-31
CUST_01720,47.0,48198.72,Da Nang,31.53,2025-09-30
CUST_01721,,37657.78,Hai Phong,22.8,2025-05-18
CUST_01722,54.0,34323.41,Hai Phong,20.92,2025-07-25
CUST_01723,65.0,25342.07,Hanoi,37.29,2025-08-26
CUST_01724,47.0,73751.79,Ho Chi Minh,19.09,2025-03-26
CUST_01725,49.0,32854.44,Ho Chi Minh,72.29,2026-01-11
CUST_01726,67.0,51941.7,Ho Chi Minh,15.61,2025-01-05
CUST_01727,52.0,59831.29,Hanoi,55.85,2025-01-27
CUST_01728,33.0,54236.25,Can Tho,99.7,2025-08-23
CUST_01729,44.0,31198.52,Hai Phong,83.26,2025-04-11
CUST_01730,,34714.54,Can Tho,65.37,2025-05-24
CUST_01731,58.0,30528.34,Da Nang,37.56,2025-03-30
CUST_01732,18.0,50148.01,Hai Phong,66.15,2026-01-24
CUST_01733,18.0,49347.85,Hanoi,57.43,2025-11-05
CUST_01734,42.0,22278.46,Ho Chi Minh,48.35,2026-01-24
CUST_01735,64.0,49227.86,Can Tho,21.76,2025-04-11
CUST_01736,31.0,35761.2,Hai Phong,89.79,2025-10-18
CUST_01737,33.0,67045.77,Can Tho,50.48,2025-01-24
CUST_01738,21.0,44700.68,Can Tho,27.52,2025-12-23
CUST_01739,27.0,60628.74,Hanoi,43.1,2025-08-28
CUST_01740,23.0,34694.72,Ho Chi Minh,47.27,2025-08-17
CUST_01741,32.0,32766.49,Can Tho,84.48,2025-04-27
CUST_01742,51.0,56005.45,Hanoi,76.03,2026-01-14
CUST_01743,41.0,64449.84,Ho Chi Minh,79.24,2025-09-08
CUST_01744,65.0,82102.11,Can Tho,10.99,2025-03-14
CUST_01745,24.0,48091.92,Hai Phong,47.45,2025-10-30
CUST_01746,58.0,40820.98,Can Tho,53.32,2025-06-11
CUST_01747,22.0,45751.69,Hanoi,11.73,2025-05-19
CUST_01748,21.0,74362.9,Hanoi,33.38,2025-11-22
CUST_01749,26.0,56648.1,Can Tho,78.43,2025-06-26
CUST_01750,34.0,45551.29,Can Tho,22.34,2025-12-08
CUST_01751,69.0,50966.96,Can Tho,58.18,2025-11-18
CUST_01752,65.0,75385.61,Da Nang,29.37,2025-12-18
CUST_01753,46.0,53575.05,Hanoi,11.09,2025-01-03
CUST_01754,22.0,46711.5,Hanoi,31.71,2025-05-04
CUST_01755,26.0,33950.17,Ho Chi Minh,97.83,2025-10-15
CUST_01756,55.0,52202.08,Hai Phong,82.14,2025-01-15
CUST_01757,24.0,32852.57,Da Nang,96.36,2025-02-02
CUST_01758,47.0,39212.0,Ho Chi Minh,53.91,2025-08-04
CUST_01759,25.0,,Ho Chi Minh,19.88,2025-03-12
CUST_01760,67.0,69793.86,Da Nang,59.32,2025-06-21
CUST_01761,37.0,36546.08,Ho Chi Minh,50.89,2025-10-14
CUST_01762,25.0,31944.75,Hai Phong,85.99,2025-06-29
CUST_01763,69.0,38710.15,Da Nang,18.83,2025-02-26
CUST_01764,70.0,49831.56,Hanoi,53.94,2025-07-01
CUST_01765,56.0,65337.93,Hanoi,23.5,2025-01-20
CUST_01766,38.0,41825.45,Da Nang,39.22,2025-12-13
CUST_01767,63.0,65175.33,Da Nang,76.36,2025-03-09
CUST_01768,40.0,48352.54,Da Nang,52.84,2025-12-19
CUST_01769,21.0,68415.97,Hanoi,43.83,2025-12-23
CUST_01770,34.0,28968.67,Da Nang,45.5,2025-11-22
CUST_01771,29.0,49595.29,Ho Chi Minh,51.35,2025-01-03
CUST_01772,43.0,50709.02,Can Tho,80.65,2025-06-03
CUST_01773,53.0,51561.94,Ho Chi Minh,90.29,2025-06-25
CUST_01774,33.0,40588.3,Hanoi,95.98,2025-01-12
CUST_01775,24.0,50249.14,Hanoi,80.82,2025-12-03
CUST_01776,26.0,74737.98,Hanoi,38.39,2025-04-05
CUST_01777,21.0,66713.93,Hanoi,71.93,2025-10-15
CUST_01778,32.0,54332.22,Hai Phong,49.38,2025-02-18
CUST_01779,70.0,41164.94,Ho Chi Minh,32.92,2025-06-09
CUST_01780,61.0,45496.18,Hanoi,85.68,2025-04-18
CUST_01781,59.0,61987.23,Can Tho,13.46,2025-06-25
CUST_01782,55.0,36300.35,Hanoi,91.16,2025-04-27
CUST_01783,70.0,18479.92,Can Tho,51.53,2025-02-03
CUST_01784,22.0,45622.33,Ho Chi Minh,67.35,2025-03-13
CUST_01785,59.0,58758.97,Hanoi,69.34,2025-08-26
CUST_01786,26.0,62088.06,Can Tho,90.56,2025-11-02
CUST_01787,69.0,68514.46,Hanoi,67.3,2025-05-16
CUST_01788,20.0,30099.11,Can Tho,65.25,2026-01-31
CUST_01789,21.0,53309.18,Hai Phong,16.0,2025-12-17
CUST_01790,54.0,51561.42,Da Nang,56.66,2025-12-18
CUST_01791,64.0,61610.3,Hai Phong,23.52,2025-12-11
CUST_01792,19.0,41173.04,Ho Chi Minh,76.37,2025-12-17
CUST_01793,45.0,59306.61,Hanoi,56.1,2025-04-30
CUST_01794,31.0,44862.21,Can Tho,71.22,2025-04-25
CUST_01795,35.0,61802.13,Can Tho,13.75,2026-01-20
CUST_01796,27.0,85557.45,Da Nang,17.63,2025-09-09
CUST_01797,57.0,51267.86,Hanoi,74.47,2025-11-14
CUST_01798,59.0,44984.49,Hanoi,16.49,2026-01-24
CUST_01799,44.0,43467.12,Hanoi,16.41,2025-06-19
CUST_01800,48.0,54208.74,Hai Phong,11.09,2025-04-07
CUST_01801,35.0,40837.7,Ho Chi Minh,96.09,2025-02-10
CUST_01802,44.0,51627.94,Da Nang,76.38,2026-01-05
CUST_01803,69.0,47148.07,Da Nang,41.79,2026-01-07
CUST_01804,58.0,27032.09,Da Nang,36.69,2025-02-21
CUST_01805,52.0,41227.32,Can Tho,41.47,2025-02-27
CUST_01806,42.0,38837.13,Hai Phong,79.72,2025-03-14
CUST_01807,40.0,54411.33,Hanoi,69.52,2025-05-03
CUST_01808,68.0,43932.42,Hai Phong,26.67,2025-12-03
CUST_01809,54.0,14778.31,Hanoi,25.67,2025-06-30
CUST_01810,42.0,74698.65,Hanoi,18.86,2025-10-22
CUST_01811,19.0,41406.23,Ho Chi Minh,69.43,2025-01-15
CUST_01812,32.0,46929.09,Hai Phong,78.79,2025-05-21
CUST_01813,,39048.55,Hai Phong,33.85,2025-03-27
CUST_01814,35.0,54747.84,Ho Chi Minh,11.89,2025-07-25
CUST_01815,48.0,51856.27,Can Tho,17.4,2025-07-03
CUST_01816,67.0,38648.35,Da Nang,97.11,2025-04-05
CUST_01817,32.0,54649.92,Hanoi,36.59,2025-08-24
CUST_01818,24.0,86866.48,Hai Phong,79.23,2025-05-16
CUST_01819,33.0,68490.3,Can Tho,66.22,2025-03-18
CUST_01820,70.0,64066.29,Da Nang,44.37,2025-10-10
CUST_01821,65.0,35746.99,Hanoi,28.51,2025-08-11
CUST_01822,32.0,37623.02,Can Tho,20.92,2025-12-12
CUST_01823,69.0,55057.5,Hai Phong,65.35,2025-07-14
CUST_01824,29.0,24076.8,Can Tho,79.72,2025-04-04
CUST_01825,55.0,40357.81,Hai Phong,67.95,2025-12-08
CUST_01826,65.0,53785.02,Hanoi,57.73,2025-06-26
CUST_01827,55.0,19895.34,Hai Phong,13.78,2025-02-26
CUST_01828,,63691.48,Ho Chi Minh,97.16,2025-12-21
CUST_01829,54.0,46226.69,Can Tho,81.88,2025-01-27
CUST_01830,54.0,52895.86,Hai Phong,36.35,2025-09-26
CUST_01831,69.0,62884.15,Hai Phong,98.2,2025-07-06
CUST_01832,49.0,62603.25,Can Tho,64.17,2025-09-11
CUST_01833,29.0,87963.45,Ho Chi Minh,62.42,2025-04-25
CUST_01834,23.0,57520.12,Da Nang,77.33,2025-09-28
CUST_01835,56.0,46614.84,Ho Chi Minh,83.06,2025-04-09
CUST_01836,51.0,59257.9,Hai Phong,69.08,2025-10-11
CUST_01837,39.0,24815.15,Da Nang,21.53,2026-01-02
CUST_01838,30.0,64474.63,Da Nang,40.44,2025-12-13
CUST_01839,39.0,49056.74,Hai Phong,93.53,2025-06-29
CUST_01840,69.0,79510.11,Hai Phong,30.22,2025-06-28
CUST_01841,38.0,42381.23,Can Tho,43.5,2025-05-30
CUST_01842,27.0,47246.5,Hanoi,48.89,2025-06-25
CUST_01843,27.0,63234.83,Hai Phong,49.55,2025-02-11
CUST_01844,51.0,66050.49,Ho Chi Minh,65.16,2025-05-13
CUST_01845,22.0,60491.81,Ho Chi Minh,94.88,2025-11-20
CUST_01846,60.0,20810.55,Hanoi,31.66,2026-01-23
CUST_01847,24.0,47518.04,Hanoi,20.94,2025-08-09
CUST_01848,38.0,44270.04,Da Nang,27.77,2025-01-21
CUST_01849,28.0,42095.23,Hanoi,89.82,2025-11-06
CUST_01850,45.0,56935.97,Da Nang,68.12,2025-11-17
CUST_01851,49.0,34704.12,Hai Phong,35.73,2025-02-11
CUST_01852,29.0,57745.62,Da Nang,83.44,2025-10-27
CUST_01853,53.0,60977.65,Can Tho,87.52,2025-04-29
CUST_01854,57.0,24935.8,Da Nang,86.19,2025-06-15
CUST_01855,32.0,57444.84,Can Tho,92.7,2025-02-18
CUST_01856,70.0,61673.3,Da Nang,32.7,2025-02-10
CUST_01857,37.0,40268.27,Hanoi,77.95,2025-09-02
CUST_01858,36.0,48486.88,Ho Chi Minh,51.45,2025-12-07
CUST_01859,64.0,51252.6,Hanoi,85.78,2025-06-05
CUST_01860,,62239.28,Da Nang,75.56,2025-06-26
CUST_01861,54.0,34338.3,Da Nang,79.88,2025-07-03
CUST_01862,67.0,44290.2,Da Nang,69.05,2025-06-10
CUST_01863,20.0,41753.83,Da Nang,25.97,2026-01-22
CUST_01864,38.0,68615.22,Can Tho,59.05,2025-12-17
CUST_01865,57.0,35228.65,Da Nang,98.62,2025-04-23
CUST_01866,54.0,57684.8,Hai Phong,94.36,2025-12-19
CUST_01867,49.0,60340.86,Hanoi,13.89,2025-08-21
CUST_01868,65.0,53999.77,Ho Chi Minh,24.83,2025-12-24
CUST_01869,40.0,48545.63,Da Nang,21.86,2025-01-17
CUST_01870,28.0,77504.38,Can Tho,75.34,2026-01-27
CUST_01871,23.0,62788.17,Can Tho,83.6,2025-08-02
CUST_01872,60.0,52676.58,Ho Chi Minh,29.22,2025-03-11
CUST_01873,39.0,58547.53,Da Nang,55.53,2025-08-31
CUST_01874,34.0,72604.74,Can Tho,85.66,2025-04-06
CUST_01875,62.0,37550.41,Da Nang,75.95,2025-10-06
CUST_01876,34.0,57224.19,Da Nang,58.8,2025-02-25
CUST_01877,64.0,47367.64,Hai Phong,63.13,2025-08-01
CUST_01878,,69814.93,Hanoi,55.75,2025-08-22
CUST_01879,64.0,28232.69,Hai Phong,36.78,2025-04-13
CUST_01880,28.0,40752.51,Da Nang,60.85,2025-05-07
CUST_01881,49.0,53759.37,Hanoi,72.0,2025-08-15
CUST_01882,40.0,78050.43,Hai Phong,88.6,2025-05-09
CUST_01883,24.0,77927.08,Hanoi,67.27,2025-07-17
CUST_01884,68.0,41103.39,Ho Chi Minh,78.5,2025-02-18
CUST_01885,59.0,49074.56,Hanoi,24.41,2025-03-13
CUST_01886,32.0,49169.58,Can Tho,51.54,2025-02-14
CUST_01887,22.0,35892.94,Da Nang,10.84,2025-12-08
CUST_01888,20.0,51614.52,Can Tho,32.2,2025-06-12
CUST_01889,38.0,56342.28,Da Nang,75.38,2025-09-01
CUST_01890,24.0,13938.64,Hai Phong,99.26,2025-07-11
CUST_01891,28.0,48018.77,Hanoi,18.93,2025-08-05
CUST_01892,28.0,16440.32,Hanoi,46.13,2026-01-04
CUST_01893,53.0,68445.76,Ho Chi Minh,82.01,2026-01-05
CUST_01894,23.0,47971.19,Hai Phong,28.36,2026-01-26
CUST_01895,57.0,55125.91,Hanoi,59.96,2026-01-18
CUST_01896,63.0,53015.37,Can Tho,75.98,2025-03-27
CUST_01897,59.0,73119.69,Ho Chi Minh,65.44,2026-01-25
CUST_01898,45.0,51907.19,Ho Chi Minh,26.92,2025-08-06
CUST_01899,24.0,48115.25,Hanoi,41.98,2025-05-12
CUST_01900,30.0,53652.43,Hai Phong,80.54,2025-02-21
CUST_01901,53.0,47251.61,Hanoi,59.88,2025-03-30
CUST_01902,64.0,68107.47,Da Nang,10.47,2026-01-21
CUST_01903,60.0,51056.32,Can Tho,78.49,2025-08-06
CUST_01904,33.0,69597.82,Ho Chi Minh,13.18,2025-01-15
CUST_01905,43.0,54899.62,Can Tho,77.12,2025-09-21
CUST_01906,49.0,44438.51,Ho Chi Minh,28.22,2025-05-12
CUST_01907,41.0,70039.88,Ho Chi Minh,96.23,2025-09-27
CUST_01908,,58271.12,Da Nang,43.11,2025-03-02
CUST_01909,70.0,66141.99,Ho Chi Minh,39.42,2025-09-19
CUST_01910,56.0,43007.7,Da Nang,23.4,2025-12-02
CUST_01911,24.0,37529.45,Ho Chi Minh,37.5,2025-08-15
CUST_01912,,59955.5,Da Nang,88.9,2025-07-20
CUST_01913,36.0,51897.82,Can Tho,99.67,2025-03-23
CUST_01914,48.0,61367.69,Hanoi,43.15,2025-01-08
CUST_01915,37.0,32436.96,Can Tho,50.37,2025-10-29
CUST_01916,48.0,66644.72,Hanoi,74.99,2025-11-15
CUST_01917,60.0,53012.52,Da Nang,89.76,2025-01-31
CUST_01918,59.0,34377.58,Hai Phong,63.37,2025-08-06
CUST_01919,29.0,60240.34,Hai Phong,45.24,2025-10-20
CUST_01920,42.0,53329.05,Can Tho,47.14,2025-04-30
CUST_01921,46.0,56032.18,Hai Phong,72.61,2025-02-12
CUST_01922,46.0,45132.16,Hai Phong,10.29,2025-11-05
CUST_01923,32.0,52680.78,Hanoi,65.76,2025-08-09
CUST_01924,54.0,22396.18,Hanoi,41.99,2025-05-04
CUST_01925,66.0,66306.87,Hanoi,81.48,2025-01-11
CUST_01926,24.0,50207.9,Da Nang,18.37,2025-05-01
CUST_01927,40.0,49469.31,Ho Chi Minh,62.94,2025-11-13
CUST_01928,44.0,49429.11,Hanoi,53.29,2025-11-03
CUST_01929,55.0,63233.66,Hanoi,67.81,2025-06-22
CUST_01930,21.0,46688.14,Da Nang,15.84,2025-02-07
CUST_01931,70.0,44113.87,Hanoi,62.2,2025-08-12
CUST_01932,52.0,42987.08,Hanoi,60.53,2026-01-17
CUST_01933,48.0,46633.01,Hanoi,60.46,2025-09-10
CUST_01934,33.0,63750.99,Hai Phong,64.31,2025-01-31
CUST_01935,23.0,67185.17,Hai Phong,70.88,2025-06-09
CUST_01936,63.0,45822.66,Da Nang,82.45,2025-06-21
CUST_01937,54.0,70300.18,Ho Chi Minh,34.28,2025-01-17
CUST_01938,69.0,48411.03,Can Tho,84.25,2025-12-31
CUST_01939,57.0,37402.71,Ho Chi Minh,54.84,2025-06-18
CUST_01940,66.0,34770.7,Ho Chi Minh,16.94,2026-01-05
CUST_01941,28.0,40229.54,Can Tho,15.27,2025-11-12
CUST_01942,69.0,60795.8,Hanoi,40.08,2025-10-30
CUST_01943,20.0,42107.8,Da Nang,80.64,2025-10-04
CUST_01944,61.0,47504.91,Ho Chi Minh,73.69,2025-03-15
CUST_01945,70.0,20849.88,Hanoi,80.98,2025-03-06
CUST_01946,56.0,31973.03,Da Nang,56.55,2025-12-13
CUST_01947,64.0,30342.94,Ho Chi Minh,49.62,2025-12-27
CUST_01948,22.0,31107.71,Hanoi,23.27,2026-01-06
CUST_01949,53.0,28670.89,Hanoi,39.54,2025-08-03
CUST_01950,38.0,67127.31,Ho Chi Minh,49.06,2025-08-14
CUST_01951,51.0,51262.71,Hanoi,17.97,2025-04-27
CUST_01952,18.0,77207.77,Da Nang,29.86,2025-12-13
CUST_01953,57.0,20853.14,Hai Phong,63.84,2025-02-21
CUST_01954,68.0,38789.42,Hanoi,76.21,2025-03-30
CUST_01955,44.0,53395.42,Hanoi,99.85,2026-01-25
CUST_01956,54.0,39907.74,Hai Phong,93.98,2025-04-21
CUST_01957,66.0,35056.87,Hanoi,67.83,2025-05-24
CUST_01958,24.0,55335.98,Hanoi,47.91,2026-02-05
CUST_01959,54.0,62616.66,Hai Phong,67.26,2025-04-28
CUST_01960,68.0,43495.2,Ho Chi Minh,80.71,2026-02-02
CUST_01961,52.0,51831.63,Can Tho,20.65,2025-09-29
CUST_01962,44.0,47886.39,Can Tho,46.89,2025-10-12
CUST_01963,59.0,76094.16,Can Tho,85.58,2025-09-29
CUST_01964,56.0,43559.45,Hai Phong,44.54,2025-01-20
CUST_01965,29.0,48202.4,Can Tho,61.47,2025-06-07
CUST_01966,27.0,67241.39,Da Nang,62.9,2025-09-15
CUST_01967,61.0,66247.46,Can Tho,26.6,2025-06-26
CUST_01968,20.0,31796.47,Ho Chi Minh,42.6,2025-02-16
CUST_01969,39.0,55592.02,Hai Phong,40.11,2025-12-03
CUST_01970,21.0,59375.28,Can Tho,12.36,2025-05-30
CUST_01971,35.0,48313.92,Ho Chi Minh,12.18,2025-11-29
CUST_01972,19.0,41726.98,Ho Chi Minh,84.85,2025-03-19
CUST_01973,68.0,49432.28,Hanoi,34.58,2025-01-30
CUST_01974,35.0,57854.09,Hanoi,56.63,2025-03-16
CUST_01975,62.0,73505.78,Hanoi,36.89,2025-07-09
CUST_01976,32.0,32974.07,Hanoi,94.66,2025-11-08
CUST_01977,65.0,42899.58,Can Tho,33.34,2025-05-05
CUST_01978,70.0,27631.08,Hai Phong,48.67,2025-07-25
CUST_01979,64.0,44337.89,Da Nang,88.55,2025-06-02
CUST_01980,59.0,62289.69,Can Tho,85.77,2025-07-07
CUST_01981,46.0,69033.32,Hanoi,26.75,2025-01-24
CUST_01982,70.0,55150.39,Da Nang,82.24,2025-12-14
CUST_01983,49.0,84268.52,Hai Phong,51.24,2025-03-16
CUST_01984,41.0,65134.05,Can Tho,53.47,2025-10-11
CUST_01985,50.0,45616.6,Hai Phong,22.01,2025-03-31
CUST_01986,22.0,64898.7,Hanoi,17.25,2026-01-05
CUST_01987,50.0,47075.02,Da Nang,75.51,2025-05-02
CUST_01988,67.0,34979.11,Da Nang,54.68,2025-02-24
CUST_01989,54.0,58103.11,Ho Chi Minh,49.32,2025-05-07
CUST_01990,,48171.56,Can Tho,75.66,2025-05-11
CUST_01991,30.0,55628.19,Hai Phong,78.9,2025-03-09
CUST_01992,33.0,56250.88,Hanoi,24.3,2025-08-30
CUST_01993,21.0,73578.19,Can Tho,64.92,2025-07-05
CUST_01994,63.0,50267.86,Hai Phong,22.18,2026-01-28
CUST_01995,41.0,41756.38,Hai Phong,77.62,2025-07-09
CUST_01996,50.0,90443.17,Ho Chi Minh,69.13,2025-08-15
CUST_01997,25.0,42835.44,Hanoi,96.1,2025-07-13
CUST_01998,33.0,58422.18,Ho Chi Minh,16.21,2025-08-27
CUST_01999,56.0,63169.13,Ho Chi Minh,15.13,2025-04-05
CUST_02000,48.0,43661.89,Da Nang,35.4,2025-11-07
CUST_02001,40.0,58676.88,Da Nang,33.55,2025-11-09
CUST_02002,34.0,30345.94,Ho Chi Minh,32.23,2025-02-02
CUST_02003,62.0,64009.48,Ho Chi Minh,91.56,2025-02-26
CUST_02004,19.0,52277.97,Ho Chi Minh,32.46,2026-01-03
CUST_02005,28.0,57996.45,Hai Phong,34.48,2025-06-19
CUST_02006,67.0,38122.21,Hanoi,78.35,2025-05-30
CUST_02007,32.0,36223.71,Can Tho,50.48,2025-10-30
CUST_02008,61.0,41116.58,Da Nang,79.9,2025-01-13
CUST_02009,59.0,43677.37,Hanoi,15.88,2026-01-19
CUST_02010,19.0,30102.32,Can Tho,53.88,2025-05-27
CUST_02011,67.0,44722.96,Hanoi,13.03,2025-11-18
CUST_02012,48.0,50639.09,Ho Chi Minh,15.64,2025-05-13
CUST_02013,59.0,26074.34,Ho Chi Minh,91.58,2025-04-10
CUST_02014,69.0,77675.27,Can Tho,22.53,2025-02-13
CUST_02015,,57286.18,Hai Phong,57.92,2025-09-24
CUST_02016,69.0,41858.43,Ho Chi Minh,47.0,2025-12-29
CUST_02017,63.0,54089.84,Ho Chi Minh,41.26,2025-04-14
CUST_02018,59.0,37596.79,Can Tho,90.99,2025-11-28
CUST_02019,42.0,50991.52,Da Nang,11.96,2025-06-03
CUST_02020,47.0,45652.08,Hanoi,69.74,2025-05-08
CUST_02021,47.0,12229.48,Hanoi,96.71,2025-08-12
CUST_02022,51.0,60296.11,Hanoi,60.42,2025-11-11
CUST_02023,43.0,35822.14,Da Nang,94.31,2025-07-10
CUST_02024,18.0,56628.78,Hanoi,14.7,2025-04-26
CUST_02025,60.0,52464.55,Da Nang,47.69,2025-02-13
CUST_02026,41.0,46419.07,Hanoi,33.41,2025-01-20
CUST_02027,56.0,17671.2,Ho Chi Minh,75.77,2025-12-18
CUST_02028,37.0,44313.96,Ho Chi Minh,98.32,2025-12-01
CUST_02029,48.0,40106.77,Can Tho,33.09,2025-03-22
CUST_02030,35.0,46025.68,Da Nang,68.88,2025-12-07
CUST_02031,35.0,33168.5,Can Tho,27.83,2025-10-27
CUST_02032,63.0,39216.04,Ho Chi Minh,60.88,2025-09-05
CUST_02033,59.0,54766.16,Can Tho,51.75,2025-09-05
CUST_02034,27.0,29568.97,Hanoi,97.48,2025-03-02
CUST_02035,33.0,51561.21,Hanoi,64.77,2025-12-14
CUST_02036,69.0,65279.19,Ho Chi Minh,41.46,2025-11-25
CUST_02037,69.0,33809.71,Hai Phong,20.27,2025-02-24
CUST_02038,60.0,61325.32,Da Nang,23.61,2025-06-14
CUST_02039,26.0,31701.37,Can Tho,30.28,2025-01-09
CUST_02040,59.0,60834.83,Hai Phong,32.59,2025-07-28
CUST_02041,36.0,47701.46,Ho Chi Minh,86.56,2025-03-17
CUST_02042,44.0,28090.47,Hanoi,60.51,2025-12-16
CUST_02043,65.0,33267.02,Ho Chi Minh,57.11,2025-10-27
CUST_02044,63.0,40264.39,Hai Phong,20.33,2025-02-28
CUST_02045,70.0,37102.98,Can Tho,87.41,2025-12-11
CUST_02046,64.0,64716.11,Can Tho,75.05,2025-08-28
CUST_02047,61.0,53511.15,Ho Chi Minh,16.09,2025-11-06
CUST_02048,68.0,20190.23,Hanoi,73.71,2025-03-06
CUST_02049,60.0,63618.38,Hanoi,58.92,2025-07-19
CUST_02050,37.0,40860.17,Ho Chi Minh,17.36,2026-02-05
CUST_02051,60.0,40202.96,Can Tho,51.25,2025-06-23
CUST_02052,29.0,66304.79,Can Tho,53.62,2025-02-02
CUST_02053,48.0,52938.06,Da Nang,24.92,2025-08-20
CUST_02054,34.0,44287.12,Hanoi,95.11,2025-04-20
CUST_02055,53.0,37238.14,Da Nang,86.5,2025-03-24
CUST_02056,29.0,52793.26,Da Nang,70.21,2025-09-18
CUST_02057,39.0,37009.93,Hai Phong,51.61,2025-02-27
CUST_02058,32.0,51035.52,Hai Phong,47.06,2025-08-07
CUST_02059,65.0,41185.01,Da Nang,68.59,2025-03-14
CUST_02060,44.0,35299.92,Da Nang,59.09,2025-12-17
CUST_02061,39.0,30218.38,Hanoi,15.6,2025-11-11
CUST_02062,55.0,58305.53,Da Nang,56.13,2025-02-12
CUST_02063,25.0,65581.63,Hai Phong,82.58,2026-01-16
CUST_02064,58.0,23649.79,Can Tho,51.33,2025-01-28
CUST_02065,57.0,43545.07,Hanoi,14.68,2026-01-10
CUST_02066,30.0,38576.22,Hai Phong,80.77,2025-09-15
CUST_02067,61.0,81215.83,Hai Phong,28.12,2025-09-08
CUST_02068,37.0,34547.74,Can Tho,33.28,2025-04-28
CUST_02069,27.0,35156.99,Hai Phong,24.82,2025-11-13
CUST_02070,30.0,60681.74,Ho Chi Minh,39.72,2025-03-21
CUST_02071,54.0,36402.19,Da Nang,78.11,2025-03-22
CUST_02072,47.0,44306.64,Hai Phong,56.74,2025-02-20
CUST_02073,63.0,56754.67,Da Nang,28.44,2025-10-31
CUST_02074,23.0,54777.7,Can Tho,89.0,2025-10-09
CUST_02075,58.0,62020.67,Ho Chi Minh,89.16,2025-05-07
CUST_02076,38.0,44498.71,Hanoi,88.35,2025-07-23
CUST_02077,18.0,68414.57,Hai Phong,31.49,2025-10-18
CUST_02078,31.0,55899.58,Da Nang,50.61,2025-02-08
CUST_02079,28.0,53049.79,Da Nang,98.65,2025-06-14
CUST_02080,28.0,34782.55,Da Nang,79.48,2025-08-15
CUST_02081,66.0,24923.94,Hanoi,12.45,2025-04-22
CUST_02082,26.0,45135.5,Hai Phong,15.87,2025-12-14
CUST_02083,58.0,56369.91,Can Tho,51.75,2025-08-24
CUST_02084,45.0,47359.24,Can Tho,91.83,2025-08-11
CUST_02085,42.0,19437.31,Da Nang,58.48,2026-02-03
CUST_02086,,63046.49,Hai Phong,54.8,2025-09-05
CUST_02087,64.0,47574.51,Hai Phong,19.49,2025-02-28
CUST_02088,18.0,50224.05,Da Nang,69.11,2026-01-31
CUST_02089,66.0,58703.13,Ho Chi Minh,83.99,2025-01-14
CUST_02090,30.0,53692.75,Hanoi,44.24,2025-07-03
CUST_02091,,72821.7,Ho Chi Minh,79.81,2025-03-12
CUST_02092,,24498.3,Ho Chi Minh,96.8,2025-10-17
CUST_02093,32.0,60030.93,Ho Chi Minh,28.34,2025-09-21
CUST_02094,40.0,78882.37,Hanoi,57.1,2025-12-16
CUST_02095,24.0,43465.95,Can Tho,35.84,2025-08-20
CUST_02096,55.0,-421.8,Can Tho,81.36,2025-09-07
CUST_02097,22.0,31372.37,Hai Phong,61.98,2025-01-01
CUST_02098,37.0,34951.0,Can Tho,67.11,2025-08-15
CUST_02099,47.0,48235.96,Hanoi,81.81,2025-11-26
CUST_02100,56.0,41137.91,Ho Chi Minh,45.64,2025-05-30
CUST_02101,45.0,57607.17,Da Nang,92.36,2025-06-27
CUST_02102,26.0,55088.87,Hanoi,57.97,2025-11-01
CUST_02103,49.0,34897.15,Hai Phong,24.22,2026-01-15
CUST_02104,30.0,51794.52,Da Nang,72.63,2025-11-13
CUST_02105,69.0,68616.63,Da Nang,81.39,2026-01-09
CUST_02106,32.0,37762.41,Hai Phong,38.51,2025-02-11
CUST_02107,26.0,75316.33,Can Tho,87.15,2025-07-11
CUST_02108,19.0,44053.13,Ho Chi Minh,91.55,2025-04-11
CUST_02109,28.0,46781.18,Can Tho,34.92,2025-01-29
CUST_02110,63.0,45195.52,Can Tho,98.52,2025-05-11
CUST_02111,20.0,32060.14,Da Nang,22.66,2025-05-21
CUST_02112,58.0,51927.95,Hanoi,28.18,2025-06-12
CUST_02113,52.0,63747.34,Da Nang,26.58,2025-01-27
CUST_02114,56.0,54613.41,Da Nang,90.46,2025-01-06
CUST_02115,60.0,40365.86,Da Nang,68.89,2025-04-01
CUST_02116,19.0,34399.8,Can Tho,23.69,2025-01-04
CUST_02117,25.0,53980.5,Ho Chi Minh,49.63,2025-03-09
CUST_02118,42.0,53171.2,Hanoi,65.38,2026-02-02
CUST_02119,34.0,49916.07,Hai Phong,17.51,2025-11-27
CUST_02120,27.0,63542.43,Da Nang,89.42,2025-07-13
CUST_02121,61.0,39609.65,Hai Phong,82.32,2026-01-16
CUST_02122,37.0,27234.87,Ho Chi Minh,55.47,2025-09-24
CUST_02123,24.0,79573.49,Can Tho,97.04,2025-05-05
CUST_02124,35.0,52823.74,Ho Chi Minh,47.6,2025-10-14
CUST_02125,62.0,47852.81,Hai Phong,98.57,2025-09-11
CUST_02126,24.0,50723.39,Da Nang,70.11,2025-10-12
CUST_02127,57.0,42007.24,Hai Phong,67.12,2025-11-10
CUST_02128,25.0,41488.13,Can Tho,24.94,2025-01-18
CUST_02129,49.0,71567.67,Hanoi,89.37,2025-04-20
CUST_02130,30.0,55351.05,Can Tho,48.47,2026-01-17
CUST_02131,51.0,32955.95,Hanoi,24.6,2025-06-08
CUST_02132,40.0,69790.43,Can Tho,11.13,2025-11-23
CUST_02133,36.0,47522.44,Hanoi,60.38,2025-06-27
CUST_02134,53.0,73758.98,Can Tho,57.47,2025-01-29
CUST_02135,31.0,58213.14,Da Nang,74.74,2025-03-29
CUST_02136,48.0,54906.65,Hanoi,90.12,2025-11-01
CUST_02137,18.0,52347.17,Hanoi,17.15,2025-06-11
CUST_02138,,64287.14,Da Nang,75.83,2025-09-15
CUST_02139,25.0,89387.92,Ho Chi Minh,26.87,2025-07-24
CUST_02140,60.0,51882.84,Hai Phong,87.24,2025-08-20
CUST_02141,23.0,46849.78,Da Nang,83.72,2026-01-25
CUST_02142,22.0,46720.67,Hanoi,58.67,2025-07-23
CUST_02143,24.0,55809.33,Da Nang,73.92,2025-01-25
CUST_02144,59.0,39284.97,Da Nang,38.29,2025-05-02
CUST_02145,36.0,25087.56,Hanoi,52.41,2025-11-29
CUST_02146,21.0,55472.09,Ho Chi Minh,83.95,2026-02-03
CUST_02147,29.0,42189.57,Can Tho,51.33,2025-01-25
CUST_02148,36.0,39645.94,Da Nang,42.2,2025-05-20
CUST_02149,61.0,54843.6,Hanoi,54.48,2025-01-05
CUST_02150,65.0,54261.03,Ho Chi Minh,84.54,2025-11-06
CUST_02151,66.0,63286.38,Da Nang,40.17,2026-02-04
CUST_02152,18.0,43638.24,Da Nang,25.64,2026-01-04
CUST_02153,60.0,51990.99,Ho Chi Minh,74.08,2025-04-16
CUST_02154,39.0,67759.98,Ho Chi Minh,84.34,2025-05-20
CUST_02155,46.0,57148.22,Hai Phong,19.06,2025-07-28
CUST_02156,35.0,93514.62,Hai Phong,31.59,2025-12-17
CUST_02157,23.0,50472.72,Hai Phong,22.78,2025-12-20
CUST_02158,39.0,40682.6,Hanoi,41.31,2025-08-24
CUST_02159,43.0,75249.14,Da Nang,50.53,2025-12-14
CUST_02160,47.0,58364.35,Hai Phong,77.39,2025-06-28
CUST_02161,42.0,53896.83,Hanoi,68.6,2025-06-02
CUST_02162,48.0,10081.0,Hai Phong,65.88,2025-11-17
CUST_02163,59.0,41020.67,Can Tho,41.71,2025-02-05
CUST_02164,28.0,58187.66,Hai Phong,85.73,2025-10-02
CUST_02165,62.0,61994.39,Hai Phong,52.42,2025-12-31
CUST_02166,28.0,64627.68,Can Tho,98.12,2026-01-06
CUST_02167,55.0,28756.58,Hanoi,67.07,2025-03-16
CUST_02168,54.0,30306.65,Hai Phong,21.36,2025-05-03
CUST_02169,29.0,57075.17,Hai Phong,70.86,2025-08-06
CUST_02170,67.0,52056.63,Hanoi,39.26,2025-10-05
CUST_02171,19.0,42689.73,Ho Chi Minh,71.77,2025-09-16
CUST_02172,64.0,67721.06,Da Nang,16.27,2025-02-19
CUST_02173,26.0,64247.58,Hanoi,25.74,2025-01-23
CUST_02174,49.0,57960.85,Da Nang,87.02,2025-02-08
CUST_02175,44.0,55762.65,Hanoi,30.45,2025-05-05
CUST_02176,22.0,41378.24,Hanoi,85.33,2025-10-09
CUST_02177,38.0,64089.95,Da Nang,35.13,2025-12-07
CUST_02178,,57649.56,Hai Phong,67.86,2025-03-09
CUST_02179,51.0,14805.47,Hanoi,72.47,2025-08-17
CUST_02180,54.0,50196.57,Ho Chi Minh,56.14,2025-03-30
CUST_02181,32.0,58279.8,Hai Phong,37.48,2025-02-06
CUST_02182,60.0,51194.82,Da Nang,29.14,2025-01-25
CUST_02183,51.0,45794.24,Hanoi,12.99,2026-01-20
CUST_02184,62.0,21323.57,Hai Phong,37.36,2025-06-10
CUST_02185,45.0,53545.2,Hanoi,68.78,2025-02-21
CUST_02186,33.0,25537.87,Ho Chi Minh,94.45,2025-05-05
CUST_02187,60.0,34230.42,Hanoi,88.41,2025-05-06
CUST_02188,42.0,66416.3,Hanoi,78.95,2025-05-24
CUST_02189,70.0,39850.05,Da Nang,80.96,2025-07-12
CUST_02190,57.0,50936.51,Ho Chi Minh,69.85,2025-01-31
CUST_02191,59.0,28485.31,Da Nang,33.43,2025-02-21
CUST_02192,50.0,51059.94,Da Nang,91.65,2025-10-07
CUST_02193,49.0,37555.06,Ho Chi Minh,70.37,2025-06-08
CUST_02194,22.0,37524.11,Ho Chi Minh,60.44,2025-03-23
CUST_02195,38.0,62155.98,Da Nang,19.99,2025-03-18
CUST_02196,35.0,35189.44,Hai Phong,50.23,2025-01-02
CUST_02197,32.0,51484.13,Hai Phong,51.43,2025-02-20
CUST_02198,42.0,44727.0,Da Nang,87.81,2025-05-01
CUST_02199,33.0,72151.21,Da Nang,59.2,2025-10-02
CUST_02200,46.0,52459.4,Can Tho,44.24,2025-12-03
CUST_02201,46.0,55999.13,Da Nang,97.91,2025-10-08
CUST_02202,49.0,41656.78,Ho Chi Minh,19.96,2025-03-28
CUST_02203,25.0,45992.04,Da Nang,48.03,2025-07-05
CUST_02204,65.0,88537.08,Da Nang,13.78,2025-05-01
CUST_02205,24.0,56841.41,Hai Phong,76.59,2025-03-30
CUST_02206,20.0,22834.48,Hanoi,92.63,2025-01-17
CUST_02207,18.0,43430.52,Ho Chi Minh,35.2,2026-01-30
CUST_02208,68.0,20862.1,Hai Phong,87.25,2025-10-09
CUST_02209,57.0,48465.33,Ho Chi Minh,36.3,2026-01-14
CUST_02210,50.0,60014.36,Hanoi,91.97,2025-04-11
CUST_02211,59.0,52890.39,Ho Chi Minh,77.86,2025-12-17
CUST_02212,39.0,52342.37,Can Tho,82.44,2026-01-10
CUST_02213,21.0,62971.78,Hai Phong,11.62,2025-02-09
CUST_02214,47.0,31361.7,Da Nang,96.65,2026-01-21
CUST_02215,67.0,41065.1,Hanoi,75.4,2025-12-11
CUST_02216,48.0,56044.15,Can Tho,37.43,2025-07-18
CUST_02217,41.0,45627.25,Can Tho,84.65,2025-09-25
CUST_02218,25.0,32071.56,Ho Chi Minh,35.34,2025-03-04
CUST_02219,60.0,21907.89,Da Nang,88.55,2026-01-06
CUST_02220,39.0,41681.26,Hanoi,20.13,2026-02-04
CUST_02221,58.0,56889.28,Can Tho,73.33,2025-11-23
CUST_02222,36.0,61296.14,Hanoi,58.66,2025-07-30
CUST_02223,41.0,66832.28,Hai Phong,18.69,2025-04-24
CUST_02224,20.0,70001.24,Hanoi,31.77,2025-08-01
CUST_02225,49.0,39357.98,Da Nang,11.12,2025-01-05
CUST_02226,63.0,36945.28,Hai Phong,52.19,2025-05-02
CUST_02227,44.0,83130.95,Ho Chi Minh,37.11,2025-10-03
CUST_02228,57.0,48189.79,Can Tho,63.85,2025-10-17
CUST_02229,25.0,51161.54,Ho Chi Minh,36.75,2025-12-13
CUST_02230,43.0,55345.23,Can Tho,36.99,2025-12-08
CUST_02231,70.0,41877.6,Hai Phong,76.89,2025-12-15
CUST_02232,63.0,72987.7,Hanoi,14.33,2025-02-14
CUST_02233,66.0,51508.58,Hai Phong,91.26,2025-11-29
CUST_02234,58.0,65820.88,Can Tho,86.7,2025-12-26
CUST_02235,55.0,66613.43,Da Nang,70.1,2025-09-03
CUST_02236,46.0,64376.91,Can Tho,63.39,2025-05-06
CUST_02237,55.0,72319.35,Hai Phong,90.31,2026-01-13
CUST_02238,26.0,62218.11,Da Nang,26.68,2025-07-14
CUST_02239,18.0,71379.01,Hanoi,17.11,2025-11-04
CUST_02240,21.0,45841.11,Can Tho,31.56,2025-01-07
CUST_02241,45.0,38443.84,Ho Chi Minh,81.51,2025-08-27
CUST_02242,48.0,48167.97,Ho Chi Minh,13.12,2026-01-19
CUST_02243,67.0,75312.15,Da Nang,62.45,2025-09-19
CUST_02244,29.0,51890.52,Can Tho,99.59,2025-10-31
CUST_02245,29.0,56094.24,Can Tho,87.01,2025-12-28
CUST_02246,26.0,45982.17,Ho Chi Minh,56.93,2025-06-06
CUST_02247,60.0,49537.88,Da Nang,15.73,2025-11-28
CUST_02248,38.0,64443.89,Hanoi,84.82,2025-09-06
CUST_02249,42.0,53518.71,Hai Phong,63.91,2025-08-08
CUST_02250,56.0,64634.2,Da Nang,20.34,2025-09-04
CUST_02251,66.0,56596.57,Hai Phong,18.45,2025-04-05
CUST_02252,43.0,26001.68,Da Nang,91.87,2025-01-24
CUST_02253,36.0,59150.36,Da Nang,70.23,2025-01-22
CUST_02254,26.0,75333.25,Ho Chi Minh,84.64,2025-01-12
CUST_02255,56.0,45907.22,Da Nang,89.11,2025-07-01
CUST_02256,65.0,58601.04,Hai Phong,61.46,2025-03-08
CUST_02257,62.0,50770.04,Hanoi,56.57,2025-02-11
CUST_02258,38.0,57533.4,Da Nang,48.74,2025-05-12
CUST_02259,53.0,64907.42,Can Tho,38.53,2025-12-24
CUST_02260,30.0,23506.44,Hai Phong,49.11,2026-01-03
CUST_02261,63.0,74868.35,Da Nang,79.65,2025-02-21
CUST_02262,40.0,40537.85,Hai Phong,64.17,2026-02-04
CUST_02263,26.0,40270.91,Hanoi,90.33,2025-01-26
CUST_02264,59.0,23107.34,Hanoi,49.9,2025-08-31
CUST_02265,29.0,60544.0,Hanoi,64.64,2025-01-05
CUST_02266,62.0,60006.29,Hanoi,66.82,2025-08-22
CUST_02267,63.0,66010.47,Ho Chi Minh,63.25,2025-02-28
CUST_02268,40.0,66626.93,Hai Phong,73.24,2025-08-11
CUST_02269,55.0,57211.41,Ho Chi Minh,31.37,2025-05-04
CUST_02270,60.0,47857.2,Hai Phong,56.11,2025-05-18
CUST_02271,61.0,36959.53,Can Tho,19.38,2025-10-15
CUST_02272,52.0,49345.41,Ho Chi Minh,44.61,2025-07-06
CUST_02273,45.0,,Da Nang,53.89,2025-01-15
CUST_02274,51.0,48504.97,Hai Phong,68.7,2025-12-01
CUST_02275,42.0,22995.4,Da Nang,95.55,2025-12-10
CUST_02276,60.0,37918.16,Hanoi,64.06,2025-09-30
CUST_02277,35.0,47122.79,Hanoi,76.92,2025-11-07
CUST_02278,28.0,49152.66,Hai Phong,55.56,2025-06-14
CUST_02279,61.0,36653.24,Ho Chi Minh,67.07,2025-02-23
CUST_02280,21.0,43566.0,Hanoi,16.38,2025-04-03
CUST_02281,36.0,59339.39,Hai Phong,32.9,2025-04-21
CUST_02282,52.0,44092.87,Ho Chi Minh,42.57,2025-08-23
CUST_02283,70.0,71179.46,Hanoi,52.52,2025-01-04
CUST_02284,57.0,47342.14,Hanoi,14.11,2025-09-28
CUST_02285,65.0,20412.37,Ho Chi Minh,22.6,2025-07-10
CUST_02286,32.0,58752.82,Can Tho,34.91,2025-02-11
CUST_02287,53.0,45406.8,Ho Chi Minh,97.44,2026-01-27
CUST_02288,50.0,11751.31,Hai Phong,39.82,2025-02-26
CUST_02289,69.0,63151.2,Hanoi,53.38,2026-02-04
CUST_02290,62.0,70814.39,Can Tho,27.65,2025-10-27
CUST_02291,42.0,64870.25,Can Tho,64.97,2026-01-21
CUST_02292,68.0,54073.55,Hai Phong,35.26,2025-02-11
CUST_02293,38.0,57728.58,Ho Chi Minh,28.63,2025-11-15
CUST_02294,21.0,49391.23,Can Tho,56.49,2025-05-16
CUST_02295,,24181.75,Can Tho,10.5,2025-11-26
CUST_02296,57.0,67358.79,Hanoi,10.69,2025-06-05
CUST_02297,46.0,65995.98,Hai Phong,29.72,2025-07-05
CUST_02298,58.0,45065.14,Da Nang,13.3,2025-05-13
CUST_02299,59.0,62351.51,Hai Phong,19.72,2025-07-06
CUST_02300,55.0,63679.9,Hai Phong,40.5,2025-08-04
CUST_02301,56.0,16840.1,Ho Chi Minh,82.23,2025-11-07
CUST_02302,64.0,34804.79,Can Tho,61.48,2025-08-30
CUST_02303,36.0,39057.62,Can Tho,56.14,2025-03-14
CUST_02304,61.0,62663.74,Can Tho,36.41,2025-11-12
CUST_02305,29.0,40928.6,Ho Chi Minh,93.86,2025-07-22
CUST_02306,25.0,59092.33,Hai Phong,45.73,2025-06-26
CUST_02307,45.0,34132.47,Ho Chi Minh,17.84,2025-06-23
CUST_02308,34.0,45623.89,Ho Chi Minh,65.54,2025-07-19
CUST_02309,55.0,60591.87,Hai Phong,20.25,2025-02-28
CUST_02310,18.0,38736.55,Da Nang,41.07,2025-11-04
CUST_02311,63.0,66962.2,Hanoi,55.67,2025-04-06
CUST_02312,20.0,35954.11,Hai Phong,88.68,2025-08-21
CUST_02313,38.0,53087.21,Hanoi,54.42,2025-08-08
CUST_02314,67.0,48848.92,Da Nang,73.2,2025-09-13
CUST_02315,57.0,70167.75,Can Tho,99.35,2025-02-10
CUST_02316,37.0,87998.28,Hai Phong,21.83,2025-05-01
CUST_02317,54.0,37608.85,Ho Chi Minh,34.73,2025-08-13
CUST_02318,22.0,34782.17,Hanoi,45.51,2025-08-17
CUST_02319,38.0,45429.8,Hai Phong,47.96,2026-01-11
CUST_02320,29.0,60295.47,Ho Chi Minh,46.99,2025-12-17
CUST_02321,68.0,29477.44,Ho Chi Minh,91.68,2025-03-01
CUST_02322,44.0,51720.95,Hanoi,74.26,2025-12-19
CUST_02323,43.0,47211.99,Da Nang,64.71,2026-01-22
CUST_02324,32.0,47101.74,Da Nang,37.84,2025-12-12
CUST_02325,60.0,83421.2,Ho Chi Minh,84.14,2025-09-14
CUST_02326,41.0,54535.23,Da Nang,95.96,2025-09-14
CUST_02327,66.0,79337.65,Ho Chi Minh,83.91,2025-08-01
CUST_02328,48.0,68604.53,Hai Phong,10.14,2026-01-20
CUST_02329,70.0,62414.33,Can Tho,67.28,2025-03-14
CUST_02330,59.0,46642.07,Hanoi,14.6,2025-08-06
CUST_02331,,36994.71,Hanoi,33.18,2025-05-04
CUST_02332,46.0,79796.26,Hanoi,15.36,2025-10-27
CUST_02333,59.0,55773.33,Hai Phong,64.34,2025-07-01
CUST_02334,57.0,61369.27,Da Nang,71.79,2025-07-25
CUST_02335,20.0,56550.11,Hanoi,20.3,2025-02-24
CUST_02336,38.0,43892.37,Da Nang,44.55,2025-03-10
CUST_02337,68.0,33754.68,Da Nang,51.06,2026-01-15
CUST_02338,42.0,60355.48,Ho Chi Minh,43.21,2025-07-25
CUST_02339,64.0,44322.56,Hanoi,20.89,2026-01-27
CUST_02340,51.0,78556.87,Hanoi,47.71,2025-07-15
CUST_02341,41.0,80941.6,Hanoi,77.61,2026-02-02
CUST_02342,50.0,38948.5,Can Tho,16.39,2025-08-14
CUST_02343,20.0,62389.85,Ho Chi Minh,17.22,2025-10-06
CUST_02344,59.0,38399.07,Hanoi,41.93,2025-04-23
CUST_02345,50.0,11849.9,Ho Chi Minh,94.76,2025-01-13
CUST_02346,24.0,27056.14,Da Nang,70.17,2025-07-10
CUST_02347,67.0,35303.7,Can Tho,71.08,2025-07-06
CUST_02348,18.0,42867.76,Can Tho,42.57,2025-09-11
CUST_02349,31.0,43500.44,Da Nang,63.43,2025-04-17
CUST_02350,67.0,37860.98,Hanoi,10.91,2025-08-23
CUST_02351,61.0,43587.47,Da Nang,67.25,2025-02-20
CUST_02352,24.0,56831.39,Can Tho,92.2,2025-04-11
CUST_02353,62.0,56302.93,Hanoi,65.13,2025-10-06
CUST_02354,65.0,46366.14,Ho Chi Minh,88.63,2025-09-26
CUST_02355,59.0,56937.53,Can Tho,75.16,2025-09-02
CUST_02356,22.0,70110.93,Hanoi,20.85,2026-01-18
CUST_02357,27.0,53198.4,Da Nang,91.22,2025-05-27
CUST_02358,,36328.99,Hai Phong,15.98,2025-01-24
CUST_02359,20.0,35553.48,Da Nang,58.06,2025-03-26
CUST_02360,21.0,36112.18,Hanoi,22.79,2026-01-09
CUST_02361,34.0,49692.79,Hai Phong,11.05,2025-03-13
CUST_02362,54.0,68001.87,Can Tho,47.98,2025-04-22
CUST_02363,34.0,62995.5,Ho Chi Minh,36.55,2025-12-18
CUST_02364,46.0,51928.27,Ho Chi Minh,53.74,2025-12-02
CUST_02365,45.0,46413.93,Hai Phong,61.95,2026-01-03
CUST_02366,42.0,38840.49,Hanoi,13.94,2026-01-25
CUST_02367,52.0,43004.91,Hanoi,21.07,2025-05-28
CUST_02368,,98415.9,Can Tho,60.28,2025-12-08
CUST_02369,22.0,48114.85,Hanoi,40.89,2025-07-14
CUST_02370,55.0,53284.91,Hai Phong,75.63,2025-02-05
CUST_02371,22.0,69542.29,Ho Chi Minh,68.71,2025-06-04
CUST_02372,50.0,51313.08,Hanoi,86.1,2025-06-02
CUST_02373,68.0,35386.8,Da Nang,72.32,2025-07-20
CUST_02374,56.0,52776.11,Can Tho,48.69,2025-07-15
CUST_02375,66.0,39851.14,Hai Phong,70.57,2025-04-01
CUST_02376,42.0,60130.77,Hai Phong,34.78,2025-09-11
CUST_02377,60.0,29082.78,Ho Chi Minh,37.57,2025-08-06
CUST_02378,28.0,60738.4,Hanoi,81.01,2025-04-15
CUST_02379,26.0,49285.62,Hanoi,50.18,2026-01-08
CUST_02380,68.0,59794.39,Hanoi,81.85,2025-04-22
CUST_02381,52.0,28710.08,Hanoi,84.02,2025-01-01
CUST_02382,58.0,56936.12,Ho Chi Minh,87.18,2025-06-01
CUST_02383,61.0,70562.61,Ho Chi Minh,92.5,2025-12-15
CUST_02384,68.0,25609.2,Ho Chi Minh,48.79,2025-02-26
CUST_02385,59.0,50847.47,Hanoi,38.7,2025-02-06
CUST_02386,18.0,38840.47,Hanoi,62.4,2025-08-23
CUST_02387,53.0,40075.55,Ho Chi Minh,43.41,2025-08-02
CUST_02388,20.0,45183.69,Can Tho,64.1,2026-02-03
CUST_02389,,45880.1,Hanoi,73.5,2025-02-19
CUST_02390,52.0,25850.5,Can Tho,71.96,2025-12-17
CUST_02391,23.0,67924.82,Ho Chi Minh,43.71,2025-06-02
CUST_02392,65.0,58487.49,Can Tho,25.02,2025-03-31
CUST_02393,64.0,40856.89,Hanoi,48.75,2025-11-17
CUST_02394,44.0,40139.79,Hai Phong,22.83,2025-12-10
CUST_02395,50.0,57692.28,Da Nang,90.11,2025-02-22
CUST_02396,29.0,52833.24,Da Nang,41.13,2025-07-11
CUST_02397,34.0,59402.89,Can Tho,23.9,2025-04-06
CUST_02398,29.0,71945.92,Ho Chi Minh,12.29,2025-06-01
CUST_02399,54.0,45943.0,Can Tho,68.12,2025-09-19
CUST_02400,66.0,40526.85,Hanoi,67.32,2025-04-27
CUST_02401,53.0,43080.96,Can Tho,40.65,2025-02-27
CUST_02402,53.0,43041.57,Ho Chi Minh,16.45,2025-11-04
CUST_02403,60.0,26530.49,Hanoi,46.87,2025-07-23
CUST_02404,24.0,50693.22,Hai Phong,38.01,2025-09-30
CUST_02405,55.0,25027.95,Da Nang,70.94,2026-01-13
CUST_02406,39.0,33750.51,Ho Chi Minh,64.52,2025-08-04
CUST_02407,60.0,85602.93,Hai Phong,42.81,2025-04-17
CUST_02408,24.0,69444.4,Can Tho,29.61,2025-08-01
CUST_02409,22.0,41352.28,Can Tho,98.92,2025-05-15
CUST_02410,38.0,45564.02,Can Tho,50.86,2025-09-03
CUST_02411,39.0,61035.94,Da Nang,71.94,2025-01-14
CUST_02412,37.0,76977.4,Hanoi,22.65,2025-05-09
CUST_02413,27.0,27497.55,Hanoi,53.7,2025-07-18
CUST_02414,41.0,67530.0,Hai Phong,12.48,2025-06-10
CUST_02415,45.0,43320.62,Hanoi,55.49,2025-07-13
CUST_02416,38.0,41864.29,Can Tho,96.76,2025-10-03
CUST_02417,32.0,50102.92,Da Nang,44.58,2025-10-17
CUST_02418,59.0,51772.8,Hanoi,13.51,2025-07-18
CUST_02419,41.0,48253.58,Da Nang,12.79,2025-10-31
CUST_02420,64.0,58722.77,Ho Chi Minh,44.92,2025-09-19
CUST_02421,48.0,54335.83,Da Nang,24.4,2025-09-05
CUST_02422,40.0,46960.6,Hai Phong,12.1,2025-01-12
CUST_02423,49.0,35256.1,Hai Phong,78.06,2025-04-21
CUST_02424,29.0,21492.1,Can Tho,51.27,2025-07-13
CUST_02425,23.0,44000.86,Da Nang,36.03,2025-10-10
CUST_02426,70.0,38316.7,Hai Phong,91.01,2025-10-14
CUST_02427,52.0,43443.08,Da Nang,20.45,2026-02-04
CUST_02428,64.0,30620.22,Hanoi,96.03,2025-04-29
CUST_02429,22.0,48118.4,Hai Phong,38.26,2025-01-02
CUST_02430,19.0,36985.06,Hai Phong,89.96,2025-01-15
CUST_02431,58.0,41297.47,Hanoi,64.26,2025-05-23
CUST_02432,55.0,59215.67,Da Nang,84.4,2025-10-05
CUST_02433,67.0,49658.87,Da Nang,98.56,2025-04-23
CUST_02434,20.0,39211.32,Ho Chi Minh,35.96,2025-09-07
CUST_02435,52.0,23948.88,Da Nang,96.5,2025-12-16
CUST_02436,52.0,66594.05,Hanoi,45.05,2025-11-05
CUST_02437,67.0,64347.52,Da Nang,44.7,2025-11-25
CUST_02438,43.0,44856.27,Can Tho,40.63,2025-04-27
CUST_02439,67.0,64090.59,Can Tho,58.73,2025-07-25
CUST_02440,36.0,70098.46,Ho Chi Minh,23.87,2026-01-09
CUST_02441,50.0,68496.07,Da Nang,59.83,2025-04-27
CUST_02442,43.0,31119.19,Hanoi,58.75,2025-12-20
CUST_02443,18.0,58457.73,Can Tho,78.57,2025-02-10
CUST_02444,69.0,61546.81,Hanoi,85.03,2026-01-27
CUST_02445,61.0,57110.56,Can Tho,49.64,2025-06-26
CUST_02446,50.0,45191.29,Can Tho,37.21,2025-10-23
CUST_02447,28.0,66870.17,Can Tho,33.34,2025-04-03
CUST_02448,54.0,51743.41,Da Nang,27.52,2026-01-18
CUST_02449,27.0,41194.55,Da Nang,15.19,2025-03-16
CUST_02450,48.0,50148.15,Hanoi,40.82,2026-02-04
CUST_02451,20.0,48315.84,Can Tho,34.32,2025-12-28
CUST_02452,49.0,59589.48,Ho Chi Minh,96.98,2025-11-01
CUST_02453,34.0,23101.45,Da Nang,60.19,2025-02-28
CUST_02454,20.0,61618.46,Can Tho,41.25,2025-12-05
CUST_02455,51.0,45705.3,Can Tho,62.24,2025-11-26
CUST_02456,41.0,55655.4,Ho Chi Minh,22.53,2025-03-27
CUST_02457,47.0,43544.34,Hai Phong,49.96,2025-09-05
CUST_02458,20.0,44806.86,Hai Phong,66.36,2025-01-30
CUST_02459,38.0,53649.93,Can Tho,54.0,2025-07-16
CUST_02460,51.0,67033.22,Ho Chi Minh,46.16,2025-06-18
CUST_02461,35.0,43165.46,Ho Chi Minh,99.45,2025-11-03
CUST_02462,34.0,60984.85,Can Tho,89.23,2025-04-25
CUST_02463,54.0,35035.43,Ho Chi Minh,66.11,2025-05-24
CUST_02464,59.0,39254.11,Da Nang,61.24,2025-02-02
CUST_02465,55.0,47040.28,Hanoi,65.86,2025-01-23
CUST_02466,22.0,42723.76,Hai Phong,28.12,2025-05-16
CUST_02467,42.0,64330.32,Hanoi,45.56,2025-01-26
CUST_02468,32.0,51601.2,Hanoi,13.55,2025-07-13
CUST_02469,40.0,37548.28,Hanoi,52.8,2026-01-16
CUST_02470,40.0,19516.21,Can Tho,58.87,2025-12-18
CUST_02471,48.0,63915.31,Can Tho,30.5,2025-03-16
CUST_02472,18.0,40133.69,Can Tho,96.76,2025-10-24
CUST_02473,26.0,56313.1,Hanoi,91.85,2025-02-18
CUST_02474,32.0,27651.99,Hai Phong,74.99,2025-02-11
CUST_02475,59.0,53855.44,Ho Chi Minh,58.0,2025-10-06
CUST_02476,27.0,30834.69,Hanoi,88.3,2025-08-20
CUST_02477,41.0,28757.37,Da Nang,21.76,2025-03-29
CUST_02478,70.0,32563.92,Da Nang,81.15,2025-03-07
CUST_02479,32.0,60052.77,Ho Chi Minh,21.23,2025-09-20
CUST_02480,39.0,41742.72,Hanoi,81.48,2025-03-22
CUST_02481,48.0,57877.83,Hanoi,34.82,2025-05-24
CUST_02482,48.0,60610.58,Hai Phong,88.94,2025-09-03
CUST_02483,28.0,79485.11,Hanoi,94.96,2025-03-05
CUST_02484,44.0,28699.44,Hanoi,23.39,2025-09-23
CUST_02485,,42443.86,Hai Phong,51.64,2025-04-09
CUST_02486,54.0,56284.93,Hanoi,98.29,2025-01-11
CUST_02487,26.0,32945.54,Da Nang,53.51,2025-02-14
CUST_02488,20.0,69645.43,Hanoi,87.72,2025-10-02
CUST_02489,27.0,64073.75,Hanoi,62.99,2025-02-28
CUST_02490,34.0,50270.02,Hanoi,43.78,2025-08-17
CUST_02491,51.0,57894.99,Can Tho,35.72,2025-12-23
CUST_02492,56.0,13255.56,Da Nang,28.29,2025-10-26
CUST_02493,58.0,57443.0,Hanoi,78.56,2026-01-31
CUST_02494,,43288.14,Can Tho,44.79,2025-07-25
CUST_02495,60.0,68142.62,Hanoi,56.01,2025-11-30
CUST_02496,23.0,40569.75,Da Nang,54.31,2025-01-28
CUST_02497,56.0,63682.85,Hanoi,61.96,2025-09-03
CUST_02498,48.0,37902.02,Hai Phong,87.9,2025-06-21
CUST_02499,44.0,33422.32,Hai Phong,98.27,2025-12-13
CUST_02500,68.0,66368.83,Hai Phong,46.68,2025-08-18
CUST_02501,67.0,53564.53,Hanoi,84.48,2025-09-27
CUST_02502,60.0,62054.04,Da Nang,78.81,2025-11-10
CUST_02503,28.0,37332.51,Da Nang,61.62,2026-01-09
CUST_02504,39.0,56817.21,Hanoi,96.04,2026-01-08
CUST_02505,56.0,36101.24,Da Nang,28.04,2025-09-24
CUST_02506,32.0,54838.26,Ho Chi Minh,19.83,2025-12-02
CUST_02507,26.0,36181.76,Hanoi,86.86,2025-05-10
CUST_02508,30.0,82441.38,Can Tho,49.52,2025-10-23
CUST_02509,50.0,40369.81,Can Tho,86.23,2025-09-02
CUST_02510,70.0,42379.44,Hanoi,90.38,2025-05-26
CUST_02511,24.0,54894.63,Can Tho,15.62,2025-10-25
CUST_02512,57.0,50523.45,Da Nang,89.51,2025-11-11
CUST_02513,68.0,67812.21,Ho Chi Minh,50.35,2025-08-18
CUST_02514,66.0,72020.62,Can Tho,55.94,2025-11-16
CUST_02515,48.0,37844.9,Da Nang,66.39,2025-11-04
CUST_02516,56.0,55327.25,Hanoi,93.37,2025-01-30
CUST_02517,18.0,51424.78,Hanoi,11.72,2025-06-11
CUST_02518,67.0,28499.72,Hai Phong,52.92,2025-03-24
CUST_02519,45.0,67413.45,Hanoi,71.89,2025-03-11
CUST_02520,41.0,54398.95,Hai Phong,75.04,2025-02-24
CUST_02521,62.0,15693.24,Ho Chi Minh,72.33,2025-09-09
CUST_02522,32.0,50716.48,Hai Phong,22.1,2025-03-05
CUST_02523,48.0,62286.07,Can Tho,36.95,2025-02-26
CUST_02524,42.0,70300.64,Da Nang,42.28,2025-05-23
CUST_02525,69.0,46153.93,Hanoi,82.4,2025-10-07
CUST_02526,66.0,54826.66,Da Nang,35.09,2025-07-29
CUST_02527,54.0,45641.66,Da Nang,28.96,2025-06-21
CUST_02528,26.0,53143.16,Can Tho,96.17,2025-08-02
CUST_02529,67.0,43549.7,Ho Chi Minh,10.8,2025-07-02
CUST_02530,23.0,32228.57,Ho Chi Minh,99.8,2025-09-22
CUST_02531,52.0,63760.35,Hanoi,70.91,2026-01-13
CUST_02532,30.0,71402.52,Can Tho,84.56,2025-02-18
CUST_02533,,71334.11,Da Nang,36.52,2025-10-11
CUST_02534,18.0,57910.83,Hai Phong,11.29,2025-11-14
CUST_02535,25.0,44432.53,Da Nang,76.41,2025-10-01
CUST_02536,42.0,33809.24,Da Nang,85.07,2025-12-06
CUST_02537,62.0,85452.17,Hanoi,76.64,2025-02-22
CUST_02538,44.0,38472.52,Ho Chi Minh,22.86,2025-01-05
CUST_02539,27.0,33818.63,Can Tho,77.81,2025-08-10
CUST_02540,55.0,63815.75,Can Tho,79.2,2025-02-09
CUST_02541,52.0,49193.42,Ho Chi Minh,69.27,2025-09-10
CUST_02542,41.0,53171.23,Hanoi,78.95,2025-04-19
CUST_02543,61.0,59124.09,Ho Chi Minh,86.13,2025-11-20
CUST_02544,31.0,54151.58,Da Nang,65.22,2025-12-17
CUST_02545,68.0,36112.29,Hanoi,17.97,2025-12-28
CUST_02546,29.0,50745.47,Da Nang,53.89,2025-06-10
CUST_02547,53.0,21853.7,Da Nang,16.99,2025-07-28
CUST_02548,37.0,48380.29,Da Nang,46.68,2025-05-05
CUST_02549,67.0,71063.07,Hanoi,46.64,2025-02-18
CUST_02550,65.0,50973.41,Ho Chi Minh,15.94,2025-07-28
CUST_02551,60.0,39528.03,Hanoi,41.39,2025-04-13
CUST_02552,32.0,60564.42,Hai Phong,19.99,2025-02-18
CUST_02553,62.0,49609.51,Hai Phong,82.74,2025-03-28
CUST_02554,24.0,59893.96,Can Tho,95.29,2025-11-02
CUST_02555,43.0,40373.65,Hanoi,16.51,2025-08-25
CUST_02556,69.0,36669.14,Can Tho,95.96,2025-07-07
CUST_02557,62.0,37872.8,Can Tho,57.03,2025-06-30
CUST_02558,21.0,27321.42,Ho Chi Minh,36.96,2025-08-18
CUST_02559,58.0,44582.22,Can Tho,16.92,2025-04-02
CUST_02560,,54630.05,Hai Phong,55.06,2026-01-17
CUST_02561,27.0,51499.58,Ho Chi Minh,81.51,2026-01-21
CUST_02562,56.0,25575.48,Hai Phong,73.64,2025-08-01
CUST_02563,22.0,54470.1,Can Tho,14.52,2025-02-22
CUST_02564,41.0,69617.02,Ho Chi Minh,16.56,2025-08-03
CUST_02565,20.0,43509.51,Ho Chi Minh,46.26,2025-11-02
CUST_02566,43.0,41318.03,Hai Phong,36.58,2025-06-06
CUST_02567,51.0,50681.88,Hanoi,30.91,2025-11-08
CUST_02568,56.0,53221.85,Can Tho,35.29,2025-07-30
CUST_02569,67.0,56518.2,Da Nang,82.31,2025-04-22
CUST_02570,58.0,42156.83,Da Nang,93.63,2025-09-07
CUST_02571,18.0,29813.44,Can Tho,46.46,2025-10-15
CUST_02572,60.0,88207.71,Ho Chi Minh,91.55,2025-09-17
CUST_02573,51.0,30783.33,Ho Chi Minh,38.93,2025-02-06
CUST_02574,20.0,51005.22,Hai Phong,52.88,2025-02-15
CUST_02575,50.0,57081.67,Hai Phong,30.34,2025-10-21
CUST_02576,32.0,41144.56,Can Tho,67.64,2025-04-19
CUST_02577,61.0,62535.37,Da Nang,98.11,2025-09-27
CUST_02578,33.0,33344.02,Can Tho,64.31,2025-12-20
CUST_02579,28.0,61547.74,Can Tho,42.2,2025-12-30
CUST_02580,35.0,44580.17,Can Tho,68.3,2025-10-30
CUST_02581,40.0,52679.82,Hanoi,21.06,2025-11-28
CUST_02582,43.0,54192.79,Hai Phong,89.98,2025-10-25
CUST_02583,51.0,22830.34,Hai Phong,55.28,2025-10-27
CUST_02584,,64240.42,Hai Phong,50.44,2025-01-28
CUST_02585,23.0,75479.36,Hai Phong,62.73,2025-07-20
CUST_02586,64.0,53609.03,Da Nang,66.23,2025-09-29
CUST_02587,55.0,47236.05,Hai Phong,16.46,2025-03-27
CUST_02588,70.0,84494.01,Hanoi,71.44,2025-12-24
CUST_02589,56.0,59459.73,Da Nang,31.77,2025-01-25
CUST_02590,47.0,82307.35,Hanoi,74.26,2025-02-28
CUST_02591,54.0,84060.82,Hanoi,84.03,2026-01-26
CUST_02592,,56579.02,Hai Phong,82.36,2025-04-17
CUST_02593,50.0,59407.16,Can Tho,59.73,2025-11-26
CUST_02594,22.0,55651.12,Da Nang,56.82,2025-01-07
CUST_02595,39.0,38864.75,Hanoi,22.86,2025-09-13
CUST_02596,69.0,45796.75,Can Tho,79.78,2025-02-09
CUST_02597,34.0,48992.84,Hanoi,34.43,2025-08-07
CUST_02598,70.0,41405.42,Hanoi,54.7,2025-09-10
CUST_02599,34.0,67285.99,Da Nang,35.58,2025-06-28
CUST_02600,42.0,53286.01,Da Nang,22.04,2025-04-07
CUST_02601,67.0,69385.91,Ho Chi Minh,66.66,2025-12-16
CUST_02602,39.0,46667.69,Ho Chi Minh,14.89,2025-12-23
CUST_02603,47.0,51491.04,Can Tho,77.38,2025-03-29
CUST_02604,55.0,37912.06,Hanoi,38.58,2025-02-28
CUST_02605,48.0,51069.17,Ho Chi Minh,10.01,2025-07-19
CUST_02606,22.0,46841.05,Da Nang,56.0,2025-04-24
CUST_02607,68.0,51557.41,Ho Chi Minh,14.22,2025-12-20
CUST_02608,61.0,,Hanoi,34.86,2025-04-10
CUST_02609,69.0,66277.56,Hai Phong,73.63,2025-08-04
CUST_02610,40.0,58197.63,Da Nang,15.64,2025-03-03
CUST_02611,18.0,36216.26,Da Nang,85.54,2025-05-04
CUST_02612,34.0,53375.7,Can Tho,10.34,2025-02-09
CUST_02613,23.0,78943.08,Hanoi,32.21,2025-08-29
CUST_02614,65.0,36485.8,Ho Chi Minh,76.68,2025-11-11
CUST_02615,22.0,40432.24,Ho Chi Minh,38.46,2025-09-27
CUST_02616,29.0,42149.95,Da Nang,19.17,2025-06-18
CUST_02617,40.0,37867.3,Can Tho,42.42,2025-05-18
CUST_02618,54.0,48714.12,Ho Chi Minh,34.34,2025-10-24
CUST_02619,65.0,36216.66,Can Tho,85.84,2025-01-19
CUST_02620,30.0,36428.89,Da Nang,38.2,2026-01-22
CUST_02621,30.0,52811.85,Da Nang,81.0,2025-01-24
CUST_02622,33.0,50182.66,Ho Chi Minh,90.27,2025-06-08
CUST_02623,31.0,32479.46,Da Nang,49.04,2025-12-19
CUST_02624,33.0,31480.47,Hanoi,91.89,2025-11-05
CUST_02625,40.0,58472.62,Da Nang,43.96,2025-01-29
CUST_02626,24.0,39389.8,Can Tho,96.77,2025-05-05
CUST_02627,23.0,63046.2,Hanoi,18.04,2025-09-01
CUST_02628,60.0,52274.61,Hanoi,71.83,2025-12-11
CUST_02629,18.0,53806.53,Hai Phong,54.44,2025-03-25
CUST_02630,52.0,35670.83,Da Nang,44.89,2025-11-04
CUST_02631,48.0,35659.52,Ho Chi Minh,66.94,2025-07-02
CUST_02632,38.0,64473.24,Hai Phong,73.35,2026-01-19
CUST_02633,54.0,72626.01,Can Tho,10.39,2025-06-01
CUST_02634,49.0,56320.12,Ho Chi Minh,25.03,2025-07-10
CUST_02635,66.0,72176.1,Can Tho,74.17,2025-09-22
CUST_02636,35.0,63501.13,Ho Chi Minh,69.97,2026-02-02
CUST_02637,66.0,61440.39,Hanoi,96.94,2025-06-20
CUST_02638,21.0,85011.61,Can Tho,78.49,2025-09-15
CUST_02639,45.0,50889.04,Ho Chi Minh,95.57,2025-04-26
CUST_02640,52.0,53429.67,Can Tho,73.23,2025-06-24
CUST_02641,40.0,73343.04,Can Tho,36.82,2025-12-22
CUST_02642,61.0,46953.02,Hai Phong,19.48,2025-08-04
CUST_02643,47.0,23390.41,Hanoi,80.36,2025-05-01
CUST_02644,62.0,41725.96,Can Tho,67.97,2025-12-15
CUST_02645,38.0,37508.25,Da Nang,14.34,2025-11-03
CUST_02646,18.0,33013.37,Hanoi,42.4,2025-10-28
CUST_02647,42.0,8770.32,Can Tho,96.11,2025-10-08
CUST_02648,38.0,62889.94,Hanoi,55.04,2026-01-24
CUST_02649,34.0,69147.9,Da Nang,48.95,2025-03-05
CUST_02650,34.0,81002.45,Can Tho,51.19,2025-03-20
CUST_02651,48.0,25380.22,Da Nang,28.8,2025-09-04
CUST_02652,39.0,69957.29,Hanoi,43.18,2025-05-23
CUST_02653,49.0,38339.65,Ho Chi Minh,43.28,2026-01-11
CUST_02654,44.0,46648.82,Da Nang,14.71,2025-04-22
CUST_02655,41.0,59716.7,Hai Phong,79.08,2025-11-06
CUST_02656,43.0,50982.65,Ho Chi Minh,47.49,2025-11-20
CUST_02657,29.0,52528.49,Ho Chi Minh,84.0,2025-03-20
CUST_02658,54.0,60622.45,Hanoi,86.53,2025-03-16
CUST_02659,70.0,29985.34,Can Tho,29.08,2025-06-14
CUST_02660,35.0,76487.48,Hanoi,69.16,2026-02-02
CUST_02661,53.0,74547.48,Can Tho,52.51,2025-06-25
CUST_02662,42.0,38750.92,Hai Phong,89.21,2025-02-24
CUST_02663,69.0,42087.58,Hai Phong,29.42,2025-08-13
CUST_02664,27.0,25343.88,Ho Chi Minh,71.0,2025-05-20
CUST_02665,18.0,27061.8,Da Nang,64.7,2025-02-05
CUST_02666,49.0,32249.66,Hai Phong,36.58,2025-11-04
CUST_02667,58.0,12815.24,Hai Phong,22.29,2025-12-25
CUST_02668,64.0,49382.77,Hanoi,68.65,2026-01-14
CUST_02669,49.0,66981.73,Hai Phong,76.47,2025-04-05
CUST_02670,53.0,51949.84,Can Tho,38.41,2025-06-15
CUST_02671,21.0,34397.87,Da Nang,68.03,2025-10-13
CUST_02672,62.0,71640.23,Hai Phong,45.56,2025-02-04
CUST_02673,31.0,42836.49,Hai Phong,74.19,2025-11-19
CUST_02674,48.0,74617.29,Can Tho,27.93,2026-01-14
CUST_02675,24.0,44133.78,Ho Chi Minh,90.12,2025-05-11
CUST_02676,39.0,59425.39,Ho Chi Minh,35.87,2025-09-10
CUST_02677,41.0,56153.15,Can Tho,43.1,2025-08-04
CUST_02678,69.0,62178.87,Da Nang,15.23,2025-04-02
CUST_02679,19.0,58165.98,Hai Phong,20.04,2025-02-24
CUST_02680,40.0,37000.12,Can Tho,56.43,2025-12-27
CUST_02681,56.0,52540.91,Da Nang,34.08,2025-04-04
CUST_02682,54.0,30276.01,Hai Phong,85.19,2025-12-28
CUST_02683,52.0,56244.83,Hanoi,11.32,2025-04-07
CUST_02684,67.0,31269.45,Da Nang,44.12,2025-07-27
CUST_02685,38.0,37539.21,Can Tho,40.36,2025-01-20
CUST_02686,49.0,58605.71,Da Nang,11.74,2025-03-04
CUST_02687,46.0,53990.23,Hanoi,21.19,2025-12-23
CUST_02688,42.0,55886.52,Can Tho,47.23,2025-10-05
CUST_02689,47.0,32377.18,Ho Chi Minh,54.36,2025-07-22
CUST_02690,27.0,63366.79,Hanoi,46.39,2025-04-30
CUST_02691,58.0,62188.75,Da Nang,57.78,2025-10-20
CUST_02692,39.0,52589.99,Hai Phong,63.56,2025-11-03
CUST_02693,57.0,46597.67,Da Nang,10.89,2025-05-14
CUST_02694,22.0,34741.63,Hanoi,51.77,2025-07-03
CUST_02695,39.0,13611.76,Hai Phong,96.71,2025-05-13
CUST_02696,38.0,50089.31,Ho Chi Minh,56.71,2025-02-20
CUST_02697,63.0,64847.24,Can Tho,70.98,2025-04-17
CUST_02698,59.0,56488.18,Da Nang,38.07,2026-01-06
CUST_02699,46.0,63063.12,Ho Chi Minh,79.66,2026-01-31
CUST_02700,41.0,63183.11,Hanoi,79.56,2025-10-12
CUST_02701,51.0,35153.39,Can Tho,56.92,2025-05-09
CUST_02702,44.0,63091.47,Da Nang,97.84,2025-06-12
CUST_02703,19.0,15950.04,Hai Phong,21.3,2025-04-30
CUST_02704,33.0,78122.95,Da Nang,11.53,2025-02-18
CUST_02705,65.0,80711.95,Ho Chi Minh,79.31,2025-06-10
CUST_02706,23.0,23330.43,Hanoi,82.64,2025-07-19
CUST_02707,43.0,50646.0,Da Nang,20.82,2025-04-22
CUST_02708,22.0,61507.25,Da Nang,33.9,2026-02-02
CUST_02709,48.0,41381.52,Ho Chi Minh,11.58,2025-01-27
CUST_02710,19.0,65705.5,Hai Phong,36.4,2025-11-05
CUST_02711,51.0,53359.31,Da Nang,79.58,2025-05-05
CUST_02712,23.0,76248.91,Can Tho,56.62,2025-01-05
CUST_02713,57.0,66027.1,Hai Phong,41.33,2026-01-31
CUST_02714,59.0,38812.33,Da Nang,43.46,2025-08-29
CUST_02715,42.0,49499.62,Hanoi,10.12,2025-11-03
CUST_02716,33.0,56302.88,Can Tho,36.98,2025-07-24
CUST_02717,46.0,50962.15,Da Nang,68.18,2025-09-24
CUST_02718,26.0,39886.67,Hai Phong,97.68,2025-12-05
CUST_02719,28.0,34094.45,Da Nang,86.24,2026-01-13
CUST_02720,,71555.06,Da Nang,12.12,2025-06-22
CUST_02721,38.0,46009.49,Ho Chi Minh,90.87,2026-02-01
CUST_02722,47.0,59776.13,Hanoi,80.49,2025-11-15
CUST_02723,52.0,52494.1,Hanoi,80.23,2025-01-24
CUST_02724,53.0,38813.27,Da Nang,51.22,2025-11-30
CUST_02725,62.0,59170.75,Da Nang,45.82,2025-10-28
CUST_02726,55.0,38346.46,Da Nang,37.26,2025-08-08
CUST_02727,58.0,48187.04,Ho Chi Minh,15.91,2025-12-23
CUST_02728,54.0,54957.42,Da Nang,30.54,2025-12-05
CUST_02729,58.0,37807.35,Ho Chi Minh,32.19,2025-06-06
CUST_02730,37.0,55028.22,Da Nang,53.57,2025-07-05
CUST_02731,48.0,71576.74,Hai Phong,77.27,2025-10-24
CUST_02732,69.0,58916.21,Ho Chi Minh,52.64,2025-10-03
CUST_02733,37.0,66818.82,Can Tho,15.21,2025-08-26
CUST_02734,34.0,70074.85,Da Nang,96.2,2025-03-11
CUST_02735,18.0,59588.41,Ho Chi Minh,94.85,2025-11-19
CUST_02736,,51128.99,Can Tho,80.67,2025-05-23
CUST_02737,26.0,32941.39,Hanoi,99.22,2026-01-09
CUST_02738,48.0,60753.08,Da Nang,59.0,2025-01-17
CUST_02739,62.0,68112.97,Can Tho,96.65,2025-10-15
CUST_02740,66.0,76008.49,Hai Phong,16.8,2026-01-19
CUST_02741,18.0,39247.71,Can Tho,42.91,2025-11-09
CUST_02742,69.0,62709.68,Hai Phong,30.28,2025-11-06
CUST_02743,32.0,53512.1,Hanoi,27.62,2025-04-01
CUST_02744,53.0,47864.81,Hai Phong,22.67,2025-12-26
CUST_02745,44.0,35647.48,Can Tho,66.02,2025-02-25
CUST_02746,45.0,55176.83,Can Tho,80.32,2025-08-24
CUST_02747,28.0,82318.49,Hai Phong,62.05,2025-09-05
CUST_02748,59.0,34704.47,Hai Phong,23.23,2025-11-22
CUST_02749,42.0,49081.36,Can Tho,83.0,2026-02-02
CUST_02750,23.0,50990.09,Da Nang,67.24,2025-04-07
CUST_02751,33.0,68179.31,Hanoi,44.93,2025-06-18
CUST_02752,69.0,37377.12,Hanoi,70.67,2025-11-30
CUST_02753,69.0,40850.52,Da Nang,33.39,2026-01-25
CUST_02754,35.0,54368.36,Ho Chi Minh,41.07,2025-02-17
CUST_02755,65.0,24543.81,Hai Phong,92.57,2025-08-03
CUST_02756,35.0,45814.52,Da Nang,36.15,2025-07-25
CUST_02757,22.0,71333.46,Can Tho,52.3,2025-09-18
CUST_02758,36.0,60557.61,Hanoi,90.11,2025-02-02
CUST_02759,47.0,32482.43,Hai Phong,73.69,2025-02-04
CUST_02760,35.0,32958.14,Can Tho,15.6,2025-04-16
CUST_02761,49.0,53260.69,Da Nang,23.26,2025-04-21
CUST_02762,19.0,33738.73,Da Nang,10.71,2025-11-15
CUST_02763,52.0,39743.08,Ho Chi Minh,66.78,2025-08-29
CUST_02764,,51818.9,Hai Phong,50.29,2025-04-09
CUST_02765,36.0,42054.29,Can Tho,22.08,2025-08-08
CUST_02766,63.0,68280.09,Da Nang,96.21,2025-08-20
CUST_02767,18.0,47131.4,Hanoi,57.67,2025-01-15
CUST_02768,27.0,25907.81,Hai Phong,31.77,2025-09-02
CUST_02769,,24626.59,Can Tho,55.05,2025-12-21
CUST_02770,44.0,54760.25,Hai Phong,71.17,2025-03-11
CUST_02771,69.0,83970.78,Da Nang,16.86,2025-03-03
CUST_02772,41.0,64493.81,Hai Phong,34.72,2025-09-03
CUST_02773,68.0,87475.81,Da Nang,82.63,2025-12-03
CUST_02774,23.0,44572.23,Hanoi,51.37,2025-04-26
CUST_02775,27.0,39162.87,Hai Phong,59.19,2025-12-28
CUST_02776,67.0,57807.74,Hai Phong,48.95,2025-05-31
CUST_02777,52.0,69138.98,Hanoi,13.95,2025-01-06
CUST_02778,30.0,46320.97,Hai Phong,24.92,2025-12-28
CUST_02779,34.0,40984.99,Hai Phong,50.1,2025-04-03
CUST_02780,18.0,40409.77,Hai Phong,28.83,2025-06-06
CUST_02781,67.0,46689.36,Da Nang,14.5,2025-03-09
CUST_02782,42.0,67799.97,Da Nang,85.93,2025-11-30
CUST_02783,46.0,66137.69,Da Nang,98.31,2025-03-29
CUST_02784,20.0,32661.77,Ho Chi Minh,81.38,2025-11-27
CUST_02785,65.0,37711.47,Hai Phong,86.84,2025-03-29
CUST_02786,51.0,55317.74,Ho Chi Minh,31.78,2026-01-12
CUST_02787,31.0,36464.04,Hai Phong,96.46,2025-05-19
CUST_02788,61.0,65154.85,Da Nang,27.72,2025-02-18
CUST_02789,38.0,43155.48,Da Nang,95.63,2025-12-19
CUST_02790,64.0,56953.83,Hai Phong,99.53,2025-11-12
CUST_02791,53.0,53382.31,Hanoi,74.06,2025-09-26
CUST_02792,34.0,45642.86,Da Nang,98.3,2026-01-05
CUST_02793,37.0,53464.69,Hai Phong,61.26,2025-04-28
CUST_02794,21.0,14969.87,Can Tho,33.36,2025-02-01
CUST_02795,31.0,51088.62,Hanoi,49.33,2025-07-30
CUST_02796,33.0,34369.46,Da Nang,63.42,2025-12-11
CUST_02797,38.0,48906.29,Hanoi,16.58,2025-05-06
CUST_02798,,37942.17,Ho Chi Minh,66.01,2025-04-05
CUST_02799,55.0,37461.05,Can Tho,98.31,2026-01-11
CUST_02800,68.0,46819.99,Da Nang,27.11,2025-05-01
CUST_02801,20.0,57590.47,Hai Phong,81.33,2025-08-11
CUST_02802,62.0,54339.36,Ho Chi Minh,91.71,2025-06-10
CUST_02803,56.0,49841.52,Hai Phong,94.93,2025-06-07
CUST_02804,67.0,42359.25,Can Tho,96.41,2025-01-08
CUST_02805,28.0,48280.86,Ho Chi Minh,56.93,2025-02-18
CUST_02806,61.0,46205.62,Ho Chi Minh,97.96,2025-10-06
CUST_02807,66.0,51985.76,Can Tho,78.16,2025-02-21
CUST_02808,21.0,81478.64,Can Tho,24.55,2025-11-29
CUST_02809,27.0,76522.07,Can Tho,52.92,2025-06-08
CUST_02810,68.0,50619.53,Hanoi,74.65,2025-05-29
CUST_02811,49.0,60567.7,Ho Chi Minh,32.26,2025-05-18
CUST_02812,53.0,62596.16,Da Nang,67.66,2025-03-28
CUST_02813,66.0,43863.67,Hai Phong,69.99,2025-06-01
CUST_02814,46.0,28040.98,Da Nang,24.64,2026-01-25
CUST_02815,19.0,37176.82,Hai Phong,60.86,2025-10-11
CUST_02816,40.0,36079.74,Da Nang,79.45,2025-05-19
CUST_02817,34.0,62543.58,Hanoi,54.9,2025-03-21
CUST_02818,49.0,31338.74,Ho Chi Minh,11.09,2025-12-09
CUST_02819,53.0,41040.39,Da Nang,10.81,2025-12-09
CUST_02820,62.0,57996.14,Hanoi,42.13,2025-01-16
CUST_02821,54.0,57952.37,Ho Chi Minh,93.36,2025-03-22
CUST_02822,40.0,25571.71,Hai Phong,30.58,2025-12-21
CUST_02823,47.0,29892.5,Da Nang,67.09,2025-05-24
CUST_02824,56.0,72367.09,Hai Phong,29.99,2025-05-06
CUST_02825,53.0,50445.33,Ho Chi Minh,38.95,2026-01-22
CUST_02826,51.0,59550.63,Da Nang,86.32,2025-07-08
CUST_02827,36.0,36783.14,Da Nang,75.6,2025-01-04
CUST_02828,52.0,36355.53,Can Tho,18.59,2025-12-24
CUST_02829,18.0,58836.31,Can Tho,48.58,2025-11-04
CUST_02830,50.0,64770.04,Ho Chi Minh,12.63,2025-06-07
CUST_02831,29.0,29827.5,Hanoi,53.28,2025-08-13
CUST_02832,57.0,56242.4,Hanoi,69.62,2025-07-30
CUST_02833,67.0,71551.54,Hai Phong,20.67,2025-06-29
CUST_02834,38.0,48318.34,Can Tho,36.0,2025-12-26
CUST_02835,60.0,52567.5,Can Tho,45.81,2025-02-16
CUST_02836,70.0,40490.22,Da Nang,92.76,2025-03-02
CUST_02837,51.0,53614.67,Da Nang,99.39,2025-12-09
CUST_02838,67.0,61816.4,Da Nang,14.04,2026-01-12
CUST_02839,57.0,30564.15,Da Nang,78.49,2025-09-21
CUST_02840,44.0,52802.96,Hai Phong,43.46,2025-08-07
CUST_02841,25.0,63720.86,Ho Chi Minh,45.32,2025-12-03
CUST_02842,60.0,61770.29,Ho Chi Minh,77.88,2025-02-03
CUST_02843,26.0,41272.29,Can Tho,92.66,2025-06-22
CUST_02844,20.0,42497.94,Can Tho,95.58,2025-08-02
CUST_02845,49.0,32207.94,Can Tho,61.94,2025-05-21
CUST_02846,20.0,49274.43,Ho Chi Minh,42.14,2025-01-05
CUST_02847,42.0,46929.41,Can Tho,80.88,2025-11-10
CUST_02848,51.0,65927.8,Da Nang,32.59,2025-10-22
CUST_02849,55.0,52062.41,Can Tho,60.77,2025-05-26
CUST_02850,41.0,37182.01,Hai Phong,42.27,2025-02-22
CUST_02851,63.0,55322.38,Hanoi,69.1,2025-06-08
CUST_02852,31.0,49455.21,Ho Chi Minh,31.64,2025-09-11
CUST_02853,23.0,58783.2,Hai Phong,27.24,2025-06-29
CUST_02854,58.0,31650.38,Hai Phong,92.64,2025-04-09
CUST_02855,53.0,48012.71,Da Nang,19.16,2025-11-14
CUST_02856,44.0,46542.02,Can Tho,55.54,2025-10-04
CUST_02857,68.0,53188.71,Hanoi,29.88,2025-11-14
CUST_02858,70.0,61248.65,Hai Phong,13.5,2025-12-28
CUST_02859,51.0,67421.96,Da Nang,13.24,2025-02-03
CUST_02860,22.0,38631.39,Ho Chi Minh,25.77,2025-04-09
CUST_02861,22.0,48180.8,Hanoi,88.01,2025-08-28
CUST_02862,51.0,22071.59,Da Nang,35.42,2025-01-20
CUST_02863,64.0,61899.94,Hanoi,95.54,2025-06-13
CUST_02864,42.0,52789.56,Da Nang,62.35,2025-06-09
CUST_02865,51.0,54829.0,Hai Phong,49.3,2025-11-22
CUST_02866,54.0,26457.23,Hai Phong,62.21,2025-03-10
CUST_02867,29.0,38446.51,Da Nang,56.5,2025-06-03
CUST_02868,53.0,49308.25,Ho Chi Minh,78.29,2025-06-16
CUST_02869,24.0,37649.7,Da Nang,35.42,2025-02-17
CUST_02870,54.0,51377.15,Hanoi,41.77,2025-12-17
CUST_02871,47.0,52429.5,Hanoi,90.47,2025-11-21
CUST_02872,45.0,72857.64,Can Tho,95.18,2025-11-16
CUST_02873,28.0,62019.41,Hanoi,90.33,2025-01-29
CUST_02874,53.0,24524.89,Can Tho,47.75,2025-09-18
CUST_02875,39.0,44481.29,Hai Phong,80.23,2025-04-02
CUST_02876,52.0,58001.87,Hai Phong,52.87,2025-07-17
CUST_02877,46.0,66710.64,Da Nang,54.78,2025-02-08
CUST_02878,38.0,45794.17,Da Nang,28.42,2025-12-08
CUST_02879,38.0,58193.49,Da Nang,63.2,2026-02-04
CUST_02880,44.0,18164.78,Can Tho,26.75,2025-02-06
CUST_02881,45.0,49817.36,Da Nang,39.84,2025-01-14
CUST_02882,38.0,21504.88,Hanoi,86.95,2025-11-26
CUST_02883,54.0,55609.07,Hai Phong,28.64,2025-04-13
CUST_02884,42.0,32386.52,Ho Chi Minh,16.4,2025-06-12
CUST_02885,65.0,69432.66,Ho Chi Minh,16.21,2025-07-16
CUST_02886,46.0,44132.54,Da Nang,94.67,2025-06-13
CUST_02887,43.0,27022.4,Can Tho,55.62,2025-11-12
CUST_02888,,91275.59,Hanoi,46.85,2025-05-17
CUST_02889,36.0,61228.62,Hai Phong,82.98,2025-04-03
CUST_02890,51.0,32880.1,Da Nang,85.22,2026-01-19
CUST_02891,37.0,46857.45,Da Nang,39.9,2025-10-23
CUST_02892,,45323.06,Can Tho,72.43,2025-10-31
CUST_02893,31.0,18911.61,Hai Phong,79.4,2025-03-31
CUST_02894,19.0,23845.28,Hai Phong,68.92,2025-01-19
CUST_02895,62.0,46753.28,Hanoi,23.64,2025-11-21
CUST_02896,53.0,40550.39,Can Tho,88.83,2025-03-31
CUST_02897,54.0,56404.72,Can Tho,58.52,2025-05-04
CUST_02898,27.0,54888.66,Hanoi,35.42,2025-09-03
CUST_02899,47.0,43931.38,Da Nang,48.27,2025-07-15
CUST_02900,26.0,78796.76,Hanoi,13.38,2025-12-31
CUST_02901,55.0,49043.33,Hai Phong,21.51,2025-07-15
CUST_02902,34.0,40634.79,Can Tho,78.9,2025-08-10
CUST_02903,23.0,58513.92,Can Tho,10.0,2025-10-26
CUST_02904,54.0,50020.45,Hai Phong,47.49,2025-12-06
CUST_02905,64.0,39547.3,Ho Chi Minh,57.03,2025-08-05
CUST_02906,38.0,30941.02,Hanoi,14.92,2025-11-04
CUST_02907,29.0,56200.53,Can Tho,97.58,2025-03-30
CUST_02908,62.0,54091.98,Da Nang,30.35,2026-02-01
CUST_02909,70.0,35494.62,Hanoi,37.38,2025-03-27
CUST_02910,56.0,59419.64,Da Nang,37.35,2025-10-19
CUST_02911,20.0,43482.13,Da Nang,30.74,2025-06-27
CUST_02912,54.0,42977.99,Hai Phong,10.13,2025-04-30
CUST_02913,67.0,57331.66,Ho Chi Minh,75.64,2025-04-29
CUST_02914,67.0,50244.92,Hanoi,97.02,2025-10-03
CUST_02915,70.0,58409.35,Hanoi,30.19,2025-07-16
CUST_02916,25.0,40205.03,Can Tho,69.67,2025-02-17
CUST_02917,32.0,59914.4,Hanoi,76.77,2025-10-19
CUST_02918,56.0,54199.82,Hai Phong,86.36,2025-05-09
CUST_02919,58.0,45644.97,Hanoi,48.04,2025-02-17
CUST_02920,42.0,45910.24,Hai Phong,37.26,2025-02-03
CUST_02921,51.0,48625.36,Ho Chi Minh,39.28,2025-11-17
CUST_02922,52.0,62259.25,Ho Chi Minh,74.14,2025-10-05
CUST_02923,38.0,55558.99,Ho Chi Minh,83.51,2026-02-05
CUST_02924,32.0,56916.1,Da Nang,26.35,2026-01-22
CUST_02925,61.0,50481.22,Can Tho,43.38,2025-04-09
CUST_02926,43.0,66651.43,Hanoi,91.17,2025-11-08
CUST_02927,66.0,56579.09,Ho Chi Minh,82.6,2025-12-13
CUST_02928,50.0,37180.34,Hai Phong,98.64,2025-01-09
CUST_02929,45.0,54312.02,Can Tho,77.88,2025-11-15
CUST_02930,43.0,43352.69,Hai Phong,45.39,2025-04-29
CUST_02931,39.0,62738.91,Hai Phong,63.16,2025-06-06
CUST_02932,54.0,68812.42,Hanoi,69.49,2025-03-06
CUST_02933,53.0,33103.92,Hanoi,17.06,2025-05-24
CUST_02934,23.0,40512.88,Can Tho,59.0,2025-12-01
CUST_02935,45.0,33650.16,Hai Phong,73.84,2025-11-20
CUST_02936,26.0,58654.16,Hai Phong,25.06,2025-03-18
CUST_02937,48.0,49926.29,Hanoi,80.26,2025-05-31
CUST_02938,49.0,44585.39,Hanoi,62.54,2025-01-02
CUST_02939,54.0,26287.03,Hai Phong,95.7,2025-07-13
CUST_02940,57.0,50753.81,Ho Chi Minh,13.82,2025-08-06
CUST_02941,51.0,40111.16,Da Nang,33.88,2025-12-11
CUST_02942,22.0,50836.72,Da Nang,64.14,2025-04-01
CUST_02943,45.0,54422.11,Hai Phong,36.69,2025-09-20
CUST_02944,54.0,41424.23,Hanoi,74.3,2026-01-17
CUST_02945,60.0,54829.18,Ho Chi Minh,78.31,2025-04-07
CUST_02946,41.0,32574.56,Ho Chi Minh,19.23,2025-05-19
CUST_02947,38.0,58616.68,Hanoi,56.25,2025-07-29
CUST_02948,59.0,58945.65,Da Nang,55.8,2025-04-08
CUST_02949,,49495.09,Ho Chi Minh,43.24,2025-04-14
CUST_02950,40.0,52431.21,Da Nang,93.96,2025-06-03
CUST_02951,69.0,39734.78,Hai Phong,84.48,2025-12-12
CUST_02952,27.0,46547.36,Hai Phong,72.75,2025-09-22
CUST_02953,70.0,43468.01,Hanoi,74.29,2025-10-03
CUST_02954,61.0,36682.28,Can Tho,51.55,2025-11-06
CUST_02955,66.0,70208.61,Can Tho,92.89,2025-04-28
CUST_02956,23.0,68948.23,Da Nang,72.51,2025-05-02
CUST_02957,21.0,44691.21,Hanoi,75.61,2025-05-12
CUST_02958,57.0,48949.83,Can Tho,87.55,2025-04-17
CUST_02959,70.0,28830.01,Ho Chi Minh,34.67,2025-08-30
CUST_02960,39.0,40124.16,Ho Chi Minh,82.64,2025-07-09
CUST_02961,25.0,28324.81,Hai Phong,27.57,2025-02-22
CUST_02962,48.0,23442.2,Hai Phong,41.08,2026-01-13
CUST_02963,,32230.42,Ho Chi Minh,40.2,2025-09-27
CUST_02964,52.0,36694.53,Ho Chi Minh,98.07,2025-07-15
CUST_02965,52.0,51393.17,Ho Chi Minh,87.09,2025-08-12
CUST_02966,34.0,47541.45,Can Tho,73.11,2025-11-10
CUST_02967,57.0,34921.11,Ho Chi Minh,75.44,2025-05-11
CUST_02968,27.0,54644.32,Can Tho,60.59,2026-01-10
CUST_02969,60.0,44605.31,Can Tho,95.24,2025-01-20
CUST_02970,,56458.79,Hai Phong,54.66,2025-09-17
CUST_02971,60.0,19747.57,Can Tho,44.25,2025-08-11
CUST_02972,34.0,70733.51,Can Tho,24.67,2026-02-02
CUST_02973,36.0,39607.74,Ho Chi Minh,80.76,2025-07-05
CUST_02974,62.0,34318.81,Hanoi,76.1,2025-05-28
CUST_02975,21.0,61415.54,Ho Chi Minh,44.59,2025-03-31
CUST_02976,18.0,23853.57,Da Nang,12.27,2025-05-26
CUST_02977,60.0,24483.94,Can Tho,85.51,2025-05-08
CUST_02978,60.0,54591.29,Hai Phong,11.03,2026-01-08
CUST_02979,24.0,47701.34,Hai Phong,73.33,2025-10-15
CUST_02980,,14355.22,Da Nang,97.32,2025-04-01
CUST_02981,59.0,71315.86,Hanoi,49.39,2025-07-16
CUST_02982,42.0,43826.58,Hai Phong,31.15,2025-11-14
CUST_02983,63.0,66181.28,Da Nang,73.44,2025-03-10
CUST_02984,38.0,41720.58,Hai Phong,83.54,2025-10-11
CUST_02985,56.0,56310.86,Ho Chi Minh,59.18,2025-06-18
CUST_02986,29.0,51151.52,Ho Chi Minh,97.03,2025-06-25
CUST_02987,47.0,77078.21,Hai Phong,14.65,2025-01-11
CUST_02988,63.0,25537.19,Da Nang,55.43,2025-08-19
CUST_02989,,33721.96,Hanoi,74.66,2025-05-18
CUST_02990,51.0,49325.18,Hanoi,87.64,2025-04-15
CUST_02991,49.0,41473.42,Hanoi,26.13,2025-06-24
CUST_02992,28.0,74413.39,Da Nang,82.0,2025-01-12
CUST_02993,,39321.23,Ho Chi Minh,59.74,2025-10-23
CUST_02994,40.0,66058.89,Hai Phong,45.69,2025-06-27
CUST_02995,33.0,55369.74,Can Tho,21.85,2025-03-25
CUST_02996,50.0,62538.44,Can Tho,87.88,2026-01-24
CUST_02997,21.0,31191.38,Da Nang,24.15,2025-10-14
CUST_02998,42.0,46768.82,Ho Chi Minh,37.88,2025-11-21
CUST_02999,70.0,44452.51,Hanoi,36.1,2025-09-25
CUST_03000,53.0,90630.81,Ho Chi Minh,88.43,2025-11-15
CUST_03001,32.0,79508.82,Ho Chi Minh,70.54,2025-07-11
CUST_03002,43.0,83928.74,Hai Phong,81.7,2025-11-08
CUST_03003,23.0,50045.43,Hai Phong,32.54,2025-05-20
CUST_03004,51.0,57827.79,Hai Phong,66.24,2025-09-03
CUST_03005,57.0,34442.09,Can Tho,61.46,2025-11-20
CUST_03006,61.0,53002.74,Hanoi,84.95,2025-01-05
CUST_03007,33.0,45054.74,Can Tho,91.55,2025-05-08
CUST_03008,45.0,21475.85,Hai Phong,11.09,2025-10-19
CUST_03009,56.0,56879.03,Hanoi,70.66,2025-08-07
CUST_03010,52.0,32506.94,Da Nang,14.67,2025-11-06
CUST_03011,59.0,48358.46,Hanoi,59.4,2025-08-05
CUST_03012,52.0,39306.7,Hai Phong,35.89,2025-05-26
CUST_03013,30.0,58468.83,Da Nang,37.61,2025-06-17
CUST_03014,37.0,14703.75,Hanoi,41.77,2025-04-18
CUST_03015,51.0,60856.49,Ho Chi Minh,65.92,2025-06-15
CUST_03016,45.0,56165.39,Ho Chi Minh,40.06,2025-11-04
CUST_03017,67.0,35663.24,Hai Phong,75.94,2025-02-19
CUST_03018,54.0,62734.69,Hai Phong,46.41,2025-08-29
CUST_03019,38.0,31788.79,Da Nang,16.15,2025-07-27
CUST_03020,52.0,48810.37,Da Nang,80.54,2025-06-18
CUST_03021,25.0,46068.58,Hanoi,35.72,2025-01-23
CUST_03022,27.0,82007.97,Ho Chi Minh,48.95,2025-05-13
CUST_03023,66.0,92731.17,Can Tho,71.69,2025-08-23
CUST_03024,44.0,47265.92,Da Nang,39.92,2025-03-05
CUST_03025,37.0,63212.71,Hai Phong,15.09,2025-10-09
CUST_03026,70.0,34696.92,Can Tho,43.65,2025-09-25
CUST_03027,65.0,51777.44,Hai Phong,95.0,2025-04-14
CUST_03028,67.0,38536.12,Da Nang,67.76,2025-01-03
CUST_03029,26.0,28628.33,Can Tho,70.43,2025-01-20
CUST_03030,66.0,67368.99,Can Tho,66.91,2026-01-26
CUST_03031,57.0,36630.0,Can Tho,27.91,2025-10-31
CUST_03032,54.0,47327.72,Ho Chi Minh,47.65,2025-10-29
CUST_03033,56.0,53927.59,Ho Chi Minh,77.58,2025-06-24
CUST_03034,61.0,28900.32,Da Nang,19.12,2025-05-21
CUST_03035,,67553.86,Da Nang,35.01,2025-03-11
CUST_03036,67.0,56285.28,Hai Phong,34.87,2025-10-09
CUST_03037,50.0,20783.6,Da Nang,48.88,2025-09-18
CUST_03038,48.0,49302.88,Da Nang,98.23,2025-08-22
CUST_03039,41.0,26494.32,Da Nang,16.08,2025-04-19
CUST_03040,42.0,50287.25,Can Tho,56.68,2025-05-21
CUST_03041,26.0,19807.23,Ho Chi Minh,26.14,2025-05-26
CUST_03042,32.0,55850.39,Can Tho,97.36,2026-01-14
CUST_03043,66.0,59777.03,Hanoi,20.2,2026-01-09
CUST_03044,35.0,47773.07,Hanoi,46.32,2025-11-09
CUST_03045,32.0,53789.61,Ho Chi Minh,76.41,2025-11-27
CUST_03046,30.0,37901.73,Hanoi,73.41,2025-07-25
CUST_03047,22.0,50352.99,Da Nang,48.05,2025-12-08
CUST_03048,46.0,51982.9,Hai Phong,41.19,2025-07-13
CUST_03049,49.0,50488.58,Ho Chi Minh,45.79,2025-09-22
CUST_03050,47.0,39788.69,Can Tho,33.78,2025-08-11
CUST_03051,45.0,41011.54,Ho Chi Minh,28.48,2025-08-09
CUST_03052,20.0,59881.68,Ho Chi Minh,53.47,2025-08-19
CUST_03053,70.0,48068.22,Can Tho,34.17,2025-10-29
CUST_03054,38.0,65516.73,Can Tho,35.87,2025-10-03
CUST_03055,65.0,30700.17,Hai Phong,69.11,2025-11-09
CUST_03056,52.0,30281.98,Da Nang,97.17,2025-10-24
CUST_03057,63.0,46400.75,Hanoi,64.33,2025-05-13
CUST_03058,51.0,53004.06,Hanoi,16.93,2025-08-22
CUST_03059,47.0,25869.13,Hanoi,16.8,2025-01-09
CUST_03060,20.0,39554.87,Hanoi,95.63,2025-07-29
CUST_03061,33.0,43281.19,Hanoi,36.76,2025-12-25
CUST_03062,43.0,49386.82,Ho Chi Minh,18.29,2025-02-24
CUST_03063,20.0,52785.46,Can Tho,63.91,2025-08-23
CUST_03064,51.0,76048.8,Can Tho,66.13,2025-12-25
CUST_03065,21.0,60847.04,Da Nang,68.37,2025-11-25
CUST_03066,46.0,64605.06,Ho Chi Minh,34.07,2025-01-12
CUST_03067,37.0,37020.44,Hai Phong,11.36,2025-08-10
CUST_03068,36.0,51993.28,Can Tho,96.85,2025-10-27
CUST_03069,45.0,61592.74,Hai Phong,32.58,2025-01-27
CUST_03070,21.0,59074.34,Hai Phong,70.84,2025-02-13
CUST_03071,27.0,29642.65,Ho Chi Minh,73.6,2025-05-14
CUST_03072,59.0,60820.08,Can Tho,64.9,2025-11-15
CUST_03073,64.0,50291.39,Ho Chi Minh,38.16,2025-08-14
CUST_03074,29.0,50069.66,Hanoi,34.4,2025-02-12
CUST_03075,62.0,51004.48,Ho Chi Minh,63.79,2025-02-11
CUST_03076,43.0,56101.4,Hai Phong,87.95,2025-01-14
CUST_03077,46.0,32461.6,Hanoi,95.21,2026-01-24
CUST_03078,,80058.26,Ho Chi Minh,19.53,2025-04-21
CUST_03079,63.0,53097.54,Hanoi,23.93,2025-09-26
CUST_03080,47.0,56071.16,Da Nang,95.03,2025-05-14
CUST_03081,38.0,25053.06,Da Nang,76.29,2026-01-02
CUST_03082,63.0,33764.08,Ho Chi Minh,89.47,2025-08-18
CUST_03083,63.0,41050.8,Hai Phong,28.24,2025-02-22
CUST_03084,23.0,70999.05,Hai Phong,62.88,2025-06-22
CUST_03085,46.0,23010.17,Da Nang,73.1,2025-07-20
CUST_03086,23.0,59674.5,Hanoi,71.21,2025-09-03
CUST_03087,42.0,69665.69,Can Tho,46.73,2025-07-03
CUST_03088,50.0,44650.84,Da Nang,11.39,2025-08-03
CUST_03089,28.0,59910.04,Ho Chi Minh,62.46,2025-08-10
CUST_03090,42.0,72064.74,Can Tho,32.78,2026-01-08
CUST_03091,28.0,39799.76,Ho Chi Minh,50.52,2025-06-16
CUST_03092,54.0,49602.9,Can Tho,96.18,2025-01-01
CUST_03093,27.0,58905.04,Can Tho,45.91,2025-12-01
CUST_03094,27.0,33549.6,Can Tho,85.58,2025-06-23
CUST_03095,63.0,69525.33,Ho Chi Minh,26.97,2025-02-09
CUST_03096,37.0,42312.5,Hanoi,70.52,2025-10-05
CUST_03097,67.0,30014.37,Can Tho,97.93,2026-01-08
CUST_03098,36.0,75499.71,Can Tho,19.17,2025-09-16
CUST_03099,25.0,74383.99,Hanoi,10.75,2025-08-05
CUST_03100,30.0,53222.47,Da Nang,49.02,2025-01-11
CUST_03101,,24921.78,Ho Chi Minh,18.34,2025-12-18
CUST_03102,18.0,51272.56,Hai Phong,77.35,2025-02-19
CUST_03103,49.0,36447.09,Hanoi,92.31,2025-07-16
CUST_03104,18.0,32485.33,Hai Phong,49.06,2025-09-09
CUST_03105,49.0,46132.14,Hai Phong,33.28,2025-12-06
CUST_03106,55.0,53114.04,Da Nang,49.1,2025-05-30
CUST_03107,47.0,36270.13,Hai Phong,75.11,2025-05-14
CUST_03108,23.0,56557.25,Hanoi,10.81,2025-10-16
CUST_03109,18.0,32346.11,Hai Phong,63.05,2026-01-06
CUST_03110,53.0,73225.13,Da Nang,65.2,2025-12-16
CUST_03111,58.0,36043.14,Can Tho,67.39,2025-04-03
CUST_03112,70.0,57761.46,Hanoi,31.78,2025-04-15
CUST_03113,29.0,53268.34,Hai Phong,74.26,2025-05-26
CUST_03114,59.0,33286.68,Hai Phong,18.23,2025-12-22
CUST_03115,27.0,46285.16,Hai Phong,27.93,2025-04-17
CUST_03116,60.0,78886.31,Da Nang,88.97,2025-07-08
CUST_03117,56.0,55470.7,Hai Phong,76.49,2025-11-09
CUST_03118,23.0,59135.43,Hai Phong,11.24,2025-11-24
CUST_03119,44.0,25720.04,Can Tho,32.35,2025-08-11
CUST_03120,28.0,37512.14,Hai Phong,29.3,2025-10-22
CUST_03121,57.0,38113.36,Da Nang,34.37,2025-09-22
CUST_03122,62.0,74507.14,Hanoi,32.28,2025-06-17
CUST_03123,68.0,46297.76,Hanoi,15.63,2025-01-10
CUST_03124,47.0,53679.42,Da Nang,51.3,2025-05-23
CUST_03125,41.0,31203.44,Ho Chi Minh,75.95,2025-06-15
CUST_03126,23.0,28133.21,Can Tho,64.61,2026-01-24
CUST_03127,38.0,73619.36,Hanoi,70.56,2025-01-09
CUST_03128,42.0,47484.66,Can Tho,17.3,2025-11-27
CUST_03129,66.0,48798.19,Da Nang,95.63,2025-06-21
CUST_03130,53.0,36791.23,Hai Phong,85.46,2026-02-05
CUST_03131,48.0,,Da Nang,82.46,2025-07-29
CUST_03132,62.0,71186.79,Ho Chi Minh,84.07,2025-07-29
CUST_03133,39.0,54485.31,Da Nang,93.94,2025-12-29
CUST_03134,51.0,55028.66,Can Tho,58.98,2025-10-23
CUST_03135,31.0,35823.33,Can Tho,28.03,2025-04-28
CUST_03136,24.0,40638.44,Can Tho,65.51,2025-09-06
CUST_03137,58.0,50550.94,Hai Phong,76.86,2025-06-25
CUST_03138,23.0,42443.86,Ho Chi Minh,76.41,2025-06-09
CUST_03139,62.0,42709.93,Hai Phong,56.93,2025-01-24
CUST_03140,68.0,41401.13,Ho Chi Minh,16.16,2025-03-11
CUST_03141,36.0,56909.12,Can Tho,43.4,2025-12-31
CUST_03142,38.0,51724.94,Ho Chi Minh,92.87,2026-01-19
CUST_03143,54.0,73143.8,Ho Chi Minh,62.6,2025-05-16
CUST_03144,40.0,49767.78,Can Tho,58.45,2025-04-02
CUST_03145,57.0,44407.21,Ho Chi Minh,34.2,2025-10-15
CUST_03146,51.0,78664.2,Hai Phong,43.16,2025-08-11
CUST_03147,49.0,38450.52,Can Tho,90.58,2025-02-06
CUST_03148,29.0,63303.64,Da Nang,69.98,2025-08-30
CUST_03149,32.0,62125.16,Can Tho,80.86,2025-12-26
CUST_03150,30.0,52010.18,Hai Phong,50.89,2025-10-02
CUST_03151,,61892.63,Hanoi,66.72,2025-10-28
CUST_03152,,63911.16,Hanoi,32.35,2025-03-27
CUST_03153,25.0,80775.49,Da Nang,73.49,2025-06-19
CUST_03154,31.0,76578.47,Hanoi,48.48,2025-08-17
CUST_03155,44.0,64013.03,Hanoi,49.83,2025-03-05
CUST_03156,39.0,63790.63,Da Nang,68.44,2025-06-03
CUST_03157,69.0,62348.26,Hai Phong,94.27,2025-01-18
CUST_03158,18.0,53933.31,Hanoi,15.76,2025-03-08
CUST_03159,62.0,55220.84,Da Nang,84.23,2025-06-19
CUST_03160,68.0,46821.98,Can Tho,36.31,2025-01-29
CUST_03161,37.0,62931.22,Can Tho,49.95,2025-12-16
CUST_03162,38.0,36281.63,Hanoi,11.97,2025-05-04
CUST_03163,25.0,62314.37,Hanoi,37.09,2025-10-03
CUST_03164,39.0,58998.53,Can Tho,55.24,2025-06-15
CUST_03165,54.0,54772.05,Hai Phong,15.06,2025-12-28
CUST_03166,19.0,45402.48,Can Tho,54.2,2025-09-09
CUST_03167,30.0,54355.56,Da Nang,93.44,2025-08-08
CUST_03168,39.0,55060.41,Can Tho,19.49,2026-01-17
CUST_03169,48.0,,Da Nang,78.8,2025-03-30
CUST_03170,69.0,76346.44,Da Nang,46.87,2026-01-22
CUST_03171,26.0,57211.99,Hanoi,68.97,2025-07-12
CUST_03172,58.0,69270.58,Da Nang,33.42,2025-06-04
CUST_03173,52.0,79868.3,Hanoi,24.35,2025-09-21
CUST_03174,47.0,45162.82,Can Tho,24.44,2025-02-06
CUST_03175,44.0,58290.25,Hai Phong,16.34,2025-11-19
CUST_03176,21.0,71796.44,Hai Phong,26.71,2025-07-30
CUST_03177,37.0,66661.36,Ho Chi Minh,69.78,2026-01-25
CUST_03178,61.0,67174.39,Hai Phong,89.35,2026-01-23
CUST_03179,52.0,67536.75,Ho Chi Minh,83.27,2025-05-08
CUST_03180,,51100.37,Can Tho,71.66,2025-09-22
CUST_03181,39.0,65317.74,Can Tho,19.94,2025-11-28
CUST_03182,68.0,28495.01,Da Nang,36.03,2025-05-28
CUST_03183,27.0,38753.32,Hanoi,37.88,2025-10-21
CUST_03184,19.0,51206.31,Can Tho,32.5,2025-05-06
CUST_03185,42.0,65851.81,Da Nang,56.35,2026-01-24
CUST_03186,28.0,55669.19,Hai Phong,58.2,2026-01-19
CUST_03187,42.0,38877.97,Can Tho,42.12,2025-07-28
CUST_03188,25.0,33254.38,Ho Chi Minh,41.84,2025-10-14
CUST_03189,66.0,60400.74,Hanoi,84.57,2025-01-27
CUST_03190,38.0,68066.56,Hai Phong,81.04,2025-12-10
CUST_03191,35.0,34971.2,Hanoi,37.7,2025-07-17
CUST_03192,49.0,57400.88,Hai Phong,92.24,2025-04-11
CUST_03193,41.0,50067.55,Da Nang,95.75,2025-06-15
CUST_03194,37.0,42909.94,Hanoi,39.41,2025-09-20
CUST_03195,37.0,31656.2,Can Tho,41.9,2025-06-29
CUST_03196,41.0,61105.27,Hanoi,55.51,2025-04-24
CUST_03197,67.0,47676.5,Da Nang,94.7,2025-01-10
CUST_03198,23.0,50000.12,Hanoi,88.87,2026-01-04
CUST_03199,19.0,54632.22,Hai Phong,19.23,2025-02-13
CUST_03200,50.0,61782.55,Da Nang,45.35,2025-01-12
CUST_03201,39.0,47383.38,Can Tho,59.8,2026-01-30
CUST_03202,64.0,,Ho Chi Minh,55.28,2025-02-10
CUST_03203,37.0,67769.3,Da Nang,27.45,2026-01-27
CUST_03204,27.0,64846.25,Ho Chi Minh,87.29,2025-03-14
CUST_03205,24.0,42005.15,Can Tho,70.92,2025-08-13
CUST_03206,51.0,52761.15,Hai Phong,85.41,2025-10-09
CUST_03207,26.0,21990.99,Da Nang,87.29,2025-10-23
CUST_03208,20.0,80297.37,Hanoi,77.35,2025-07-13
CUST_03209,63.0,46529.68,Ho Chi Minh,49.53,2025-11-04
CUST_03210,25.0,71853.36,Hanoi,64.95,2025-06-20
CUST_03211,,42571.61,Ho Chi Minh,24.43,2025-02-13
CUST_03212,61.0,56207.58,Can Tho,70.63,2025-11-09
CUST_03213,23.0,50789.4,Hanoi,26.13,2025-11-29
CUST_03214,20.0,67361.57,Can Tho,72.46,2025-04-17
CUST_03215,67.0,66738.45,Da Nang,30.66,2025-01-01
CUST_03216,37.0,50321.59,Ho Chi Minh,20.58,2026-01-24
CUST_03217,,65468.98,Da Nang,24.88,2025-05-31
CUST_03218,58.0,56078.81,Hanoi,10.18,2025-11-26
CUST_03219,38.0,56067.85,Can Tho,74.69,2025-09-15
CUST_03220,36.0,44394.93,Hanoi,75.92,2025-07-08
CUST_03221,38.0,76229.49,Hai Phong,56.34,2025-03-17
CUST_03222,60.0,52274.65,Da Nang,24.52,2025-12-29
CUST_03223,27.0,37561.51,Ho Chi Minh,17.52,2025-09-08
CUST_03224,25.0,67617.35,Hai Phong,11.72,2025-08-24
CUST_03225,,47263.76,Ho Chi Minh,24.92,2025-06-29
CUST_03226,50.0,66853.77,Ho Chi Minh,90.18,2025-09-26
CUST_03227,52.0,55982.27,Can Tho,31.74,2025-07-12
CUST_03228,38.0,81977.21,Hanoi,41.88,2026-01-24
CUST_03229,63.0,39498.19,Ho Chi Minh,19.48,2025-09-01
CUST_03230,54.0,50932.66,Can Tho,30.01,2025-01-25
CUST_03231,22.0,56621.73,Hai Phong,56.73,2025-04-21
CUST_03232,39.0,47083.81,Hanoi,64.7,2025-07-18
CUST_03233,21.0,45595.47,Ho Chi Minh,32.08,2025-06-17
CUST_03234,48.0,38894.22,Da Nang,15.2,2025-08-01
CUST_03235,21.0,49931.35,Hai Phong,45.19,2025-03-17
CUST_03236,21.0,46962.88,Hai Phong,31.08,2025-01-27
CUST_03237,43.0,50673.94,Can Tho,29.76,2025-04-10
CUST_03238,56.0,62212.06,Ho Chi Minh,96.39,2026-01-18
CUST_03239,58.0,40628.99,Ho Chi Minh,65.47,2025-08-05
CUST_03240,62.0,33341.35,Da Nang,60.12,2025-04-21
CUST_03241,40.0,40632.63,Hai Phong,47.42,2025-05-10
CUST_03242,70.0,48218.0,Hai Phong,48.6,2025-06-05
CUST_03243,66.0,51766.6,Ho Chi Minh,58.68,2025-12-15
CUST_03244,52.0,52402.7,Hai Phong,72.68,2025-05-25
CUST_03245,66.0,38000.33,Can Tho,73.19,2025-04-19
CUST_03246,54.0,56623.79,Hanoi,25.45,2025-11-18
CUST_03247,70.0,47388.18,Hanoi,55.01,2025-11-01
CUST_03248,62.0,26179.2,Da Nang,47.08,2025-05-13
CUST_03249,47.0,48624.95,Can Tho,88.35,2025-07-26
CUST_03250,59.0,59910.8,Da Nang,66.83,2025-09-18
CUST_03251,47.0,34476.27,Ho Chi Minh,57.93,2026-02-04
CUST_03252,32.0,38485.33,Hanoi,20.39,2025-11-03
CUST_03253,57.0,53723.88,Hai Phong,64.51,2025-07-13
CUST_03254,41.0,60608.04,Can Tho,20.55,2026-01-18
CUST_03255,62.0,39035.67,Ho Chi Minh,40.35,2026-01-14
CUST_03256,39.0,51992.92,Ho Chi Minh,22.86,2026-01-03
CUST_03257,38.0,52633.72,Hai Phong,72.29,2025-05-06
CUST_03258,19.0,49279.53,Da Nang,28.56,2025-04-30
CUST_03259,25.0,60056.23,Can Tho,45.27,2025-02-23
CUST_03260,47.0,61699.07,Ho Chi Minh,90.61,2025-10-03
CUST_03261,36.0,26018.93,Hai Phong,28.39,2025-02-06
CUST_03262,56.0,44642.65,Can Tho,55.7,2025-12-12
CUST_03263,50.0,27221.99,Can Tho,47.73,2025-03-19
CUST_03264,70.0,42824.89,Da Nang,11.63,2025-04-11
CUST_03265,24.0,47178.92,Hanoi,81.35,2025-04-24
CUST_03266,59.0,52971.17,Ho Chi Minh,16.21,2025-07-09
CUST_03267,37.0,58856.26,Hanoi,52.68,2025-08-14
CUST_03268,43.0,58345.68,Can Tho,60.46,2025-12-14
CUST_03269,33.0,53481.91,Hanoi,66.56,2025-08-04
CUST_03270,53.0,63244.39,Hai Phong,71.98,2025-02-15
CUST_03271,48.0,59057.13,Ho Chi Minh,32.79,2025-09-02
CUST_03272,39.0,25047.6,Da Nang,10.9,2026-01-01
CUST_03273,62.0,50308.85,Can Tho,75.11,2026-01-16
CUST_03274,68.0,45501.81,Hai Phong,58.21,2025-01-25
CUST_03275,54.0,37268.89,Can Tho,85.25,2025-08-18
CUST_03276,52.0,,Ho Chi Minh,83.92,2025-04-23
CUST_03277,29.0,30672.5,Da Nang,85.9,2025-03-05
CUST_03278,22.0,53242.26,Ho Chi Minh,53.66,2025-08-17
CUST_03279,63.0,65109.74,Hai Phong,40.03,2025-06-04
CUST_03280,49.0,20398.67,Can Tho,81.24,2025-05-24
CUST_03281,56.0,33022.1,Da Nang,50.62,2025-07-02
CUST_03282,53.0,41790.24,Ho Chi Minh,26.51,2025-08-25
CUST_03283,46.0,61456.63,Hanoi,86.95,2025-08-25
CUST_03284,43.0,56698.0,Hai Phong,89.43,2025-08-08
CUST_03285,24.0,51142.96,Hai Phong,51.97,2025-03-30
CUST_03286,56.0,48543.24,Can Tho,16.81,2025-12-12
CUST_03287,42.0,59102.14,Hai Phong,44.9,2025-07-31
CUST_03288,59.0,48909.49,Da Nang,82.32,2025-03-11
CUST_03289,23.0,40156.2,Da Nang,91.16,2025-07-18
CUST_03290,26.0,28581.37,Hai Phong,28.31,2025-05-06
CUST_03291,66.0,55376.87,Da Nang,16.03,2025-07-20
CUST_03292,18.0,74421.41,Hai Phong,88.96,2025-08-16
CUST_03293,60.0,72327.53,Hanoi,45.05,2025-10-03
CUST_03294,52.0,59236.84,Hanoi,58.76,2025-06-10
CUST_03295,57.0,41344.18,Hai Phong,97.13,2025-12-23
CUST_03296,30.0,79754.3,Can Tho,15.99,2025-01-22
CUST_03297,38.0,62493.18,Da Nang,68.35,2025-09-18
CUST_03298,68.0,,Can Tho,16.67,2025-11-11
CUST_03299,37.0,27706.57,Da Nang,43.79,2025-10-11
CUST_03300,45.0,45305.82,Can Tho,82.34,2025-11-06
CUST_03301,40.0,50936.18,Can Tho,49.01,2025-09-08
CUST_03302,55.0,39693.85,Hai Phong,99.75,2025-09-11
CUST_03303,,53567.54,Ho Chi Minh,60.32,2025-05-16
CUST_03304,43.0,77217.66,Ho Chi Minh,38.9,2025-09-11
CUST_03305,36.0,28777.98,Hanoi,29.81,2026-01-31
CUST_03306,53.0,42360.0,Can Tho,41.55,2025-07-11
CUST_03307,18.0,76956.78,Hai Phong,43.53,2025-11-10
CUST_03308,70.0,30148.26,Hai Phong,16.18,2025-05-20
CUST_03309,25.0,78279.84,Ho Chi Minh,43.26,2025-12-17
CUST_03310,19.0,92991.38,Hanoi,51.78,2025-05-27
CUST_03311,62.0,65112.39,Da Nang,75.05,2025-11-29
CUST_03312,58.0,45466.79,Da Nang,69.11,2025-05-03
CUST_03313,42.0,47877.0,Da Nang,73.79,2025-05-27
CUST_03314,45.0,61451.17,Ho Chi Minh,10.75,2025-09-15
CUST_03315,60.0,50412.17,Hai Phong,29.59,2025-12-31
CUST_03316,26.0,47011.01,Ho Chi Minh,69.55,2025-06-21
CUST_03317,42.0,16507.14,Can Tho,53.56,2025-03-12
CUST_03318,41.0,42414.47,Hanoi,10.48,2025-10-28
CUST_03319,27.0,38984.55,Can Tho,82.4,2025-07-01
CUST_03320,60.0,19691.95,Hanoi,79.55,2025-04-08
CUST_03321,18.0,56985.34,Hai Phong,59.36,2025-08-17
CUST_03322,19.0,47709.08,Can Tho,15.98,2026-01-19
CUST_03323,49.0,28547.35,Can Tho,78.99,2025-08-24
CUST_03324,26.0,38089.78,Hanoi,62.53,2025-05-10
CUST_03325,59.0,39432.38,Hanoi,80.38,2025-01-15
CUST_03326,47.0,47355.57,Ho Chi Minh,77.66,2026-01-21
CUST_03327,62.0,29530.78,Hai Phong,82.27,2025-05-03
CUST_03328,45.0,48916.59,Can Tho,56.62,2025-09-01
CUST_03329,47.0,37077.88,Da Nang,22.63,2025-07-19
CUST_03330,53.0,45595.96,Hai Phong,70.4,2025-08-27
CUST_03331,42.0,45997.46,Ho Chi Minh,65.84,2025-08-03
CUST_03332,29.0,57060.85,Ho Chi Minh,76.8,2025-10-13
CUST_03333,18.0,55989.77,Da Nang,25.29,2025-09-01
CUST_03334,64.0,41782.42,Can Tho,27.55,2025-05-25
CUST_03335,50.0,38123.4,Can Tho,90.14,2025-01-13
CUST_03336,52.0,36313.53,Hai Phong,77.5,2025-05-16
CUST_03337,20.0,46571.35,Can Tho,91.74,2025-03-18
CUST_03338,54.0,31444.38,Can Tho,78.28,2025-01-12
CUST_03339,41.0,56164.63,Hanoi,63.74,2025-09-03
CUST_03340,48.0,60369.41,Can Tho,68.87,2025-08-04
CUST_03341,23.0,52534.95,Hanoi,90.02,2025-08-28
CUST_03342,64.0,24018.68,Da Nang,62.09,2025-07-01
CUST_03343,66.0,65655.73,Hanoi,66.92,2025-02-11
CUST_03344,47.0,31759.21,Ho Chi Minh,24.08,2025-06-07
CUST_03345,51.0,48953.55,Hanoi,52.65,2025-11-02
CUST_03346,23.0,28670.16,Can Tho,74.48,2025-08-16
CUST_03347,58.0,23059.08,Ho Chi Minh,34.38,2025-06-29
CUST_03348,60.0,53269.39,Ho Chi Minh,28.2,2025-04-13
CUST_03349,58.0,46908.74,Ho Chi Minh,38.24,2025-06-02
CUST_03350,55.0,45880.25,Hai Phong,31.74,2025-02-15
CUST_03351,21.0,58432.47,Da Nang,29.34,2025-02-08
CUST_03352,52.0,51381.3,Ho Chi Minh,48.24,2025-06-12
CUST_03353,48.0,74917.48,Da Nang,91.71,2026-01-22
CUST_03354,48.0,72011.59,Hai Phong,55.64,2025-08-30
CUST_03355,39.0,49571.03,Hanoi,26.91,2026-01-28
CUST_03356,69.0,56309.51,Ho Chi Minh,16.93,2025-04-17
CUST_03357,28.0,34855.87,Can Tho,72.65,2025-11-30
CUST_03358,56.0,42116.93,Ho Chi Minh,44.45,2026-02-02
CUST_03359,64.0,58265.9,Hanoi,83.96,2025-04-17
CUST_03360,34.0,54317.16,Ho Chi Minh,69.36,2025-01-31
CUST_03361,48.0,53105.21,Hanoi,81.66,2025-11-15
CUST_03362,54.0,37349.81,Can Tho,34.48,2025-10-29
CUST_03363,36.0,45587.21,Hanoi,72.31,2025-01-30
CUST_03364,57.0,50919.26,Da Nang,33.77,2025-01-17
CUST_03365,,61010.7,Hanoi,94.52,2025-11-26
CUST_03366,26.0,40389.81,Ho Chi Minh,67.27,2026-01-03
CUST_03367,68.0,48035.68,Hai Phong,39.21,2025-01-24
CUST_03368,26.0,38129.73,Hai Phong,34.26,2025-10-20
CUST_03369,35.0,61088.4,Hanoi,27.18,2025-05-23
CUST_03370,18.0,60805.32,Hai Phong,72.52,2026-01-14
CUST_03371,56.0,64383.78,Da Nang,29.68,2025-01-18
CUST_03372,55.0,49155.6,Hanoi,63.58,2025-07-29
CUST_03373,60.0,59451.51,Hai Phong,33.82,2025-07-10
CUST_03374,69.0,67252.69,Hanoi,69.58,2025-07-23
CUST_03375,68.0,66382.23,Ho Chi Minh,83.34,2025-07-02
CUST_03376,49.0,54137.85,Ho Chi Minh,80.02,2026-01-07
CUST_03377,51.0,33413.28,Ho Chi Minh,78.48,2025-09-17
CUST_03378,39.0,37611.0,Hai Phong,26.9,2025-03-18
CUST_03379,27.0,75806.33,Ho Chi Minh,17.95,2025-05-04
CUST_03380,70.0,49795.86,Hanoi,72.91,2026-01-17
CUST_03381,49.0,61335.95,Da Nang,43.15,2025-05-29
CUST_03382,44.0,35603.0,Can Tho,48.91,2026-01-05
CUST_03383,33.0,61046.16,Can Tho,12.8,2025-05-15
CUST_03384,64.0,17398.78,Da Nang,33.36,2025-06-25
CUST_03385,31.0,18977.29,Hai Phong,13.03,2025-05-06
CUST_03386,40.0,44369.33,Can Tho,89.13,2025-09-26
CUST_03387,34.0,48222.96,Da Nang,31.91,2025-06-20
CUST_03388,25.0,74321.82,Hanoi,60.16,2025-12-02
CUST_03389,47.0,33756.5,Ho Chi Minh,13.51,2025-12-03
CUST_03390,37.0,45005.34,Hanoi,70.02,2025-08-05
CUST_03391,66.0,58247.91,Hanoi,39.07,2025-07-07
CUST_03392,32.0,72402.97,Hanoi,90.81,2025-05-06
CUST_03393,63.0,40973.56,Hai Phong,89.93,2025-06-25
CUST_03394,34.0,56583.36,Ho Chi Minh,39.28,2025-04-03
CUST_03395,45.0,31726.41,Hanoi,91.09,2025-04-13
CUST_03396,,63262.05,Ho Chi Minh,99.65,2025-12-13
CUST_03397,46.0,36387.03,Hanoi,84.29,2025-03-08
CUST_03398,38.0,32407.83,Ho Chi Minh,86.04,2025-07-30
CUST_03399,61.0,80594.4,Hanoi,32.41,2025-08-09
CUST_03400,24.0,54003.59,Ho Chi Minh,61.9,2025-01-17
CUST_03401,58.0,44974.89,Hai Phong,16.05,2025-11-20
CUST_03402,45.0,21472.61,Can Tho,18.54,2025-12-16
CUST_03403,59.0,61081.34,Da Nang,99.9,2025-12-10
CUST_03404,39.0,47212.14,Can Tho,39.4,2026-01-26
CUST_03405,69.0,22097.05,Ho Chi Minh,77.34,2025-01-07
CUST_03406,59.0,73029.02,Hai Phong,82.6,2025-01-19
CUST_03407,47.0,63687.13,Da Nang,87.22,2025-05-14
CUST_03408,65.0,45182.96,Hai Phong,99.79,2025-08-27
CUST_03409,61.0,60260.38,Hai Phong,31.73,2025-01-15
CUST_03410,30.0,74375.22,Hanoi,13.63,2025-10-20
CUST_03411,61.0,40707.02,Can Tho,47.01,2026-01-13
CUST_03412,29.0,47396.8,Da Nang,21.71,2025-02-10
CUST_03413,18.0,47100.94,Hanoi,12.02,2025-02-05
CUST_03414,22.0,27893.98,Hai Phong,42.44,2025-01-31
CUST_03415,,57819.51,Da Nang,80.54,2026-01-12
CUST_03416,24.0,21127.34,Hai Phong,60.96,2025-05-06
CUST_03417,40.0,17197.78,Hai Phong,38.15,2025-06-07
CUST_03418,36.0,43666.79,Hai Phong,68.89,2025-10-27
CUST_03419,20.0,58638.28,Can Tho,30.88,2026-01-21
CUST_03420,,57052.11,Ho Chi Minh,11.29,2025-12-07
CUST_03421,56.0,55828.25,Ho Chi Minh,78.79,2025-07-05
CUST_03422,31.0,39463.72,Can Tho,66.14,2025-08-04
CUST_03423,58.0,32143.68,Hai Phong,78.61,2025-02-09
CUST_03424,25.0,35209.96,Hanoi,13.5,2025-02-10
CUST_03425,56.0,44713.95,Ho Chi Minh,85.34,2025-11-04
CUST_03426,60.0,70752.2,Da Nang,65.76,2025-12-19
CUST_03427,59.0,52943.26,Can Tho,60.71,2026-01-27
CUST_03428,29.0,60045.88,Can Tho,66.22,2025-11-03
CUST_03429,62.0,56283.22,Hai Phong,87.8,2025-09-14
CUST_03430,36.0,67224.1,Ho Chi Minh,62.82,2025-10-18
CUST_03431,22.0,67427.09,Hanoi,62.29,2025-10-30
CUST_03432,35.0,66820.3,Da Nang,99.16,2026-01-12
CUST_03433,62.0,69959.33,Can Tho,78.11,2025-07-24
CUST_03434,67.0,62676.71,Hanoi,49.81,2025-06-10
CUST_03435,34.0,55574.41,Da Nang,73.67,2025-02-11
CUST_03436,22.0,44672.01,Ho Chi Minh,45.03,2025-02-14
CUST_03437,21.0,50367.26,Can Tho,30.6,2025-10-08
CUST_03438,39.0,56557.97,Da Nang,63.72,2025-02-22
CUST_03439,34.0,64287.22,Ho Chi Minh,93.54,2025-12-16
CUST_03440,34.0,66145.65,Hai Phong,93.62,2025-06-12
CUST_03441,22.0,46677.02,Ho Chi Minh,40.77,2025-09-15
CUST_03442,30.0,52208.38,Ho Chi Minh,57.49,2025-04-21
CUST_03443,29.0,50006.77,Hai Phong,29.05,2026-01-19
CUST_03444,24.0,24608.12,Hanoi,99.61,2025-08-18
CUST_03445,67.0,56703.84,Hanoi,98.3,2025-05-22
CUST_03446,57.0,49638.33,Can Tho,68.46,2025-07-25
CUST_03447,46.0,54325.89,Ho Chi Minh,82.4,2025-08-07
CUST_03448,24.0,26450.45,Hanoi,74.36,2025-02-09
CUST_03449,22.0,,Can Tho,63.38,2025-06-09
CUST_03450,34.0,50893.14,Hanoi,14.8,2026-01-09
CUST_03451,19.0,53364.55,Can Tho,50.93,2025-06-06
CUST_03452,27.0,42127.53,Ho Chi Minh,70.73,2025-08-29
CUST_03453,18.0,63390.53,Ho Chi Minh,70.98,2025-08-18
CUST_03454,60.0,47589.51,Hai Phong,43.58,2025-08-06
CUST_03455,27.0,49635.74,Hanoi,94.75,2025-02-17
CUST_03456,43.0,38517.86,Da Nang,25.06,2025-09-19
CUST_03457,50.0,36669.6,Hanoi,55.03,2025-11-26
CUST_03458,67.0,18621.86,Da Nang,72.18,2026-01-27
CUST_03459,45.0,28365.02,Hanoi,72.74,2025-11-28
CUST_03460,64.0,66729.93,Hanoi,68.38,2025-07-29
CUST_03461,68.0,34734.85,Da Nang,34.78,2025-09-19
CUST_03462,32.0,32304.77,Can Tho,24.06,2025-09-07
CUST_03463,,75760.85,Can Tho,67.23,2025-12-09
CUST_03464,70.0,60907.96,Hai Phong,63.94,2025-01-01
CUST_03465,25.0,21679.72,Da Nang,26.14,2025-05-24
CUST_03466,40.0,59666.54,Hanoi,73.46,2026-01-04
CUST_03467,37.0,57880.53,Ho Chi Minh,50.97,2025-08-25
CUST_03468,58.0,48087.67,Hai Phong,70.1,2026-01-11
CUST_03469,59.0,52893.37,Ho Chi Minh,85.36,2025-10-26
CUST_03470,52.0,59381.33,Ho Chi Minh,25.28,2025-07-30
CUST_03471,39.0,75907.34,Hanoi,11.72,2025-07-24
CUST_03472,47.0,43196.7,Hai Phong,80.12,2025-12-10
CUST_03473,36.0,44927.64,Can Tho,64.87,2025-11-30
CUST_03474,29.0,46861.71,Hanoi,72.97,2026-02-05
CUST_03475,42.0,55107.19,Ho Chi Minh,85.43,2025-07-16
CUST_03476,37.0,49391.77,Can Tho,82.25,2025-10-08
CUST_03477,24.0,25709.18,Hai Phong,96.48,2025-03-17
CUST_03478,40.0,54134.59,Da Nang,58.23,2025-12-29
CUST_03479,58.0,48383.03,Hai Phong,53.96,2025-11-11
CUST_03480,30.0,52884.5,Ho Chi Minh,46.17,2025-01-09
CUST_03481,30.0,39332.94,Hanoi,23.83,2026-01-15
CUST_03482,,74200.21,Da Nang,61.53,2025-07-10
CUST_03483,33.0,44795.86,Da Nang,34.93,2025-12-31
CUST_03484,22.0,49636.56,Ho Chi Minh,92.92,2025-03-10
CUST_03485,59.0,34186.11,Hanoi,62.49,2025-07-08
CUST_03486,52.0,78696.36,Ho Chi Minh,63.36,2025-07-26
CUST_03487,69.0,39433.41,Ho Chi Minh,41.94,2025-06-25
CUST_03488,19.0,40273.53,Da Nang,14.68,2025-11-04
CUST_03489,21.0,61560.4,Ho Chi Minh,12.86,2025-10-28
CUST_03490,64.0,51184.87,Da Nang,48.1,2025-07-11
CUST_03491,25.0,35225.14,Hanoi,17.61,2025-01-09
CUST_03492,59.0,59656.65,Ho Chi Minh,64.62,2025-09-27
CUST_03493,47.0,46198.35,Ho Chi Minh,89.29,2025-11-25
CUST_03494,52.0,49653.72,Can Tho,89.46,2025-11-13
CUST_03495,55.0,63683.05,Ho Chi Minh,69.31,2025-02-04
CUST_03496,22.0,34735.62,Can Tho,29.01,2025-05-22
CUST_03497,27.0,45009.39,Ho Chi Minh,87.67,2026-01-03
CUST_03498,19.0,24653.85,Hai Phong,89.75,2025-03-26
CUST_03499,57.0,52352.52,Hai Phong,27.7,2025-12-26
CUST_03500,62.0,54452.86,Da Nang,76.37,2025-04-30
CUST_03501,18.0,67739.49,Ho Chi Minh,35.79,2025-12-21
CUST_03502,21.0,60811.91,Da Nang,82.24,2025-04-29
CUST_03503,70.0,52800.79,Da Nang,99.75,2025-01-02
CUST_03504,47.0,,Can Tho,12.7,2026-01-09
CUST_03505,55.0,40679.18,Can Tho,90.76,2025-04-03
CUST_03506,70.0,53195.81,Hai Phong,66.04,2025-10-22
CUST_03507,49.0,40563.67,Can Tho,97.6,2025-12-27
CUST_03508,57.0,33550.91,Da Nang,51.85,2025-04-06
CUST_03509,69.0,60489.38,Da Nang,86.26,2025-09-12
CUST_03510,39.0,53127.7,Can Tho,15.62,2025-08-05
CUST_03511,65.0,71005.01,Ho Chi Minh,40.18,2025-05-27
CUST_03512,38.0,57324.63,Can Tho,16.03,2025-01-09
CUST_03513,61.0,46315.01,Da Nang,97.78,2025-06-11
CUST_03514,26.0,47116.25,Da Nang,83.53,2025-05-23
CUST_03515,68.0,42869.97,Ho Chi Minh,86.73,2025-09-04
CUST_03516,20.0,23906.59,Hanoi,94.42,2025-12-15
CUST_03517,39.0,98934.0,Ho Chi Minh,17.66,2025-05-04
CUST_03518,35.0,54865.62,Hai Phong,44.7,2025-11-16
CUST_03519,44.0,62747.12,Can Tho,16.39,2025-10-01
CUST_03520,41.0,71741.17,Da Nang,28.97,2025-08-05
CUST_03521,46.0,32015.48,Can Tho,30.64,2025-03-31
CUST_03522,55.0,31796.63,Da Nang,52.22,2025-03-21
CUST_03523,24.0,52397.11,Ho Chi Minh,34.17,2025-02-04
CUST_03524,58.0,37652.66,Hai Phong,19.09,2025-05-10
CUST_03525,67.0,30396.97,Ho Chi Minh,25.07,2025-01-29
CUST_03526,49.0,35699.01,Da Nang,23.25,2025-07-01
CUST_03527,18.0,19722.44,Can Tho,97.58,2025-02-04
CUST_03528,23.0,58548.96,Hai Phong,78.34,2025-04-21
CUST_03529,55.0,40151.69,Hai Phong,97.1,2025-02-15
CUST_03530,44.0,61005.08,Can Tho,49.58,2025-09-30
CUST_03531,68.0,46618.02,Hai Phong,35.05,2025-07-18
CUST_03532,62.0,56119.54,Hai Phong,81.85,2025-07-12
CUST_03533,27.0,42380.73,Hanoi,39.36,2025-01-17
CUST_03534,51.0,69388.69,Ho Chi Minh,36.94,2025-06-07
CUST_03535,33.0,54418.98,Hai Phong,30.93,2025-09-06
CUST_03536,57.0,58689.41,Hai Phong,21.67,2025-06-07
CUST_03537,56.0,55288.73,Hanoi,33.08,2025-08-19
CUST_03538,49.0,38643.61,Hanoi,41.98,2025-05-05
CUST_03539,23.0,34159.79,Hanoi,70.66,2025-04-20
CUST_03540,68.0,60880.0,Ho Chi Minh,15.63,2025-10-10
CUST_03541,44.0,35841.52,Da Nang,28.95,2025-10-30
CUST_03542,,6723.17,Ho Chi Minh,82.81,2025-02-16
CUST_03543,25.0,68824.44,Hai Phong,23.22,2025-05-10
CUST_03544,24.0,67175.82,Hanoi,40.84,2025-08-21
CUST_03545,66.0,26688.53,Can Tho,87.82,2026-01-11
CUST_03546,50.0,58894.25,Can Tho,23.94,2026-01-15
CUST_03547,67.0,47089.51,Ho Chi Minh,17.45,2025-09-14
CUST_03548,31.0,32060.95,Can Tho,53.61,2025-06-23
CUST_03549,30.0,38626.24,Ho Chi Minh,37.22,2025-03-27
CUST_03550,27.0,41471.5,Hai Phong,60.71,2025-05-14
CUST_03551,48.0,70616.92,Da Nang,82.34,2025-08-22
CUST_03552,28.0,74455.91,Ho Chi Minh,22.34,2025-06-03
CUST_03553,20.0,77943.56,Hanoi,62.26,2025-06-04
CUST_03554,41.0,46636.87,Da Nang,55.5,2025-03-07
CUST_03555,45.0,55704.19,Hanoi,22.97,2025-01-02
CUST_03556,57.0,45114.68,Ho Chi Minh,66.16,2025-04-07
CUST_03557,66.0,39438.55,Hanoi,34.63,2025-06-17
CUST_03558,24.0,41262.03,Ho Chi Minh,53.91,2025-11-07
CUST_03559,52.0,62061.05,Hai Phong,17.4,2025-05-15
CUST_03560,68.0,66009.77,Hai Phong,51.36,2025-05-25
CUST_03561,,39197.97,Ho Chi Minh,37.58,2025-02-22
CUST_03562,22.0,54743.47,Hai Phong,84.01,2025-01-09
CUST_03563,64.0,38935.86,Can Tho,15.13,2026-01-18
CUST_03564,55.0,60615.1,Ho Chi Minh,47.67,2025-12-11
CUST_03565,30.0,67127.22,Da Nang,51.26,2025-03-27
CUST_03566,38.0,51611.74,Hai Phong,75.25,2026-01-05
CUST_03567,25.0,46689.2,Can Tho,61.69,2025-04-26
CUST_03568,24.0,42259.81,Can Tho,70.05,2026-02-05
CUST_03569,44.0,12091.1,Ho Chi Minh,79.93,2025-09-16
CUST_03570,42.0,31721.01,Da Nang,87.6,2025-09-04
CUST_03571,22.0,54211.32,Ho Chi Minh,38.25,2025-11-27
CUST_03572,49.0,61048.44,Hanoi,58.42,2025-04-26
CUST_03573,45.0,53710.46,Hanoi,85.61,2025-07-02
CUST_03574,57.0,37602.59,Can Tho,99.05,2025-02-12
CUST_03575,42.0,53549.42,Hanoi,90.06,2025-10-03
CUST_03576,47.0,50924.71,Hanoi,43.43,2026-01-18
CUST_03577,58.0,50281.71,Can Tho,27.56,2025-12-16
CUST_03578,35.0,51691.52,Hanoi,54.05,2025-12-25
CUST_03579,26.0,25866.86,Da Nang,76.75,2026-01-22
CUST_03580,54.0,69793.38,Hanoi,54.33,2025-07-28
CUST_03581,26.0,62783.5,Can Tho,53.49,2025-07-31
CUST_03582,47.0,27978.93,Hanoi,85.44,2025-06-08
CUST_03583,28.0,36484.78,Ho Chi Minh,42.53,2025-09-12
CUST_03584,32.0,26020.79,Hanoi,87.38,2025-09-03
CUST_03585,56.0,52868.19,Hai Phong,46.61,2025-06-04
CUST_03586,68.0,46275.83,Da Nang,39.54,2025-02-18
CUST_03587,57.0,40748.01,Hanoi,50.86,2025-04-15
CUST_03588,54.0,42141.42,Da Nang,78.62,2025-02-16
CUST_03589,32.0,58280.46,Hanoi,21.34,2025-04-15
CUST_03590,51.0,39709.0,Can Tho,27.68,2025-07-07
CUST_03591,31.0,61867.88,Can Tho,95.63,2025-02-09
CUST_03592,47.0,36174.75,Da Nang,25.79,2025-09-16
CUST_03593,64.0,36784.95,Hai Phong,61.1,2025-12-12
CUST_03594,33.0,33595.27,Hai Phong,62.14,2025-04-07
CUST_03595,45.0,42269.42,Ho Chi Minh,54.07,2025-01-05
CUST_03596,55.0,40948.32,Ho Chi Minh,68.03,2025-03-14
CUST_03597,54.0,37855.51,Ho Chi Minh,30.68,2025-07-01
CUST_03598,44.0,41311.54,Hai Phong,59.74,2025-09-21
CUST_03599,20.0,68149.39,Hanoi,43.5,2025-07-11
CUST_03600,64.0,34087.21,Hai Phong,69.55,2025-04-11
CUST_03601,20.0,55577.21,Ho Chi Minh,22.71,2025-05-17
CUST_03602,43.0,55941.27,Da Nang,61.38,2025-08-03
CUST_03603,69.0,49546.2,Can Tho,26.67,2026-01-31
CUST_03604,24.0,32545.76,Hanoi,35.08,2025-06-12
CUST_03605,33.0,46492.63,Da Nang,29.68,2025-10-01
CUST_03606,66.0,53112.86,Ho Chi Minh,26.46,2025-02-10
CUST_03607,,29393.81,Hanoi,84.31,2025-06-28
CUST_03608,31.0,34670.05,Can Tho,35.71,2025-04-18
CUST_03609,36.0,31685.36,Ho Chi Minh,93.44,2025-11-15
CUST_03610,23.0,47219.28,Ho Chi Minh,97.29,2025-09-27
CUST_03611,,53194.69,Ho Chi Minh,61.41,2026-02-02
CUST_03612,28.0,60423.28,Can Tho,22.87,2025-10-03
CUST_03613,54.0,40671.79,Hanoi,43.71,2025-07-06
CUST_03614,19.0,71856.95,Can Tho,81.8,2025-11-23
CUST_03615,47.0,56981.7,Hai Phong,43.07,2025-03-27
CUST_03616,63.0,48254.75,Can Tho,17.83,2025-12-22
CUST_03617,68.0,79129.67,Hanoi,60.11,2025-03-02
CUST_03618,58.0,51950.57,Hanoi,86.06,2025-09-08
CUST_03619,58.0,66367.93,Da Nang,81.63,2025-10-09
CUST_03620,,,Da Nang,25.76,2025-11-05
CUST_03621,42.0,62154.29,Ho Chi Minh,70.55,2025-06-17
CUST_03622,39.0,51359.02,Hanoi,29.85,2025-06-25
CUST_03623,36.0,67949.83,Hai Phong,29.64,2025-11-15
CUST_03624,35.0,30426.48,Da Nang,88.67,2025-11-14
CUST_03625,57.0,50523.04,Hai Phong,32.47,2025-01-30
CUST_03626,68.0,51168.23,Hai Phong,33.69,2025-10-23
CUST_03627,61.0,55778.84,Da Nang,10.06,2025-09-25
CUST_03628,39.0,49563.63,Ho Chi Minh,88.36,2025-06-05
CUST_03629,21.0,54743.98,Da Nang,81.33,2025-12-28
CUST_03630,61.0,46339.4,Hai Phong,66.46,2025-12-13
CUST_03631,21.0,57410.52,Da Nang,77.52,2025-02-08
CUST_03632,41.0,56588.81,Ho Chi Minh,23.68,2025-03-29
CUST_03633,20.0,48874.73,Ho Chi Minh,51.25,2025-10-11
CUST_03634,29.0,50860.08,Ho Chi Minh,41.61,2025-07-12
CUST_03635,63.0,60120.97,Can Tho,18.44,2025-06-19
CUST_03636,63.0,42942.44,Ho Chi Minh,53.75,2025-07-04
CUST_03637,26.0,51328.02,Ho Chi Minh,92.87,2025-09-23
CUST_03638,33.0,55660.89,Can Tho,13.61,2025-02-26
CUST_03639,59.0,28478.99,Can Tho,36.23,2025-07-12
CUST_03640,66.0,58867.81,Hanoi,28.68,2025-08-24
CUST_03641,62.0,50782.83,Ho Chi Minh,31.43,2025-06-26
CUST_03642,65.0,57984.47,Can Tho,91.76,2026-01-24
CUST_03643,38.0,33206.35,Hanoi,52.13,2025-11-14
CUST_03644,35.0,47585.88,Da Nang,51.97,2025-04-02
CUST_03645,45.0,84563.26,Can Tho,78.45,2025-04-21
CUST_03646,22.0,34855.11,Can Tho,23.9,2025-10-03
CUST_03647,46.0,73819.0,Hanoi,53.85,2025-04-16
CUST_03648,51.0,26633.52,Da Nang,48.7,2025-02-19
CUST_03649,48.0,59604.66,Hanoi,63.72,2025-10-28
CUST_03650,61.0,54927.23,Can Tho,99.96,2025-04-23
CUST_03651,36.0,39949.32,Da Nang,79.25,2025-06-09
CUST_03652,41.0,2096.34,Can Tho,45.81,2025-09-30
CUST_03653,62.0,36567.15,Ho Chi Minh,84.48,2026-01-26
CUST_03654,22.0,35275.13,Hanoi,25.36,2025-10-20
CUST_03655,47.0,42794.92,Da Nang,12.74,2025-02-16
CUST_03656,43.0,44504.07,Hanoi,28.4,2025-10-08
CUST_03657,36.0,32006.84,Da Nang,40.64,2026-01-02
CUST_03658,22.0,56772.38,Hanoi,55.95,2026-01-27
CUST_03659,35.0,46661.4,Hai Phong,65.36,2025-01-22
CUST_03660,27.0,61277.0,Hai Phong,91.95,2026-01-10
CUST_03661,31.0,36525.03,Hanoi,55.89,2025-01-29
CUST_03662,58.0,60534.43,Hanoi,55.11,2025-04-11
CUST_03663,,22177.32,Can Tho,14.52,2025-09-30
CUST_03664,61.0,44052.2,Hanoi,13.14,2025-02-03
CUST_03665,26.0,55864.91,Da Nang,59.6,2025-05-13
CUST_03666,44.0,52269.51,Hai Phong,49.44,2025-07-17
CUST_03667,59.0,63719.33,Can Tho,85.53,2025-04-07
CUST_03668,,26095.13,Can Tho,24.46,2025-05-13
CUST_03669,19.0,68941.03,Hai Phong,12.25,2025-03-07
CUST_03670,32.0,34155.54,Hai Phong,50.41,2025-12-27
CUST_03671,51.0,46029.9,Can Tho,31.37,2025-11-07
CUST_03672,44.0,27922.29,Hai Phong,14.47,2025-03-30
CUST_03673,59.0,39707.13,Can Tho,75.21,2025-06-09
CUST_03674,38.0,69449.81,Ho Chi Minh,20.04,2025-03-22
CUST_03675,60.0,87711.26,Da Nang,64.75,2025-02-22
CUST_03676,53.0,74678.37,Ho Chi Minh,35.29,2025-12-19
CUST_03677,37.0,45118.01,Da Nang,25.61,2025-11-08
CUST_03678,68.0,27822.14,Da Nang,44.18,2025-07-09
CUST_03679,68.0,45150.89,Hanoi,82.13,2025-10-22
CUST_03680,48.0,24667.36,Hai Phong,45.29,2025-08-26
CUST_03681,36.0,43179.55,Hai Phong,77.57,2026-01-17
CUST_03682,21.0,73474.61,Can Tho,21.29,2025-05-04
CUST_03683,36.0,74034.06,Da Nang,79.55,2026-01-26
CUST_03684,28.0,71949.3,Da Nang,31.32,2025-01-27
CUST_03685,28.0,43081.09,Da Nang,70.97,2025-10-28
CUST_03686,36.0,28171.25,Da Nang,60.92,2026-01-12
CUST_03687,29.0,59748.79,Ho Chi Minh,93.62,2025-02-22
CUST_03688,62.0,71278.73,Hai Phong,44.86,2025-03-30
CUST_03689,68.0,45811.25,Can Tho,15.95,2025-02-02
CUST_03690,33.0,61687.11,Ho Chi Minh,11.72,2025-09-21
CUST_03691,38.0,33064.13,Hai Phong,84.42,2025-06-10
CUST_03692,46.0,61958.66,Da Nang,57.23,2025-03-21
CUST_03693,29.0,56972.71,Hanoi,79.77,2025-08-30
CUST_03694,63.0,74325.17,Can Tho,31.1,2025-04-09
CUST_03695,38.0,44148.73,Hai Phong,41.06,2025-06-01
CUST_03696,27.0,78534.5,Hai Phong,12.71,2025-02-16
CUST_03697,52.0,68530.27,Hanoi,96.53,2025-02-14
CUST_03698,52.0,33825.11,Ho Chi Minh,70.11,2025-06-01
CUST_03699,19.0,55528.92,Can Tho,93.99,2026-01-06
CUST_03700,49.0,63530.05,Can Tho,33.89,2025-07-25
CUST_03701,47.0,82240.21,Hanoi,65.03,2025-02-15
CUST_03702,27.0,68261.82,Da Nang,71.06,2025-04-11
CUST_03703,,59741.51,Hai Phong,38.58,2025-05-08
CUST_03704,50.0,30005.95,Ho Chi Minh,86.33,2025-02-12
CUST_03705,63.0,54945.75,Hanoi,95.24,2025-06-20
CUST_03706,36.0,62216.22,Can Tho,89.64,2025-11-25
CUST_03707,66.0,34657.81,Hai Phong,76.52,2025-07-02
CUST_03708,54.0,66136.34,Ho Chi Minh,34.97,2025-07-05
CUST_03709,69.0,26419.39,Ho Chi Minh,35.35,2025-04-11
CUST_03710,46.0,65975.94,Hanoi,96.7,2025-01-28
CUST_03711,25.0,95404.8,Hanoi,10.93,2025-02-02
CUST_03712,20.0,42395.74,Da Nang,74.44,2025-06-14
CUST_03713,53.0,66631.08,Can Tho,73.56,2025-04-25
CUST_03714,19.0,42199.33,Hai Phong,66.04,2025-01-20
CUST_03715,32.0,42179.68,Hai Phong,99.11,2025-04-08
CUST_03716,23.0,81267.66,Hanoi,38.07,2025-01-31
CUST_03717,56.0,55943.81,Hai Phong,40.6,2025-06-07
CUST_03718,55.0,34714.5,Hanoi,17.1,2025-06-01
CUST_03719,68.0,64185.23,Can Tho,49.85,2025-01-06
CUST_03720,35.0,57602.88,Da Nang,33.49,2025-08-19
CUST_03721,23.0,51481.75,Ho Chi Minh,40.9,2025-08-14
CUST_03722,46.0,52436.98,Ho Chi Minh,85.11,2025-09-30
CUST_03723,23.0,36478.13,Hanoi,94.19,2025-02-15
CUST_03724,43.0,63730.67,Hanoi,26.72,2025-12-10
CUST_03725,38.0,43979.26,Can Tho,43.53,2025-12-31
CUST_03726,50.0,33376.92,Da Nang,93.58,2025-02-21
CUST_03727,60.0,71989.88,Can Tho,15.56,2025-01-25
CUST_03728,27.0,44658.63,Hai Phong,18.31,2025-11-12
CUST_03729,45.0,44021.46,Hanoi,24.65,2026-01-15
CUST_03730,41.0,48196.14,Hai Phong,63.57,2025-07-28
CUST_03731,,64839.22,Hai Phong,23.54,2025-07-04
CUST_03732,37.0,63013.31,Hai Phong,97.13,2025-11-11
CUST_03733,53.0,85840.2,Can Tho,50.2,2025-10-09
CUST_03734,64.0,45173.63,Ho Chi Minh,55.14,2025-06-05
CUST_03735,65.0,57585.52,Da Nang,32.2,2025-12-06
CUST_03736,69.0,41298.75,Hanoi,52.39,2026-01-29
CUST_03737,28.0,66339.18,Hai Phong,69.57,2025-06-10
CUST_03738,45.0,16959.3,Can Tho,77.61,2025-06-13
CUST_03739,44.0,53479.12,Ho Chi Minh,77.85,2025-08-22
CUST_03740,55.0,36429.87,Can Tho,62.01,2025-07-28
CUST_03741,27.0,43037.96,Can Tho,91.39,2026-01-15
CUST_03742,48.0,53194.12,Can Tho,83.57,2025-12-29
CUST_03743,51.0,68146.89,Hanoi,78.13,2025-08-10
CUST_03744,22.0,57654.69,Da Nang,15.0,2025-05-02
CUST_03745,55.0,95641.4,Da Nang,10.62,2026-01-19
CUST_03746,23.0,38900.26,Hanoi,29.12,2025-06-06
CUST_03747,,59040.17,Hai Phong,69.72,2025-06-16
CUST_03748,35.0,48804.63,Ho Chi Minh,47.01,2025-06-05
CUST_03749,53.0,64773.89,Da Nang,46.22,2025-03-03
CUST_03750,54.0,30575.91,Da Nang,89.61,2026-02-05
CUST_03751,26.0,33954.86,Da Nang,90.6,2025-10-13
CUST_03752,42.0,49863.81,Ho Chi Minh,91.83,2026-01-15
CUST_03753,49.0,51848.13,Da Nang,38.25,2025-04-05
CUST_03754,70.0,72850.1,Hai Phong,72.2,2025-11-02
CUST_03755,55.0,27926.23,Hanoi,34.45,2025-10-30
CUST_03756,53.0,66439.29,Da Nang,27.15,2025-02-20
CUST_03757,32.0,21135.52,Ho Chi Minh,26.62,2025-03-14
CUST_03758,,58914.49,Hanoi,40.79,2025-07-28
CUST_03759,,76944.21,Can Tho,48.7,2025-11-11
CUST_03760,58.0,51715.33,Can Tho,84.79,2025-11-03
CUST_03761,48.0,43873.93,Ho Chi Minh,20.79,2025-05-17
CUST_03762,60.0,60635.33,Can Tho,76.14,2025-06-24
CUST_03763,44.0,56582.53,Da Nang,57.83,2025-03-20
CUST_03764,62.0,53094.55,Da Nang,35.92,2025-01-29
CUST_03765,19.0,60013.58,Hai Phong,54.35,2025-08-02
CUST_03766,35.0,53463.63,Da Nang,36.99,2025-06-07
CUST_03767,22.0,65255.49,Hai Phong,63.65,2025-12-17
CUST_03768,41.0,71988.93,Hai Phong,49.05,2025-02-12
CUST_03769,54.0,65428.89,Ho Chi Minh,24.8,2025-11-13
CUST_03770,34.0,70782.22,Can Tho,20.49,2026-01-11
CUST_03771,48.0,52103.81,Ho Chi Minh,59.2,2025-02-22
CUST_03772,70.0,67768.7,Da Nang,91.22,2025-01-12
CUST_03773,50.0,29655.15,Da Nang,40.96,2025-08-03
CUST_03774,19.0,72165.39,Ho Chi Minh,75.97,2025-02-23
CUST_03775,28.0,63513.53,Can Tho,69.28,2025-12-22
CUST_03776,27.0,-1214.49,Ho Chi Minh,93.84,2026-01-19
CUST_03777,62.0,40492.83,Hai Phong,83.89,2025-07-15
CUST_03778,28.0,31060.1,Da Nang,60.99,2025-11-25
CUST_03779,41.0,42295.89,Hai Phong,69.13,2025-07-14
CUST_03780,40.0,64183.22,Hai Phong,90.85,2025-12-20
CUST_03781,36.0,50599.8,Hai Phong,45.96,2025-11-12
CUST_03782,22.0,26067.54,Da Nang,39.41,2025-02-17
CUST_03783,67.0,40904.26,Ho Chi Minh,10.97,2025-01-09
CUST_03784,66.0,67585.08,Hai Phong,84.39,2025-01-31
CUST_03785,66.0,42413.07,Hanoi,82.09,2026-01-21
CUST_03786,38.0,17653.73,Da Nang,19.4,2025-12-26
CUST_03787,70.0,68833.6,Da Nang,61.92,2026-01-08
CUST_03788,69.0,28326.66,Hanoi,51.76,2025-09-27
CUST_03789,61.0,62723.52,Hanoi,20.68,2025-11-22
CUST_03790,41.0,55317.18,Da Nang,98.25,2025-03-09
CUST_03791,55.0,43781.72,Hanoi,29.32,2025-03-23
CUST_03792,27.0,81546.84,Da Nang,16.05,2025-12-07
CUST_03793,,46648.34,Ho Chi Minh,63.54,2025-05-09
CUST_03794,41.0,48314.64,Ho Chi Minh,76.5,2025-03-10
CUST_03795,44.0,34385.47,Da Nang,12.92,2026-01-14
CUST_03796,28.0,56740.88,Da Nang,69.28,2025-03-05
CUST_03797,27.0,22005.76,Hai Phong,57.91,2025-07-27
CUST_03798,30.0,43041.65,Ho Chi Minh,19.29,2025-10-02
CUST_03799,53.0,69503.6,Can Tho,25.53,2025-03-14
CUST_03800,51.0,34760.38,Da Nang,61.12,2025-08-02
CUST_03801,63.0,9142.25,Ho Chi Minh,36.67,2025-09-15
CUST_03802,66.0,54249.92,Ho Chi Minh,94.45,2025-03-06
CUST_03803,44.0,50167.18,Can Tho,83.69,2025-03-19
CUST_03804,22.0,37215.66,Hai Phong,98.52,2025-12-18
CUST_03805,26.0,34710.42,Ho Chi Minh,33.37,2025-02-12
CUST_03806,48.0,51833.73,Hai Phong,97.28,2025-11-21
CUST_03807,62.0,71440.75,Hanoi,48.81,2025-09-13
CUST_03808,70.0,59953.57,Da Nang,41.28,2025-07-02
CUST_03809,56.0,58857.12,Ho Chi Minh,14.53,2025-11-23
CUST_03810,39.0,42304.61,Hanoi,14.75,2025-07-25
CUST_03811,37.0,65346.21,Ho Chi Minh,72.28,2025-03-29
CUST_03812,,28072.74,Da Nang,51.21,2025-11-29
CUST_03813,32.0,61054.26,Da Nang,30.39,2026-02-05
CUST_03814,62.0,46107.59,Hai Phong,65.26,2025-07-15
CUST_03815,32.0,67747.01,Hai Phong,32.76,2025-11-13
CUST_03816,31.0,32628.59,Hai Phong,61.99,2025-10-19
CUST_03817,23.0,33694.91,Ho Chi Minh,42.33,2026-02-03
CUST_03818,66.0,37102.87,Hanoi,84.12,2025-07-15
CUST_03819,22.0,17208.65,Hanoi,83.86,2025-03-16
CUST_03820,,55776.03,Ho Chi Minh,52.96,2025-01-16
CUST_03821,45.0,26795.56,Ho Chi Minh,41.57,2025-09-28
CUST_03822,24.0,49845.99,Hanoi,42.63,2025-04-10
CUST_03823,60.0,42093.8,Hanoi,82.51,2025-11-20
CUST_03824,21.0,40345.11,Ho Chi Minh,39.54,2025-05-19
CUST_03825,34.0,17764.73,Ho Chi Minh,28.82,2025-09-12
CUST_03826,37.0,59540.41,Hanoi,17.62,2025-10-21
CUST_03827,66.0,54459.63,Da Nang,52.0,2025-12-29
CUST_03828,25.0,52517.79,Can Tho,53.39,2025-02-14
CUST_03829,31.0,43365.76,Hai Phong,85.68,2026-01-17
CUST_03830,30.0,64369.42,Hanoi,29.91,2025-01-02
CUST_03831,40.0,64605.26,Hai Phong,44.29,2025-01-06
CUST_03832,,35342.59,Hai Phong,82.76,2025-06-26
CUST_03833,65.0,34986.13,Ho Chi Minh,84.13,2025-10-19
CUST_03834,55.0,63660.76,Da Nang,44.61,2025-04-28
CUST_03835,28.0,38029.78,Da Nang,51.32,2025-03-13
CUST_03836,67.0,55428.41,Da Nang,37.3,2025-12-05
CUST_03837,33.0,68237.74,Da Nang,93.93,2025-11-21
CUST_03838,22.0,51620.81,Ho Chi Minh,20.68,2025-11-21
CUST_03839,55.0,34825.23,Ho Chi Minh,94.04,2025-11-21
CUST_03840,51.0,54195.76,Da Nang,71.55,2025-06-30
CUST_03841,30.0,58489.04,Hanoi,57.84,2025-09-10
CUST_03842,28.0,47378.44,Hanoi,12.94,2025-03-08
CUST_03843,52.0,90292.08,Hanoi,52.8,2026-01-25
CUST_03844,,55724.81,Ho Chi Minh,46.7,2025-03-09
CUST_03845,31.0,56548.62,Hanoi,24.51,2025-10-10
CUST_03846,63.0,54080.48,Hai Phong,69.08,2025-11-18
CUST_03847,62.0,55089.72,Ho Chi Minh,97.4,2025-08-22
CUST_03848,46.0,49250.96,Hai Phong,60.6,2025-01-26
CUST_03849,24.0,35292.53,Hanoi,74.33,2025-12-27
CUST_03850,40.0,53967.03,Ho Chi Minh,16.16,2025-04-14
CUST_03851,45.0,52968.8,Can Tho,47.59,2025-03-22
CUST_03852,32.0,70933.4,Hanoi,20.47,2025-03-16
CUST_03853,66.0,44674.34,Hanoi,65.15,2025-01-16
CUST_03854,25.0,53532.58,Can Tho,94.46,2025-01-24
CUST_03855,51.0,65835.85,Can Tho,69.56,2025-11-27
CUST_03856,66.0,31778.04,Da Nang,16.91,2025-12-05
CUST_03857,36.0,42184.58,Can Tho,41.92,2025-08-26
CUST_03858,20.0,59341.69,Ho Chi Minh,59.56,2025-05-17
CUST_03859,49.0,51737.45,Hai Phong,46.29,2025-10-14
CUST_03860,36.0,58778.8,Can Tho,85.03,2025-06-23
CUST_03861,65.0,44401.03,Ho Chi Minh,83.32,2025-11-12
CUST_03862,46.0,62761.28,Hanoi,65.06,2025-09-10
CUST_03863,44.0,59371.22,Ho Chi Minh,43.61,2026-01-12
CUST_03864,45.0,61347.18,Da Nang,32.98,2025-03-07
CUST_03865,22.0,55814.3,Da Nang,19.53,2025-05-11
CUST_03866,69.0,60597.29,Da Nang,41.94,2025-04-08
CUST_03867,61.0,41960.41,Hanoi,47.19,2025-10-12
CUST_03868,18.0,57223.57,Can Tho,70.82,2025-08-26
CUST_03869,49.0,21382.62,Da Nang,69.23,2025-03-04
CUST_03870,43.0,60978.71,Hai Phong,16.31,2025-03-16
CUST_03871,60.0,45628.95,Hai Phong,45.57,2025-11-09
CUST_03872,25.0,25914.82,Hai Phong,26.36,2025-06-29
CUST_03873,43.0,55697.99,Hai Phong,24.11,2025-02-15
CUST_03874,24.0,41153.59,Hanoi,84.46,2025-06-01
CUST_03875,28.0,57034.37,Ho Chi Minh,13.77,2025-06-21
CUST_03876,30.0,63063.48,Hai Phong,47.73,2025-04-06
CUST_03877,56.0,35263.44,Da Nang,25.14,2026-01-03
CUST_03878,43.0,48394.01,Hanoi,89.14,2025-01-23
CUST_03879,45.0,42709.67,Ho Chi Minh,60.13,2025-06-19
CUST_03880,35.0,61441.45,Can Tho,30.82,2025-12-13
CUST_03881,67.0,,Da Nang,55.22,2025-09-20
CUST_03882,35.0,33816.59,Ho Chi Minh,75.83,2025-11-25
CUST_03883,69.0,57058.29,Hai Phong,96.23,2025-01-12
CUST_03884,43.0,61451.7,Da Nang,29.84,2025-12-28
CUST_03885,60.0,52017.5,Ho Chi Minh,89.76,2025-03-17
CUST_03886,43.0,17093.54,Can Tho,94.09,2025-11-20
CUST_03887,50.0,42769.69,Can Tho,92.48,2025-09-22
CUST_03888,67.0,23294.65,Da Nang,67.19,2025-07-24
CUST_03889,25.0,67104.61,Hai Phong,66.68,2025-01-09
CUST_03890,49.0,43939.43,Hai Phong,46.29,2025-07-14
CUST_03891,26.0,31831.21,Hanoi,77.72,2025-01-23
CUST_03892,,14219.21,Ho Chi Minh,57.82,2025-05-28
CUST_03893,22.0,46854.51,Can Tho,70.97,2025-10-10
CUST_03894,19.0,26065.34,Hai Phong,48.56,2025-01-15
CUST_03895,42.0,54398.11,Da Nang,75.83,2025-03-30
CUST_03896,38.0,51060.49,Can Tho,84.2,2025-04-04
CUST_03897,57.0,58515.86,Hai Phong,23.18,2025-05-15
CUST_03898,66.0,28815.95,Da Nang,84.96,2025-01-07
CUST_03899,66.0,60550.38,Can Tho,58.63,2025-08-03
CUST_03900,49.0,37822.16,Da Nang,86.02,2026-02-05
CUST_03901,30.0,44617.92,Hanoi,48.82,2025-07-03
CUST_03902,49.0,19674.79,Hai Phong,44.11,2025-06-03
CUST_03903,34.0,51538.25,Hanoi,92.36,2025-09-02
CUST_03904,69.0,68498.56,Can Tho,32.61,2025-05-15
CUST_03905,52.0,73436.19,Ho Chi Minh,85.98,2025-08-19
CUST_03906,,37600.11,Hanoi,53.56,2025-07-24
CUST_03907,45.0,91194.85,Hai Phong,56.27,2025-12-21
CUST_03908,25.0,54505.26,Hai Phong,37.76,2025-11-07
CUST_03909,38.0,67020.01,Hai Phong,61.57,2025-06-24
CUST_03910,46.0,59638.7,Hai Phong,39.27,2025-01-22
CUST_03911,20.0,36584.68,Ho Chi Minh,13.53,2026-01-03
CUST_03912,60.0,53425.18,Da Nang,34.48,2025-10-24
CUST_03913,37.0,63528.19,Hai Phong,10.57,2025-01-12
CUST_03914,28.0,35953.11,Hanoi,98.05,2025-05-12
CUST_03915,26.0,53893.42,Da Nang,96.92,2025-02-12
CUST_03916,42.0,28828.35,Can Tho,45.56,2025-11-21
CUST_03917,25.0,73302.47,Hai Phong,75.55,2025-09-15
CUST_03918,49.0,41082.03,Da Nang,41.12,2026-01-09
CUST_03919,61.0,53818.48,Hai Phong,70.4,2025-10-27
CUST_03920,48.0,61466.89,Hanoi,82.49,2025-09-16
CUST_03921,28.0,76173.11,Ho Chi Minh,95.21,2025-06-19
CUST_03922,43.0,59737.81,Da Nang,46.02,2025-08-12
CUST_03923,55.0,56222.94,Da Nang,80.5,2025-07-20
CUST_03924,57.0,49693.93,Da Nang,33.93,2025-12-19
CUST_03925,67.0,44243.98,Ho Chi Minh,99.13,2025-05-13
CUST_03926,38.0,45317.04,Da Nang,12.32,2025-04-15
CUST_03927,55.0,49149.71,Ho Chi Minh,64.32,2025-01-19
CUST_03928,41.0,42615.08,Ho Chi Minh,69.36,2025-02-18
CUST_03929,65.0,83815.27,Hai Phong,71.92,2025-07-19
CUST_03930,66.0,32498.4,Can Tho,20.83,2025-06-18
CUST_03931,39.0,54742.93,Hanoi,94.47,2025-11-18
CUST_03932,45.0,55706.52,Hai Phong,26.31,2025-07-01
CUST_03933,40.0,60992.32,Can Tho,66.05,2025-08-09
CUST_03934,21.0,59806.27,Hai Phong,30.04,2025-03-10
CUST_03935,33.0,70081.09,Can Tho,37.65,2025-04-23
CUST_03936,37.0,55405.66,Can Tho,59.18,2025-09-21
CUST_03937,62.0,36375.78,Ho Chi Minh,47.55,2025-10-14
CUST_03938,37.0,70616.76,Da Nang,24.42,2025-09-09
CUST_03939,28.0,50284.83,Can Tho,25.38,2025-09-29
CUST_03940,,84182.54,Hanoi,47.63,2025-09-18
CUST_03941,47.0,47346.05,Can Tho,78.16,2025-09-19
CUST_03942,45.0,59441.46,Can Tho,90.82,2025-08-15
CUST_03943,44.0,59382.84,Da Nang,17.57,2026-01-08
CUST_03944,62.0,50792.4,Ho Chi Minh,45.38,2025-07-15
CUST_03945,19.0,44216.98,Da Nang,19.02,2025-06-27
CUST_03946,42.0,67256.14,Hai Phong,11.49,2025-08-06
CUST_03947,38.0,52917.72,Hanoi,69.55,2025-12-23
CUST_03948,69.0,55828.93,Da Nang,64.22,2025-11-11
CUST_03949,62.0,35556.84,Ho Chi Minh,24.67,2025-11-16
CUST_03950,39.0,61234.74,Can Tho,31.04,2025-05-02
CUST_03951,69.0,38168.59,Hanoi,12.13,2025-02-07
CUST_03952,39.0,43837.12,Hai Phong,85.15,2025-04-16
CUST_03953,37.0,48022.03,Hanoi,97.72,2025-07-19
CUST_03954,45.0,51963.68,Can Tho,22.19,2025-12-04
CUST_03955,58.0,77699.54,Can Tho,30.83,2025-01-27
CUST_03956,68.0,10255.68,Ho Chi Minh,88.16,2025-08-02
CUST_03957,52.0,56965.83,Can Tho,93.38,2025-11-28
CUST_03958,34.0,23544.22,Ho Chi Minh,47.77,2025-03-07
CUST_03959,54.0,,Da Nang,14.56,2025-03-12
CUST_03960,32.0,45835.79,Hai Phong,13.55,2025-10-30
CUST_03961,23.0,30993.03,Ho Chi Minh,61.66,2025-01-12
CUST_03962,55.0,25816.82,Da Nang,45.36,2025-02-15
CUST_03963,39.0,36012.39,Hanoi,12.58,2025-02-20
CUST_03964,54.0,42050.27,Hai Phong,62.49,2026-01-08
CUST_03965,48.0,52378.33,Hanoi,11.02,2025-04-10
CUST_03966,40.0,32219.6,Hanoi,80.86,2025-10-12
CUST_03967,59.0,44260.45,Da Nang,37.58,2025-07-15
CUST_03968,50.0,69829.43,Hai Phong,13.62,2025-01-05
CUST_03969,45.0,71205.09,Ho Chi Minh,62.95,2025-05-24
CUST_03970,38.0,49596.2,Hai Phong,45.79,2025-09-04
CUST_03971,43.0,41267.92,Hai Phong,97.64,2025-10-29
CUST_03972,50.0,57253.55,Hanoi,58.98,2025-05-22
CUST_03973,66.0,52550.61,Hanoi,34.77,2025-12-07
CUST_03974,19.0,38677.04,Hai Phong,73.85,2026-01-21
CUST_03975,51.0,45719.1,Hai Phong,34.43,2025-08-17
CUST_03976,54.0,27529.86,Can Tho,91.38,2025-02-10
CUST_03977,60.0,58391.74,Hanoi,43.72,2026-01-21
CUST_03978,65.0,36983.38,Da Nang,59.49,2025-10-23
CUST_03979,35.0,41645.87,Hanoi,14.55,2025-11-12
CUST_03980,52.0,14540.86,Can Tho,48.35,2025-01-08
CUST_03981,67.0,42993.7,Hai Phong,84.91,2025-04-20
CUST_03982,54.0,58432.29,Hai Phong,82.51,2025-09-18
CUST_03983,21.0,47429.91,Hai Phong,30.19,2025-01-09
CUST_03984,41.0,73288.66,Da Nang,30.35,2025-04-17
CUST_03985,33.0,51109.63,Da Nang,83.56,2025-06-18
CUST_03986,61.0,52580.49,Da Nang,93.74,2025-03-04
CUST_03987,45.0,50996.41,Hai Phong,18.58,2026-01-25
CUST_03988,22.0,68623.97,Hai Phong,50.51,2026-01-05
CUST_03989,44.0,44790.31,Hai Phong,40.37,2026-01-09
CUST_03990,36.0,26638.65,Ho Chi Minh,88.36,2025-05-12
CUST_03991,34.0,62239.98,Da Nang,17.52,2025-09-24
CUST_03992,33.0,28024.89,Hanoi,29.0,2025-10-28
CUST_03993,25.0,36030.35,Can Tho,77.72,2026-01-27
CUST_03994,19.0,70073.73,Hanoi,14.62,2025-06-15
CUST_03995,70.0,19857.32,Can Tho,54.33,2026-01-09
CUST_03996,49.0,67840.21,Hai Phong,49.79,2025-05-06
CUST_03997,45.0,70718.69,Hanoi,40.1,2025-10-14
CUST_03998,20.0,,Hanoi,45.51,2025-03-28
CUST_03999,35.0,57015.51,Hanoi,57.69,2026-01-03
CUST_04000,34.0,52747.01,Da Nang,24.52,2025-10-19
CUST_04001,35.0,57215.47,Hai Phong,61.48,2025-05-29
CUST_04002,29.0,76193.8,Hanoi,82.49,2025-06-07
CUST_04003,20.0,52068.84,Can Tho,78.41,2025-02-07
CUST_04004,49.0,66254.08,Can Tho,23.85,2025-10-29
CUST_04005,21.0,34286.86,Hai Phong,23.43,2025-12-31
CUST_04006,23.0,51089.31,Ho Chi Minh,34.14,2026-01-21
CUST_04007,37.0,69774.98,Ho Chi Minh,42.5,2025-03-04
CUST_04008,44.0,63884.79,Can Tho,46.76,2025-05-13
CUST_04009,60.0,24775.21,Da Nang,71.17,2025-08-24
CUST_04010,23.0,33374.23,Can Tho,15.1,2025-10-16
CUST_04011,64.0,55846.29,Hanoi,13.12,2026-01-10
CUST_04012,33.0,52348.87,Hai Phong,45.27,2025-01-25
CUST_04013,65.0,54008.07,Ho Chi Minh,72.74,2025-07-05
CUST_04014,25.0,52976.65,Da Nang,27.41,2025-04-30
CUST_04015,55.0,76940.94,Da Nang,67.74,2025-06-07
CUST_04016,51.0,44645.57,Ho Chi Minh,33.38,2025-08-14
CUST_04017,23.0,66730.92,Ho Chi Minh,89.75,2025-03-07
CUST_04018,25.0,45012.14,Can Tho,90.61,2025-10-15
CUST_04019,38.0,57476.54,Da Nang,36.76,2025-05-03
CUST_04020,55.0,56525.45,Da Nang,30.7,2025-10-29
CUST_04021,69.0,32696.81,Ho Chi Minh,47.02,2025-07-03
CUST_04022,33.0,74154.51,Da Nang,31.65,2025-02-17
CUST_04023,31.0,44170.66,Hanoi,70.51,2026-01-12
CUST_04024,29.0,30659.61,Hai Phong,84.35,2025-07-29
CUST_04025,35.0,37470.56,Hai Phong,70.58,2025-08-31
CUST_04026,34.0,44924.33,Da Nang,84.19,2025-04-21
CUST_04027,21.0,53461.63,Can Tho,45.73,2025-11-24
CUST_04028,41.0,29794.8,Hai Phong,24.07,2025-01-29
CUST_04029,25.0,81400.3,Can Tho,76.42,2025-10-16
CUST_04030,45.0,37279.37,Da Nang,42.44,2025-06-19
CUST_04031,33.0,42144.49,Hanoi,70.41,2026-01-09
CUST_04032,68.0,53293.9,Da Nang,34.36,2025-04-24
CUST_04033,41.0,50485.63,Ho Chi Minh,17.31,2025-03-06
CUST_04034,41.0,58167.32,Can Tho,99.33,2025-12-03
CUST_04035,19.0,61033.09,Da Nang,24.06,2026-01-09
CUST_04036,56.0,54175.47,Ho Chi Minh,98.96,2025-07-21
CUST_04037,65.0,70556.53,Da Nang,97.96,2025-09-10
CUST_04038,21.0,45416.05,Can Tho,81.44,2025-01-05
CUST_04039,68.0,62145.07,Can Tho,69.35,2025-10-12
CUST_04040,34.0,60909.64,Ho Chi Minh,62.0,2025-05-11
CUST_04041,37.0,53548.2,Da Nang,87.95,2025-09-19
CUST_04042,62.0,47869.26,Da Nang,36.05,2026-01-24
CUST_04043,69.0,52261.2,Da Nang,52.09,2025-09-22
CUST_04044,52.0,75551.4,Da Nang,65.75,2025-07-26
CUST_04045,46.0,28521.06,Da Nang,47.01,2025-11-17
CUST_04046,43.0,41036.53,Ho Chi Minh,48.47,2025-09-28
CUST_04047,34.0,38342.28,Hanoi,39.73,2026-01-19
CUST_04048,70.0,44136.58,Hanoi,60.78,2026-01-30
CUST_04049,37.0,46250.12,Hanoi,86.55,2025-07-31
CUST_04050,28.0,58422.47,Da Nang,28.14,2025-06-19
CUST_04051,58.0,69455.83,Hanoi,94.1,2025-07-14
CUST_04052,69.0,54722.4,Ho Chi Minh,72.02,2025-12-19
CUST_04053,44.0,16890.66,Ho Chi Minh,84.09,2025-12-05
CUST_04054,35.0,50643.77,Hanoi,60.06,2025-03-18
CUST_04055,70.0,39336.76,Hanoi,80.16,2025-10-31
CUST_04056,49.0,50481.08,Can Tho,11.46,2025-03-27
CUST_04057,44.0,42956.77,Can Tho,83.65,2025-07-08
CUST_04058,39.0,52839.04,Hanoi,13.61,2026-02-01
CUST_04059,70.0,49995.92,Hai Phong,90.09,2025-12-06
CUST_04060,28.0,43040.04,Can Tho,99.28,2025-12-06
CUST_04061,50.0,60293.09,Da Nang,36.47,2025-10-01
CUST_04062,44.0,63879.05,Hai Phong,28.93,2025-12-06
CUST_04063,70.0,39778.0,Hanoi,78.88,2025-04-06
CUST_04064,38.0,45109.8,Hai Phong,32.77,2025-03-23
CUST_04065,19.0,40475.95,Can Tho,87.9,2025-09-27
CUST_04066,59.0,53987.56,Da Nang,19.26,2025-03-26
CUST_04067,58.0,39578.21,Can Tho,21.34,2026-01-03
CUST_04068,59.0,43296.22,Hai Phong,98.12,2025-10-02
CUST_04069,43.0,29095.02,Can Tho,70.65,2025-01-01
CUST_04070,37.0,32584.71,Hanoi,86.22,2026-01-25
CUST_04071,23.0,47245.78,Can Tho,39.19,2026-01-27
CUST_04072,33.0,80976.82,Hai Phong,70.88,2025-02-26
CUST_04073,67.0,56663.15,Hanoi,63.48,2025-09-27
CUST_04074,66.0,58009.85,Hai Phong,64.28,2025-04-22
CUST_04075,56.0,73830.32,Hanoi,71.43,2025-03-20
CUST_04076,68.0,33601.98,Da Nang,61.78,2025-05-06
CUST_04077,46.0,61938.15,Can Tho,48.62,2025-07-11
CUST_04078,65.0,31454.21,Hai Phong,34.83,2025-04-18
CUST_04079,29.0,43797.09,Da Nang,79.17,2025-01-22
CUST_04080,70.0,40165.77,Hai Phong,30.36,2025-08-12
CUST_04081,36.0,11290.61,Hanoi,72.31,2025-09-19
CUST_04082,44.0,38556.42,Da Nang,31.0,2025-09-21
CUST_04083,43.0,43819.27,Ho Chi Minh,66.28,2025-06-25
CUST_04084,54.0,30211.78,Can Tho,77.24,2025-08-07
CUST_04085,19.0,69867.06,Da Nang,29.68,2025-10-02
CUST_04086,59.0,49132.05,Hanoi,15.39,2026-01-08
CUST_04087,32.0,64076.38,Da Nang,21.79,2025-06-02
CUST_04088,47.0,58146.76,Hai Phong,64.54,2025-12-15
CUST_04089,62.0,30039.17,Ho Chi Minh,86.45,2025-08-05
CUST_04090,21.0,49542.21,Hai Phong,14.05,2025-09-06
CUST_04091,45.0,77284.45,Da Nang,76.07,2025-07-29
CUST_04092,27.0,55300.04,Hai Phong,40.72,2025-11-24
CUST_04093,41.0,40625.13,Da Nang,53.07,2025-09-11
CUST_04094,54.0,56901.5,Ho Chi Minh,93.6,2025-09-15
CUST_04095,63.0,76448.66,Hai Phong,39.88,2025-01-10
CUST_04096,67.0,74913.01,Hai Phong,51.88,2025-11-09
CUST_04097,47.0,49138.76,Ho Chi Minh,11.23,2025-07-24
CUST_04098,49.0,39104.59,Ho Chi Minh,17.34,2025-05-23
CUST_04099,63.0,25558.48,Da Nang,33.27,2025-06-15
CUST_04100,70.0,74813.12,Ho Chi Minh,12.51,2025-10-10
CUST_04101,36.0,68452.66,Da Nang,66.82,2025-04-23
CUST_04102,42.0,53005.03,Da Nang,48.38,2025-09-03
CUST_04103,31.0,35896.17,Da Nang,59.33,2025-05-18
CUST_04104,70.0,25600.71,Can Tho,25.72,2026-01-11
CUST_04105,61.0,38334.26,Ho Chi Minh,36.63,2025-05-24
CUST_04106,29.0,45087.91,Hai Phong,69.74,2025-10-22
CUST_04107,27.0,32757.35,Ho Chi Minh,96.88,2025-06-16
CUST_04108,,19555.77,Can Tho,14.54,2025-10-22
CUST_04109,33.0,54877.2,Hanoi,90.13,2025-09-01
CUST_04110,33.0,39133.11,Da Nang,61.92,2025-06-21
CUST_04111,61.0,33455.14,Ho Chi Minh,60.75,2025-03-17
CUST_04112,23.0,43486.81,Hanoi,55.03,2025-02-10
CUST_04113,,732.49,Hanoi,16.25,2025-04-29
CUST_04114,38.0,23478.22,Hai Phong,18.09,2025-07-02
CUST_04115,43.0,42200.93,Hai Phong,64.08,2025-11-22
CUST_04116,63.0,41110.04,Ho Chi Minh,40.69,2025-04-13
CUST_04117,45.0,74000.08,Ho Chi Minh,92.55,2025-02-11
CUST_04118,34.0,71952.78,Ho Chi Minh,46.59,2025-09-02
CUST_04119,53.0,62040.56,Hanoi,22.9,2025-06-15
CUST_04120,39.0,60282.69,Hai Phong,74.32,2025-06-26
CUST_04121,48.0,50205.79,Ho Chi Minh,36.4,2025-12-17
CUST_04122,56.0,67342.67,Can Tho,57.29,2025-12-30
CUST_04123,69.0,39905.42,Hanoi,72.8,2025-06-18
CUST_04124,65.0,46493.37,Hanoi,91.02,2025-11-04
CUST_04125,18.0,53021.65,Hanoi,81.3,2025-11-18
CUST_04126,57.0,33618.52,Da Nang,70.87,2025-03-23
CUST_04127,43.0,42720.2,Can Tho,71.17,2025-09-15
CUST_04128,26.0,36752.48,Hai Phong,95.13,2025-12-25
CUST_04129,53.0,37581.65,Ho Chi Minh,36.62,2025-11-15
CUST_04130,29.0,40398.95,Ho Chi Minh,10.1,2025-09-08
CUST_04131,50.0,36545.98,Hai Phong,34.48,2025-05-21
CUST_04132,39.0,63233.58,Ho Chi Minh,29.61,2025-10-03
CUST_04133,26.0,39356.35,Ho Chi Minh,69.57,2025-12-29
CUST_04134,63.0,55065.14,Hai Phong,67.03,2025-08-23
CUST_04135,27.0,41887.74,Da Nang,63.41,2025-05-22
CUST_04136,38.0,52981.4,Hanoi,11.46,2025-02-14
CUST_04137,26.0,68745.12,Hanoi,75.59,2025-12-18
CUST_04138,35.0,79458.65,Hanoi,39.12,2025-02-02
CUST_04139,45.0,41778.74,Hai Phong,69.86,2025-12-28
CUST_04140,34.0,41210.32,Hai Phong,60.09,2025-11-22
CUST_04141,66.0,,Can Tho,40.85,2025-05-30
CUST_04142,51.0,75238.47,Can Tho,22.11,2025-09-27
CUST_04143,28.0,43545.9,Can Tho,18.5,2025-07-17
CUST_04144,49.0,46452.96,Hai Phong,84.84,2025-12-17
CUST_04145,27.0,39809.94,Hai Phong,92.66,2025-03-22
CUST_04146,60.0,64975.87,Can Tho,68.48,2025-08-08
CUST_04147,46.0,48585.54,Hai Phong,19.31,2025-08-16
CUST_04148,27.0,29937.01,Hanoi,46.18,2025-06-15
CUST_04149,29.0,46536.2,Da Nang,75.6,2026-01-25
CUST_04150,34.0,53230.7,Da Nang,80.18,2025-03-03
CUST_04151,47.0,44378.79,Ho Chi Minh,20.64,2026-01-19
CUST_04152,49.0,74212.59,Can Tho,10.0,2025-11-30
CUST_04153,40.0,70797.19,Hai Phong,74.09,2025-03-02
CUST_04154,53.0,26562.05,Can Tho,42.09,2025-11-12
CUST_04155,49.0,12454.69,Can Tho,32.9,2025-11-13
CUST_04156,64.0,54364.18,Can Tho,11.16,2025-09-10
CUST_04157,25.0,40837.73,Da Nang,58.63,2025-08-06
CUST_04158,31.0,34837.0,Da Nang,86.6,2025-05-12
CUST_04159,29.0,,Hai Phong,96.19,2025-06-21
CUST_04160,65.0,52390.8,Can Tho,60.92,2025-04-25
CUST_04161,35.0,61504.51,Da Nang,56.3,2025-05-18
CUST_04162,60.0,43519.19,Hai Phong,17.66,2025-11-10
CUST_04163,55.0,54328.89,Hanoi,59.4,2025-07-28
CUST_04164,18.0,27118.86,Can Tho,44.2,2025-07-02
CUST_04165,54.0,74051.09,Ho Chi Minh,64.64,2025-06-12
CUST_04166,22.0,43200.29,Can Tho,44.99,2025-02-06
CUST_04167,49.0,38174.8,Ho Chi Minh,31.63,2026-01-28
CUST_04168,39.0,39404.5,Da Nang,18.55,2025-07-03
CUST_04169,,46080.5,Ho Chi Minh,38.34,2026-02-03
CUST_04170,61.0,38665.01,Da Nang,18.7,2025-11-25
CUST_04171,41.0,59512.51,Da Nang,25.92,2025-08-12
CUST_04172,24.0,36026.94,Hai Phong,98.86,2025-06-09
CUST_04173,27.0,55009.09,Hanoi,49.97,2025-02-27
CUST_04174,,47694.9,Can Tho,57.87,2025-11-10
CUST_04175,63.0,33778.58,Ho Chi Minh,88.63,2025-07-26
CUST_04176,47.0,39043.27,Can Tho,99.6,2025-08-14
CUST_04177,35.0,18348.52,Can Tho,62.44,2025-09-29
CUST_04178,18.0,,Da Nang,83.12,2025-11-03
CUST_04179,20.0,41652.06,Ho Chi Minh,39.42,2025-08-07
CUST_04180,46.0,57290.31,Hanoi,37.52,2025-05-02
CUST_04181,64.0,59454.94,Da Nang,46.24,2026-01-05
CUST_04182,69.0,54064.68,Hai Phong,70.53,2025-01-05
CUST_04183,31.0,44238.96,Can Tho,71.4,2025-01-26
CUST_04184,69.0,55992.83,Da Nang,38.37,2025-10-17
CUST_04185,38.0,63779.19,Can Tho,21.99,2025-04-16
CUST_04186,65.0,30463.99,Da Nang,66.92,2025-06-29
CUST_04187,56.0,60393.33,Ho Chi Minh,21.55,2026-01-13
CUST_04188,43.0,43747.31,Hanoi,62.06,2025-09-16
CUST_04189,33.0,31206.94,Da Nang,72.41,2025-04-05
CUST_04190,43.0,43267.33,Da Nang,73.06,2025-02-01
CUST_04191,31.0,66513.0,Da Nang,77.81,2025-02-26
CUST_04192,67.0,58942.0,Hai Phong,88.56,2025-07-22
CUST_04193,59.0,40077.12,Can Tho,55.0,2025-04-09
CUST_04194,59.0,51575.58,Can Tho,75.72,2025-01-20
CUST_04195,37.0,45497.96,Hanoi,65.73,2025-02-13
CUST_04196,45.0,42310.06,Da Nang,26.8,2026-01-24
CUST_04197,37.0,44478.5,Hanoi,12.31,2026-01-13
CUST_04198,56.0,61276.44,Ho Chi Minh,35.61,2025-06-17
CUST_04199,60.0,49623.21,Da Nang,49.87,2025-10-22
CUST_04200,41.0,57073.49,Can Tho,65.54,2025-09-01
CUST_04201,49.0,52030.41,Can Tho,86.5,2025-11-30
CUST_04202,42.0,48529.81,Hanoi,27.66,2025-11-24
CUST_04203,54.0,39334.96,Hai Phong,21.3,2025-03-21
CUST_04204,23.0,35861.51,Ho Chi Minh,96.71,2025-03-30
CUST_04205,69.0,44885.79,Ho Chi Minh,19.72,2025-05-24
CUST_04206,29.0,71416.27,Can Tho,53.06,2025-03-16
CUST_04207,45.0,46727.11,Ho Chi Minh,62.7,2025-03-06
CUST_04208,50.0,40487.48,Hanoi,58.72,2025-09-26
CUST_04209,47.0,67924.11,Hai Phong,17.74,2025-05-24
CUST_04210,59.0,,Ho Chi Minh,15.13,2026-01-24
CUST_04211,27.0,39118.15,Ho Chi Minh,19.49,2025-10-05
CUST_04212,51.0,33755.3,Ho Chi Minh,62.7,2026-01-17
CUST_04213,51.0,61198.75,Hai Phong,58.99,2025-04-21
CUST_04214,47.0,47956.55,Ho Chi Minh,31.04,2025-06-06
CUST_04215,69.0,72718.0,Da Nang,67.4,2026-01-31
CUST_04216,27.0,49805.87,Can Tho,83.81,2025-12-06
CUST_04217,61.0,63337.75,Ho Chi Minh,13.74,2025-11-04
CUST_04218,33.0,34196.29,Ho Chi Minh,54.83,2025-03-27
CUST_04219,36.0,42546.16,Da Nang,72.04,2025-09-03
CUST_04220,53.0,64212.65,Ho Chi Minh,32.71,2025-07-15
CUST_04221,20.0,61848.62,Hai Phong,37.7,2025-07-30
CUST_04222,50.0,44550.61,Hai Phong,65.23,2025-10-11
CUST_04223,24.0,32549.66,Ho Chi Minh,90.81,2025-01-25
CUST_04224,64.0,56519.35,Can Tho,82.89,2025-10-18
CUST_04225,34.0,74530.79,Hai Phong,62.48,2025-11-18
CUST_04226,55.0,42536.16,Can Tho,75.72,2025-09-24
CUST_04227,50.0,29471.07,Ho Chi Minh,42.83,2026-01-28
CUST_04228,,49171.21,Can Tho,67.69,2025-05-11
CUST_04229,47.0,52331.16,Ho Chi Minh,51.96,2025-08-12
CUST_04230,29.0,38646.49,Can Tho,27.09,2025-12-02
CUST_04231,20.0,64470.69,Ho Chi Minh,73.16,2025-12-22
CUST_04232,63.0,65566.98,Ho Chi Minh,60.08,2025-01-26
CUST_04233,55.0,48248.47,Hanoi,42.28,2025-02-12
CUST_04234,66.0,56968.75,Can Tho,92.02,2025-11-21
CUST_04235,57.0,30434.6,Ho Chi Minh,11.88,2025-09-17
CUST_04236,39.0,,Hai Phong,38.42,2025-01-18
CUST_04237,69.0,78016.68,Hai Phong,15.12,2025-05-21
CUST_04238,29.0,54637.25,Hanoi,78.99,2025-01-05
CUST_04239,56.0,44066.13,Hanoi,73.19,2025-04-15
CUST_04240,61.0,51242.9,Hanoi,39.82,2025-04-11
CUST_04241,52.0,33596.93,Hanoi,70.81,2025-06-03
CUST_04242,,42838.93,Hanoi,45.63,2025-10-11
CUST_04243,18.0,39225.04,Hanoi,78.06,2025-01-03
CUST_04244,48.0,53244.85,Da Nang,50.88,2025-02-06
CUST_04245,43.0,51460.99,Hanoi,47.11,2025-06-20
CUST_04246,65.0,56565.95,Da Nang,94.13,2025-04-23
CUST_04247,49.0,49316.59,Hanoi,32.58,2025-08-13
CUST_04248,70.0,54550.06,Hai Phong,20.84,2026-01-18
CUST_04249,41.0,39536.97,Ho Chi Minh,62.61,2025-05-04
CUST_04250,62.0,51660.53,Hai Phong,97.24,2025-07-11
CUST_04251,69.0,49930.82,Ho Chi Minh,44.01,2025-09-27
CUST_04252,26.0,65540.12,Can Tho,15.58,2025-07-24
CUST_04253,30.0,62586.49,Hai Phong,40.54,2025-07-24
CUST_04254,19.0,30821.59,Can Tho,55.53,2026-01-18
CUST_04255,30.0,50658.89,Ho Chi Minh,24.57,2025-09-06
CUST_04256,31.0,22598.56,Hai Phong,69.23,2025-02-23
CUST_04257,27.0,35416.74,Can Tho,99.8,2025-06-27
CUST_04258,45.0,77706.3,Ho Chi Minh,50.66,2025-06-17
CUST_04259,68.0,29133.58,Da Nang,41.93,2025-05-14
CUST_04260,23.0,44732.62,Can Tho,46.06,2025-05-20
CUST_04261,47.0,23923.25,Hai Phong,20.36,2025-08-02
CUST_04262,45.0,42455.98,Ho Chi Minh,89.49,2025-01-09
CUST_04263,,53844.58,Can Tho,47.33,2025-06-26
CUST_04264,27.0,53259.64,Hanoi,44.85,2025-05-06
CUST_04265,46.0,60934.78,Hai Phong,69.37,2025-10-27
CUST_04266,48.0,41296.15,Hai Phong,49.78,2025-03-20
CUST_04267,,63314.0,Da Nang,68.34,2025-07-21
CUST_04268,33.0,62350.45,Ho Chi Minh,15.53,2025-01-21
CUST_04269,54.0,36236.85,Can Tho,83.24,2025-11-11
CUST_04270,43.0,53831.83,Ho Chi Minh,94.65,2025-08-12
CUST_04271,18.0,41722.49,Ho Chi Minh,68.39,2025-09-06
CUST_04272,63.0,53570.47,Hai Phong,95.91,2025-05-17
CUST_04273,44.0,56988.81,Hai Phong,23.63,2026-01-18
CUST_04274,65.0,51452.41,Da Nang,52.97,2025-07-26
CUST_04275,64.0,63201.99,Hai Phong,64.16,2025-11-21
CUST_04276,36.0,61763.79,Ho Chi Minh,62.36,2025-12-25
CUST_04277,43.0,48510.0,Hai Phong,46.13,2025-03-12
CUST_04278,55.0,49388.01,Hanoi,40.43,2025-09-11
CUST_04279,61.0,71810.26,Can Tho,21.41,2025-03-11
CUST_04280,49.0,48053.74,Da Nang,45.26,2025-01-25
CUST_04281,21.0,19769.84,Can Tho,24.64,2025-11-19
CUST_04282,45.0,56274.12,Hanoi,76.09,2025-06-20
CUST_04283,53.0,57578.65,Da Nang,28.79,2026-01-19
CUST_04284,59.0,45884.59,Hanoi,15.27,2025-04-16
CUST_04285,48.0,68161.38,Ho Chi Minh,59.71,2025-07-22
CUST_04286,57.0,14463.39,Da Nang,63.57,2025-12-23
CUST_04287,40.0,51954.92,Da Nang,88.47,2025-06-03
CUST_04288,45.0,19261.15,Ho Chi Minh,61.93,2025-11-16
CUST_04289,,59827.73,Da Nang,41.09,2025-10-21
CUST_04290,30.0,38951.35,Da Nang,82.27,2025-02-02
CUST_04291,46.0,31451.51,Hanoi,58.63,2025-02-24
CUST_04292,32.0,54728.58,Hanoi,17.14,2025-11-03
CUST_04293,61.0,58565.66,Ho Chi Minh,60.93,2025-12-20
CUST_04294,56.0,38987.3,Ho Chi Minh,91.72,2025-03-20
CUST_04295,63.0,24514.71,Ho Chi Minh,45.67,2025-12-30
CUST_04296,26.0,68710.35,Hanoi,36.67,2025-09-29
CUST_04297,64.0,51486.21,Hai Phong,22.91,2025-06-28
CUST_04298,44.0,58152.22,Hanoi,23.63,2025-07-29
CUST_04299,61.0,12464.98,Can Tho,48.95,2025-08-16
CUST_04300,41.0,47834.1,Hai Phong,63.61,2026-01-14
CUST_04301,69.0,40379.02,Hanoi,17.26,2025-11-17
CUST_04302,28.0,63182.07,Can Tho,94.56,2025-12-16
CUST_04303,36.0,48238.77,Ho Chi Minh,77.96,2025-03-20
CUST_04304,23.0,46659.98,Can Tho,62.8,2025-09-14
CUST_04305,26.0,81589.77,Da Nang,84.56,2025-07-06
CUST_04306,28.0,48614.73,Hanoi,17.22,2026-01-13
CUST_04307,24.0,53803.9,Hai Phong,52.92,2025-01-22
CUST_04308,49.0,45334.18,Can Tho,66.71,2025-03-29
CUST_04309,31.0,44749.77,Hai Phong,84.58,2025-02-13
CUST_04310,19.0,33434.55,Da Nang,80.51,2025-07-02
CUST_04311,34.0,56493.61,Hai Phong,34.94,2025-06-14
CUST_04312,28.0,9903.64,Da Nang,94.68,2026-01-05
CUST_04313,50.0,70434.99,Can Tho,21.19,2025-11-29
CUST_04314,22.0,43181.29,Hanoi,88.76,2025-12-03
CUST_04315,25.0,37592.02,Da Nang,97.38,2025-04-22
CUST_04316,25.0,22795.98,Da Nang,25.94,2025-10-13
CUST_04317,49.0,44502.2,Hanoi,74.99,2025-05-06
CUST_04318,39.0,29400.93,Hanoi,13.63,2025-01-11
CUST_04319,67.0,53247.79,Ho Chi Minh,46.49,2025-12-11
CUST_04320,53.0,66803.64,Hai Phong,56.47,2025-09-12
CUST_04321,27.0,63402.23,Hanoi,62.26,2025-08-21
CUST_04322,50.0,48021.29,Ho Chi Minh,94.23,2025-06-24
CUST_04323,24.0,36963.02,Can Tho,70.5,2025-06-13
CUST_04324,46.0,12894.7,Ho Chi Minh,53.32,2025-10-09
CUST_04325,66.0,41305.83,Can Tho,82.87,2025-03-13
CUST_04326,24.0,35624.39,Ho Chi Minh,95.55,2025-02-15
CUST_04327,57.0,46417.89,Da Nang,11.99,2025-03-23
CUST_04328,24.0,68322.02,Hai Phong,98.43,2025-07-17
CUST_04329,20.0,48635.84,Hai Phong,17.75,2025-04-04
CUST_04330,28.0,51823.51,Da Nang,83.29,2025-08-02
CUST_04331,31.0,29808.06,Ho Chi Minh,35.23,2025-05-14
CUST_04332,28.0,26786.39,Hai Phong,21.9,2025-04-22
CUST_04333,63.0,52748.86,Ho Chi Minh,49.59,2025-11-07
CUST_04334,50.0,62119.64,Hanoi,67.96,2025-07-09
CUST_04335,24.0,30834.88,Da Nang,44.29,2025-07-23
CUST_04336,41.0,61025.73,Ho Chi Minh,14.91,2025-09-02
CUST_04337,26.0,22266.21,Can Tho,63.95,2025-11-25
CUST_04338,30.0,72999.18,Ho Chi Minh,91.22,2025-09-20
CUST_04339,44.0,44632.05,Hanoi,44.49,2025-05-17
CUST_04340,18.0,55484.2,Da Nang,29.47,2025-05-28
CUST_04341,69.0,68331.67,Can Tho,49.83,2026-01-19
CUST_04342,36.0,39033.79,Can Tho,14.35,2025-07-22
CUST_04343,23.0,48512.08,Can Tho,83.84,2025-01-02
CUST_04344,63.0,66419.22,Hai Phong,84.37,2025-08-17
CUST_04345,41.0,64064.36,Can Tho,62.92,2025-10-15
CUST_04346,33.0,57684.1,Ho Chi Minh,41.78,2025-11-09
CUST_04347,66.0,45772.53,Can Tho,81.98,2026-02-02
CUST_04348,68.0,64113.43,Can Tho,59.92,2025-01-12
CUST_04349,69.0,76616.18,Da Nang,84.33,2025-09-04
CUST_04350,44.0,40301.18,Da Nang,66.83,2025-06-25
CUST_04351,51.0,46366.72,Hai Phong,80.6,2025-02-12
CUST_04352,41.0,57120.2,Ho Chi Minh,63.87,2025-12-08
CUST_04353,46.0,56435.92,Hanoi,47.27,2026-02-05
CUST_04354,18.0,,Can Tho,96.22,2025-10-16
CUST_04355,51.0,33474.85,Hanoi,58.7,2025-12-23
CUST_04356,23.0,47698.79,Hai Phong,64.46,2025-10-19
CUST_04357,43.0,78276.52,Hai Phong,29.84,2025-02-21
CUST_04358,28.0,55357.31,Hai Phong,66.31,2025-11-07
CUST_04359,43.0,69723.65,Da Nang,61.44,2025-09-16
CUST_04360,60.0,39084.16,Hanoi,26.64,2025-02-03
CUST_04361,27.0,23554.56,Hanoi,15.36,2025-08-22
CUST_04362,21.0,41820.46,Hai Phong,64.39,2025-09-05
CUST_04363,63.0,54466.67,Ho Chi Minh,78.73,2025-07-11
CUST_04364,51.0,52951.78,Can Tho,57.11,2025-07-09
CUST_04365,44.0,46779.07,Hai Phong,30.41,2025-02-05
CUST_04366,61.0,62756.45,Hai Phong,69.99,2025-03-20
CUST_04367,37.0,28723.74,Can Tho,17.21,2025-10-21
CUST_04368,38.0,36566.47,Ho Chi Minh,49.77,2025-12-13
CUST_04369,18.0,55272.38,Ho Chi Minh,24.7,2025-12-19
CUST_04370,51.0,24967.35,Can Tho,26.6,2025-05-22
CUST_04371,27.0,43905.72,Hai Phong,28.21,2025-06-03
CUST_04372,46.0,64116.65,Ho Chi Minh,44.8,2025-02-19
CUST_04373,52.0,46961.65,Hanoi,14.6,2025-06-07
CUST_04374,57.0,,Da Nang,45.8,2025-11-06
CUST_04375,62.0,43916.31,Da Nang,56.05,2026-02-04
CUST_04376,69.0,25872.01,Da Nang,53.5,2025-03-26
CUST_04377,43.0,56675.02,Ho Chi Minh,44.45,2025-06-23
CUST_04378,37.0,,Can Tho,85.52,2025-04-16
CUST_04379,52.0,47574.36,Hai Phong,23.08,2025-12-11
CUST_04380,64.0,63188.8,Hanoi,55.51,2025-02-21
CUST_04381,26.0,56785.23,Hai Phong,15.58,2025-08-08
CUST_04382,52.0,38375.81,Ho Chi Minh,16.4,2025-05-22
CUST_04383,23.0,20829.42,Can Tho,61.65,2025-11-14
CUST_04384,37.0,63093.69,Can Tho,60.94,2025-10-05
CUST_04385,66.0,79106.13,Ho Chi Minh,89.02,2025-04-02
CUST_04386,19.0,64560.82,Da Nang,60.21,2025-09-24
CUST_04387,,65861.68,Da Nang,96.38,2026-01-24
CUST_04388,55.0,32569.06,Hanoi,14.38,2025-12-11
CUST_04389,67.0,91283.22,Ho Chi Minh,18.82,2026-01-25
CUST_04390,45.0,,Hanoi,13.97,2025-05-06
CUST_04391,25.0,34428.87,Can Tho,26.67,2025-09-22
CUST_04392,41.0,27721.96,Da Nang,58.71,2026-02-04
CUST_04393,50.0,66438.97,Da Nang,68.1,2025-11-26
CUST_04394,21.0,46772.4,Da Nang,14.1,2025-06-22
CUST_04395,25.0,47021.56,Hai Phong,95.14,2025-12-06
CUST_04396,54.0,40862.54,Ho Chi Minh,85.79,2025-10-20
CUST_04397,47.0,46268.98,Hanoi,36.7,2025-09-01
CUST_04398,33.0,36216.64,Can Tho,16.95,2025-05-20
CUST_04399,55.0,45139.08,Ho Chi Minh,25.29,2025-08-14
CUST_04400,58.0,37683.74,Da Nang,21.42,2025-08-16
CUST_04401,56.0,58341.15,Ho Chi Minh,21.1,2025-08-11
CUST_04402,37.0,51596.82,Da Nang,56.67,2025-06-29
CUST_04403,68.0,65910.21,Can Tho,32.13,2025-07-14
CUST_04404,54.0,34462.51,Da Nang,42.23,2026-02-04
CUST_04405,63.0,43188.91,Da Nang,99.06,2025-06-13
CUST_04406,65.0,29381.1,Hanoi,71.59,2025-10-26
CUST_04407,38.0,51910.5,Da Nang,95.41,2025-01-19
CUST_04408,30.0,42049.84,Ho Chi Minh,22.83,2025-09-04
CUST_04409,41.0,44858.72,Hanoi,44.39,2025-01-10
CUST_04410,27.0,35999.14,Hanoi,59.93,2025-07-05
CUST_04411,44.0,54118.17,Can Tho,16.91,2025-06-16
CUST_04412,21.0,56336.38,Da Nang,10.38,2025-06-05
CUST_04413,26.0,50892.74,Ho Chi Minh,70.34,2026-01-07
CUST_04414,46.0,66470.67,Ho Chi Minh,67.76,2025-11-10
CUST_04415,61.0,48781.92,Da Nang,46.97,2025-05-15
CUST_04416,55.0,21618.9,Ho Chi Minh,54.07,2025-11-29
CUST_04417,67.0,38954.97,Hai Phong,47.39,2025-12-29
CUST_04418,34.0,75940.42,Ho Chi Minh,12.16,2025-04-18
CUST_04419,58.0,63977.61,Da Nang,40.18,2025-11-23
CUST_04420,46.0,18463.96,Da Nang,25.94,2025-06-06
CUST_04421,49.0,34761.48,Hanoi,18.86,2025-04-24
CUST_04422,44.0,38466.93,Hanoi,96.1,2026-01-28
CUST_04423,27.0,63727.79,Hai Phong,63.94,2025-08-10
CUST_04424,49.0,37609.04,Da Nang,75.58,2025-10-02
CUST_04425,26.0,51041.19,Da Nang,38.38,2025-08-30
CUST_04426,50.0,35247.18,Da Nang,45.38,2025-12-03
CUST_04427,25.0,51088.56,Hanoi,31.32,2025-09-10
CUST_04428,47.0,24122.58,Can Tho,18.73,2025-02-22
CUST_04429,65.0,43041.07,Da Nang,26.11,2025-06-22
CUST_04430,53.0,69851.59,Da Nang,81.78,2025-07-30
CUST_04431,25.0,62933.56,Da Nang,70.98,2025-10-16
CUST_04432,44.0,49087.65,Hanoi,59.22,2025-03-31
CUST_04433,41.0,58893.0,Can Tho,52.76,2025-03-14
CUST_04434,20.0,44117.04,Hai Phong,93.02,2026-01-07
CUST_04435,25.0,49547.16,Da Nang,16.55,2025-01-02
CUST_04436,41.0,81115.93,Da Nang,35.25,2025-10-26
CUST_04437,49.0,49159.76,Hai Phong,41.49,2025-05-17
CUST_04438,,56116.71,Hanoi,80.42,2026-01-29
CUST_04439,68.0,46447.02,Da Nang,99.33,2025-11-10
CUST_04440,21.0,30191.27,Da Nang,31.66,2025-01-28
CUST_04441,37.0,70351.69,Hanoi,88.69,2025-09-07
CUST_04442,31.0,48860.3,Hai Phong,84.76,2025-07-27
CUST_04443,65.0,49958.47,Can Tho,30.22,2025-12-22
CUST_04444,25.0,62007.91,Ho Chi Minh,45.94,2025-05-04
CUST_04445,22.0,,Ho Chi Minh,46.87,2025-06-02
CUST_04446,44.0,37155.34,Can Tho,98.04,2025-02-27
CUST_04447,37.0,70183.89,Hanoi,26.28,2025-06-27
CUST_04448,39.0,56527.46,Da Nang,81.92,2025-04-18
CUST_04449,48.0,43414.7,Hanoi,40.08,2025-07-04
CUST_04450,56.0,60070.45,Hanoi,75.78,2025-10-31
CUST_04451,26.0,55655.83,Hanoi,47.8,2025-08-26
CUST_04452,47.0,39282.34,Da Nang,62.05,2025-08-27
CUST_04453,60.0,16331.3,Hai Phong,84.94,2025-03-05
CUST_04454,64.0,49344.4,Hai Phong,82.37,2025-01-27
CUST_04455,69.0,59144.28,Can Tho,87.98,2025-12-06
CUST_04456,57.0,41987.0,Ho Chi Minh,15.37,2025-01-25
CUST_04457,32.0,30872.05,Can Tho,72.28,2025-02-26
CUST_04458,39.0,22982.75,Can Tho,22.6,2025-03-05
CUST_04459,60.0,48778.38,Hai Phong,47.42,2025-06-20
CUST_04460,65.0,66422.13,Hanoi,59.37,2025-11-26
CUST_04461,23.0,82107.13,Ho Chi Minh,46.25,2025-05-10
CUST_04462,63.0,65726.12,Hanoi,56.77,2025-08-25
CUST_04463,,50235.87,Ho Chi Minh,99.69,2025-08-21
CUST_04464,67.0,48337.37,Hanoi,22.17,2025-04-28
CUST_04465,53.0,70120.24,Da Nang,70.79,2026-01-28
CUST_04466,59.0,42465.19,Da Nang,45.64,2025-05-28
CUST_04467,30.0,60779.01,Hanoi,21.97,2025-11-11
CUST_04468,52.0,,Hanoi,24.29,2025-05-15
CUST_04469,21.0,59644.56,Ho Chi Minh,95.43,2025-05-04
CUST_04470,51.0,64874.15,Da Nang,89.16,2025-12-06
CUST_04471,48.0,10458.21,Hanoi,91.63,2025-02-06
CUST_04472,19.0,27656.55,Hanoi,99.24,2025-12-04
CUST_04473,52.0,60962.72,Hai Phong,28.75,2025-05-15
CUST_04474,19.0,78223.66,Da Nang,41.99,2025-12-22
CUST_04475,31.0,40238.56,Ho Chi Minh,70.23,2025-10-02
CUST_04476,63.0,52945.9,Hai Phong,53.54,2025-09-05
CUST_04477,55.0,53391.16,Da Nang,47.66,2025-03-10
CUST_04478,69.0,31151.73,Hanoi,42.2,2025-03-30
CUST_04479,38.0,,Hai Phong,63.44,2025-06-30
CUST_04480,20.0,37423.38,Ho Chi Minh,61.8,2025-07-07
CUST_04481,19.0,60520.36,Hanoi,24.53,2025-08-28
CUST_04482,29.0,30857.01,Ho Chi Minh,52.46,2025-09-14
CUST_04483,51.0,40983.83,Hai Phong,59.81,2025-06-22
CUST_04484,34.0,71860.77,Da Nang,61.33,2025-07-25
CUST_04485,24.0,33685.28,Hanoi,28.91,2025-05-11
CUST_04486,36.0,28730.94,Hanoi,76.8,2025-02-23
CUST_04487,34.0,40230.33,Ho Chi Minh,12.27,2025-04-25
CUST_04488,27.0,46459.6,Hanoi,41.93,2025-06-25
CUST_04489,44.0,39972.31,Hanoi,80.22,2025-05-19
CUST_04490,21.0,43168.79,Hai Phong,60.75,2025-11-28
CUST_04491,38.0,53325.44,Can Tho,33.5,2026-01-10
CUST_04492,63.0,44482.93,Can Tho,72.55,2025-11-21
CUST_04493,42.0,86878.06,Hai Phong,61.07,2025-09-07
CUST_04494,27.0,31412.23,Hanoi,81.66,2025-06-08
CUST_04495,38.0,39913.16,Ho Chi Minh,76.15,2025-02-18
CUST_04496,70.0,47516.62,Da Nang,64.91,2025-07-21
CUST_04497,21.0,63147.29,Ho Chi Minh,53.94,2025-10-01
CUST_04498,66.0,52984.05,Da Nang,21.99,2025-06-18
CUST_04499,33.0,42157.56,Hanoi,33.52,2025-11-29
CUST_04500,66.0,36929.59,Can Tho,47.72,2025-07-11
CUST_04501,25.0,58105.68,Ho Chi Minh,63.94,2025-08-28
CUST_04502,38.0,43497.91,Da Nang,56.23,2025-04-20
CUST_04503,44.0,42649.51,Hai Phong,35.94,2025-11-14
CUST_04504,19.0,58891.69,Hanoi,10.58,2025-12-07
CUST_04505,32.0,32473.14,Ho Chi Minh,54.66,2025-06-10
CUST_04506,19.0,78643.59,Ho Chi Minh,35.71,2025-03-19
CUST_04507,55.0,76989.95,Da Nang,76.11,2025-05-02
CUST_04508,33.0,18214.96,Ho Chi Minh,12.16,2025-03-16
CUST_04509,59.0,31081.51,Hai Phong,62.63,2025-10-02
CUST_04510,37.0,56436.81,Can Tho,94.73,2025-07-07
CUST_04511,46.0,49890.97,Ho Chi Minh,25.7,2025-07-10
CUST_04512,58.0,62657.77,Ho Chi Minh,52.45,2025-06-28
CUST_04513,68.0,46905.1,Hanoi,18.23,2025-10-10
CUST_04514,41.0,58832.54,Ho Chi Minh,66.31,2025-01-10
CUST_04515,28.0,82525.32,Can Tho,59.55,2026-02-01
CUST_04516,52.0,46180.89,Ho Chi Minh,46.66,2025-12-12
CUST_04517,53.0,66094.67,Da Nang,56.92,2026-01-19
CUST_04518,18.0,40482.25,Can Tho,90.69,2025-10-26
CUST_04519,57.0,63887.77,Hanoi,27.67,2025-06-26
CUST_04520,28.0,18615.5,Da Nang,12.03,2025-09-06
CUST_04521,,37127.37,Da Nang,87.55,2026-01-18
CUST_04522,48.0,54273.47,Hanoi,61.94,2025-11-03
CUST_04523,34.0,60420.13,Hanoi,90.16,2025-06-04
CUST_04524,42.0,66296.06,Hanoi,63.73,2025-09-07
CUST_04525,58.0,,Hai Phong,82.91,2025-07-05
CUST_04526,50.0,79844.45,Hai Phong,48.67,2025-09-14
CUST_04527,28.0,37509.82,Ho Chi Minh,77.49,2025-02-20
CUST_04528,54.0,41101.13,Can Tho,92.17,2025-12-01
CUST_04529,23.0,40648.78,Can Tho,61.49,2025-07-29
CUST_04530,25.0,58781.59,Da Nang,26.27,2025-07-26
CUST_04531,64.0,56526.07,Hai Phong,34.19,2025-01-23
CUST_04532,35.0,32635.14,Hai Phong,27.88,2025-03-21
CUST_04533,31.0,54145.89,Ho Chi Minh,32.22,2025-09-29
CUST_04534,69.0,46779.55,Da Nang,37.58,2026-01-31
CUST_04535,61.0,42337.31,Can Tho,59.96,2025-05-15
CUST_04536,58.0,35983.41,Ho Chi Minh,62.92,2025-11-18
CUST_04537,66.0,55027.86,Can Tho,48.38,2025-11-24
CUST_04538,35.0,39790.32,Hai Phong,65.39,2025-03-02
CUST_04539,38.0,38587.3,Ho Chi Minh,17.34,2026-02-02
CUST_04540,47.0,36588.94,Hai Phong,17.9,2025-04-10
CUST_04541,39.0,80923.38,Hanoi,25.46,2025-07-30
CUST_04542,,28070.67,Can Tho,56.63,2025-03-27
CUST_04543,59.0,1360.29,Hai Phong,29.26,2025-05-03
CUST_04544,56.0,63326.57,Hai Phong,35.5,2025-04-20
CUST_04545,18.0,79387.42,Da Nang,46.03,2026-01-15
CUST_04546,44.0,26046.3,Hai Phong,83.07,2026-01-12
CUST_04547,62.0,79959.09,Da Nang,11.25,2025-12-02
CUST_04548,66.0,51394.64,Hanoi,68.44,2025-11-23
CUST_04549,23.0,26777.23,Da Nang,70.2,2025-06-04
CUST_04550,59.0,34416.45,Hai Phong,81.88,2025-08-16
CUST_04551,52.0,75516.12,Hai Phong,93.95,2025-01-01
CUST_04552,70.0,34640.35,Ho Chi Minh,11.81,2025-06-03
CUST_04553,61.0,71993.95,Ho Chi Minh,23.84,2025-01-10
CUST_04554,70.0,20649.58,Can Tho,89.76,2025-08-27
CUST_04555,56.0,61587.7,Hanoi,51.27,2025-02-22
CUST_04556,29.0,77390.68,Hai Phong,60.81,2025-05-09
CUST_04557,69.0,57739.07,Da Nang,69.67,2025-07-25
CUST_04558,18.0,52845.49,Hanoi,71.12,2025-10-31
CUST_04559,41.0,57356.9,Da Nang,93.86,2025-08-16
CUST_04560,46.0,34981.01,Hai Phong,99.73,2025-11-21
CUST_04561,,69649.99,Ho Chi Minh,74.81,2026-01-02
CUST_04562,66.0,69021.24,Da Nang,35.85,2025-02-19
CUST_04563,63.0,38500.24,Da Nang,89.18,2025-05-11
CUST_04564,23.0,62285.43,Ho Chi Minh,14.43,2026-01-09
CUST_04565,58.0,48648.92,Ho Chi Minh,30.8,2025-09-10
CUST_04566,63.0,42010.13,Da Nang,90.76,2025-12-09
CUST_04567,49.0,72609.73,Hai Phong,33.06,2025-10-30
CUST_04568,20.0,58891.7,Ho Chi Minh,29.86,2025-09-08
CUST_04569,63.0,58195.35,Can Tho,22.43,2026-01-04
CUST_04570,31.0,51013.48,Da Nang,87.32,2025-12-22
CUST_04571,,54469.77,Ho Chi Minh,55.01,2025-05-06
CUST_04572,58.0,48763.02,Ho Chi Minh,70.74,2025-05-29
CUST_04573,35.0,55665.66,Ho Chi Minh,31.52,2025-03-05
CUST_04574,49.0,58821.52,Da Nang,78.22,2025-10-12
CUST_04575,30.0,55897.98,Can Tho,78.4,2025-06-28
CUST_04576,54.0,43099.12,Hai Phong,38.13,2026-01-01
CUST_04577,56.0,43791.69,Hanoi,46.96,2025-06-13
CUST_04578,22.0,50008.83,Can Tho,28.87,2025-10-20
CUST_04579,65.0,17135.1,Can Tho,97.89,2025-06-24
CUST_04580,34.0,64254.17,Da Nang,68.1,2025-01-22
CUST_04581,32.0,54209.74,Ho Chi Minh,94.11,2025-09-23
CUST_04582,64.0,14479.08,Ho Chi Minh,37.3,2025-12-31
CUST_04583,30.0,52931.96,Ho Chi Minh,80.37,2025-04-21
CUST_04584,19.0,17637.79,Hai Phong,78.93,2025-09-13
CUST_04585,62.0,34474.16,Can Tho,72.25,2025-05-26
CUST_04586,57.0,63274.48,Hai Phong,96.91,2025-07-10
CUST_04587,53.0,56626.39,Da Nang,45.42,2026-01-01
CUST_04588,18.0,55637.02,Da Nang,21.76,2026-01-28
CUST_04589,59.0,18626.2,Ho Chi Minh,70.45,2025-07-26
CUST_04590,59.0,47342.7,Ho Chi Minh,75.64,2025-01-19
CUST_04591,38.0,42707.16,Hanoi,61.76,2025-03-04
CUST_04592,44.0,60066.07,Can Tho,28.61,2025-08-25
CUST_04593,61.0,77335.73,Hai Phong,55.4,2025-01-14
CUST_04594,49.0,79740.78,Can Tho,38.1,2025-04-08
CUST_04595,66.0,47480.73,Da Nang,48.47,2025-11-08
CUST_04596,64.0,25560.05,Hanoi,68.07,2025-07-18
CUST_04597,35.0,56525.14,Can Tho,77.07,2025-02-21
CUST_04598,52.0,58866.91,Hai Phong,30.9,2025-01-10
CUST_04599,18.0,50448.86,Ho Chi Minh,46.48,2025-02-09
CUST_04600,39.0,6438.39,Ho Chi Minh,34.22,2025-08-24
CUST_04601,54.0,51854.03,Can Tho,27.88,2025-06-28
CUST_04602,65.0,40458.72,Da Nang,80.5,2025-11-12
CUST_04603,62.0,57776.5,Ho Chi Minh,91.83,2025-12-14
CUST_04604,22.0,31657.66,Can Tho,43.32,2025-01-16
CUST_04605,30.0,39596.75,Ho Chi Minh,77.62,2025-12-04
CUST_04606,37.0,51916.7,Da Nang,90.73,2025-01-21
CUST_04607,58.0,39633.6,Da Nang,86.15,2026-01-24
CUST_04608,48.0,52171.47,Hanoi,26.45,2025-02-23
CUST_04609,19.0,51480.7,Can Tho,96.07,2025-08-13
CUST_04610,58.0,30299.93,Hanoi,43.9,2026-01-19
CUST_04611,34.0,25203.1,Da Nang,40.53,2025-01-19
CUST_04612,48.0,50766.81,Da Nang,15.62,2025-07-16
CUST_04613,39.0,71346.59,Ho Chi Minh,53.76,2025-08-24
CUST_04614,70.0,40168.99,Can Tho,19.81,2025-10-21
CUST_04615,68.0,55897.35,Hai Phong,32.37,2025-11-27
CUST_04616,22.0,60974.75,Da Nang,38.52,2025-05-19
CUST_04617,57.0,59879.41,Can Tho,82.79,2025-10-22
CUST_04618,24.0,48724.55,Da Nang,88.79,2025-01-18
CUST_04619,55.0,48857.37,Ho Chi Minh,37.22,2025-09-08
CUST_04620,21.0,82679.97,Ho Chi Minh,87.28,2025-10-06
CUST_04621,42.0,44882.12,Hai Phong,87.15,2025-08-10
CUST_04622,62.0,25522.81,Hanoi,78.82,2025-12-25
CUST_04623,26.0,39848.1,Ho Chi Minh,23.2,2025-11-02
CUST_04624,69.0,41180.71,Can Tho,72.13,2025-04-02
CUST_04625,37.0,46144.43,Can Tho,95.05,2025-09-28
CUST_04626,45.0,51711.0,Can Tho,71.43,2025-06-10
CUST_04627,61.0,37148.88,Hanoi,39.85,2025-06-10
CUST_04628,21.0,58637.75,Ho Chi Minh,55.05,2025-12-15
CUST_04629,42.0,36969.13,Da Nang,68.12,2025-02-20
CUST_04630,57.0,73058.26,Ho Chi Minh,55.95,2025-07-23
CUST_04631,32.0,51228.49,Hanoi,20.8,2025-12-27
CUST_04632,68.0,54477.12,Hanoi,38.09,2025-03-21
CUST_04633,18.0,60626.7,Can Tho,82.22,2025-02-26
CUST_04634,47.0,47357.59,Can Tho,87.53,2026-01-19
CUST_04635,57.0,42674.44,Can Tho,22.36,2025-07-06
CUST_04636,39.0,59100.46,Hai Phong,95.71,2025-10-24
CUST_04637,61.0,22667.1,Ho Chi Minh,39.59,2026-02-04
CUST_04638,47.0,59703.35,Can Tho,69.61,2025-05-02
CUST_04639,55.0,50373.26,Hai Phong,77.66,2025-12-07
CUST_04640,24.0,37626.41,Hai Phong,83.08,2025-10-09
CUST_04641,,33619.83,Hai Phong,95.12,2026-01-30
CUST_04642,55.0,65247.8,Hanoi,38.16,2025-10-27
CUST_04643,30.0,39902.18,Hai Phong,87.27,2025-08-06
CUST_04644,26.0,48614.79,Ho Chi Minh,21.85,2025-08-16
CUST_04645,34.0,50097.35,Ho Chi Minh,73.45,2025-07-25
CUST_04646,48.0,55738.58,Ho Chi Minh,76.78,2025-12-13
CUST_04647,46.0,54533.65,Hanoi,71.0,2025-05-08
CUST_04648,26.0,40619.33,Hanoi,32.71,2025-06-30
CUST_04649,21.0,66490.39,Ho Chi Minh,88.57,2025-04-12
CUST_04650,55.0,34802.4,Can Tho,25.2,2025-08-08
CUST_04651,59.0,42967.74,Da Nang,14.83,2025-09-07
CUST_04652,37.0,44648.06,Ho Chi Minh,74.57,2025-05-03
CUST_04653,52.0,36298.8,Can Tho,52.79,2025-07-08
CUST_04654,27.0,50066.96,Ho Chi Minh,86.42,2025-12-11
CUST_04655,56.0,24163.81,Ho Chi Minh,44.51,2025-07-02
CUST_04656,41.0,52274.08,Ho Chi Minh,25.15,2025-12-27
CUST_04657,51.0,26855.59,Hanoi,85.28,2025-09-27
CUST_04658,61.0,70369.84,Da Nang,59.4,2025-11-01
CUST_04659,33.0,47308.2,Hai Phong,27.03,2025-07-28
CUST_04660,53.0,40848.64,Hanoi,74.83,2025-01-24
CUST_04661,45.0,51179.93,Hai Phong,56.0,2025-09-08
CUST_04662,30.0,72198.42,Ho Chi Minh,64.39,2025-01-30
CUST_04663,30.0,29690.55,Can Tho,51.48,2025-08-21
CUST_04664,39.0,65526.76,Ho Chi Minh,84.58,2025-03-07
CUST_04665,48.0,68319.38,Hai Phong,84.66,2025-03-10
CUST_04666,47.0,,Da Nang,73.84,2025-10-01
CUST_04667,39.0,52829.27,Da Nang,19.49,2025-10-03
CUST_04668,54.0,62206.81,Can Tho,85.5,2025-04-20
CUST_04669,57.0,58019.4,Da Nang,70.39,2025-05-19
CUST_04670,39.0,48955.28,Hai Phong,72.73,2026-02-03
CUST_04671,47.0,60291.94,Can Tho,42.67,2025-02-13
CUST_04672,20.0,56412.4,Ho Chi Minh,89.14,2025-04-20
CUST_04673,18.0,45968.8,Ho Chi Minh,75.28,2025-04-29
CUST_04674,62.0,16136.95,Hai Phong,20.13,2025-06-26
CUST_04675,57.0,87074.86,Ho Chi Minh,46.7,2025-02-24
CUST_04676,48.0,66331.9,Hai Phong,89.77,2026-01-21
CUST_04677,70.0,44279.25,Hanoi,14.25,2025-04-10
CUST_04678,65.0,27401.0,Can Tho,96.53,2025-11-10
CUST_04679,43.0,49252.0,Hanoi,71.12,2025-01-04
CUST_04680,18.0,42198.8,Da Nang,66.82,2025-02-08
CUST_04681,22.0,45990.99,Hai Phong,34.35,2025-05-20
CUST_04682,53.0,73406.02,Can Tho,32.39,2025-04-08
CUST_04683,36.0,60995.61,Da Nang,94.79,2025-01-25
CUST_04684,58.0,61795.65,Hanoi,36.84,2025-11-06
CUST_04685,66.0,47646.79,Da Nang,79.8,2025-08-28
CUST_04686,19.0,43404.91,Hai Phong,45.38,2025-06-08
CUST_04687,36.0,70340.97,Hanoi,22.53,2025-03-26
CUST_04688,34.0,34928.69,Can Tho,10.96,2025-09-10
CUST_04689,39.0,61590.38,Da Nang,58.98,2025-11-22
CUST_04690,33.0,39953.34,Ho Chi Minh,97.82,2025-06-08
CUST_04691,19.0,,Ho Chi Minh,43.22,2025-11-11
CUST_04692,34.0,72243.48,Hanoi,42.15,2025-04-27
CUST_04693,19.0,58395.71,Hanoi,40.97,2025-08-10
CUST_04694,26.0,34527.98,Ho Chi Minh,56.85,2025-07-27
CUST_04695,68.0,56129.14,Hanoi,49.66,2025-12-11
CUST_04696,39.0,41811.19,Can Tho,89.19,2025-04-26
CUST_04697,37.0,43129.29,Da Nang,55.5,2025-06-10
CUST_04698,41.0,23454.41,Hanoi,55.7,2025-09-03
CUST_04699,60.0,12599.65,Can Tho,22.45,2025-12-31
CUST_04700,51.0,65995.65,Ho Chi Minh,98.45,2026-01-31
CUST_04701,57.0,11692.98,Can Tho,32.5,2026-01-08
CUST_04702,63.0,52869.79,Can Tho,16.6,2025-10-18
CUST_04703,27.0,46752.65,Hanoi,69.68,2025-07-31
CUST_04704,26.0,60120.44,Can Tho,63.58,2025-08-15
CUST_04705,30.0,47113.91,Hanoi,47.36,2026-01-29
CUST_04706,62.0,50503.13,Ho Chi Minh,48.0,2025-02-02
CUST_04707,56.0,88897.23,Hai Phong,80.66,2025-12-22
CUST_04708,58.0,39099.8,Ho Chi Minh,27.61,2025-05-18
CUST_04709,20.0,39752.59,Hai Phong,83.82,2025-09-24
CUST_04710,55.0,74054.65,Da Nang,68.39,2025-01-12
CUST_04711,52.0,23939.87,Da Nang,47.71,2025-04-11
CUST_04712,27.0,64372.84,Hai Phong,51.22,2025-12-27
CUST_04713,21.0,55264.19,Hai Phong,33.1,2026-01-29
CUST_04714,35.0,15519.23,Ho Chi Minh,77.69,2025-12-08
CUST_04715,50.0,69614.67,Can Tho,56.16,2025-01-06
CUST_04716,49.0,53091.36,Ho Chi Minh,38.88,2025-12-07
CUST_04717,23.0,46985.86,Hai Phong,63.64,2025-01-27
CUST_04718,68.0,61163.51,Da Nang,99.62,2025-08-22
CUST_04719,22.0,65984.55,Can Tho,49.17,2025-12-11
CUST_04720,42.0,68380.64,Hanoi,92.86,2026-01-05
CUST_04721,59.0,57336.86,Hanoi,41.05,2025-04-27
CUST_04722,41.0,48729.42,Hanoi,14.93,2025-07-06
CUST_04723,47.0,53868.77,Da Nang,28.38,2026-02-01
CUST_04724,63.0,54242.11,Can Tho,47.68,2025-11-18
CUST_04725,62.0,62103.39,Hanoi,29.77,2025-08-12
CUST_04726,49.0,37453.17,Hai Phong,10.02,2025-07-06
CUST_04727,55.0,44329.87,Hai Phong,92.35,2025-10-15
CUST_04728,68.0,54833.41,Hanoi,85.95,2025-03-20
CUST_04729,20.0,58446.09,Da Nang,76.81,2025-07-19
CUST_04730,30.0,23992.94,Hai Phong,25.1,2025-01-13
CUST_04731,33.0,61480.05,Da Nang,20.83,2025-09-20
CUST_04732,37.0,49052.73,Can Tho,16.08,2025-03-31
CUST_04733,42.0,76316.29,Can Tho,75.16,2025-06-25
CUST_04734,41.0,47501.73,Hanoi,93.59,2025-04-03
CUST_04735,23.0,14417.34,Hanoi,48.75,2025-12-09
CUST_04736,23.0,46792.9,Hai Phong,20.72,2025-08-01
CUST_04737,51.0,43849.13,Can Tho,56.12,2025-05-02
CUST_04738,55.0,53208.33,Hai Phong,41.39,2026-01-09
CUST_04739,50.0,47217.16,Hai Phong,43.73,2025-08-30
CUST_04740,45.0,31013.55,Hanoi,65.92,2025-10-30
CUST_04741,45.0,37249.97,Da Nang,74.68,2025-05-16
CUST_04742,69.0,32087.12,Hai Phong,19.95,2025-12-29
CUST_04743,35.0,61756.27,Da Nang,13.2,2026-02-03
CUST_04744,29.0,44698.1,Da Nang,99.49,2025-02-04
CUST_04745,34.0,28675.49,Hanoi,30.95,2025-03-14
CUST_04746,40.0,53528.62,Hai Phong,14.84,2025-09-17
CUST_04747,36.0,68886.22,Hai Phong,27.09,2026-01-26
CUST_04748,50.0,42839.29,Can Tho,13.51,2025-09-25
CUST_04749,23.0,12249.1,Hanoi,45.26,2025-07-19
CUST_04750,32.0,80360.28,Can Tho,82.22,2025-08-08
CUST_04751,22.0,41795.96,Hanoi,40.71,2025-10-26
CUST_04752,52.0,50999.72,Ho Chi Minh,49.98,2025-02-23
CUST_04753,30.0,61215.12,Hanoi,70.8,2025-02-15
CUST_04754,34.0,72397.95,Hai Phong,55.8,2025-03-06
CUST_04755,70.0,54967.32,Ho Chi Minh,87.53,2025-12-11
CUST_04756,35.0,35171.45,Da Nang,87.94,2025-03-07
CUST_04757,56.0,66640.88,Can Tho,10.89,2025-04-11
CUST_04758,66.0,61732.64,Ho Chi Minh,80.02,2025-03-27
CUST_04759,52.0,48528.15,Da Nang,51.47,2025-02-08
CUST_04760,18.0,32278.24,Hai Phong,99.0,2025-05-16
CUST_04761,36.0,64585.04,Hai Phong,53.49,2025-11-17
CUST_04762,68.0,54337.07,Ho Chi Minh,98.82,2025-12-03
CUST_04763,43.0,35436.52,Hanoi,77.91,2025-03-27
CUST_04764,66.0,73948.73,Da Nang,32.37,2025-06-15
CUST_04765,48.0,48548.32,Can Tho,58.46,2025-03-23
CUST_04766,66.0,44880.86,Da Nang,99.29,2025-07-13
CUST_04767,43.0,58593.82,Can Tho,87.18,2025-02-12
CUST_04768,64.0,7603.59,Da Nang,18.76,2025-02-25
CUST_04769,48.0,31868.83,Hai Phong,73.57,2025-10-27
CUST_04770,55.0,46441.41,Da Nang,41.1,2025-09-08
CUST_04771,66.0,24262.11,Ho Chi Minh,10.63,2025-11-25
CUST_04772,70.0,20410.25,Da Nang,46.31,2025-10-07
CUST_04773,68.0,63718.23,Hanoi,31.13,2025-10-18
CUST_04774,30.0,49297.1,Ho Chi Minh,83.7,2025-03-17
CUST_04775,62.0,53094.26,Da Nang,40.36,2025-06-20
CUST_04776,46.0,,Hai Phong,84.48,2025-11-13
CUST_04777,53.0,61019.44,Hai Phong,10.05,2025-06-06
CUST_04778,26.0,32336.31,Can Tho,37.7,2025-07-21
CUST_04779,26.0,53801.65,Hanoi,31.7,2026-01-24
CUST_04780,65.0,41179.34,Hai Phong,31.02,2026-01-24
CUST_04781,,53287.22,Can Tho,16.14,2025-06-13
CUST_04782,40.0,35929.49,Hanoi,26.84,2025-08-20
CUST_04783,44.0,43067.77,Can Tho,60.0,2025-05-16
CUST_04784,66.0,52413.2,Hai Phong,36.22,2025-11-19
CUST_04785,67.0,58262.16,Hai Phong,47.57,2025-11-19
CUST_04786,37.0,41214.51,Hai Phong,43.92,2025-05-20
CUST_04787,19.0,43596.54,Ho Chi Minh,88.83,2025-07-13
CUST_04788,20.0,46020.33,Da Nang,91.48,2025-07-10
CUST_04789,27.0,51920.28,Hai Phong,54.37,2025-12-25
CUST_04790,39.0,45456.17,Hanoi,39.71,2025-04-20
CUST_04791,69.0,40491.97,Hai Phong,19.61,2025-04-03
CUST_04792,56.0,47272.5,Da Nang,95.81,2025-07-11
CUST_04793,43.0,43567.56,Can Tho,15.42,2025-12-18
CUST_04794,31.0,53779.29,Ho Chi Minh,36.79,2025-06-12
CUST_04795,22.0,56212.13,Hanoi,36.83,2025-05-24
CUST_04796,30.0,76604.06,Hai Phong,38.84,2025-05-27
CUST_04797,39.0,40911.53,Da Nang,24.79,2025-02-09
CUST_04798,46.0,36109.9,Can Tho,80.48,2025-02-26
CUST_04799,37.0,53043.89,Ho Chi Minh,21.02,2025-09-24
CUST_04800,24.0,47893.89,Hai Phong,67.14,2025-02-19
CUST_04801,29.0,31552.64,Hai Phong,21.15,2026-01-31
CUST_04802,62.0,50500.57,Hanoi,16.35,2025-12-19
CUST_04803,19.0,55551.79,Hai Phong,91.85,2025-09-30
CUST_04804,22.0,47468.92,Ho Chi Minh,27.11,2025-12-07
CUST_04805,42.0,66545.15,Da Nang,83.91,2026-01-27
CUST_04806,32.0,40375.94,Hai Phong,59.02,2025-12-23
CUST_04807,51.0,58807.65,Ho Chi Minh,17.01,2025-06-25
CUST_04808,21.0,29871.08,Ho Chi Minh,95.99,2025-02-13
CUST_04809,18.0,63657.39,Hai Phong,32.23,2025-04-20
CUST_04810,44.0,38582.62,Hanoi,87.37,2025-07-15
CUST_04811,25.0,36622.47,Hanoi,25.19,2025-08-19
CUST_04812,44.0,21442.73,Da Nang,86.85,2025-04-07
CUST_04813,22.0,63379.91,Hai Phong,11.19,2025-09-19
CUST_04814,31.0,86440.87,Hanoi,56.06,2025-01-10
CUST_04815,31.0,39776.32,Can Tho,79.25,2025-12-18
CUST_04816,70.0,29391.92,Ho Chi Minh,94.13,2025-06-23
CUST_04817,48.0,49572.59,Hai Phong,91.83,2025-03-15
CUST_04818,54.0,41533.85,Can Tho,83.77,2025-01-30
CUST_04819,55.0,60736.22,Ho Chi Minh,89.94,2025-04-16
CUST_04820,63.0,61733.16,Can Tho,27.93,2025-10-10
CUST_04821,35.0,50419.83,Hai Phong,35.58,2025-11-28
CUST_04822,27.0,51165.65,Hanoi,36.01,2025-11-26
CUST_04823,70.0,65959.56,Can Tho,43.93,2025-10-04
CUST_04824,69.0,19818.63,Hanoi,45.4,2025-02-21
CUST_04825,39.0,59278.38,Ho Chi Minh,59.01,2025-12-20
CUST_04826,49.0,63201.92,Hanoi,24.39,2025-10-31
CUST_04827,54.0,62251.18,Can Tho,72.21,2025-04-21
CUST_04828,23.0,44794.21,Hanoi,25.08,2025-08-16
CUST_04829,47.0,82900.1,Ho Chi Minh,37.93,2026-01-05
CUST_04830,63.0,57651.22,Ho Chi Minh,55.3,2025-08-08
CUST_04831,43.0,49289.2,Da Nang,81.68,2025-09-20
CUST_04832,69.0,44515.31,Can Tho,76.55,2025-06-04
CUST_04833,44.0,55637.18,Hai Phong,68.1,2026-02-04
CUST_04834,57.0,41890.81,Hanoi,24.02,2025-02-21
CUST_04835,47.0,52856.11,Hanoi,59.23,2025-10-02
CUST_04836,60.0,69377.31,Da Nang,17.87,2026-02-03
CUST_04837,54.0,53053.66,Hai Phong,43.96,2025-05-24
CUST_04838,62.0,64800.21,Ho Chi Minh,47.22,2025-09-12
CUST_04839,33.0,41013.14,Hai Phong,13.58,2025-02-11
CUST_04840,28.0,50317.63,Hanoi,34.66,2025-05-14
CUST_04841,58.0,40040.17,Can Tho,96.01,2025-07-15
CUST_04842,60.0,59581.19,Can Tho,95.83,2025-12-10
CUST_04843,62.0,24739.29,Hai Phong,41.71,2025-03-10
CUST_04844,31.0,70693.66,Hanoi,13.88,2025-03-26
CUST_04845,44.0,31160.58,Can Tho,26.12,2025-01-15
CUST_04846,53.0,40309.18,Ho Chi Minh,45.3,2025-02-08
CUST_04847,41.0,60074.38,Can Tho,95.3,2025-05-14
CUST_04848,24.0,60437.94,Hanoi,22.71,2025-12-05
CUST_04849,67.0,64469.75,Can Tho,78.72,2025-09-25
CUST_04850,46.0,32465.81,Da Nang,19.78,2025-05-05
CUST_04851,31.0,63462.85,Da Nang,98.31,2025-04-12
CUST_04852,47.0,68721.38,Can Tho,44.35,2025-05-05
CUST_04853,,26306.3,Da Nang,79.77,2025-06-15
CUST_04854,61.0,28858.88,Hai Phong,40.83,2025-05-17
CUST_04855,42.0,43175.18,Ho Chi Minh,66.49,2025-01-31
CUST_04856,43.0,78562.23,Ho Chi Minh,27.28,2025-02-19
CUST_04857,43.0,52104.09,Ho Chi Minh,23.14,2025-02-26
CUST_04858,34.0,39580.3,Da Nang,94.43,2025-04-05
CUST_04859,26.0,44326.7,Hai Phong,92.59,2025-08-15
CUST_04860,65.0,52970.76,Ho Chi Minh,89.87,2025-03-28
CUST_04861,47.0,23882.42,Hanoi,66.29,2025-10-05
CUST_04862,53.0,69713.5,Ho Chi Minh,82.74,2025-04-17
CUST_04863,63.0,35146.83,Da Nang,16.21,2025-07-19
CUST_04864,26.0,48929.52,Can Tho,40.13,2025-01-06
CUST_04865,35.0,52473.62,Can Tho,38.23,2025-04-11
CUST_04866,28.0,22907.8,Da Nang,67.21,2025-01-01
CUST_04867,56.0,52459.2,Ho Chi Minh,42.04,2025-09-18
CUST_04868,36.0,50607.99,Can Tho,23.37,2025-09-04
CUST_04869,65.0,32349.83,Da Nang,63.68,2026-02-03
CUST_04870,22.0,72985.98,Ho Chi Minh,83.29,2025-07-22
CUST_04871,18.0,64998.49,Can Tho,44.39,2025-05-30
CUST_04872,27.0,38053.17,Ho Chi Minh,21.9,2025-08-28
CUST_04873,29.0,39478.41,Hanoi,27.7,2025-09-05
CUST_04874,20.0,12838.98,Hai Phong,31.37,2025-01-24
CUST_04875,52.0,26786.81,Da Nang,36.99,2026-01-10
CUST_04876,62.0,25197.26,Can Tho,67.85,2025-10-21
CUST_04877,58.0,49209.21,Da Nang,64.09,2025-01-06
CUST_04878,59.0,65203.72,Ho Chi Minh,72.65,2025-08-04
CUST_04879,60.0,49332.7,Hanoi,42.63,2025-12-05
CUST_04880,42.0,58374.2,Can Tho,84.16,2025-12-07
CUST_04881,46.0,92390.82,Da Nang,28.37,2025-09-05
CUST_04882,18.0,45226.25,Hanoi,52.21,2025-08-11
CUST_04883,42.0,49346.47,Ho Chi Minh,82.08,2025-02-25
CUST_04884,33.0,47309.82,Hanoi,26.21,2025-10-06
CUST_04885,33.0,49795.3,Hanoi,19.89,2025-05-02
CUST_04886,19.0,58671.65,Hanoi,89.53,2026-02-02
CUST_04887,18.0,49485.61,Ho Chi Minh,40.86,2025-08-27
CUST_04888,30.0,41331.54,Hai Phong,71.55,2025-07-13
CUST_04889,22.0,43507.94,Hai Phong,12.28,2025-03-15
CUST_04890,24.0,42969.38,Hanoi,72.1,2026-01-15
CUST_04891,60.0,58929.5,Ho Chi Minh,38.45,2025-11-06
CUST_04892,28.0,53352.39,Hai Phong,15.02,2025-07-11
CUST_04893,50.0,42442.74,Ho Chi Minh,64.88,2025-01-02
CUST_04894,38.0,62326.45,Can Tho,31.67,2025-09-05
CUST_04895,58.0,60629.25,Hai Phong,44.81,2025-08-04
CUST_04896,31.0,31531.44,Hai Phong,17.25,2025-12-01
CUST_04897,43.0,50992.33,Ho Chi Minh,23.24,2025-09-05
CUST_04898,25.0,79465.82,Can Tho,36.82,2025-12-19
CUST_04899,24.0,28779.34,Da Nang,18.08,2025-02-03
CUST_04900,29.0,66075.21,Can Tho,91.97,2025-11-22
CUST_04901,,72288.06,Hanoi,10.54,2025-08-02
CUST_04902,18.0,50884.52,Hanoi,53.55,2025-04-05
CUST_04903,47.0,47412.75,Hai Phong,21.09,2025-02-18
CUST_04904,60.0,57201.92,Hai Phong,37.69,2025-09-13
CUST_04905,59.0,54424.07,Da Nang,93.35,2025-03-17
CUST_04906,20.0,46268.29,Da Nang,24.55,2025-01-22
CUST_04907,31.0,40521.8,Hanoi,96.92,2025-05-25
CUST_04908,67.0,34834.4,Ho Chi Minh,28.52,2025-10-07
CUST_04909,24.0,28399.68,Hai Phong,76.74,2025-09-26
CUST_04910,68.0,39684.3,Can Tho,59.2,2025-09-22
CUST_04911,54.0,45285.06,Da Nang,89.6,2025-07-22
CUST_04912,24.0,61118.95,Da Nang,59.86,2025-10-15
CUST_04913,58.0,49947.74,Hanoi,58.11,2025-01-26
CUST_04914,61.0,55828.62,Da Nang,27.59,2025-12-03
CUST_04915,67.0,55817.96,Hanoi,24.96,2025-06-03
CUST_04916,39.0,52617.8,Can Tho,92.48,2025-02-22
CUST_04917,66.0,72608.64,Hanoi,39.51,2025-09-14
CUST_04918,38.0,61969.42,Hai Phong,43.49,2025-07-19
CUST_04919,60.0,47362.46,Can Tho,78.38,2025-10-22
CUST_04920,39.0,69297.3,Hanoi,40.49,2025-04-24
CUST_04921,,19129.51,Hanoi,95.69,2025-01-23
CUST_04922,46.0,80494.46,Hanoi,76.41,2025-04-26
CUST_04923,58.0,22889.55,Hanoi,63.77,2025-12-10
CUST_04924,50.0,50570.53,Hanoi,89.28,2025-03-24
CUST_04925,18.0,51077.34,Hanoi,14.46,2025-07-18
CUST_04926,57.0,47337.95,Ho Chi Minh,33.14,2025-06-02
CUST_04927,25.0,47118.96,Ho Chi Minh,51.85,2025-12-02
CUST_04928,65.0,45010.11,Hanoi,30.43,2025-06-18
CUST_04929,33.0,64503.64,Hanoi,76.95,2025-07-25
CUST_04930,21.0,66651.56,Hai Phong,92.73,2025-05-12
CUST_04931,49.0,53344.26,Da Nang,48.14,2025-11-11
CUST_04932,27.0,60699.51,Ho Chi Minh,40.79,2025-08-08
CUST_04933,59.0,37832.91,Hanoi,96.54,2025-08-28
CUST_04934,64.0,38530.5,Hanoi,50.04,2025-06-02
CUST_04935,46.0,86372.76,Can Tho,54.01,2025-02-25
CUST_04936,39.0,58451.39,Da Nang,41.65,2025-10-29
CUST_04937,38.0,21609.6,Da Nang,91.86,2025-11-10
CUST_04938,66.0,64160.82,Hai Phong,61.21,2025-02-12
CUST_04939,68.0,59563.19,Ho Chi Minh,78.6,2025-07-25
CUST_04940,59.0,49101.47,Hai Phong,83.06,2025-01-19
CUST_04941,66.0,51530.52,Hanoi,40.77,2025-06-15
CUST_04942,,33409.04,Hanoi,49.03,2026-01-03
CUST_04943,39.0,29467.73,Ho Chi Minh,86.36,2025-12-17
CUST_04944,31.0,46027.36,Can Tho,42.69,2026-01-21
CUST_04945,60.0,51712.3,Hai Phong,81.45,2025-04-29
CUST_04946,69.0,71297.32,Hai Phong,94.69,2025-11-08
CUST_04947,64.0,19953.24,Ho Chi Minh,66.09,2025-12-16
CUST_04948,42.0,35475.03,Ho Chi Minh,76.75,2025-01-11
CUST_04949,29.0,33095.16,Can Tho,82.46,2025-07-18
CUST_04950,18.0,37287.89,Da Nang,86.05,2025-05-09
CUST_04951,49.0,67643.33,Hanoi,45.55,2025-10-19
CUST_04952,30.0,53466.53,Can Tho,14.61,2025-01-17
CUST_04953,27.0,44443.6,Da Nang,46.17,2025-10-17
CUST_04954,26.0,59412.75,Hanoi,70.64,2026-01-04
CUST_04955,55.0,38022.76,Hai Phong,50.53,2025-12-30
CUST_04956,68.0,42805.15,Can Tho,77.41,2026-01-20
CUST_04957,33.0,54231.23,Da Nang,42.13,2025-09-07
CUST_04958,45.0,38813.9,Hanoi,67.13,2025-11-27
CUST_04959,37.0,53755.95,Can Tho,26.78,2025-01-08
CUST_04960,30.0,,Can Tho,77.44,2025-04-28
CUST_04961,29.0,38325.9,Hai Phong,59.11,2025-06-02
CUST_04962,37.0,66424.65,Da Nang,28.37,2025-03-08
CUST_04963,46.0,46670.62,Hanoi,36.27,2025-06-22
CUST_04964,30.0,51380.2,Can Tho,77.37,2025-12-05
CUST_04965,68.0,32484.48,Da Nang,53.43,2025-02-28
CUST_04966,41.0,37718.72,Hanoi,29.44,2025-12-28
CUST_04967,28.0,53978.58,Hai Phong,97.05,2025-11-02
CUST_04968,45.0,59503.03,Hanoi,74.36,2025-08-19
CUST_04969,65.0,80085.29,Hanoi,96.14,2025-12-16
CUST_04970,27.0,49414.84,Hai Phong,48.44,2025-01-28
CUST_04971,68.0,63427.32,Hanoi,52.76,2025-03-05
CUST_04972,66.0,45810.4,Ho Chi Minh,90.82,2025-10-10
CUST_04973,23.0,59726.04,Hai Phong,57.25,2025-02-05
CUST_04974,37.0,40971.3,Hai Phong,73.66,2026-01-13
CUST_04975,27.0,57847.55,Ho Chi Minh,32.7,2025-07-11
CUST_04976,29.0,44063.06,Hanoi,50.21,2025-10-14
CUST_04977,47.0,51350.46,Ho Chi Minh,21.11,2025-10-21
CUST_04978,36.0,37770.22,Can Tho,28.54,2025-02-21
CUST_04979,56.0,65149.16,Can Tho,10.08,2025-04-07
CUST_04980,39.0,63748.91,Da Nang,13.53,2025-07-23
CUST_04981,48.0,54423.91,Hai Phong,97.96,2025-10-06
CUST_04982,30.0,,Hai Phong,31.81,2025-03-14
CUST_04983,,64173.87,Ho Chi Minh,69.7,2025-10-24
CUST_04984,64.0,61743.96,Da Nang,85.52,2025-07-20
CUST_04985,49.0,40174.26,Da Nang,59.56,2025-08-26
CUST_04986,44.0,54885.25,Da Nang,23.78,2025-01-06
CUST_04987,65.0,45453.45,Can Tho,75.53,2025-08-25
CUST_04988,49.0,67716.46,Can Tho,64.02,2025-05-22
CUST_04989,55.0,51741.68,Da Nang,75.81,2025-03-31
CUST_04990,20.0,29440.72,Hanoi,79.28,2025-03-02
CUST_04991,25.0,43779.62,Can Tho,97.79,2025-06-20
CUST_04992,54.0,40535.67,Can Tho,61.62,2025-05-07
CUST_04993,66.0,75264.01,Hai Phong,40.75,2025-02-04
CUST_04994,34.0,24627.5,Ho Chi Minh,68.36,2025-11-03
CUST_04995,66.0,43299.61,Ho Chi Minh,16.16,2025-05-08
CUST_04996,50.0,24544.34,Can Tho,90.77,2025-11-23
CUST_04997,58.0,64083.81,Da Nang,20.74,2025-07-23
CUST_04998,62.0,63445.82,Hai Phong,39.51,2026-01-09
CUST_04999,42.0,27818.39,Can Tho,83.42,2025-03-12
CUST_05000,65.0,32238.11,Hai Phong,63.76,2026-02-04
CUST_00001,19.0,16494.25,Ho Chi Minh,43.71,2025-12-11
CUST_00002,33.0,54720.14,Da Nang,95.56,2025-04-27
CUST_00003,65.0,71855.47,Ho Chi Minh,75.88,2025-08-26
CUST_00004,65.0,53921.47,Da Nang,63.88,2025-10-13
CUST_00005,23.0,57955.99,Ho Chi Minh,24.04,2025-10-27
CUST_00006,20.0,47094.11,Da Nang,24.04,2026-01-31
CUST_00007,,45354.33,Hanoi,15.23,2025-03-01
CUST_00008,50.0,42407.76,Can Tho,87.96,2025-12-08
CUST_00009,53.0,46470.66,Hai Phong,64.1,2025-03-16
CUST_00010,59.0,35653.34,Can Tho,73.73,2025-02-19
CUST_00011,44.0,78807.85,Hanoi,11.85,2025-04-24
CUST_00012,55.0,65919.45,Ho Chi Minh,97.29,2025-12-05
CUST_00013,18.0,29371.72,Da Nang,84.92,2025-11-14
CUST_00014,28.0,60206.9,Da Nang,29.11,2026-01-07
CUST_00015,39.0,65080.53,Hanoi,26.36,2026-01-03
CUST_00016,31.0,36980.23,Can Tho,26.51,2025-08-16
CUST_00017,39.0,76909.16,Can Tho,37.38,2025-05-09
