order_id,customer_id,order_purchase_timestamp,order_status
ORD_000001,CUST_00477,2026-01-09 02:00:00,REFUNDED
ORD_000002,CUST_00190,2025-03-18 13:00:00,COMPLETED
ORD_000003,CUST_01020,2025-07-31 09:00:00,COMPLETED
ORD_000004,CUST_01516,2026-03-14 12:00:00,CANCELLED
ORD_000005,CUST_01649,2025-11-22 01:00:00,CANCELLED
ORD_000006,CUST_00842,2025-10-27 13:00:00,COMPLETED
ORD_000007,CUST_00691,2025-02-08 09:00:00,CANCELLED
ORD_000008,CUST_00726,2025-11-06 01:00:00,COMPLETED
ORD_000009,CUST_00162,2025-10-18 02:00:00,COMPLETED
ORD_000010,CUST_01370,2025-01-04 01:00:00,COMPLETED
ORD_000011,CUST_00060,2025-11-02 03:00:00,COMPLETED
ORD_000012,CUST_00664,2025-08-09 12:00:00,COMPLETED
ORD_000013,CUST_00793,2025-07-02 21:00:00,COMPLETED
ORD_000014,CUST_00869,2025-10-31 10:00:00,COMPLETED
ORD_000015,CUST_01824,2025-06-08 10:00:00,COMPLETED
ORD_000016,CUST_01299,2025-06-09 23:00:00,COMPLETED
ORD_000017,CUST_00810,2025-05-08 01:00:00,REFUNDED
ORD_000018,CUST_01343,2025-01-28 03:00:00,COMPLETED
ORD_000019,CUST_00074,2025-08-31 16:00:00,COMPLETED
ORD_000020,CUST_01293,2026-03-22 08:00:00,COMPLETED
ORD_000021,CUST_00447,2026-03-14 12:00:00,COMPLETED
ORD_000022,CUST_00596,2025-03-08 20:00:00,REFUNDED
ORD_000023,CUST_00836,2026-01-12 15:00:00,COMPLETED
ORD_000024,CUST_00188,2026-01-08 09:00:00,COMPLETED
ORD_000025,CUST_00596,2026-03-18 20:00:00,CANCELLED
ORD_000026,CUST_01137,2025-12-20 05:00:00,COMPLETED
ORD_000027,CUST_01358,2026-02-16 00:00:00,CANCELLED
ORD_000028,CUST_00858,2025-11-28 10:00:00,COMPLETED
ORD_000029,CUST_00285,2025-04-03 22:00:00,COMPLETED
ORD_000030,CUST_01168,2025-03-08 10:00:00,CANCELLED
ORD_000031,CUST_01449,2025-12-07 21:00:00,COMPLETED
ORD_000032,CUST_00179,2025-10-09 18:00:00,REFUNDED
ORD_000033,CUST_01462,2025-09-17 14:00:00,COMPLETED
ORD_000034,CUST_00463,2025-12-18 06:00:00,REFUNDED
ORD_000035,CUST_00670,2025-01-29 15:00:00,COMPLETED
ORD_000036,CUST_00621,2026-02-01 06:00:00,COMPLETED
ORD_000037,CUST_01714,2025-03-22 03:00:00,COMPLETED
ORD_000038,CUST_00763,2025-07-30 12:00:00,COMPLETED
ORD_000039,CUST_00306,2025-07-11 12:00:00,COMPLETED
ORD_000040,CUST_00651,2025-10-19 03:00:00,COMPLETED
ORD_000041,CUST_01132,2025-01-24 23:00:00,COMPLETED
ORD_000042,CUST_00801,2025-08-18 01:00:00,CANCELLED
ORD_000043,CUST_01816,2025-11-18 17:00:00,COMPLETED
ORD_000044,CUST_00884,2025-12-14 21:00:00,CANCELLED
ORD_000045,CUST_00412,2025-07-26 02:00:00,COMPLETED
ORD_000046,CUST_01354,2026-03-19 03:00:00,COMPLETED
ORD_000047,CUST_00830,2026-02-21 15:00:00,COMPLETED
ORD_000048,CUST_01194,2025-02-17 06:00:00,COMPLETED
ORD_000049,CUST_00515,2025-12-09 08:00:00,CANCELLED
ORD_000050,CUST_00674,2025-01-01 20:00:00,COMPLETED
ORD_000051,CUST_01193,2025-03-17 11:00:00,COMPLETED
ORD_000052,CUST_00015,2025-01-18 00:00:00,REFUNDED
ORD_000053,CUST_01113,2025-07-28 08:00:00,COMPLETED
ORD_000054,CUST_00696,2025-04-01 04:00:00,COMPLETED
ORD_000055,CUST_01576,2025-08-23 13:00:00,COMPLETED
ORD_000056,CUST_00572,2026-02-08 08:00:00,COMPLETED
ORD_000057,CUST_00725,2025-05-06 09:00:00,REFUNDED
ORD_000058,CUST_01558,2026-03-03 18:00:00,CANCELLED
ORD_000059,CUST_01306,2025-11-27 09:00:00,COMPLETED
ORD_000060,CUST_00397,2026-01-26 21:00:00,COMPLETED
ORD_000061,CUST_00940,2025-07-31 10:00:00,COMPLETED
ORD_000062,CUST_01028,2025-03-13 13:00:00,COMPLETED
ORD_000063,CUST_00435,2025-12-11 21:00:00,COMPLETED
ORD_000064,CUST_00108,2025-07-02 01:00:00,COMPLETED
ORD_000065,CUST_01477,2026-03-10 10:00:00,COMPLETED
ORD_000066,CUST_00183,2025-04-09 09:00:00,COMPLETED
ORD_000067,CUST_01325,2025-09-13 15:00:00,COMPLETED
ORD_000068,CUST_01473,2025-12-11 08:00:00,COMPLETED
ORD_000069,CUST_01890,2025-02-10 02:00:00,COMPLETED
ORD_000070,CUST_01881,2025-07-30 00:00:00,CANCELLED
ORD_000071,CUST_00761,2025-03-22 16:00:00,COMPLETED
ORD_000072,CUST_00753,2025-07-11 22:00:00,CANCELLED
ORD_000073,CUST_01366,2025-10-21 11:00:00,COMPLETED
ORD_000074,CUST_01946,2025-04-09 22:00:00,COMPLETED
ORD_000075,CUST_00702,2026-03-06 17:00:00,COMPLETED
ORD_000076,CUST_00782,2025-10-03 23:00:00,CANCELLED
ORD_000077,CUST_01590,2025-09-13 10:00:00,COMPLETED
ORD_000078,CUST_00410,2025-07-03 19:00:00,COMPLETED
ORD_000079,CUST_01409,2025-11-24 17:00:00,COMPLETED
ORD_000080,CUST_00372,2025-09-10 10:00:00,COMPLETED
ORD_000081,CUST_01895,2025-10-16 23:00:00,COMPLETED
ORD_000082,CUST_00410,2025-04-06 01:00:00,COMPLETED
ORD_000083,CUST_01837,2025-05-14 23:00:00,CANCELLED
ORD_000084,CUST_00905,2025-02-05 21:00:00,COMPLETED
ORD_000085,CUST_01129,2025-06-26 10:00:00,COMPLETED
ORD_000086,CUST_01197,2025-03-25 16:00:00,COMPLETED
ORD_000087,CUST_00131,2026-01-13 05:00:00,COMPLETED
ORD_000088,CUST_01336,2026-01-26 07:00:00,COMPLETED
ORD_000089,CUST_00011,2025-01-26 03:00:00,COMPLETED
ORD_000090,CUST_00193,2025-07-24 08:00:00,COMPLETED
ORD_000091,CUST_00248,2026-01-09 07:00:00,COMPLETED
ORD_000092,CUST_01207,2025-01-11 21:00:00,COMPLETED
ORD_000093,CUST_00605,2025-05-07 20:00:00,COMPLETED
ORD_000094,CUST_01039,2025-03-10 19:00:00,COMPLETED
ORD_000095,CUST_00793,2025-09-11 14:00:00,COMPLETED
ORD_000096,CUST_01941,2025-12-27 08:00:00,COMPLETED
ORD_000097,CUST_00046,2025-05-31 20:00:00,COMPLETED
ORD_000098,CUST_00885,2026-02-01 09:00:00,COMPLETED
ORD_000099,CUST_01953,2025-04-27 07:00:00,COMPLETED
ORD_000100,CUST_01492,2026-02-02 22:00:00,COMPLETED
ORD_000101,CUST_00827,2025-03-16 18:00:00,COMPLETED
ORD_000102,CUST_00609,2025-12-26 09:00:00,COMPLETED
ORD_000103,CUST_01511,2025-06-26 21:00:00,COMPLETED
ORD_000104,CUST_01548,2025-08-22 16:00:00,COMPLETED
ORD_000105,CUST_01116,2025-08-08 15:00:00,COMPLETED
ORD_000106,CUST_01143,2025-12-21 20:00:00,COMPLETED
ORD_000107,CUST_01382,2026-01-10 09:00:00,COMPLETED
ORD_000108,CUST_01329,2026-03-26 22:00:00,CANCELLED
ORD_000109,CUST_01029,2025-01-28 09:00:00,COMPLETED
ORD_000110,CUST_01229,2026-03-15 15:00:00,COMPLETED
ORD_000111,CUST_01261,2025-08-21 04:00:00,COMPLETED
ORD_000112,CUST_00559,2025-05-15 20:00:00,COMPLETED
ORD_000113,CUST_00969,2025-11-22 12:00:00,COMPLETED
ORD_000114,CUST_00862,2026-01-04 08:00:00,COMPLETED
ORD_000115,CUST_00117,2025-11-14 15:00:00,COMPLETED
ORD_000116,CUST_01633,2025-03-18 23:00:00,COMPLETED
ORD_000117,CUST_01342,2026-02-17 16:00:00,COMPLETED
ORD_000118,CUST_01199,2025-04-19 21:00:00,COMPLETED
ORD_000119,CUST_00992,2026-02-01 09:00:00,REFUNDED
ORD_000120,CUST_01837,2025-02-22 18:00:00,REFUNDED
ORD_000121,CUST_00586,2026-02-12 00:00:00,COMPLETED
ORD_000122,CUST_01876,2025-07-29 14:00:00,COMPLETED
ORD_000123,CUST_01415,2025-11-18 21:00:00,COMPLETED
ORD_000124,CUST_01324,2026-03-22 02:00:00,COMPLETED
ORD_000125,CUST_01278,2025-01-12 01:00:00,COMPLETED
ORD_000126,CUST_01119,2025-11-02 18:00:00,COMPLETED
ORD_000127,CUST_00029,2025-08-15 17:00:00,COMPLETED
ORD_000128,CUST_00701,2025-05-30 09:00:00,COMPLETED
ORD_000129,CUST_00982,2025-03-30 19:00:00,COMPLETED
ORD_000130,CUST_00494,2025-09-18 05:00:00,COMPLETED
ORD_000131,CUST_00544,2025-10-24 18:00:00,COMPLETED
ORD_000132,CUST_00871,2025-05-07 02:00:00,REFUNDED
ORD_000133,CUST_01150,2025-07-14 20:00:00,CANCELLED
ORD_000134,CUST_00601,2025-05-13 04:00:00,CANCELLED
ORD_000135,CUST_01829,2025-03-04 04:00:00,COMPLETED
ORD_000136,CUST_01586,2025-09-15 04:00:00,COMPLETED
ORD_000137,CUST_01378,2025-08-05 11:00:00,COMPLETED
ORD_000138,CUST_01938,2025-09-17 11:00:00,COMPLETED
ORD_000139,CUST_01080,2025-11-06 15:00:00,COMPLETED
ORD_000140,CUST_01537,2026-02-01 01:00:00,CANCELLED
ORD_000141,CUST_01765,2026-03-20 05:00:00,COMPLETED
ORD_000142,CUST_01489,2025-05-26 16:00:00,COMPLETED
ORD_000143,CUST_01573,2025-10-31 02:00:00,COMPLETED
ORD_000144,CUST_01890,2025-01-01 10:00:00,COMPLETED
ORD_000145,CUST_00652,2025-11-26 11:00:00,COMPLETED
ORD_000146,CUST_01003,2025-08-29 18:00:00,COMPLETED
ORD_000147,CUST_01146,2025-10-21 18:00:00,COMPLETED
ORD_000148,CUST_01319,2025-02-15 11:00:00,COMPLETED
ORD_000149,CUST_00778,2026-01-28 16:00:00,COMPLETED
ORD_000150,CUST_00690,2026-01-16 08:00:00,COMPLETED
ORD_000151,CUST_01975,2025-04-28 08:00:00,COMPLETED
ORD_000152,CUST_01107,2025-12-14 11:00:00,COMPLETED
ORD_000153,CUST_00886,2025-07-13 11:00:00,COMPLETED
ORD_000154,CUST_01598,2025-03-01 20:00:00,COMPLETED
ORD_000155,CUST_00606,2025-03-17 07:00:00,COMPLETED
ORD_000156,CUST_00899,2025-05-27 06:00:00,COMPLETED
ORD_000157,CUST_00182,2025-05-16 08:00:00,COMPLETED
ORD_000158,CUST_01058,2025-01-29 22:00:00,COMPLETED
ORD_000159,CUST_01508,2026-03-22 14:00:00,COMPLETED
ORD_000160,CUST_01005,2025-12-21 00:00:00,COMPLETED
ORD_000161,CUST_01954,2025-09-21 00:00:00,COMPLETED
ORD_000162,CUST_00547,2025-08-01 20:00:00,COMPLETED
ORD_000163,CUST_01631,2025-04-21 02:00:00,COMPLETED
ORD_000164,CUST_00710,2026-01-11 07:00:00,COMPLETED
ORD_000165,CUST_01213,2025-10-30 10:00:00,COMPLETED
ORD_000166,CUST_00807,2025-11-09 20:00:00,COMPLETED
ORD_000167,CUST_00638,2025-05-30 07:00:00,COMPLETED
ORD_000168,CUST_00429,2025-06-15 14:00:00,COMPLETED
ORD_000169,CUST_00082,2025-10-04 23:00:00,COMPLETED
ORD_000170,CUST_00316,2026-02-06 20:00:00,COMPLETED
ORD_000171,CUST_00647,2025-05-18 10:00:00,COMPLETED
ORD_000172,CUST_00300,2025-11-14 00:00:00,COMPLETED
ORD_000173,CUST_00091,2026-01-16 15:00:00,CANCELLED
ORD_000174,CUST_01722,2025-04-18 22:00:00,COMPLETED
ORD_000175,CUST_01290,2026-01-08 03:00:00,COMPLETED
ORD_000176,CUST_01658,2025-03-21 16:00:00,COMPLETED
ORD_000177,CUST_00780,2025-03-25 02:00:00,COMPLETED
ORD_000178,CUST_00787,2025-11-23 03:00:00,CANCELLED
ORD_000179,CUST_01217,2026-02-11 02:00:00,COMPLETED
ORD_000180,CUST_01280,2025-04-04 12:00:00,COMPLETED
ORD_000181,CUST_00531,2025-06-07 20:00:00,COMPLETED
ORD_000182,CUST_00445,2025-03-19 03:00:00,COMPLETED
ORD_000183,CUST_01550,2025-12-04 16:00:00,COMPLETED
ORD_000184,CUST_00465,2025-02-10 10:00:00,REFUNDED
ORD_000185,CUST_00503,2025-05-12 08:00:00,CANCELLED
ORD_000186,CUST_00812,2026-01-29 15:00:00,CANCELLED
ORD_000187,CUST_00660,2025-10-11 16:00:00,COMPLETED
ORD_000188,CUST_01994,2025-10-26 06:00:00,COMPLETED
ORD_000189,CUST_00374,2026-01-28 14:00:00,COMPLETED
ORD_000190,CUST_00205,2025-11-22 14:00:00,COMPLETED
ORD_000191,CUST_00712,2025-01-27 15:00:00,COMPLETED
ORD_000192,CUST_00065,2025-01-30 11:00:00,COMPLETED
ORD_000193,CUST_00471,2026-03-15 00:00:00,COMPLETED
ORD_000194,CUST_00904,2025-08-16 00:00:00,COMPLETED
ORD_000195,CUST_00011,2025-11-15 11:00:00,COMPLETED
ORD_000196,CUST_01092,2025-11-27 23:00:00,COMPLETED
ORD_000197,CUST_00420,2025-01-11 20:00:00,COMPLETED
ORD_000198,CUST_01736,2025-07-25 04:00:00,COMPLETED
ORD_000199,CUST_00840,2025-07-17 21:00:00,COMPLETED
ORD_000200,CUST_00582,2025-04-22 05:00:00,COMPLETED
ORD_000201,CUST_00855,2025-08-16 12:00:00,COMPLETED
ORD_000202,CUST_01810,2025-04-02 08:00:00,COMPLETED
ORD_000203,CUST_01175,2026-01-01 21:00:00,COMPLETED
ORD_000204,CUST_00118,2026-03-24 06:00:00,COMPLETED
ORD_000205,CUST_00954,2025-03-08 13:00:00,COMPLETED
ORD_000206,CUST_00520,2025-06-21 14:00:00,COMPLETED
ORD_000207,CUST_00553,2025-03-20 00:00:00,COMPLETED
ORD_000208,CUST_00861,2026-01-29 15:00:00,COMPLETED
ORD_000209,CUST_01829,2025-11-07 16:00:00,CANCELLED
ORD_000210,CUST_00246,2025-01-27 08:00:00,COMPLETED
ORD_000211,CUST_01484,2026-01-14 15:00:00,COMPLETED
ORD_000212,CUST_00164,2025-01-21 15:00:00,COMPLETED
ORD_000213,CUST_00163,2025-09-20 19:00:00,COMPLETED
ORD_000214,CUST_00355,2026-02-10 23:00:00,COMPLETED
ORD_000215,CUST_01625,2026-03-11 20:00:00,COMPLETED
ORD_000216,CUST_00089,2025-05-04 14:00:00,COMPLETED
ORD_000217,CUST_01510,2025-11-06 16:00:00,CANCELLED
ORD_000218,CUST_01455,2025-09-13 15:00:00,COMPLETED
ORD_000219,CUST_01633,2025-12-06 10:00:00,COMPLETED
ORD_000220,CUST_00811,2025-03-25 22:00:00,COMPLETED
ORD_000221,CUST_00627,2025-11-30 06:00:00,COMPLETED
ORD_000222,CUST_00703,2025-11-14 18:00:00,COMPLETED
ORD_000223,CUST_01578,2025-11-15 13:00:00,CANCELLED
ORD_000224,CUST_01421,2026-03-04 06:00:00,COMPLETED
ORD_000225,CUST_01422,2025-07-19 18:00:00,COMPLETED
ORD_000226,CUST_01404,2026-02-17 03:00:00,COMPLETED
ORD_000227,CUST_01277,2026-02-20 16:00:00,COMPLETED
ORD_000228,CUST_01806,2025-06-03 11:00:00,COMPLETED
ORD_000229,CUST_00089,2025-05-22 08:00:00,CANCELLED
ORD_000230,CUST_01576,2025-02-25 21:00:00,COMPLETED
ORD_000231,CUST_00606,2026-02-17 18:00:00,COMPLETED
ORD_000232,CUST_00628,2025-10-07 21:00:00,COMPLETED
ORD_000233,CUST_01205,2025-04-25 16:00:00,COMPLETED
ORD_000234,CUST_00430,2025-07-05 14:00:00,COMPLETED
ORD_000235,CUST_00746,2026-01-03 18:00:00,COMPLETED
ORD_000236,CUST_01691,2025-03-20 16:00:00,COMPLETED
ORD_000237,CUST_00832,2025-03-26 12:00:00,COMPLETED
ORD_000238,CUST_01431,2026-02-18 04:00:00,COMPLETED
ORD_000239,CUST_00803,2026-01-16 19:00:00,COMPLETED
ORD_000240,CUST_00201,2025-01-10 03:00:00,REFUNDED
ORD_000241,CUST_00447,2025-08-03 11:00:00,COMPLETED
ORD_000242,CUST_00628,2025-02-23 10:00:00,COMPLETED
ORD_000243,CUST_01499,2025-11-05 23:00:00,CANCELLED
ORD_000244,CUST_01533,2025-10-23 10:00:00,COMPLETED
ORD_000245,CUST_00052,2025-03-26 15:00:00,COMPLETED
ORD_000246,CUST_01173,2025-05-26 14:00:00,COMPLETED
ORD_000247,CUST_01571,2026-03-13 17:00:00,COMPLETED
ORD_000248,CUST_00964,2026-03-02 23:00:00,COMPLETED
ORD_000249,CUST_01580,2025-09-10 03:00:00,COMPLETED
ORD_000250,CUST_00024,2025-07-04 20:00:00,COMPLETED
ORD_000251,CUST_01984,2025-06-19 23:00:00,COMPLETED
ORD_000252,CUST_01769,2025-04-25 06:00:00,REFUNDED
ORD_000253,CUST_00138,2025-04-15 02:00:00,COMPLETED
ORD_000254,CUST_01712,2025-11-28 14:00:00,CANCELLED
ORD_000255,CUST_01622,2025-10-21 07:00:00,COMPLETED
ORD_000256,CUST_01713,2025-02-06 21:00:00,COMPLETED
ORD_000257,CUST_00190,2025-04-20 20:00:00,COMPLETED
ORD_000258,CUST_01084,2025-06-02 15:00:00,COMPLETED
ORD_000259,CUST_01823,2025-06-18 12:00:00,CANCELLED
ORD_000260,CUST_01118,2026-03-27 02:00:00,COMPLETED
ORD_000261,CUST_00770,2025-11-12 13:00:00,COMPLETED
ORD_000262,CUST_01829,2026-01-19 03:00:00,COMPLETED
ORD_000263,CUST_01617,2026-03-16 14:00:00,COMPLETED
ORD_000264,CUST_01196,2025-07-14 11:00:00,COMPLETED
ORD_000265,CUST_01216,2025-11-19 01:00:00,COMPLETED
ORD_000266,CUST_01542,2025-03-14 03:00:00,COMPLETED
ORD_000267,CUST_00232,2026-02-15 00:00:00,COMPLETED
ORD_000268,CUST_01827,2026-02-15 00:00:00,COMPLETED
ORD_000269,CUST_01251,2026-02-07 01:00:00,COMPLETED
ORD_000270,CUST_01449,2025-03-29 15:00:00,COMPLETED
ORD_000271,CUST_00073,2025-09-28 13:00:00,COMPLETED
ORD_000272,CUST_00713,2025-06-07 21:00:00,COMPLETED
ORD_000273,CUST_00242,2025-11-09 18:00:00,COMPLETED
ORD_000274,CUST_00190,2025-07-02 16:00:00,CANCELLED
ORD_000275,CUST_01626,2025-12-10 14:00:00,REFUNDED
ORD_000276,CUST_01622,2025-01-29 00:00:00,COMPLETED
ORD_000277,CUST_00446,2025-06-29 03:00:00,COMPLETED
ORD_000278,CUST_01858,2025-11-22 04:00:00,COMPLETED
ORD_000279,CUST_00824,2025-06-16 07:00:00,COMPLETED
ORD_000280,CUST_00877,2025-09-20 20:00:00,COMPLETED
ORD_000281,CUST_01004,2025-01-28 20:00:00,COMPLETED
ORD_000282,CUST_01590,2026-02-07 13:00:00,COMPLETED
ORD_000283,CUST_00985,2025-04-09 03:00:00,COMPLETED
ORD_000284,CUST_00967,2025-11-11 22:00:00,COMPLETED
ORD_000285,CUST_01073,2025-01-02 10:00:00,COMPLETED
ORD_000286,CUST_01285,2025-04-21 15:00:00,COMPLETED
ORD_000287,CUST_01221,2026-03-04 12:00:00,COMPLETED
ORD_000288,CUST_00296,2025-11-03 06:00:00,COMPLETED
ORD_000289,CUST_01702,2025-03-29 23:00:00,REFUNDED
ORD_000290,CUST_01415,2025-10-12 14:00:00,COMPLETED
ORD_000291,CUST_01503,2025-11-21 18:00:00,COMPLETED
ORD_000292,CUST_01896,2026-02-28 21:00:00,COMPLETED
ORD_000293,CUST_01700,2025-03-27 22:00:00,COMPLETED
ORD_000294,CUST_01815,2026-03-22 15:00:00,COMPLETED
ORD_000295,CUST_01909,2025-05-27 21:00:00,REFUNDED
ORD_000296,CUST_01695,2026-03-08 12:00:00,COMPLETED
ORD_000297,CUST_01979,2026-02-01 05:00:00,COMPLETED
ORD_000298,CUST_00035,2025-04-02 12:00:00,COMPLETED
ORD_000299,CUST_01837,2025-09-21 21:00:00,COMPLETED
ORD_000300,CUST_01404,2025-11-09 15:00:00,COMPLETED
ORD_000301,CUST_01201,2025-06-12 06:00:00,COMPLETED
ORD_000302,CUST_00168,2025-02-15 02:00:00,COMPLETED
ORD_000303,CUST_01926,2026-01-18 11:00:00,CANCELLED
ORD_000304,CUST_00441,2025-03-25 21:00:00,COMPLETED
ORD_000305,CUST_01626,2025-05-14 06:00:00,CANCELLED
ORD_000306,CUST_00149,2025-10-03 15:00:00,COMPLETED
ORD_000307,CUST_00390,2025-03-10 21:00:00,COMPLETED
ORD_000308,CUST_01153,2025-01-14 14:00:00,COMPLETED
ORD_000309,CUST_00327,2025-06-16 14:00:00,COMPLETED
ORD_000310,CUST_00270,2025-11-05 06:00:00,COMPLETED
ORD_000311,CUST_01126,2026-01-11 03:00:00,COMPLETED
ORD_000312,CUST_01885,2025-06-08 20:00:00,COMPLETED
ORD_000313,CUST_01544,2025-06-03 08:00:00,COMPLETED
ORD_000314,CUST_00531,2025-12-01 19:00:00,COMPLETED
ORD_000315,CUST_01332,2025-05-18 03:00:00,CANCELLED
ORD_000316,CUST_01888,2025-10-31 22:00:00,COMPLETED
ORD_000317,CUST_01654,2025-10-17 12:00:00,COMPLETED
ORD_000318,CUST_00957,2025-12-04 08:00:00,COMPLETED
ORD_000319,CUST_01353,2025-06-11 21:00:00,CANCELLED
ORD_000320,CUST_01872,2025-10-22 20:00:00,COMPLETED
ORD_000321,CUST_00943,2025-07-16 05:00:00,COMPLETED
ORD_000322,CUST_00727,2025-11-21 08:00:00,COMPLETED
ORD_000323,CUST_01112,2025-12-09 06:00:00,COMPLETED
ORD_000324,CUST_00771,2025-10-11 08:00:00,COMPLETED
ORD_000325,CUST_01433,2025-01-04 18:00:00,COMPLETED
ORD_000326,CUST_00510,2026-01-02 04:00:00,COMPLETED
ORD_000327,CUST_00014,2026-01-28 15:00:00,COMPLETED
ORD_000328,CUST_00799,2025-08-17 21:00:00,COMPLETED
ORD_000329,CUST_00137,2025-02-08 11:00:00,CANCELLED
ORD_000330,CUST_01837,2025-08-19 07:00:00,COMPLETED
ORD_000331,CUST_01895,2025-12-07 20:00:00,COMPLETED
ORD_000332,CUST_00363,2025-07-31 16:00:00,COMPLETED
ORD_000333,CUST_00830,2025-06-19 00:00:00,COMPLETED
ORD_000334,CUST_01953,2025-11-28 14:00:00,COMPLETED
ORD_000335,CUST_00263,2025-01-31 10:00:00,COMPLETED
ORD_000336,CUST_00066,2025-12-12 03:00:00,COMPLETED
ORD_000337,CUST_00460,2025-10-05 04:00:00,COMPLETED
ORD_000338,CUST_00120,2025-06-28 02:00:00,COMPLETED
ORD_000339,CUST_00777,2025-11-27 03:00:00,COMPLETED
ORD_000340,CUST_01994,2026-02-09 00:00:00,COMPLETED
ORD_000341,CUST_00742,2025-04-09 02:00:00,CANCELLED
ORD_000342,CUST_00147,2025-12-01 17:00:00,COMPLETED
ORD_000343,CUST_00637,2025-08-11 14:00:00,COMPLETED
ORD_000344,CUST_01348,2025-03-08 00:00:00,COMPLETED
ORD_000345,CUST_00337,2025-09-02 11:00:00,COMPLETED
ORD_000346,CUST_00236,2025-10-24 03:00:00,COMPLETED
ORD_000347,CUST_00864,2025-05-21 08:00:00,COMPLETED
ORD_000348,CUST_01663,2026-03-01 23:00:00,COMPLETED
ORD_000349,CUST_00127,2025-07-11 13:00:00,COMPLETED
ORD_000350,CUST_00164,2025-08-08 02:00:00,COMPLETED
ORD_000351,CUST_00243,2025-11-14 13:00:00,REFUNDED
ORD_000352,CUST_01460,2026-02-17 12:00:00,COMPLETED
ORD_000353,CUST_01727,2026-01-08 14:00:00,COMPLETED
ORD_000354,CUST_01421,2025-12-18 12:00:00,COMPLETED
ORD_000355,CUST_01560,2026-02-12 00:00:00,CANCELLED
ORD_000356,CUST_01750,2025-02-17 23:00:00,COMPLETED
ORD_000357,CUST_01230,2025-06-20 01:00:00,REFUNDED
ORD_000358,CUST_01218,2026-01-02 08:00:00,COMPLETED
ORD_000359,CUST_00444,2025-05-01 08:00:00,COMPLETED
ORD_000360,CUST_00119,2025-01-01 02:00:00,REFUNDED
ORD_000361,CUST_00650,2025-01-01 05:00:00,COMPLETED
ORD_000362,CUST_01168,2025-07-20 20:00:00,COMPLETED
ORD_000363,CUST_01492,2025-07-10 10:00:00,COMPLETED
ORD_000364,CUST_01538,2025-08-21 12:00:00,CANCELLED
ORD_000365,CUST_01162,2025-12-22 09:00:00,COMPLETED
ORD_000366,CUST_01831,2025-08-25 11:00:00,CANCELLED
ORD_000367,CUST_00120,2025-08-03 20:00:00,COMPLETED
ORD_000368,CUST_01577,2026-03-10 12:00:00,COMPLETED
ORD_000369,CUST_00443,2025-07-05 23:00:00,COMPLETED
ORD_000370,CUST_01582,2025-08-23 06:00:00,CANCELLED
ORD_000371,CUST_01632,2026-01-07 04:00:00,COMPLETED
ORD_000372,CUST_00682,2025-10-29 20:00:00,COMPLETED
ORD_000373,CUST_00861,2025-09-02 15:00:00,COMPLETED
ORD_000374,CUST_01317,2025-06-04 02:00:00,COMPLETED
ORD_000375,CUST_01010,2026-01-27 01:00:00,COMPLETED
ORD_000376,CUST_01211,2025-06-22 00:00:00,COMPLETED
ORD_000377,CUST_01693,2025-08-10 16:00:00,COMPLETED
ORD_000378,CUST_00211,2025-06-16 19:00:00,COMPLETED
ORD_000379,CUST_00041,2025-01-11 23:00:00,COMPLETED
ORD_000380,CUST_01166,2025-03-19 07:00:00,COMPLETED
ORD_000381,CUST_00774,2025-05-05 01:00:00,COMPLETED
ORD_000382,CUST_00216,2025-11-10 09:00:00,COMPLETED
ORD_000383,CUST_01526,2026-03-23 13:00:00,REFUNDED
ORD_000384,CUST_01721,2026-01-25 22:00:00,COMPLETED
ORD_000385,CUST_00097,2025-04-06 03:00:00,COMPLETED
ORD_000386,CUST_00577,2025-06-09 22:00:00,COMPLETED
ORD_000387,CUST_00062,2025-09-06 20:00:00,REFUNDED
ORD_000388,CUST_00327,2025-01-12 13:00:00,COMPLETED
ORD_000389,CUST_00131,2026-03-05 03:00:00,COMPLETED
ORD_000390,CUST_01510,2026-03-05 12:00:00,CANCELLED
ORD_000391,CUST_01686,2026-03-03 10:00:00,COMPLETED
ORD_000392,CUST_01586,2025-04-23 14:00:00,COMPLETED
ORD_000393,CUST_00012,2025-04-23 00:00:00,COMPLETED
ORD_000394,CUST_00245,2025-06-14 06:00:00,COMPLETED
ORD_000395,CUST_01573,2026-02-02 09:00:00,COMPLETED
ORD_000396,CUST_01552,2025-03-26 17:00:00,CANCELLED
ORD_000397,CUST_01883,2025-11-02 00:00:00,CANCELLED
ORD_000398,CUST_01780,2025-09-09 22:00:00,COMPLETED
ORD_000399,CUST_01538,2025-09-28 02:00:00,COMPLETED
ORD_000400,CUST_00507,2025-11-22 13:00:00,COMPLETED
ORD_000401,CUST_01495,2025-03-18 18:00:00,COMPLETED
ORD_000402,CUST_01615,2025-04-14 01:00:00,COMPLETED
ORD_000403,CUST_01680,2025-10-22 20:00:00,COMPLETED
ORD_000404,CUST_01753,2025-07-13 03:00:00,COMPLETED
ORD_000405,CUST_01403,2025-06-30 01:00:00,COMPLETED
ORD_000406,CUST_01384,2025-09-03 03:00:00,COMPLETED
ORD_000407,CUST_01000,2026-03-16 01:00:00,CANCELLED
ORD_000408,CUST_00205,2025-08-10 12:00:00,CANCELLED
ORD_000409,CUST_00077,2025-03-04 12:00:00,COMPLETED
ORD_000410,CUST_01549,2025-11-06 01:00:00,COMPLETED
ORD_000411,CUST_01682,2025-04-23 13:00:00,COMPLETED
ORD_000412,CUST_00547,2026-03-10 14:00:00,REFUNDED
ORD_000413,CUST_01128,2025-01-30 10:00:00,COMPLETED
ORD_000414,CUST_00528,2025-10-23 01:00:00,COMPLETED
ORD_000415,CUST_01133,2025-05-18 03:00:00,COMPLETED
ORD_000416,CUST_00705,2025-03-03 14:00:00,COMPLETED
ORD_000417,CUST_01641,2025-12-03 18:00:00,COMPLETED
ORD_000418,CUST_00024,2025-11-24 21:00:00,COMPLETED
ORD_000419,CUST_01361,2025-08-29 14:00:00,COMPLETED
ORD_000420,CUST_01700,2025-11-08 13:00:00,CANCELLED
ORD_000421,CUST_00665,2025-12-12 06:00:00,COMPLETED
ORD_000422,CUST_01818,2025-02-23 19:00:00,COMPLETED
ORD_000423,CUST_01004,2025-10-22 09:00:00,CANCELLED
ORD_000424,CUST_00828,2025-07-31 14:00:00,COMPLETED
ORD_000425,CUST_00264,2025-01-17 18:00:00,COMPLETED
ORD_000426,CUST_01890,2025-11-15 12:00:00,COMPLETED
ORD_000427,CUST_00525,2025-12-11 01:00:00,COMPLETED
ORD_000428,CUST_00797,2025-10-09 14:00:00,CANCELLED
ORD_000429,CUST_01189,2025-05-19 19:00:00,COMPLETED
ORD_000430,CUST_00441,2025-08-04 02:00:00,COMPLETED
ORD_000431,CUST_01237,2026-03-18 04:00:00,COMPLETED
ORD_000432,CUST_01093,2025-03-18 19:00:00,CANCELLED
ORD_000433,CUST_01667,2026-03-18 16:00:00,COMPLETED
ORD_000434,CUST_01143,2025-04-23 00:00:00,COMPLETED
ORD_000435,CUST_00082,2025-09-20 21:00:00,COMPLETED
ORD_000436,CUST_00516,2026-01-20 15:00:00,COMPLETED
ORD_000437,CUST_01217,2025-10-05 16:00:00,COMPLETED
ORD_000438,CUST_00549,2025-06-09 22:00:00,COMPLETED
ORD_000439,CUST_00611,2025-08-29 14:00:00,COMPLETED
ORD_000440,CUST_01331,2026-03-11 18:00:00,COMPLETED
ORD_000441,CUST_01316,2025-10-04 16:00:00,COMPLETED
ORD_000442,CUST_00581,2025-09-16 04:00:00,COMPLETED
ORD_000443,CUST_00719,2025-05-12 06:00:00,CANCELLED
ORD_000444,CUST_01860,2025-08-22 11:00:00,COMPLETED
ORD_000445,CUST_01994,2025-11-15 12:00:00,COMPLETED
ORD_000446,CUST_00887,2025-09-29 23:00:00,COMPLETED
ORD_000447,CUST_00863,2025-07-20 17:00:00,COMPLETED
ORD_000448,CUST_00633,2025-12-18 13:00:00,COMPLETED
ORD_000449,CUST_00382,2025-04-01 14:00:00,COMPLETED
ORD_000450,CUST_01523,2025-05-10 16:00:00,COMPLETED
ORD_000451,CUST_01068,2025-04-06 22:00:00,COMPLETED
ORD_000452,CUST_00909,2025-04-30 00:00:00,REFUNDED
ORD_000453,CUST_01506,2026-03-23 01:00:00,COMPLETED
ORD_000454,CUST_01210,2025-10-19 22:00:00,COMPLETED
ORD_000455,CUST_01757,2025-08-14 02:00:00,CANCELLED
ORD_000456,CUST_01613,2025-06-16 08:00:00,CANCELLED
ORD_000457,CUST_00391,2025-09-07 10:00:00,COMPLETED
ORD_000458,CUST_00192,2025-10-30 11:00:00,COMPLETED
ORD_000459,CUST_01877,2025-01-09 03:00:00,COMPLETED
ORD_000460,CUST_01935,2026-02-20 06:00:00,COMPLETED
ORD_000461,CUST_00991,2026-03-13 06:00:00,COMPLETED
ORD_000462,CUST_01049,2025-07-16 14:00:00,COMPLETED
ORD_000463,CUST_01261,2026-03-16 04:00:00,CANCELLED
ORD_000464,CUST_00247,2026-01-08 21:00:00,COMPLETED
ORD_000465,CUST_01979,2025-02-14 02:00:00,COMPLETED
ORD_000466,CUST_01345,2026-03-04 10:00:00,COMPLETED
ORD_000467,CUST_00751,2025-07-15 14:00:00,COMPLETED
ORD_000468,CUST_01038,2026-01-27 23:00:00,COMPLETED
ORD_000469,CUST_01165,2025-09-25 02:00:00,COMPLETED
ORD_000470,CUST_00029,2025-05-22 00:00:00,COMPLETED
ORD_000471,CUST_01933,2025-10-02 05:00:00,COMPLETED
ORD_000472,CUST_01924,2025-10-01 05:00:00,COMPLETED
ORD_000473,CUST_00775,2025-05-31 12:00:00,COMPLETED
ORD_000474,CUST_01218,2025-06-07 19:00:00,COMPLETED
ORD_000475,CUST_00892,2025-11-25 03:00:00,COMPLETED
ORD_000476,CUST_00777,2025-11-25 07:00:00,COMPLETED
ORD_000477,CUST_00242,2025-08-19 02:00:00,COMPLETED
ORD_000478,CUST_00781,2025-08-04 10:00:00,COMPLETED
ORD_000479,CUST_00275,2025-01-29 18:00:00,COMPLETED
ORD_000480,CUST_01439,2025-05-23 21:00:00,COMPLETED
ORD_000481,CUST_00799,2025-11-24 05:00:00,COMPLETED
ORD_000482,CUST_00016,2025-12-06 06:00:00,CANCELLED
ORD_000483,CUST_00380,2025-12-05 03:00:00,COMPLETED
ORD_000484,CUST_01194,2025-07-11 18:00:00,COMPLETED
ORD_000485,CUST_00255,2025-07-29 20:00:00,COMPLETED
ORD_000486,CUST_01616,2025-05-01 15:00:00,COMPLETED
ORD_000487,CUST_00801,2025-10-03 02:00:00,CANCELLED
ORD_000488,CUST_01097,2026-02-12 07:00:00,COMPLETED
ORD_000489,CUST_01835,2025-03-02 20:00:00,COMPLETED
ORD_000490,CUST_01996,2026-03-01 19:00:00,COMPLETED
ORD_000491,CUST_01351,2025-02-02 11:00:00,REFUNDED
ORD_000492,CUST_00967,2025-02-24 16:00:00,COMPLETED
ORD_000493,CUST_00092,2026-01-08 02:00:00,COMPLETED
ORD_000494,CUST_00792,2025-12-30 07:00:00,CANCELLED
ORD_000495,CUST_00757,2025-07-15 18:00:00,REFUNDED
ORD_000496,CUST_01679,2026-02-16 00:00:00,COMPLETED
ORD_000497,CUST_01493,2025-01-14 08:00:00,COMPLETED
ORD_000498,CUST_01644,2025-08-14 19:00:00,COMPLETED
ORD_000499,CUST_00591,2025-01-25 09:00:00,COMPLETED
ORD_000500,CUST_00317,2025-08-10 23:00:00,COMPLETED
ORD_000501,CUST_01794,2025-06-06 09:00:00,COMPLETED
ORD_000502,CUST_01644,2025-11-03 08:00:00,CANCELLED
ORD_000503,CUST_00995,2025-01-31 11:00:00,COMPLETED
ORD_000504,CUST_00265,2025-12-16 17:00:00,COMPLETED
ORD_000505,CUST_00174,2025-02-03 10:00:00,COMPLETED
ORD_000506,CUST_01876,2025-02-20 19:00:00,COMPLETED
ORD_000507,CUST_00645,2026-01-25 07:00:00,COMPLETED
ORD_000508,CUST_00548,2025-11-12 08:00:00,COMPLETED
ORD_000509,CUST_01923,2025-03-21 15:00:00,COMPLETED
ORD_000510,CUST_00681,2025-10-14 18:00:00,COMPLETED
ORD_000511,CUST_00684,2025-02-17 22:00:00,COMPLETED
ORD_000512,CUST_01486,2025-11-17 02:00:00,COMPLETED
ORD_000513,CUST_01663,2025-11-15 21:00:00,COMPLETED
ORD_000514,CUST_00002,2025-03-24 13:00:00,COMPLETED
ORD_000515,CUST_00643,2026-02-09 17:00:00,COMPLETED
ORD_000516,CUST_01674,2025-11-02 01:00:00,COMPLETED
ORD_000517,CUST_01676,2025-01-11 19:00:00,COMPLETED
ORD_000518,CUST_00618,2025-09-14 13:00:00,COMPLETED
ORD_000519,CUST_00781,2025-12-14 01:00:00,CANCELLED
ORD_000520,CUST_00126,2025-11-24 13:00:00,COMPLETED
ORD_000521,CUST_00360,2026-02-28 16:00:00,CANCELLED
ORD_000522,CUST_00724,2025-02-07 09:00:00,COMPLETED
ORD_000523,CUST_01699,2025-06-07 02:00:00,COMPLETED
ORD_000524,CUST_00679,2025-08-08 20:00:00,COMPLETED
ORD_000525,CUST_00301,2025-08-07 23:00:00,COMPLETED
ORD_000526,CUST_01252,2025-07-19 03:00:00,COMPLETED
ORD_000527,CUST_01817,2025-02-22 15:00:00,COMPLETED
ORD_000528,CUST_01795,2026-01-24 14:00:00,COMPLETED
ORD_000529,CUST_00661,2025-12-17 04:00:00,COMPLETED
ORD_000530,CUST_01536,2026-03-04 19:00:00,COMPLETED
ORD_000531,CUST_00377,2025-05-23 05:00:00,COMPLETED
ORD_000532,CUST_00239,2025-01-02 13:00:00,COMPLETED
ORD_000533,CUST_00545,2026-03-20 15:00:00,COMPLETED
ORD_000534,CUST_01838,2025-01-26 17:00:00,COMPLETED
ORD_000535,CUST_00034,2025-01-16 10:00:00,CANCELLED
ORD_000536,CUST_01226,2026-01-15 16:00:00,CANCELLED
ORD_000537,CUST_01659,2026-01-16 11:00:00,COMPLETED
ORD_000538,CUST_00460,2025-10-11 04:00:00,COMPLETED
ORD_000539,CUST_01328,2025-05-24 21:00:00,COMPLETED
ORD_000540,CUST_00485,2025-01-06 08:00:00,COMPLETED
ORD_000541,CUST_00254,2025-11-16 20:00:00,COMPLETED
ORD_000542,CUST_01436,2025-09-03 15:00:00,COMPLETED
ORD_000543,CUST_00248,2025-12-31 21:00:00,COMPLETED
ORD_000544,CUST_01210,2025-10-29 22:00:00,COMPLETED
ORD_000545,CUST_01767,2025-06-15 22:00:00,COMPLETED
ORD_000546,CUST_01843,2025-09-05 05:00:00,COMPLETED
ORD_000547,CUST_01158,2025-05-26 00:00:00,COMPLETED
ORD_000548,CUST_01833,2025-01-18 07:00:00,COMPLETED
ORD_000549,CUST_01779,2025-01-31 06:00:00,COMPLETED
ORD_000550,CUST_00453,2025-02-12 11:00:00,COMPLETED
ORD_000551,CUST_00219,2025-02-03 23:00:00,COMPLETED
ORD_000552,CUST_01629,2026-02-07 16:00:00,COMPLETED
ORD_000553,CUST_01818,2026-03-19 13:00:00,COMPLETED
ORD_000554,CUST_01282,2025-02-17 14:00:00,COMPLETED
ORD_000555,CUST_00151,2025-06-27 18:00:00,REFUNDED
ORD_000556,CUST_01725,2025-10-13 19:00:00,CANCELLED
ORD_000557,CUST_01615,2025-08-11 05:00:00,COMPLETED
ORD_000558,CUST_01077,2026-01-31 04:00:00,COMPLETED
ORD_000559,CUST_01581,2025-12-18 09:00:00,COMPLETED
ORD_000560,CUST_01024,2025-11-09 09:00:00,COMPLETED
ORD_000561,CUST_00531,2025-11-21 14:00:00,COMPLETED
ORD_000562,CUST_01814,2025-08-03 08:00:00,COMPLETED
ORD_000563,CUST_01717,2025-11-27 03:00:00,COMPLETED
ORD_000564,CUST_01362,2025-11-09 08:00:00,COMPLETED
ORD_000565,CUST_01271,2025-10-29 11:00:00,COMPLETED
ORD_000566,CUST_01752,2026-03-19 16:00:00,CANCELLED
ORD_000567,CUST_00964,2025-04-19 05:00:00,COMPLETED
ORD_000568,CUST_01525,2025-07-05 02:00:00,COMPLETED
ORD_000569,CUST_00303,2025-11-03 18:00:00,REFUNDED
ORD_000570,CUST_01748,2025-01-20 02:00:00,COMPLETED
ORD_000571,CUST_00091,2025-01-06 04:00:00,COMPLETED
ORD_000572,CUST_00298,2026-03-17 12:00:00,COMPLETED
ORD_000573,CUST_01856,2025-04-29 06:00:00,COMPLETED
ORD_000574,CUST_00855,2025-05-15 19:00:00,COMPLETED
ORD_000575,CUST_01062,2026-03-04 04:00:00,COMPLETED
ORD_000576,CUST_00457,2025-03-16 14:00:00,COMPLETED
ORD_000577,CUST_00435,2026-01-20 15:00:00,COMPLETED
ORD_000578,CUST_01246,2025-12-24 15:00:00,COMPLETED
ORD_000579,CUST_01132,2025-01-29 17:00:00,COMPLETED
ORD_000580,CUST_01363,2025-06-17 18:00:00,COMPLETED
ORD_000581,CUST_01492,2025-06-06 21:00:00,COMPLETED
ORD_000582,CUST_00162,2025-03-26 13:00:00,COMPLETED
ORD_000583,CUST_00219,2025-09-17 05:00:00,CANCELLED
ORD_000584,CUST_00031,2025-05-01 19:00:00,COMPLETED
ORD_000585,CUST_00086,2025-12-04 23:00:00,CANCELLED
ORD_000586,CUST_01363,2025-07-04 23:00:00,COMPLETED
ORD_000587,CUST_00766,2025-07-09 08:00:00,COMPLETED
ORD_000588,CUST_01724,2025-04-12 22:00:00,COMPLETED
ORD_000589,CUST_00326,2025-05-23 08:00:00,COMPLETED
ORD_000590,CUST_00817,2025-10-03 05:00:00,COMPLETED
ORD_000591,CUST_01987,2025-02-16 07:00:00,COMPLETED
ORD_000592,CUST_01039,2025-09-25 20:00:00,CANCELLED
ORD_000593,CUST_01234,2025-01-03 03:00:00,COMPLETED
ORD_000594,CUST_01612,2025-03-03 10:00:00,COMPLETED
ORD_000595,CUST_01622,2025-11-28 10:00:00,COMPLETED
ORD_000596,CUST_01359,2025-09-02 12:00:00,COMPLETED
ORD_000597,CUST_00724,2025-11-05 08:00:00,COMPLETED
ORD_000598,CUST_00947,2026-02-03 03:00:00,COMPLETED
ORD_000599,CUST_01945,2025-12-11 11:00:00,COMPLETED
ORD_000600,CUST_01553,2026-03-22 03:00:00,COMPLETED
ORD_000601,CUST_01742,2025-04-18 19:00:00,CANCELLED
ORD_000602,CUST_01734,2025-10-07 11:00:00,COMPLETED
ORD_000603,CUST_00835,2025-07-08 07:00:00,REFUNDED
ORD_000604,CUST_01535,2025-03-22 06:00:00,COMPLETED
ORD_000605,CUST_00602,2025-08-29 11:00:00,COMPLETED
ORD_000606,CUST_01046,2025-01-08 16:00:00,COMPLETED
ORD_000607,CUST_01067,2026-01-24 06:00:00,COMPLETED
ORD_000608,CUST_00391,2025-11-09 15:00:00,REFUNDED
ORD_000609,CUST_01515,2025-05-05 03:00:00,COMPLETED
ORD_000610,CUST_00988,2025-08-25 10:00:00,COMPLETED
ORD_000611,CUST_01253,2025-03-27 10:00:00,COMPLETED
ORD_000612,CUST_00630,2025-03-18 21:00:00,COMPLETED
ORD_000613,CUST_00591,2026-01-03 07:00:00,COMPLETED
ORD_000614,CUST_00372,2025-03-17 08:00:00,CANCELLED
ORD_000615,CUST_01279,2025-05-01 08:00:00,COMPLETED
ORD_000616,CUST_00406,2025-12-24 04:00:00,COMPLETED
ORD_000617,CUST_00234,2025-02-19 23:00:00,COMPLETED
ORD_000618,CUST_01799,2025-04-15 18:00:00,COMPLETED
ORD_000619,CUST_01940,2025-06-28 23:00:00,REFUNDED
ORD_000620,CUST_01360,2025-09-05 18:00:00,COMPLETED
ORD_000621,CUST_01515,2025-08-10 10:00:00,COMPLETED
ORD_000622,CUST_01108,2025-08-12 05:00:00,COMPLETED
ORD_000623,CUST_00663,2025-10-10 00:00:00,COMPLETED
ORD_000624,CUST_01970,2025-09-09 06:00:00,COMPLETED
ORD_000625,CUST_00504,2025-04-25 11:00:00,COMPLETED
ORD_000626,CUST_00732,2025-01-10 00:00:00,COMPLETED
ORD_000627,CUST_01109,2025-08-04 22:00:00,COMPLETED
ORD_000628,CUST_01055,2025-05-13 22:00:00,CANCELLED
ORD_000629,CUST_01022,2025-06-16 10:00:00,COMPLETED
ORD_000630,CUST_00944,2026-01-04 16:00:00,COMPLETED
ORD_000631,CUST_00015,2025-01-23 09:00:00,COMPLETED
ORD_000632,CUST_00524,2026-02-05 16:00:00,COMPLETED
ORD_000633,CUST_00794,2025-03-29 19:00:00,COMPLETED
ORD_000634,CUST_00871,2025-05-30 01:00:00,CANCELLED
ORD_000635,CUST_01831,2025-09-01 21:00:00,CANCELLED
ORD_000636,CUST_01418,2025-10-05 05:00:00,COMPLETED
ORD_000637,CUST_01065,2025-09-23 12:00:00,COMPLETED
ORD_000638,CUST_01081,2025-04-06 11:00:00,COMPLETED
ORD_000639,CUST_01940,2026-01-12 11:00:00,COMPLETED
ORD_000640,CUST_00599,2025-09-25 14:00:00,COMPLETED
ORD_000641,CUST_01414,2026-01-19 05:00:00,REFUNDED
ORD_000642,CUST_01656,2025-10-23 06:00:00,COMPLETED
ORD_000643,CUST_00894,2026-03-21 23:00:00,COMPLETED
ORD_000644,CUST_01446,2026-01-19 14:00:00,COMPLETED
ORD_000645,CUST_00259,2025-01-12 13:00:00,COMPLETED
ORD_000646,CUST_01252,2026-03-25 05:00:00,COMPLETED
ORD_000647,CUST_00627,2025-11-19 20:00:00,COMPLETED
ORD_000648,CUST_00145,2025-07-04 16:00:00,COMPLETED
ORD_000649,CUST_01685,2025-08-26 23:00:00,COMPLETED
ORD_000650,CUST_00431,2025-04-22 12:00:00,COMPLETED
ORD_000651,CUST_01823,2025-01-10 16:00:00,COMPLETED
ORD_000652,CUST_01111,2025-01-31 11:00:00,COMPLETED
ORD_000653,CUST_01209,2025-06-30 17:00:00,CANCELLED
ORD_000654,CUST_00206,2025-03-10 21:00:00,COMPLETED
ORD_000655,CUST_01555,2025-03-11 13:00:00,CANCELLED
ORD_000656,CUST_01419,2025-03-15 06:00:00,COMPLETED
ORD_000657,CUST_00793,2025-12-28 21:00:00,COMPLETED
ORD_000658,CUST_00191,2025-02-12 13:00:00,COMPLETED
ORD_000659,CUST_01310,2025-08-24 11:00:00,COMPLETED
ORD_000660,CUST_00962,2026-03-11 00:00:00,COMPLETED
ORD_000661,CUST_00592,2025-02-02 02:00:00,COMPLETED
ORD_000662,CUST_01797,2025-07-09 06:00:00,COMPLETED
ORD_000663,CUST_00165,2026-03-12 04:00:00,COMPLETED
ORD_000664,CUST_01581,2025-11-22 14:00:00,COMPLETED
ORD_000665,CUST_00527,2026-01-18 00:00:00,COMPLETED
ORD_000666,CUST_00008,2026-02-02 06:00:00,COMPLETED
ORD_000667,CUST_01639,2026-03-04 09:00:00,COMPLETED
ORD_000668,CUST_00031,2026-01-28 03:00:00,COMPLETED
ORD_000669,CUST_00776,2026-03-01 09:00:00,COMPLETED
ORD_000670,CUST_00555,2025-08-16 15:00:00,COMPLETED
ORD_000671,CUST_00573,2025-06-22 12:00:00,COMPLETED
ORD_000672,CUST_00285,2026-03-12 22:00:00,COMPLETED
ORD_000673,CUST_01577,2025-10-06 16:00:00,COMPLETED
ORD_000674,CUST_01196,2025-12-23 21:00:00,COMPLETED
ORD_000675,CUST_01863,2025-08-04 06:00:00,COMPLETED
ORD_000676,CUST_00706,2026-01-12 15:00:00,COMPLETED
ORD_000677,CUST_00923,2025-02-15 07:00:00,COMPLETED
ORD_000678,CUST_00543,2025-08-14 18:00:00,COMPLETED
ORD_000679,CUST_00410,2025-10-28 17:00:00,COMPLETED
ORD_000680,CUST_00139,2025-08-30 00:00:00,COMPLETED
ORD_000681,CUST_01592,2025-09-26 00:00:00,COMPLETED
ORD_000682,CUST_01701,2026-03-18 22:00:00,COMPLETED
ORD_000683,CUST_00194,2026-03-11 10:00:00,REFUNDED
ORD_000684,CUST_00245,2025-05-08 16:00:00,COMPLETED
ORD_000685,CUST_01703,2025-04-05 17:00:00,CANCELLED
ORD_000686,CUST_00454,2025-10-26 17:00:00,COMPLETED
ORD_000687,CUST_01638,2026-01-14 02:00:00,COMPLETED
ORD_000688,CUST_01775,2026-02-13 05:00:00,COMPLETED
ORD_000689,CUST_01571,2025-12-27 04:00:00,COMPLETED
ORD_000690,CUST_01866,2025-12-02 07:00:00,COMPLETED
ORD_000691,CUST_00330,2025-12-04 19:00:00,CANCELLED
ORD_000692,CUST_00865,2025-07-19 10:00:00,CANCELLED
ORD_000693,CUST_01231,2025-08-20 22:00:00,COMPLETED
ORD_000694,CUST_00057,2026-01-18 11:00:00,COMPLETED
ORD_000695,CUST_00051,2026-03-09 06:00:00,COMPLETED
ORD_000696,CUST_00092,2026-01-24 20:00:00,CANCELLED
ORD_000697,CUST_00413,2025-09-07 12:00:00,COMPLETED
ORD_000698,CUST_01267,2025-05-19 09:00:00,COMPLETED
ORD_000699,CUST_00453,2025-06-20 03:00:00,COMPLETED
ORD_000700,CUST_00604,2025-03-23 20:00:00,COMPLETED
ORD_000701,CUST_01200,2025-06-17 12:00:00,COMPLETED
ORD_000702,CUST_00729,2025-03-21 05:00:00,CANCELLED
ORD_000703,CUST_01423,2025-03-20 00:00:00,COMPLETED
ORD_000704,CUST_01403,2025-10-05 21:00:00,COMPLETED
ORD_000705,CUST_01628,2025-04-16 08:00:00,COMPLETED
ORD_000706,CUST_01434,2026-01-31 13:00:00,REFUNDED
ORD_000707,CUST_01254,2026-03-02 08:00:00,COMPLETED
ORD_000708,CUST_01468,2025-12-13 08:00:00,COMPLETED
ORD_000709,CUST_01047,2026-02-14 04:00:00,COMPLETED
ORD_000710,CUST_00185,2025-10-29 18:00:00,COMPLETED
ORD_000711,CUST_01866,2025-12-18 23:00:00,CANCELLED
ORD_000712,CUST_01024,2025-07-17 03:00:00,COMPLETED
ORD_000713,CUST_00108,2025-04-18 16:00:00,COMPLETED
ORD_000714,CUST_01422,2025-01-30 14:00:00,COMPLETED
ORD_000715,CUST_01861,2025-02-08 17:00:00,COMPLETED
ORD_000716,CUST_01766,2025-12-14 12:00:00,COMPLETED
ORD_000717,CUST_00232,2025-01-23 23:00:00,COMPLETED
ORD_000718,CUST_01146,2025-08-10 18:00:00,COMPLETED
ORD_000719,CUST_00307,2025-10-31 20:00:00,COMPLETED
ORD_000720,CUST_01215,2025-04-14 19:00:00,CANCELLED
ORD_000721,CUST_00435,2025-11-03 08:00:00,CANCELLED
ORD_000722,CUST_00875,2025-06-24 02:00:00,COMPLETED
ORD_000723,CUST_01837,2025-01-19 12:00:00,COMPLETED
ORD_000724,CUST_01030,2025-12-03 16:00:00,CANCELLED
ORD_000725,CUST_00983,2025-04-13 16:00:00,COMPLETED
ORD_000726,CUST_00577,2026-01-04 04:00:00,COMPLETED
ORD_000727,CUST_01735,2025-11-12 04:00:00,COMPLETED
ORD_000728,CUST_01906,2025-02-06 12:00:00,COMPLETED
ORD_000729,CUST_00422,2025-03-16 18:00:00,COMPLETED
ORD_000730,CUST_00236,2025-09-22 23:00:00,COMPLETED
ORD_000731,CUST_00335,2025-07-13 00:00:00,COMPLETED
ORD_000732,CUST_00459,2025-06-06 22:00:00,COMPLETED
ORD_000733,CUST_01205,2025-04-05 15:00:00,COMPLETED
ORD_000734,CUST_00529,2025-09-17 11:00:00,COMPLETED
ORD_000735,CUST_00082,2025-12-25 15:00:00,COMPLETED
ORD_000736,CUST_01760,2026-02-12 03:00:00,COMPLETED
ORD_000737,CUST_00028,2026-01-20 01:00:00,COMPLETED
ORD_000738,CUST_00901,2025-05-06 13:00:00,COMPLETED
ORD_000739,CUST_01372,2025-11-30 06:00:00,COMPLETED
ORD_000740,CUST_01962,2025-11-21 00:00:00,COMPLETED
ORD_000741,CUST_01464,2025-07-04 12:00:00,COMPLETED
ORD_000742,CUST_01757,2025-11-03 10:00:00,COMPLETED
ORD_000743,CUST_01756,2025-11-30 20:00:00,COMPLETED
ORD_000744,CUST_01051,2026-01-22 13:00:00,COMPLETED
ORD_000745,CUST_01596,2025-04-01 10:00:00,CANCELLED
ORD_000746,CUST_01112,2025-11-17 01:00:00,COMPLETED
ORD_000747,CUST_00620,2025-12-18 18:00:00,COMPLETED
ORD_000748,CUST_00944,2025-07-16 19:00:00,CANCELLED
ORD_000749,CUST_01718,2025-06-03 02:00:00,COMPLETED
ORD_000750,CUST_00512,2025-03-13 06:00:00,COMPLETED
ORD_000751,CUST_00919,2025-06-13 05:00:00,COMPLETED
ORD_000752,CUST_00443,2025-10-08 16:00:00,CANCELLED
ORD_000753,CUST_00770,2025-10-07 19:00:00,COMPLETED
ORD_000754,CUST_01720,2025-10-26 21:00:00,COMPLETED
ORD_000755,CUST_01965,2026-02-11 00:00:00,COMPLETED
ORD_000756,CUST_00707,2025-12-13 17:00:00,REFUNDED
ORD_000757,CUST_00026,2025-09-21 16:00:00,COMPLETED
ORD_000758,CUST_01345,2025-07-16 00:00:00,COMPLETED
ORD_000759,CUST_00899,2025-09-26 02:00:00,COMPLETED
ORD_000760,CUST_01925,2025-02-16 00:00:00,COMPLETED
ORD_000761,CUST_00279,2025-08-24 03:00:00,CANCELLED
ORD_000762,CUST_01710,2025-05-25 19:00:00,REFUNDED
ORD_000763,CUST_01100,2026-01-17 05:00:00,COMPLETED
ORD_000764,CUST_00310,2025-04-15 22:00:00,COMPLETED
ORD_000765,CUST_01731,2025-07-24 00:00:00,COMPLETED
ORD_000766,CUST_00362,2025-05-06 13:00:00,COMPLETED
ORD_000767,CUST_01375,2025-09-19 00:00:00,COMPLETED
ORD_000768,CUST_01078,2025-09-17 20:00:00,COMPLETED
ORD_000769,CUST_00242,2025-06-20 17:00:00,COMPLETED
ORD_000770,CUST_01658,2025-12-06 16:00:00,COMPLETED
ORD_000771,CUST_00426,2025-05-27 08:00:00,COMPLETED
ORD_000772,CUST_01713,2026-02-05 08:00:00,COMPLETED
ORD_000773,CUST_00831,2025-04-18 15:00:00,COMPLETED
ORD_000774,CUST_01917,2025-03-10 03:00:00,COMPLETED
ORD_000775,CUST_00331,2026-03-07 06:00:00,COMPLETED
ORD_000776,CUST_01112,2025-03-30 13:00:00,COMPLETED
ORD_000777,CUST_00524,2026-03-16 22:00:00,COMPLETED
ORD_000778,CUST_00881,2025-12-30 15:00:00,COMPLETED
ORD_000779,CUST_00854,2025-09-11 13:00:00,COMPLETED
ORD_000780,CUST_01417,2025-04-19 17:00:00,COMPLETED
ORD_000781,CUST_00431,2026-02-05 07:00:00,COMPLETED
ORD_000782,CUST_00412,2026-02-02 02:00:00,COMPLETED
ORD_000783,CUST_01701,2026-01-02 18:00:00,COMPLETED
ORD_000784,CUST_01813,2025-02-08 21:00:00,COMPLETED
ORD_000785,CUST_01444,2025-09-16 01:00:00,REFUNDED
ORD_000786,CUST_00721,2026-02-15 09:00:00,COMPLETED
ORD_000787,CUST_01173,2025-04-30 16:00:00,COMPLETED
ORD_000788,CUST_01678,2025-06-02 22:00:00,REFUNDED
ORD_000789,CUST_01140,2025-05-04 01:00:00,REFUNDED
ORD_000790,CUST_01325,2026-01-30 18:00:00,COMPLETED
ORD_000791,CUST_00074,2025-08-29 18:00:00,COMPLETED
ORD_000792,CUST_00805,2025-09-07 10:00:00,CANCELLED
ORD_000793,CUST_01321,2026-01-30 12:00:00,COMPLETED
ORD_000794,CUST_00795,2025-09-20 22:00:00,CANCELLED
ORD_000795,CUST_01775,2026-02-07 08:00:00,COMPLETED
ORD_000796,CUST_01087,2025-04-01 03:00:00,COMPLETED
ORD_000797,CUST_01978,2025-10-12 03:00:00,COMPLETED
ORD_000798,CUST_00190,2025-10-12 01:00:00,COMPLETED
ORD_000799,CUST_00405,2025-02-03 16:00:00,COMPLETED
ORD_000800,CUST_01307,2026-03-11 23:00:00,COMPLETED
ORD_000801,CUST_00530,2025-08-30 08:00:00,COMPLETED
ORD_000802,CUST_01997,2025-08-25 05:00:00,COMPLETED
ORD_000803,CUST_01043,2025-11-03 02:00:00,COMPLETED
ORD_000804,CUST_01455,2026-01-01 22:00:00,COMPLETED
ORD_000805,CUST_01157,2025-04-27 03:00:00,COMPLETED
ORD_000806,CUST_02000,2025-03-04 05:00:00,COMPLETED
ORD_000807,CUST_00184,2025-07-17 11:00:00,COMPLETED
ORD_000808,CUST_01934,2025-11-13 22:00:00,COMPLETED
ORD_000809,CUST_01316,2025-08-14 09:00:00,COMPLETED
ORD_000810,CUST_01963,2025-07-18 00:00:00,COMPLETED
ORD_000811,CUST_01597,2025-04-22 01:00:00,COMPLETED
ORD_000812,CUST_00703,2025-03-09 21:00:00,COMPLETED
ORD_000813,CUST_00309,2025-04-19 03:00:00,COMPLETED
ORD_000814,CUST_00523,2025-03-10 02:00:00,COMPLETED
ORD_000815,CUST_00237,2025-09-08 16:00:00,COMPLETED
ORD_000816,CUST_01746,2025-02-28 14:00:00,COMPLETED
ORD_000817,CUST_01499,2026-02-07 00:00:00,COMPLETED
ORD_000818,CUST_00936,2025-06-07 05:00:00,COMPLETED
ORD_000819,CUST_01365,2025-12-27 07:00:00,COMPLETED
ORD_000820,CUST_00948,2026-03-21 04:00:00,COMPLETED
ORD_000821,CUST_01416,2025-09-10 10:00:00,CANCELLED
ORD_000822,CUST_00614,2025-09-27 17:00:00,COMPLETED
ORD_000823,CUST_01421,2025-10-10 02:00:00,CANCELLED
ORD_000824,CUST_01876,2026-03-23 02:00:00,COMPLETED
ORD_000825,CUST_01579,2025-09-30 10:00:00,COMPLETED
ORD_000826,CUST_00505,2025-11-09 05:00:00,COMPLETED
ORD_000827,CUST_01900,2025-01-13 13:00:00,COMPLETED
ORD_000828,CUST_00190,2025-04-22 00:00:00,COMPLETED
ORD_000829,CUST_01379,2026-03-15 08:00:00,COMPLETED
ORD_000830,CUST_01454,2025-03-01 12:00:00,COMPLETED
ORD_000831,CUST_01159,2025-06-26 04:00:00,COMPLETED
ORD_000832,CUST_01852,2026-03-20 14:00:00,COMPLETED
ORD_000833,CUST_01477,2025-03-27 12:00:00,COMPLETED
ORD_000834,CUST_01641,2025-02-15 17:00:00,COMPLETED
ORD_000835,CUST_01613,2025-10-18 03:00:00,CANCELLED
ORD_000836,CUST_01420,2025-01-05 18:00:00,COMPLETED
ORD_000837,CUST_01146,2025-06-26 07:00:00,COMPLETED
ORD_000838,CUST_00517,2025-02-19 01:00:00,COMPLETED
ORD_000839,CUST_00147,2025-01-10 02:00:00,COMPLETED
ORD_000840,CUST_00494,2025-08-24 19:00:00,COMPLETED
ORD_000841,CUST_01148,2025-12-04 05:00:00,CANCELLED
ORD_000842,CUST_00395,2026-01-23 10:00:00,COMPLETED
ORD_000843,CUST_00209,2025-02-02 07:00:00,COMPLETED
ORD_000844,CUST_01527,2025-07-23 20:00:00,COMPLETED
ORD_000845,CUST_00821,2025-03-28 04:00:00,COMPLETED
ORD_000846,CUST_01820,2025-04-10 17:00:00,REFUNDED
ORD_000847,CUST_00788,2025-11-30 00:00:00,COMPLETED
ORD_000848,CUST_01153,2025-02-08 06:00:00,COMPLETED
ORD_000849,CUST_00355,2025-12-06 14:00:00,COMPLETED
ORD_000850,CUST_00800,2025-01-17 05:00:00,COMPLETED
ORD_000851,CUST_00856,2025-01-16 18:00:00,COMPLETED
ORD_000852,CUST_00985,2025-12-01 17:00:00,COMPLETED
ORD_000853,CUST_00977,2026-03-10 02:00:00,COMPLETED
ORD_000854,CUST_01136,2026-03-03 19:00:00,COMPLETED
ORD_000855,CUST_00722,2025-06-09 00:00:00,COMPLETED
ORD_000856,CUST_01118,2025-02-08 08:00:00,COMPLETED
ORD_000857,CUST_00144,2025-07-18 19:00:00,COMPLETED
ORD_000858,CUST_01667,2025-07-18 02:00:00,COMPLETED
ORD_000859,CUST_00618,2026-03-20 22:00:00,COMPLETED
ORD_000860,CUST_00972,2025-05-01 12:00:00,COMPLETED
ORD_000861,CUST_01997,2025-01-19 14:00:00,COMPLETED
ORD_000862,CUST_00146,2025-09-11 04:00:00,COMPLETED
ORD_000863,CUST_00693,2025-09-09 05:00:00,COMPLETED
ORD_000864,CUST_01549,2025-01-19 20:00:00,CANCELLED
ORD_000865,CUST_01992,2026-01-16 09:00:00,COMPLETED
ORD_000866,CUST_00047,2025-07-06 01:00:00,COMPLETED
ORD_000867,CUST_01096,2025-12-23 22:00:00,COMPLETED
ORD_000868,CUST_01089,2025-10-20 17:00:00,COMPLETED
ORD_000869,CUST_00596,2025-01-04 13:00:00,COMPLETED
ORD_000870,CUST_00865,2026-01-12 06:00:00,COMPLETED
ORD_000871,CUST_00983,2025-12-20 21:00:00,COMPLETED
ORD_000872,CUST_00261,2025-06-29 07:00:00,COMPLETED
ORD_000873,CUST_00401,2025-05-04 06:00:00,COMPLETED
ORD_000874,CUST_01214,2025-07-05 00:00:00,REFUNDED
ORD_000875,CUST_01360,2025-02-27 12:00:00,COMPLETED
ORD_000876,CUST_00981,2025-12-30 05:00:00,COMPLETED
ORD_000877,CUST_00813,2025-08-04 04:00:00,COMPLETED
ORD_000878,CUST_00727,2025-06-16 02:00:00,COMPLETED
ORD_000879,CUST_00056,2025-01-19 09:00:00,COMPLETED
ORD_000880,CUST_00188,2026-03-08 18:00:00,CANCELLED
ORD_000881,CUST_00164,2025-05-20 12:00:00,COMPLETED
ORD_000882,CUST_01220,2025-03-03 15:00:00,COMPLETED
ORD_000883,CUST_00669,2025-05-06 01:00:00,COMPLETED
ORD_000884,CUST_01052,2026-03-26 11:00:00,COMPLETED
ORD_000885,CUST_00001,2025-12-07 02:00:00,CANCELLED
ORD_000886,CUST_00567,2026-02-19 23:00:00,COMPLETED
ORD_000887,CUST_01499,2025-06-23 03:00:00,COMPLETED
ORD_000888,CUST_00826,2025-04-16 07:00:00,COMPLETED
ORD_000889,CUST_00503,2025-12-03 04:00:00,COMPLETED
ORD_000890,CUST_01237,2025-01-16 18:00:00,COMPLETED
ORD_000891,CUST_01517,2025-07-22 14:00:00,COMPLETED
ORD_000892,CUST_00524,2025-04-14 01:00:00,COMPLETED
ORD_000893,CUST_01171,2026-03-19 18:00:00,COMPLETED
ORD_000894,CUST_00026,2026-03-04 04:00:00,CANCELLED
ORD_000895,CUST_00006,2025-05-31 00:00:00,COMPLETED
ORD_000896,CUST_01453,2025-09-02 09:00:00,REFUNDED
ORD_000897,CUST_01902,2025-02-17 20:00:00,COMPLETED
ORD_000898,CUST_00195,2026-03-08 06:00:00,COMPLETED
ORD_000899,CUST_01868,2025-06-23 18:00:00,COMPLETED
ORD_000900,CUST_01555,2025-11-20 21:00:00,COMPLETED
ORD_000901,CUST_01815,2025-08-03 13:00:00,COMPLETED
ORD_000902,CUST_00501,2025-06-22 07:00:00,COMPLETED
ORD_000903,CUST_00921,2025-05-02 18:00:00,COMPLETED
ORD_000904,CUST_01212,2025-01-26 07:00:00,COMPLETED
ORD_000905,CUST_00624,2026-02-12 12:00:00,COMPLETED
ORD_000906,CUST_01258,2025-04-26 21:00:00,COMPLETED
ORD_000907,CUST_01602,2025-09-22 11:00:00,COMPLETED
ORD_000908,CUST_01206,2025-09-04 08:00:00,COMPLETED
ORD_000909,CUST_01912,2025-04-13 07:00:00,COMPLETED
ORD_000910,CUST_00686,2025-11-06 03:00:00,COMPLETED
ORD_000911,CUST_01812,2025-10-29 10:00:00,COMPLETED
ORD_000912,CUST_00449,2026-03-24 16:00:00,COMPLETED
ORD_000913,CUST_01323,2025-01-10 22:00:00,CANCELLED
ORD_000914,CUST_00054,2025-01-06 00:00:00,COMPLETED
ORD_000915,CUST_00909,2026-02-12 17:00:00,COMPLETED
ORD_000916,CUST_01878,2025-06-02 03:00:00,COMPLETED
ORD_000917,CUST_00762,2025-07-20 04:00:00,COMPLETED
ORD_000918,CUST_01333,2025-12-16 12:00:00,COMPLETED
ORD_000919,CUST_00775,2025-09-07 11:00:00,COMPLETED
ORD_000920,CUST_00364,2025-01-23 02:00:00,COMPLETED
ORD_000921,CUST_00074,2026-01-01 09:00:00,COMPLETED
ORD_000922,CUST_01352,2025-08-09 16:00:00,REFUNDED
ORD_000923,CUST_00237,2025-05-04 20:00:00,COMPLETED
ORD_000924,CUST_01602,2025-03-04 08:00:00,COMPLETED
ORD_000925,CUST_01524,2025-07-20 11:00:00,CANCELLED
ORD_000926,CUST_00917,2025-01-03 00:00:00,CANCELLED
ORD_000927,CUST_00865,2025-04-26 18:00:00,COMPLETED
ORD_000928,CUST_00448,2025-05-11 20:00:00,COMPLETED
ORD_000929,CUST_00347,2025-07-09 11:00:00,CANCELLED
ORD_000930,CUST_00728,2025-09-19 22:00:00,COMPLETED
ORD_000931,CUST_01597,2025-12-12 23:00:00,CANCELLED
ORD_000932,CUST_01136,2026-01-03 09:00:00,COMPLETED
ORD_000933,CUST_00878,2025-07-18 23:00:00,COMPLETED
ORD_000934,CUST_00317,2025-05-28 20:00:00,COMPLETED
ORD_000935,CUST_00534,2025-03-24 01:00:00,COMPLETED
ORD_000936,CUST_00727,2025-02-20 16:00:00,COMPLETED
ORD_000937,CUST_01969,2025-02-24 20:00:00,COMPLETED
ORD_000938,CUST_00208,2025-11-03 00:00:00,COMPLETED
ORD_000939,CUST_01689,2025-03-13 06:00:00,COMPLETED
ORD_000940,CUST_01292,2025-03-28 00:00:00,CANCELLED
ORD_000941,CUST_00724,2025-02-18 12:00:00,COMPLETED
ORD_000942,CUST_01365,2025-06-28 03:00:00,COMPLETED
ORD_000943,CUST_01237,2025-11-04 16:00:00,COMPLETED
ORD_000944,CUST_00314,2025-10-08 19:00:00,COMPLETED
ORD_000945,CUST_01753,2025-01-04 12:00:00,COMPLETED
ORD_000946,CUST_00934,2026-01-16 00:00:00,COMPLETED
ORD_000947,CUST_00238,2026-03-08 19:00:00,COMPLETED
ORD_000948,CUST_01363,2025-02-27 15:00:00,COMPLETED
ORD_000949,CUST_00617,2026-01-28 11:00:00,COMPLETED
ORD_000950,CUST_01238,2025-01-17 14:00:00,REFUNDED
ORD_000951,CUST_01668,2025-06-25 03:00:00,COMPLETED
ORD_000952,CUST_00934,2026-01-16 18:00:00,CANCELLED
ORD_000953,CUST_00999,2025-03-24 12:00:00,COMPLETED
ORD_000954,CUST_01251,2026-02-22 14:00:00,COMPLETED
ORD_000955,CUST_00366,2025-08-31 20:00:00,REFUNDED
ORD_000956,CUST_01674,2025-07-01 00:00:00,COMPLETED
ORD_000957,CUST_00828,2025-05-24 12:00:00,COMPLETED
ORD_000958,CUST_01635,2025-02-18 12:00:00,COMPLETED
ORD_000959,CUST_01173,2025-11-28 05:00:00,COMPLETED
ORD_000960,CUST_01016,2025-12-05 04:00:00,COMPLETED
ORD_000961,CUST_00813,2025-12-11 20:00:00,COMPLETED
ORD_000962,CUST_01104,2025-09-21 20:00:00,COMPLETED
ORD_000963,CUST_01073,2025-05-26 06:00:00,COMPLETED
ORD_000964,CUST_01282,2026-01-11 19:00:00,COMPLETED
ORD_000965,CUST_01101,2025-12-12 13:00:00,REFUNDED
ORD_000966,CUST_01509,2025-06-27 13:00:00,COMPLETED
ORD_000967,CUST_00070,2025-10-03 23:00:00,COMPLETED
ORD_000968,CUST_01513,2026-03-22 20:00:00,CANCELLED
ORD_000969,CUST_00687,2025-10-13 20:00:00,COMPLETED
ORD_000970,CUST_01210,2025-09-13 05:00:00,COMPLETED
ORD_000971,CUST_00401,2025-01-06 04:00:00,COMPLETED
ORD_000972,CUST_00694,2025-01-02 08:00:00,REFUNDED
ORD_000973,CUST_00758,2026-03-09 17:00:00,COMPLETED
ORD_000974,CUST_01937,2025-09-06 02:00:00,REFUNDED
ORD_000975,CUST_01724,2025-01-16 07:00:00,REFUNDED
ORD_000976,CUST_01636,2025-07-16 21:00:00,CANCELLED
ORD_000977,CUST_01662,2025-06-23 07:00:00,COMPLETED
ORD_000978,CUST_00587,2025-05-26 15:00:00,COMPLETED
ORD_000979,CUST_00426,2025-07-12 09:00:00,COMPLETED
ORD_000980,CUST_01394,2025-02-15 08:00:00,COMPLETED
ORD_000981,CUST_00390,2025-05-30 04:00:00,COMPLETED
ORD_000982,CUST_01711,2026-01-05 22:00:00,COMPLETED
ORD_000983,CUST_00548,2026-03-17 23:00:00,COMPLETED
ORD_000984,CUST_01768,2025-08-29 03:00:00,CANCELLED
ORD_000985,CUST_00103,2025-12-18 18:00:00,COMPLETED
ORD_000986,CUST_00766,2025-08-13 09:00:00,COMPLETED
ORD_000987,CUST_00301,2025-06-22 06:00:00,COMPLETED
ORD_000988,CUST_00792,2025-02-02 09:00:00,COMPLETED
ORD_000989,CUST_00986,2025-07-06 18:00:00,COMPLETED
ORD_000990,CUST_00849,2025-07-08 11:00:00,COMPLETED
ORD_000991,CUST_01604,2025-01-08 17:00:00,COMPLETED
ORD_000992,CUST_01750,2025-01-27 01:00:00,COMPLETED
ORD_000993,CUST_01190,2025-03-16 20:00:00,COMPLETED
ORD_000994,CUST_01617,2025-11-13 00:00:00,COMPLETED
ORD_000995,CUST_01597,2025-08-07 23:00:00,COMPLETED
ORD_000996,CUST_01471,2025-10-26 11:00:00,COMPLETED
ORD_000997,CUST_01037,2025-06-06 15:00:00,COMPLETED
ORD_000998,CUST_01312,2025-04-11 10:00:00,COMPLETED
ORD_000999,CUST_00775,2025-08-06 08:00:00,COMPLETED
ORD_001000,CUST_01239,2025-03-11 14:00:00,COMPLETED
ORD_001001,CUST_01639,2025-12-19 04:00:00,COMPLETED
ORD_001002,CUST_01267,2025-10-31 08:00:00,COMPLETED
ORD_001003,CUST_01945,2025-04-15 13:00:00,CANCELLED
ORD_001004,CUST_01490,2025-11-19 02:00:00,COMPLETED
ORD_001005,CUST_00698,2025-01-20 19:00:00,COMPLETED
ORD_001006,CUST_01684,2025-01-13 18:00:00,COMPLETED
ORD_001007,CUST_01619,2025-09-24 05:00:00,COMPLETED
ORD_001008,CUST_00478,2025-05-14 10:00:00,COMPLETED
ORD_001009,CUST_01708,2025-01-30 20:00:00,COMPLETED
ORD_001010,CUST_01815,2025-09-25 03:00:00,COMPLETED
ORD_001011,CUST_01728,2025-05-16 22:00:00,COMPLETED
ORD_001012,CUST_01296,2025-08-09 21:00:00,COMPLETED
ORD_001013,CUST_01434,2025-06-02 14:00:00,COMPLETED
ORD_001014,CUST_00260,2025-01-22 04:00:00,COMPLETED
ORD_001015,CUST_00048,2026-03-05 06:00:00,COMPLETED
ORD_001016,CUST_00730,2025-08-03 00:00:00,COMPLETED
ORD_001017,CUST_00886,2025-08-14 09:00:00,COMPLETED
ORD_001018,CUST_00340,2025-02-27 15:00:00,COMPLETED
ORD_001019,CUST_01295,2025-01-31 13:00:00,COMPLETED
ORD_001020,CUST_01119,2025-01-07 05:00:00,COMPLETED
ORD_001021,CUST_00546,2025-03-30 11:00:00,COMPLETED
ORD_001022,CUST_01664,2025-03-28 10:00:00,COMPLETED
ORD_001023,CUST_01049,2025-06-15 06:00:00,COMPLETED
ORD_001024,CUST_00797,2025-12-05 21:00:00,COMPLETED
ORD_001025,CUST_01757,2025-02-11 06:00:00,COMPLETED
ORD_001026,CUST_01284,2025-05-11 23:00:00,COMPLETED
ORD_001027,CUST_00518,2025-02-17 14:00:00,CANCELLED
ORD_001028,CUST_01756,2025-08-04 05:00:00,COMPLETED
ORD_001029,CUST_00475,2025-04-06 17:00:00,COMPLETED
ORD_001030,CUST_01610,2025-01-15 18:00:00,COMPLETED
ORD_001031,CUST_00699,2025-06-27 09:00:00,COMPLETED
ORD_001032,CUST_01108,2025-02-05 15:00:00,COMPLETED
ORD_001033,CUST_01884,2025-07-09 08:00:00,COMPLETED
ORD_001034,CUST_01546,2025-12-14 01:00:00,COMPLETED
ORD_001035,CUST_00965,2025-02-19 12:00:00,REFUNDED
ORD_001036,CUST_00015,2025-05-07 14:00:00,COMPLETED
ORD_001037,CUST_00460,2025-11-11 01:00:00,COMPLETED
ORD_001038,CUST_00432,2025-06-29 17:00:00,COMPLETED
ORD_001039,CUST_01459,2025-05-18 17:00:00,COMPLETED
ORD_001040,CUST_00744,2025-03-26 17:00:00,COMPLETED
ORD_001041,CUST_00806,2025-02-28 14:00:00,COMPLETED
ORD_001042,CUST_00377,2025-04-07 19:00:00,COMPLETED
ORD_001043,CUST_01444,2025-04-15 06:00:00,COMPLETED
ORD_001044,CUST_00242,2026-01-22 19:00:00,COMPLETED
ORD_001045,CUST_00815,2026-01-16 12:00:00,COMPLETED
ORD_001046,CUST_00760,2025-11-13 20:00:00,COMPLETED
ORD_001047,CUST_01953,2025-02-22 00:00:00,COMPLETED
ORD_001048,CUST_01050,2026-01-25 17:00:00,COMPLETED
ORD_001049,CUST_01394,2025-03-25 18:00:00,COMPLETED
ORD_001050,CUST_00554,2025-08-05 20:00:00,COMPLETED
ORD_001051,CUST_01562,2025-12-05 11:00:00,COMPLETED
ORD_001052,CUST_00950,2025-08-11 03:00:00,COMPLETED
ORD_001053,CUST_00918,2025-03-11 01:00:00,COMPLETED
ORD_001054,CUST_00111,2026-02-05 12:00:00,COMPLETED
ORD_001055,CUST_01606,2025-05-26 12:00:00,CANCELLED
ORD_001056,CUST_00550,2025-05-23 23:00:00,COMPLETED
ORD_001057,CUST_00704,2025-07-29 15:00:00,CANCELLED
ORD_001058,CUST_01444,2025-07-12 08:00:00,COMPLETED
ORD_001059,CUST_00773,2025-08-26 17:00:00,COMPLETED
ORD_001060,CUST_00354,2026-02-23 11:00:00,COMPLETED
ORD_001061,CUST_01979,2025-07-15 05:00:00,COMPLETED
ORD_001062,CUST_00516,2025-06-19 01:00:00,COMPLETED
ORD_001063,CUST_00059,2025-10-12 08:00:00,COMPLETED
ORD_001064,CUST_00207,2025-06-30 01:00:00,COMPLETED
ORD_001065,CUST_01605,2026-01-17 21:00:00,COMPLETED
ORD_001066,CUST_01759,2025-02-09 20:00:00,COMPLETED
ORD_001067,CUST_00816,2026-03-20 09:00:00,COMPLETED
ORD_001068,CUST_01034,2025-05-07 18:00:00,COMPLETED
ORD_001069,CUST_01739,2025-10-25 18:00:00,COMPLETED
ORD_001070,CUST_00904,2025-03-21 11:00:00,COMPLETED
ORD_001071,CUST_01163,2025-08-28 00:00:00,COMPLETED
ORD_001072,CUST_00412,2026-03-27 18:00:00,COMPLETED
ORD_001073,CUST_01782,2025-10-24 05:00:00,CANCELLED
ORD_001074,CUST_01850,2025-09-21 13:00:00,COMPLETED
ORD_001075,CUST_00935,2025-03-03 00:00:00,COMPLETED
ORD_001076,CUST_01296,2025-03-15 16:00:00,COMPLETED
ORD_001077,CUST_00533,2025-06-26 20:00:00,COMPLETED
ORD_001078,CUST_01967,2025-06-21 03:00:00,COMPLETED
ORD_001079,CUST_01578,2025-05-09 07:00:00,COMPLETED
ORD_001080,CUST_01802,2025-09-28 21:00:00,COMPLETED
ORD_001081,CUST_01728,2026-03-16 04:00:00,COMPLETED
ORD_001082,CUST_01492,2025-06-15 21:00:00,CANCELLED
ORD_001083,CUST_00496,2025-06-20 04:00:00,COMPLETED
ORD_001084,CUST_01702,2025-01-06 07:00:00,COMPLETED
ORD_001085,CUST_01904,2025-04-06 21:00:00,COMPLETED
ORD_001086,CUST_01807,2026-03-21 23:00:00,COMPLETED
ORD_001087,CUST_00394,2025-10-05 13:00:00,REFUNDED
ORD_001088,CUST_01568,2025-06-22 18:00:00,CANCELLED
ORD_001089,CUST_01239,2025-03-02 17:00:00,COMPLETED
ORD_001090,CUST_00529,2026-01-26 03:00:00,COMPLETED
ORD_001091,CUST_00672,2026-03-17 18:00:00,COMPLETED
ORD_001092,CUST_00294,2026-02-10 16:00:00,COMPLETED
ORD_001093,CUST_00108,2025-01-19 11:00:00,REFUNDED
ORD_001094,CUST_01910,2025-04-06 16:00:00,COMPLETED
ORD_001095,CUST_01152,2026-03-15 06:00:00,CANCELLED
ORD_001096,CUST_01637,2026-02-19 19:00:00,REFUNDED
ORD_001097,CUST_00140,2026-01-30 01:00:00,CANCELLED
ORD_001098,CUST_01755,2026-03-12 10:00:00,COMPLETED
ORD_001099,CUST_00043,2025-04-10 00:00:00,COMPLETED
ORD_001100,CUST_01257,2025-08-10 15:00:00,COMPLETED
ORD_001101,CUST_00873,2025-04-23 00:00:00,COMPLETED
ORD_001102,CUST_00966,2026-01-11 21:00:00,COMPLETED
ORD_001103,CUST_01067,2025-10-05 07:00:00,COMPLETED
ORD_001104,CUST_01365,2026-02-20 01:00:00,REFUNDED
ORD_001105,CUST_01193,2025-04-27 17:00:00,COMPLETED
ORD_001106,CUST_00230,2025-09-27 09:00:00,COMPLETED
ORD_001107,CUST_00599,2025-01-10 03:00:00,COMPLETED
ORD_001108,CUST_01036,2026-01-13 13:00:00,COMPLETED
ORD_001109,CUST_01184,2025-11-23 15:00:00,COMPLETED
ORD_001110,CUST_00923,2025-08-26 12:00:00,CANCELLED
ORD_001111,CUST_01132,2025-10-31 04:00:00,COMPLETED
ORD_001112,CUST_00939,2025-12-23 22:00:00,COMPLETED
ORD_001113,CUST_01037,2026-03-22 02:00:00,COMPLETED
ORD_001114,CUST_01992,2025-10-25 20:00:00,COMPLETED
ORD_001115,CUST_01727,2025-03-04 23:00:00,COMPLETED
ORD_001116,CUST_00044,2025-01-09 10:00:00,REFUNDED
ORD_001117,CUST_00175,2025-01-07 15:00:00,COMPLETED
ORD_001118,CUST_00504,2025-02-21 18:00:00,COMPLETED
ORD_001119,CUST_01779,2025-08-23 01:00:00,COMPLETED
ORD_001120,CUST_00895,2025-11-05 11:00:00,COMPLETED
ORD_001121,CUST_01311,2025-09-06 09:00:00,COMPLETED
ORD_001122,CUST_00540,2026-01-24 09:00:00,COMPLETED
ORD_001123,CUST_01893,2025-06-28 22:00:00,COMPLETED
ORD_001124,CUST_01057,2025-05-23 00:00:00,COMPLETED
ORD_001125,CUST_00421,2026-03-12 13:00:00,REFUNDED
ORD_001126,CUST_00683,2025-10-30 03:00:00,COMPLETED
ORD_001127,CUST_01892,2025-06-08 07:00:00,COMPLETED
ORD_001128,CUST_01823,2025-09-19 14:00:00,COMPLETED
ORD_001129,CUST_01338,2026-02-13 13:00:00,COMPLETED
ORD_001130,CUST_01538,2025-08-30 06:00:00,COMPLETED
ORD_001131,CUST_01373,2025-10-10 20:00:00,COMPLETED
ORD_001132,CUST_00820,2025-06-06 07:00:00,CANCELLED
ORD_001133,CUST_00372,2025-03-01 22:00:00,COMPLETED
ORD_001134,CUST_00935,2025-11-21 10:00:00,COMPLETED
ORD_001135,CUST_01453,2026-01-17 11:00:00,COMPLETED
ORD_001136,CUST_01722,2025-07-31 15:00:00,COMPLETED
ORD_001137,CUST_00941,2025-08-06 19:00:00,CANCELLED
ORD_001138,CUST_00866,2025-06-11 19:00:00,COMPLETED
ORD_001139,CUST_00941,2025-08-25 19:00:00,COMPLETED
ORD_001140,CUST_00962,2025-03-25 18:00:00,COMPLETED
ORD_001141,CUST_01274,2025-07-13 05:00:00,COMPLETED
ORD_001142,CUST_01829,2026-01-13 13:00:00,REFUNDED
ORD_001143,CUST_01084,2025-04-27 05:00:00,COMPLETED
ORD_001144,CUST_01885,2026-01-02 15:00:00,COMPLETED
ORD_001145,CUST_01883,2025-04-22 05:00:00,COMPLETED
ORD_001146,CUST_01200,2025-05-16 07:00:00,COMPLETED
ORD_001147,CUST_00479,2025-09-08 01:00:00,COMPLETED
ORD_001148,CUST_01438,2025-04-08 21:00:00,COMPLETED
ORD_001149,CUST_01845,2026-03-18 20:00:00,COMPLETED
ORD_001150,CUST_01726,2025-11-12 02:00:00,COMPLETED
ORD_001151,CUST_01140,2025-10-20 21:00:00,COMPLETED
ORD_001152,CUST_00255,2025-01-21 10:00:00,COMPLETED
ORD_001153,CUST_00984,2025-07-29 12:00:00,COMPLETED
ORD_001154,CUST_00508,2026-01-27 10:00:00,COMPLETED
ORD_001155,CUST_01197,2025-12-16 03:00:00,COMPLETED
ORD_001156,CUST_01177,2025-05-16 02:00:00,COMPLETED
ORD_001157,CUST_01931,2025-12-17 07:00:00,COMPLETED
ORD_001158,CUST_01920,2025-06-07 06:00:00,COMPLETED
ORD_001159,CUST_00205,2025-01-11 14:00:00,COMPLETED
ORD_001160,CUST_01473,2025-07-23 16:00:00,CANCELLED
ORD_001161,CUST_00415,2025-11-30 07:00:00,COMPLETED
ORD_001162,CUST_01827,2025-03-18 18:00:00,COMPLETED
ORD_001163,CUST_00997,2026-02-04 16:00:00,COMPLETED
ORD_001164,CUST_01871,2025-08-16 12:00:00,CANCELLED
ORD_001165,CUST_00892,2026-02-20 22:00:00,COMPLETED
ORD_001166,CUST_00669,2025-10-08 02:00:00,CANCELLED
ORD_001167,CUST_01387,2025-11-25 20:00:00,COMPLETED
ORD_001168,CUST_01558,2026-01-19 13:00:00,COMPLETED
ORD_001169,CUST_00024,2025-01-18 11:00:00,COMPLETED
ORD_001170,CUST_01158,2026-02-19 23:00:00,COMPLETED
ORD_001171,CUST_01517,2025-11-18 02:00:00,COMPLETED
ORD_001172,CUST_01256,2025-10-26 03:00:00,COMPLETED
ORD_001173,CUST_01508,2025-08-30 00:00:00,COMPLETED
ORD_001174,CUST_01691,2025-03-23 21:00:00,CANCELLED
ORD_001175,CUST_00727,2025-05-18 05:00:00,REFUNDED
ORD_001176,CUST_01773,2026-03-20 07:00:00,COMPLETED
ORD_001177,CUST_01638,2025-08-08 23:00:00,COMPLETED
ORD_001178,CUST_00535,2025-05-04 14:00:00,COMPLETED
ORD_001179,CUST_00992,2025-05-09 23:00:00,COMPLETED
ORD_001180,CUST_01932,2025-12-05 06:00:00,COMPLETED
ORD_001181,CUST_01056,2025-08-25 07:00:00,REFUNDED
ORD_001182,CUST_01523,2025-10-01 01:00:00,REFUNDED
ORD_001183,CUST_01362,2025-02-04 06:00:00,COMPLETED
ORD_001184,CUST_00603,2025-02-08 16:00:00,COMPLETED
ORD_001185,CUST_01062,2025-05-15 06:00:00,COMPLETED
ORD_001186,CUST_00538,2025-05-28 02:00:00,COMPLETED
ORD_001187,CUST_01938,2025-04-07 11:00:00,CANCELLED
ORD_001188,CUST_01612,2026-03-17 21:00:00,COMPLETED
ORD_001189,CUST_00456,2025-09-04 22:00:00,COMPLETED
ORD_001190,CUST_01036,2025-03-03 13:00:00,COMPLETED
ORD_001191,CUST_01538,2026-01-19 17:00:00,COMPLETED
ORD_001192,CUST_00925,2025-03-15 13:00:00,COMPLETED
ORD_001193,CUST_00866,2025-03-05 02:00:00,COMPLETED
ORD_001194,CUST_01733,2025-02-25 23:00:00,CANCELLED
ORD_001195,CUST_01320,2025-05-27 14:00:00,COMPLETED
ORD_001196,CUST_01381,2025-07-15 05:00:00,COMPLETED
ORD_001197,CUST_00015,2025-01-13 14:00:00,COMPLETED
ORD_001198,CUST_00583,2025-04-15 08:00:00,CANCELLED
ORD_001199,CUST_00525,2025-08-25 17:00:00,COMPLETED
ORD_001200,CUST_00259,2025-09-04 07:00:00,COMPLETED
ORD_001201,CUST_00370,2026-01-11 11:00:00,CANCELLED
ORD_001202,CUST_00116,2025-06-09 03:00:00,COMPLETED
ORD_001203,CUST_00020,2025-05-24 10:00:00,COMPLETED
ORD_001204,CUST_00236,2025-06-28 13:00:00,REFUNDED
ORD_001205,CUST_00904,2026-03-22 09:00:00,COMPLETED
ORD_001206,CUST_01739,2025-08-20 06:00:00,COMPLETED
ORD_001207,CUST_01013,2025-02-02 20:00:00,CANCELLED
ORD_001208,CUST_01584,2025-02-20 12:00:00,CANCELLED
ORD_001209,CUST_01572,2025-09-20 17:00:00,COMPLETED
ORD_001210,CUST_01608,2025-06-17 18:00:00,COMPLETED
ORD_001211,CUST_00513,2025-04-01 12:00:00,COMPLETED
ORD_001212,CUST_01479,2025-07-26 07:00:00,COMPLETED
ORD_001213,CUST_00166,2025-08-31 20:00:00,CANCELLED
ORD_001214,CUST_00985,2026-01-07 00:00:00,COMPLETED
ORD_001215,CUST_01039,2025-01-08 17:00:00,COMPLETED
ORD_001216,CUST_01493,2026-03-21 20:00:00,COMPLETED
ORD_001217,CUST_01006,2025-09-25 19:00:00,COMPLETED
ORD_001218,CUST_00534,2025-05-18 07:00:00,COMPLETED
ORD_001219,CUST_00523,2025-10-08 06:00:00,COMPLETED
ORD_001220,CUST_00535,2025-01-24 03:00:00,REFUNDED
ORD_001221,CUST_00084,2025-06-02 17:00:00,COMPLETED
ORD_001222,CUST_01124,2025-12-08 11:00:00,COMPLETED
ORD_001223,CUST_01146,2025-08-31 16:00:00,COMPLETED
ORD_001224,CUST_00631,2026-01-12 03:00:00,COMPLETED
ORD_001225,CUST_01485,2025-07-27 11:00:00,COMPLETED
ORD_001226,CUST_00432,2025-08-10 00:00:00,CANCELLED
ORD_001227,CUST_00400,2025-09-23 16:00:00,COMPLETED
ORD_001228,CUST_00373,2025-01-25 21:00:00,COMPLETED
ORD_001229,CUST_01252,2026-02-10 08:00:00,COMPLETED
ORD_001230,CUST_00923,2025-02-05 16:00:00,COMPLETED
ORD_001231,CUST_01775,2025-12-17 19:00:00,COMPLETED
ORD_001232,CUST_00872,2025-01-20 21:00:00,COMPLETED
ORD_001233,CUST_01690,2025-03-08 09:00:00,COMPLETED
ORD_001234,CUST_01650,2025-05-26 12:00:00,COMPLETED
ORD_001235,CUST_00310,2026-02-17 22:00:00,COMPLETED
ORD_001236,CUST_01239,2025-04-05 17:00:00,COMPLETED
ORD_001237,CUST_01563,2025-09-27 05:00:00,COMPLETED
ORD_001238,CUST_00249,2025-08-10 02:00:00,COMPLETED
ORD_001239,CUST_00724,2025-08-28 06:00:00,COMPLETED
ORD_001240,CUST_00414,2025-05-15 22:00:00,COMPLETED
ORD_001241,CUST_01825,2025-07-13 01:00:00,REFUNDED
ORD_001242,CUST_00076,2026-02-20 17:00:00,COMPLETED
ORD_001243,CUST_00261,2025-08-23 06:00:00,COMPLETED
ORD_001244,CUST_01896,2026-01-27 13:00:00,COMPLETED
ORD_001245,CUST_01317,2026-03-04 06:00:00,COMPLETED
ORD_001246,CUST_00805,2025-02-10 08:00:00,COMPLETED
ORD_001247,CUST_00392,2025-10-16 06:00:00,COMPLETED
ORD_001248,CUST_00043,2025-12-20 02:00:00,COMPLETED
ORD_001249,CUST_01201,2025-09-22 02:00:00,CANCELLED
ORD_001250,CUST_01784,2025-04-08 14:00:00,COMPLETED
ORD_001251,CUST_01821,2025-03-10 04:00:00,COMPLETED
ORD_001252,CUST_00717,2025-10-29 23:00:00,COMPLETED
ORD_001253,CUST_01929,2025-04-14 16:00:00,REFUNDED
ORD_001254,CUST_00706,2026-01-17 00:00:00,COMPLETED
ORD_001255,CUST_01939,2025-06-06 10:00:00,COMPLETED
ORD_001256,CUST_01957,2025-01-04 20:00:00,COMPLETED
ORD_001257,CUST_00059,2025-04-28 00:00:00,COMPLETED
ORD_001258,CUST_01195,2026-02-02 20:00:00,COMPLETED
ORD_001259,CUST_01187,2025-09-26 23:00:00,COMPLETED
ORD_001260,CUST_01607,2025-04-28 08:00:00,COMPLETED
ORD_001261,CUST_00551,2025-10-18 03:00:00,COMPLETED
ORD_001262,CUST_01590,2025-12-02 02:00:00,COMPLETED
ORD_001263,CUST_00121,2025-07-25 09:00:00,COMPLETED
ORD_001264,CUST_00361,2025-09-08 13:00:00,COMPLETED
ORD_001265,CUST_00926,2025-05-11 18:00:00,COMPLETED
ORD_001266,CUST_01849,2025-04-05 23:00:00,COMPLETED
ORD_001267,CUST_00052,2025-09-02 06:00:00,COMPLETED
ORD_001268,CUST_00292,2025-10-15 22:00:00,COMPLETED
ORD_001269,CUST_01950,2025-07-28 17:00:00,COMPLETED
ORD_001270,CUST_01219,2026-02-19 03:00:00,CANCELLED
ORD_001271,CUST_00431,2025-04-15 07:00:00,COMPLETED
ORD_001272,CUST_01117,2026-01-08 15:00:00,COMPLETED
ORD_001273,CUST_01843,2025-11-29 04:00:00,COMPLETED
ORD_001274,CUST_00009,2025-12-24 05:00:00,COMPLETED
ORD_001275,CUST_00585,2025-11-22 15:00:00,COMPLETED
ORD_001276,CUST_00401,2026-02-19 22:00:00,COMPLETED
ORD_001277,CUST_01329,2026-02-04 17:00:00,COMPLETED
ORD_001278,CUST_01064,2025-02-22 17:00:00,COMPLETED
ORD_001279,CUST_01400,2025-02-08 11:00:00,COMPLETED
ORD_001280,CUST_01517,2025-06-26 06:00:00,COMPLETED
ORD_001281,CUST_01386,2025-12-04 18:00:00,COMPLETED
ORD_001282,CUST_00770,2025-04-05 11:00:00,COMPLETED
ORD_001283,CUST_01035,2025-12-19 16:00:00,COMPLETED
ORD_001284,CUST_01616,2025-10-01 07:00:00,COMPLETED
ORD_001285,CUST_00111,2025-01-18 05:00:00,COMPLETED
ORD_001286,CUST_01057,2025-02-15 06:00:00,COMPLETED
ORD_001287,CUST_00249,2025-07-23 15:00:00,COMPLETED
ORD_001288,CUST_01387,2025-02-02 13:00:00,COMPLETED
ORD_001289,CUST_01134,2025-01-27 20:00:00,COMPLETED
ORD_001290,CUST_01821,2025-05-03 07:00:00,COMPLETED
ORD_001291,CUST_00112,2025-09-15 09:00:00,COMPLETED
ORD_001292,CUST_01922,2025-02-07 23:00:00,CANCELLED
ORD_001293,CUST_00595,2025-08-31 16:00:00,REFUNDED
ORD_001294,CUST_00576,2025-08-21 12:00:00,COMPLETED
ORD_001295,CUST_00897,2025-01-07 04:00:00,COMPLETED
ORD_001296,CUST_01831,2025-09-19 15:00:00,COMPLETED
ORD_001297,CUST_00718,2025-06-08 19:00:00,CANCELLED
ORD_001298,CUST_01513,2025-01-08 15:00:00,COMPLETED
ORD_001299,CUST_00971,2025-03-23 13:00:00,COMPLETED
ORD_001300,CUST_00895,2025-12-20 21:00:00,COMPLETED
ORD_001301,CUST_00410,2025-05-09 16:00:00,REFUNDED
ORD_001302,CUST_01623,2025-09-18 02:00:00,COMPLETED
ORD_001303,CUST_01883,2025-01-02 10:00:00,COMPLETED
ORD_001304,CUST_00301,2025-12-22 00:00:00,COMPLETED
ORD_001305,CUST_01663,2025-05-08 18:00:00,COMPLETED
ORD_001306,CUST_00660,2025-02-15 13:00:00,COMPLETED
ORD_001307,CUST_01360,2025-09-04 17:00:00,COMPLETED
ORD_001308,CUST_00474,2025-02-08 05:00:00,COMPLETED
ORD_001309,CUST_01660,2025-09-29 16:00:00,COMPLETED
ORD_001310,CUST_00750,2025-12-09 07:00:00,COMPLETED
ORD_001311,CUST_00170,2025-08-16 19:00:00,COMPLETED
ORD_001312,CUST_00314,2025-11-21 07:00:00,CANCELLED
ORD_001313,CUST_00291,2025-11-05 20:00:00,COMPLETED
ORD_001314,CUST_01357,2025-10-04 10:00:00,REFUNDED
ORD_001315,CUST_01530,2025-11-21 18:00:00,COMPLETED
ORD_001316,CUST_01741,2025-04-25 01:00:00,COMPLETED
ORD_001317,CUST_00874,2026-02-02 17:00:00,COMPLETED
ORD_001318,CUST_00549,2025-03-21 05:00:00,COMPLETED
ORD_001319,CUST_00264,2026-02-08 14:00:00,COMPLETED
ORD_001320,CUST_00711,2025-11-27 16:00:00,COMPLETED
ORD_001321,CUST_01914,2025-02-19 08:00:00,COMPLETED
ORD_001322,CUST_01009,2025-08-06 18:00:00,COMPLETED
ORD_001323,CUST_00370,2025-06-28 07:00:00,REFUNDED
ORD_001324,CUST_00725,2025-10-31 10:00:00,COMPLETED
ORD_001325,CUST_01294,2025-05-06 13:00:00,COMPLETED
ORD_001326,CUST_01372,2025-10-30 16:00:00,COMPLETED
ORD_001327,CUST_01549,2026-01-09 04:00:00,COMPLETED
ORD_001328,CUST_01567,2025-05-05 05:00:00,COMPLETED
ORD_001329,CUST_01323,2025-01-22 14:00:00,COMPLETED
ORD_001330,CUST_00159,2025-03-27 20:00:00,COMPLETED
ORD_001331,CUST_01811,2025-06-03 16:00:00,COMPLETED
ORD_001332,CUST_01184,2025-08-01 03:00:00,COMPLETED
ORD_001333,CUST_00488,2026-03-17 21:00:00,COMPLETED
ORD_001334,CUST_01874,2025-02-13 10:00:00,COMPLETED
ORD_001335,CUST_00248,2025-08-10 21:00:00,COMPLETED
ORD_001336,CUST_00847,2026-03-02 05:00:00,COMPLETED
ORD_001337,CUST_01454,2025-04-29 01:00:00,COMPLETED
ORD_001338,CUST_01662,2026-02-23 22:00:00,COMPLETED
ORD_001339,CUST_00657,2025-07-19 15:00:00,COMPLETED
ORD_001340,CUST_00607,2025-10-10 00:00:00,COMPLETED
ORD_001341,CUST_01484,2025-02-03 21:00:00,COMPLETED
ORD_001342,CUST_00907,2025-10-22 08:00:00,COMPLETED
ORD_001343,CUST_00207,2025-07-17 15:00:00,COMPLETED
ORD_001344,CUST_01599,2025-01-20 02:00:00,COMPLETED
ORD_001345,CUST_00030,2025-05-22 22:00:00,COMPLETED
ORD_001346,CUST_01418,2025-02-09 04:00:00,REFUNDED
ORD_001347,CUST_00589,2025-10-15 00:00:00,CANCELLED
ORD_001348,CUST_01109,2025-05-11 09:00:00,COMPLETED
ORD_001349,CUST_01171,2025-08-13 03:00:00,COMPLETED
ORD_001350,CUST_00231,2026-03-19 05:00:00,COMPLETED
ORD_001351,CUST_01426,2025-01-20 17:00:00,COMPLETED
ORD_001352,CUST_00651,2025-04-14 13:00:00,COMPLETED
ORD_001353,CUST_00061,2025-03-07 09:00:00,COMPLETED
ORD_001354,CUST_01145,2025-10-08 14:00:00,COMPLETED
ORD_001355,CUST_01309,2025-06-07 16:00:00,REFUNDED
ORD_001356,CUST_00577,2025-06-18 12:00:00,COMPLETED
ORD_001357,CUST_01424,2025-04-06 06:00:00,COMPLETED
ORD_001358,CUST_00083,2026-02-22 14:00:00,COMPLETED
ORD_001359,CUST_01835,2025-10-06 20:00:00,CANCELLED
ORD_001360,CUST_00054,2025-10-12 13:00:00,CANCELLED
ORD_001361,CUST_01866,2025-12-26 02:00:00,COMPLETED
ORD_001362,CUST_00826,2025-09-03 07:00:00,COMPLETED
ORD_001363,CUST_01861,2026-02-16 04:00:00,COMPLETED
ORD_001364,CUST_00694,2026-02-13 14:00:00,COMPLETED
ORD_001365,CUST_00705,2025-08-24 13:00:00,COMPLETED
ORD_001366,CUST_01396,2025-01-13 22:00:00,COMPLETED
ORD_001367,CUST_01548,2025-08-01 06:00:00,COMPLETED
ORD_001368,CUST_00421,2025-11-09 20:00:00,COMPLETED
ORD_001369,CUST_01722,2025-12-18 10:00:00,COMPLETED
ORD_001370,CUST_01017,2025-11-24 02:00:00,COMPLETED
ORD_001371,CUST_00156,2025-12-28 07:00:00,CANCELLED
ORD_001372,CUST_00125,2025-07-28 17:00:00,COMPLETED
ORD_001373,CUST_01514,2025-10-19 18:00:00,CANCELLED
ORD_001374,CUST_00269,2025-01-26 13:00:00,COMPLETED
ORD_001375,CUST_00306,2025-07-04 15:00:00,COMPLETED
ORD_001376,CUST_00878,2025-05-30 02:00:00,COMPLETED
ORD_001377,CUST_00660,2025-12-24 13:00:00,COMPLETED
ORD_001378,CUST_00895,2025-10-31 17:00:00,COMPLETED
ORD_001379,CUST_01673,2025-05-09 20:00:00,REFUNDED
ORD_001380,CUST_01256,2025-04-23 13:00:00,COMPLETED
ORD_001381,CUST_01868,2025-07-27 22:00:00,COMPLETED
ORD_001382,CUST_00544,2025-05-05 21:00:00,COMPLETED
ORD_001383,CUST_01149,2025-05-07 15:00:00,COMPLETED
ORD_001384,CUST_00360,2026-01-15 11:00:00,COMPLETED
ORD_001385,CUST_00568,2025-08-02 02:00:00,COMPLETED
ORD_001386,CUST_01417,2026-03-17 16:00:00,COMPLETED
ORD_001387,CUST_00253,2025-05-20 11:00:00,COMPLETED
ORD_001388,CUST_01029,2025-04-24 10:00:00,REFUNDED
ORD_001389,CUST_00297,2025-09-04 14:00:00,COMPLETED
ORD_001390,CUST_00577,2025-09-04 22:00:00,COMPLETED
ORD_001391,CUST_01174,2025-09-11 16:00:00,COMPLETED
ORD_001392,CUST_01623,2025-07-05 18:00:00,COMPLETED
ORD_001393,CUST_00966,2025-03-12 22:00:00,COMPLETED
ORD_001394,CUST_00940,2025-11-09 08:00:00,COMPLETED
ORD_001395,CUST_00078,2025-06-23 16:00:00,COMPLETED
ORD_001396,CUST_00987,2025-04-30 13:00:00,COMPLETED
ORD_001397,CUST_01422,2025-02-07 17:00:00,COMPLETED
ORD_001398,CUST_01749,2025-12-15 16:00:00,COMPLETED
ORD_001399,CUST_01786,2025-12-24 06:00:00,COMPLETED
ORD_001400,CUST_01200,2025-08-14 09:00:00,COMPLETED
ORD_001401,CUST_00569,2025-06-09 17:00:00,COMPLETED
ORD_001402,CUST_01665,2026-03-25 18:00:00,COMPLETED
ORD_001403,CUST_01139,2025-03-27 06:00:00,COMPLETED
ORD_001404,CUST_01475,2026-01-24 19:00:00,COMPLETED
ORD_001405,CUST_00924,2025-07-13 01:00:00,COMPLETED
ORD_001406,CUST_00531,2025-05-25 04:00:00,COMPLETED
ORD_001407,CUST_01440,2025-05-18 08:00:00,COMPLETED
ORD_001408,CUST_01786,2025-06-16 00:00:00,COMPLETED
ORD_001409,CUST_00873,2025-04-04 11:00:00,COMPLETED
ORD_001410,CUST_00266,2026-03-03 12:00:00,COMPLETED
ORD_001411,CUST_01356,2025-09-12 20:00:00,COMPLETED
ORD_001412,CUST_00682,2025-02-01 04:00:00,COMPLETED
ORD_001413,CUST_00844,2025-03-03 15:00:00,COMPLETED
ORD_001414,CUST_01691,2026-02-20 16:00:00,COMPLETED
ORD_001415,CUST_00235,2025-03-30 19:00:00,COMPLETED
ORD_001416,CUST_00660,2025-06-20 18:00:00,COMPLETED
ORD_001417,CUST_01173,2025-10-12 17:00:00,COMPLETED
ORD_001418,CUST_00688,2025-02-06 12:00:00,COMPLETED
ORD_001419,CUST_00060,2026-01-24 03:00:00,COMPLETED
ORD_001420,CUST_00338,2026-01-06 00:00:00,COMPLETED
ORD_001421,CUST_00901,2025-04-30 14:00:00,COMPLETED
ORD_001422,CUST_00894,2026-01-05 13:00:00,COMPLETED
ORD_001423,CUST_01249,2025-04-17 05:00:00,COMPLETED
ORD_001424,CUST_01583,2025-10-29 09:00:00,COMPLETED
ORD_001425,CUST_00752,2025-01-02 07:00:00,CANCELLED
ORD_001426,CUST_00248,2026-03-04 16:00:00,COMPLETED
ORD_001427,CUST_00310,2026-02-24 23:00:00,CANCELLED
ORD_001428,CUST_01552,2025-01-16 09:00:00,COMPLETED
ORD_001429,CUST_00307,2025-04-20 15:00:00,COMPLETED
ORD_001430,CUST_00296,2025-05-11 02:00:00,CANCELLED
ORD_001431,CUST_00966,2025-11-17 05:00:00,COMPLETED
ORD_001432,CUST_00721,2025-08-12 19:00:00,COMPLETED
ORD_001433,CUST_01611,2026-02-25 17:00:00,CANCELLED
ORD_001434,CUST_01884,2025-01-05 16:00:00,COMPLETED
ORD_001435,CUST_01635,2026-01-10 12:00:00,COMPLETED
ORD_001436,CUST_01897,2025-06-13 10:00:00,COMPLETED
ORD_001437,CUST_01387,2026-03-16 03:00:00,COMPLETED
ORD_001438,CUST_00404,2025-01-08 16:00:00,COMPLETED
ORD_001439,CUST_00207,2025-07-31 03:00:00,CANCELLED
ORD_001440,CUST_01813,2025-11-11 18:00:00,COMPLETED
ORD_001441,CUST_01274,2025-08-25 00:00:00,COMPLETED
ORD_001442,CUST_00099,2026-03-20 15:00:00,COMPLETED
ORD_001443,CUST_00678,2026-03-11 23:00:00,COMPLETED
ORD_001444,CUST_01921,2026-01-18 16:00:00,COMPLETED
ORD_001445,CUST_00673,2025-04-16 19:00:00,COMPLETED
ORD_001446,CUST_00482,2026-02-09 06:00:00,COMPLETED
ORD_001447,CUST_00580,2025-12-14 02:00:00,COMPLETED
ORD_001448,CUST_00712,2025-05-01 04:00:00,COMPLETED
ORD_001449,CUST_01927,2025-11-15 09:00:00,COMPLETED
ORD_001450,CUST_01776,2025-01-17 05:00:00,COMPLETED
ORD_001451,CUST_00728,2025-12-13 15:00:00,COMPLETED
ORD_001452,CUST_00871,2026-02-11 11:00:00,COMPLETED
ORD_001453,CUST_00375,2025-10-29 09:00:00,COMPLETED
ORD_001454,CUST_00247,2025-04-03 11:00:00,COMPLETED
ORD_001455,CUST_01985,2025-01-22 02:00:00,COMPLETED
ORD_001456,CUST_01913,2025-07-26 11:00:00,COMPLETED
ORD_001457,CUST_01328,2025-08-18 11:00:00,COMPLETED
ORD_001458,CUST_00408,2025-07-06 10:00:00,CANCELLED
ORD_001459,CUST_01589,2025-09-01 09:00:00,COMPLETED
ORD_001460,CUST_01856,2025-09-24 12:00:00,COMPLETED
ORD_001461,CUST_00968,2025-04-19 20:00:00,REFUNDED
ORD_001462,CUST_01942,2025-03-18 17:00:00,COMPLETED
ORD_001463,CUST_01529,2025-02-06 00:00:00,COMPLETED
ORD_001464,CUST_00830,2025-12-17 21:00:00,COMPLETED
ORD_001465,CUST_00108,2025-09-11 21:00:00,COMPLETED
ORD_001466,CUST_01641,2026-01-19 00:00:00,COMPLETED
ORD_001467,CUST_01226,2026-02-06 10:00:00,CANCELLED
ORD_001468,CUST_01518,2025-07-21 01:00:00,COMPLETED
ORD_001469,CUST_00604,2026-03-23 10:00:00,COMPLETED
ORD_001470,CUST_01608,2025-06-11 15:00:00,COMPLETED
ORD_001471,CUST_01162,2025-04-18 16:00:00,COMPLETED
ORD_001472,CUST_00060,2026-01-03 20:00:00,COMPLETED
ORD_001473,CUST_00835,2026-01-26 09:00:00,COMPLETED
ORD_001474,CUST_01436,2025-03-01 01:00:00,COMPLETED
ORD_001475,CUST_00588,2025-10-20 12:00:00,COMPLETED
ORD_001476,CUST_00159,2025-01-04 00:00:00,COMPLETED
ORD_001477,CUST_00178,2026-01-18 13:00:00,COMPLETED
ORD_001478,CUST_01822,2025-07-14 03:00:00,COMPLETED
ORD_001479,CUST_01361,2025-07-28 21:00:00,COMPLETED
ORD_001480,CUST_01119,2026-03-18 02:00:00,COMPLETED
ORD_001481,CUST_01532,2025-12-04 10:00:00,CANCELLED
ORD_001482,CUST_00187,2025-04-10 02:00:00,REFUNDED
ORD_001483,CUST_01437,2025-08-14 12:00:00,COMPLETED
ORD_001484,CUST_00914,2025-07-27 00:00:00,COMPLETED
ORD_001485,CUST_00464,2026-02-16 22:00:00,CANCELLED
ORD_001486,CUST_00782,2025-03-26 09:00:00,COMPLETED
ORD_001487,CUST_00768,2025-05-30 22:00:00,CANCELLED
ORD_001488,CUST_00093,2025-07-11 12:00:00,COMPLETED
ORD_001489,CUST_01877,2025-11-04 14:00:00,COMPLETED
ORD_001490,CUST_01364,2025-12-26 18:00:00,COMPLETED
ORD_001491,CUST_00486,2025-02-16 16:00:00,COMPLETED
ORD_001492,CUST_00138,2025-02-13 09:00:00,COMPLETED
ORD_001493,CUST_01360,2025-04-20 07:00:00,COMPLETED
ORD_001494,CUST_00073,2026-01-24 22:00:00,COMPLETED
ORD_001495,CUST_01152,2026-03-26 12:00:00,COMPLETED
ORD_001496,CUST_01928,2026-03-20 19:00:00,COMPLETED
ORD_001497,CUST_01036,2025-08-20 10:00:00,CANCELLED
ORD_001498,CUST_01013,2025-08-23 10:00:00,COMPLETED
ORD_001499,CUST_00701,2026-03-10 11:00:00,COMPLETED
ORD_001500,CUST_01359,2025-05-15 12:00:00,COMPLETED
ORD_001501,CUST_01960,2026-02-07 00:00:00,CANCELLED
ORD_001502,CUST_00067,2025-07-16 17:00:00,COMPLETED
ORD_001503,CUST_00744,2025-04-08 08:00:00,COMPLETED
ORD_001504,CUST_01525,2026-02-01 05:00:00,COMPLETED
ORD_001505,CUST_00394,2025-08-02 00:00:00,REFUNDED
ORD_001506,CUST_00157,2025-07-10 06:00:00,CANCELLED
ORD_001507,CUST_00217,2025-05-01 16:00:00,COMPLETED
ORD_001508,CUST_01683,2025-10-07 05:00:00,COMPLETED
ORD_001509,CUST_00347,2026-02-21 20:00:00,COMPLETED
ORD_001510,CUST_00324,2025-06-08 19:00:00,COMPLETED
ORD_001511,CUST_00571,2025-12-27 18:00:00,COMPLETED
ORD_001512,CUST_00066,2025-08-11 18:00:00,CANCELLED
ORD_001513,CUST_01417,2025-07-24 12:00:00,COMPLETED
ORD_001514,CUST_01372,2026-01-07 01:00:00,CANCELLED
ORD_001515,CUST_01468,2025-10-07 22:00:00,REFUNDED
ORD_001516,CUST_01416,2026-02-05 23:00:00,COMPLETED
ORD_001517,CUST_01881,2026-02-21 21:00:00,CANCELLED
ORD_001518,CUST_00867,2025-03-01 16:00:00,CANCELLED
ORD_001519,CUST_01000,2025-08-27 10:00:00,COMPLETED
ORD_001520,CUST_00086,2025-09-22 17:00:00,COMPLETED
ORD_001521,CUST_01820,2025-01-19 09:00:00,COMPLETED
ORD_001522,CUST_01332,2025-02-25 09:00:00,COMPLETED
ORD_001523,CUST_01779,2025-11-24 00:00:00,COMPLETED
ORD_001524,CUST_01087,2025-04-09 13:00:00,COMPLETED
ORD_001525,CUST_01273,2025-04-25 09:00:00,COMPLETED
ORD_001526,CUST_01038,2025-09-27 14:00:00,COMPLETED
ORD_001527,CUST_01888,2025-05-14 10:00:00,COMPLETED
ORD_001528,CUST_01989,2025-02-23 04:00:00,COMPLETED
ORD_001529,CUST_00126,2026-02-15 23:00:00,COMPLETED
ORD_001530,CUST_01065,2025-07-19 03:00:00,COMPLETED
ORD_001531,CUST_00423,2025-10-16 07:00:00,COMPLETED
ORD_001532,CUST_00595,2026-03-20 14:00:00,COMPLETED
ORD_001533,CUST_01906,2025-11-10 01:00:00,COMPLETED
ORD_001534,CUST_00900,2026-03-20 05:00:00,COMPLETED
ORD_001535,CUST_00199,2025-03-22 20:00:00,COMPLETED
ORD_001536,CUST_01512,2026-01-16 19:00:00,COMPLETED
ORD_001537,CUST_01546,2025-04-17 00:00:00,CANCELLED
ORD_001538,CUST_00865,2025-11-04 20:00:00,COMPLETED
ORD_001539,CUST_00497,2025-12-19 09:00:00,COMPLETED
ORD_001540,CUST_01764,2025-05-31 06:00:00,COMPLETED
ORD_001541,CUST_01762,2025-02-05 21:00:00,CANCELLED
ORD_001542,CUST_01609,2025-03-25 02:00:00,REFUNDED
ORD_001543,CUST_01479,2026-02-10 06:00:00,COMPLETED
ORD_001544,CUST_01088,2025-05-21 22:00:00,COMPLETED
ORD_001545,CUST_00598,2025-06-15 10:00:00,COMPLETED
ORD_001546,CUST_01399,2026-03-02 14:00:00,COMPLETED
ORD_001547,CUST_00372,2025-11-07 19:00:00,COMPLETED
ORD_001548,CUST_00373,2025-11-02 00:00:00,COMPLETED
ORD_001549,CUST_01532,2025-01-21 15:00:00,COMPLETED
ORD_001550,CUST_00870,2025-04-05 10:00:00,REFUNDED
ORD_001551,CUST_00962,2025-07-25 12:00:00,COMPLETED
ORD_001552,CUST_00298,2026-02-05 17:00:00,COMPLETED
ORD_001553,CUST_01633,2025-09-06 04:00:00,CANCELLED
ORD_001554,CUST_00614,2025-05-08 01:00:00,COMPLETED
ORD_001555,CUST_01697,2025-07-15 20:00:00,REFUNDED
ORD_001556,CUST_00516,2025-04-18 13:00:00,COMPLETED
ORD_001557,CUST_01297,2025-06-28 14:00:00,COMPLETED
ORD_001558,CUST_00389,2026-03-19 16:00:00,COMPLETED
ORD_001559,CUST_01369,2025-04-12 14:00:00,COMPLETED
ORD_001560,CUST_00333,2025-12-24 02:00:00,COMPLETED
ORD_001561,CUST_00990,2025-11-28 21:00:00,COMPLETED
ORD_001562,CUST_01641,2025-07-09 03:00:00,COMPLETED
ORD_001563,CUST_00813,2026-02-08 01:00:00,COMPLETED
ORD_001564,CUST_00885,2025-05-26 03:00:00,COMPLETED
ORD_001565,CUST_01570,2025-05-01 12:00:00,COMPLETED
ORD_001566,CUST_00655,2025-09-06 14:00:00,CANCELLED
ORD_001567,CUST_00186,2025-09-05 12:00:00,COMPLETED
ORD_001568,CUST_01387,2025-09-07 19:00:00,COMPLETED
ORD_001569,CUST_00949,2025-07-04 18:00:00,CANCELLED
ORD_001570,CUST_01650,2025-12-03 22:00:00,COMPLETED
ORD_001571,CUST_00605,2025-11-26 06:00:00,COMPLETED
ORD_001572,CUST_01219,2026-01-16 04:00:00,COMPLETED
ORD_001573,CUST_00338,2026-01-04 04:00:00,COMPLETED
ORD_001574,CUST_00777,2025-05-19 19:00:00,COMPLETED
ORD_001575,CUST_00892,2025-07-16 15:00:00,COMPLETED
ORD_001576,CUST_00177,2025-04-22 14:00:00,REFUNDED
ORD_001577,CUST_01865,2025-02-10 18:00:00,CANCELLED
ORD_001578,CUST_00515,2025-08-04 15:00:00,REFUNDED
ORD_001579,CUST_01631,2025-06-10 10:00:00,COMPLETED
ORD_001580,CUST_00435,2026-02-04 14:00:00,COMPLETED
ORD_001581,CUST_01587,2025-10-26 03:00:00,COMPLETED
ORD_001582,CUST_01234,2026-02-19 04:00:00,COMPLETED
ORD_001583,CUST_00670,2025-01-16 19:00:00,COMPLETED
ORD_001584,CUST_00184,2025-06-06 10:00:00,CANCELLED
ORD_001585,CUST_00655,2025-05-16 21:00:00,COMPLETED
ORD_001586,CUST_01617,2025-01-13 05:00:00,COMPLETED
ORD_001587,CUST_00807,2025-10-03 22:00:00,COMPLETED
ORD_001588,CUST_01308,2025-11-16 22:00:00,COMPLETED
ORD_001589,CUST_00392,2025-05-23 09:00:00,COMPLETED
ORD_001590,CUST_00559,2025-04-15 17:00:00,COMPLETED
ORD_001591,CUST_01884,2026-01-13 16:00:00,COMPLETED
ORD_001592,CUST_01254,2025-03-12 12:00:00,COMPLETED
ORD_001593,CUST_01585,2026-03-07 18:00:00,COMPLETED
ORD_001594,CUST_01167,2025-08-17 12:00:00,COMPLETED
ORD_001595,CUST_00023,2025-10-20 08:00:00,COMPLETED
ORD_001596,CUST_01112,2025-03-03 07:00:00,CANCELLED
ORD_001597,CUST_01131,2025-12-12 12:00:00,COMPLETED
ORD_001598,CUST_00751,2025-07-18 15:00:00,REFUNDED
ORD_001599,CUST_01532,2025-05-19 17:00:00,COMPLETED
ORD_001600,CUST_01179,2025-09-24 13:00:00,CANCELLED
ORD_001601,CUST_00781,2026-03-07 16:00:00,COMPLETED
ORD_001602,CUST_01336,2025-11-06 18:00:00,COMPLETED
ORD_001603,CUST_01616,2025-07-20 19:00:00,COMPLETED
ORD_001604,CUST_00128,2026-03-23 00:00:00,COMPLETED
ORD_001605,CUST_01795,2025-09-23 15:00:00,COMPLETED
ORD_001606,CUST_01323,2025-09-23 13:00:00,COMPLETED
ORD_001607,CUST_01076,2025-04-29 18:00:00,COMPLETED
ORD_001608,CUST_01680,2025-02-10 09:00:00,COMPLETED
ORD_001609,CUST_01154,2025-03-04 17:00:00,COMPLETED
ORD_001610,CUST_01582,2025-12-21 07:00:00,COMPLETED
ORD_001611,CUST_00486,2025-06-15 18:00:00,COMPLETED
ORD_001612,CUST_01545,2025-01-20 23:00:00,CANCELLED
ORD_001613,CUST_01261,2026-01-07 19:00:00,COMPLETED
ORD_001614,CUST_01763,2025-05-27 19:00:00,CANCELLED
ORD_001615,CUST_00273,2025-01-28 21:00:00,COMPLETED
ORD_001616,CUST_00768,2025-05-25 09:00:00,COMPLETED
ORD_001617,CUST_00982,2025-05-14 14:00:00,COMPLETED
ORD_001618,CUST_00372,2025-05-23 05:00:00,COMPLETED
ORD_001619,CUST_00105,2025-08-23 01:00:00,REFUNDED
ORD_001620,CUST_00936,2025-08-20 04:00:00,COMPLETED
ORD_001621,CUST_00461,2025-07-05 09:00:00,COMPLETED
ORD_001622,CUST_01415,2025-05-20 10:00:00,COMPLETED
ORD_001623,CUST_01548,2026-01-07 04:00:00,COMPLETED
ORD_001624,CUST_00107,2025-09-03 17:00:00,COMPLETED
ORD_001625,CUST_00774,2025-07-30 02:00:00,COMPLETED
ORD_001626,CUST_01425,2025-02-01 19:00:00,CANCELLED
ORD_001627,CUST_00408,2025-06-21 08:00:00,COMPLETED
ORD_001628,CUST_00828,2025-08-24 20:00:00,COMPLETED
ORD_001629,CUST_01840,2025-03-25 17:00:00,COMPLETED
ORD_001630,CUST_01414,2025-09-01 08:00:00,COMPLETED
ORD_001631,CUST_01979,2025-01-29 14:00:00,CANCELLED
ORD_001632,CUST_01928,2025-06-12 02:00:00,COMPLETED
ORD_001633,CUST_00992,2026-03-23 19:00:00,COMPLETED
ORD_001634,CUST_00490,2025-05-06 19:00:00,COMPLETED
ORD_001635,CUST_01857,2025-03-05 08:00:00,COMPLETED
ORD_001636,CUST_01575,2025-07-15 00:00:00,COMPLETED
ORD_001637,CUST_00656,2025-05-03 14:00:00,COMPLETED
ORD_001638,CUST_00771,2025-10-07 05:00:00,COMPLETED
ORD_001639,CUST_01601,2025-10-14 00:00:00,COMPLETED
ORD_001640,CUST_01779,2025-04-27 10:00:00,COMPLETED
ORD_001641,CUST_01352,2025-07-31 16:00:00,COMPLETED
ORD_001642,CUST_00899,2025-11-03 19:00:00,COMPLETED
ORD_001643,CUST_00799,2025-12-19 03:00:00,REFUNDED
ORD_001644,CUST_01639,2025-12-13 00:00:00,REFUNDED
ORD_001645,CUST_01833,2025-10-14 20:00:00,COMPLETED
ORD_001646,CUST_01962,2025-11-28 11:00:00,COMPLETED
ORD_001647,CUST_01652,2025-10-01 15:00:00,COMPLETED
ORD_001648,CUST_00921,2025-09-03 14:00:00,CANCELLED
ORD_001649,CUST_00771,2025-01-01 23:00:00,COMPLETED
ORD_001650,CUST_01355,2025-08-29 11:00:00,COMPLETED
ORD_001651,CUST_00109,2025-01-16 03:00:00,COMPLETED
ORD_001652,CUST_00706,2025-04-08 18:00:00,COMPLETED
ORD_001653,CUST_00135,2025-12-01 21:00:00,COMPLETED
ORD_001654,CUST_01470,2025-11-16 06:00:00,COMPLETED
ORD_001655,CUST_01834,2026-03-06 19:00:00,COMPLETED
ORD_001656,CUST_01275,2025-11-18 05:00:00,COMPLETED
ORD_001657,CUST_00958,2025-06-15 12:00:00,COMPLETED
ORD_001658,CUST_00849,2025-08-20 19:00:00,COMPLETED
ORD_001659,CUST_01279,2025-09-02 22:00:00,COMPLETED
ORD_001660,CUST_01882,2026-01-31 09:00:00,COMPLETED
ORD_001661,CUST_00528,2026-01-31 21:00:00,COMPLETED
ORD_001662,CUST_01937,2026-02-19 12:00:00,COMPLETED
ORD_001663,CUST_01831,2026-02-22 07:00:00,CANCELLED
ORD_001664,CUST_00332,2025-02-17 15:00:00,CANCELLED
ORD_001665,CUST_00073,2026-02-03 15:00:00,COMPLETED
ORD_001666,CUST_00823,2025-02-04 16:00:00,COMPLETED
ORD_001667,CUST_00511,2025-07-26 05:00:00,COMPLETED
ORD_001668,CUST_00869,2025-07-28 13:00:00,COMPLETED
ORD_001669,CUST_00386,2026-01-10 14:00:00,COMPLETED
ORD_001670,CUST_00503,2026-01-12 16:00:00,COMPLETED
ORD_001671,CUST_00507,2025-07-30 02:00:00,COMPLETED
ORD_001672,CUST_00085,2025-07-26 07:00:00,COMPLETED
ORD_001673,CUST_00584,2026-02-12 07:00:00,COMPLETED
ORD_001674,CUST_00176,2026-01-27 17:00:00,COMPLETED
ORD_001675,CUST_01370,2025-07-20 06:00:00,COMPLETED
ORD_001676,CUST_00863,2026-02-10 17:00:00,COMPLETED
ORD_001677,CUST_00501,2025-03-03 07:00:00,CANCELLED
ORD_001678,CUST_01431,2025-01-06 06:00:00,COMPLETED
ORD_001679,CUST_01731,2025-03-14 23:00:00,COMPLETED
ORD_001680,CUST_00275,2026-02-14 13:00:00,COMPLETED
ORD_001681,CUST_00500,2025-03-08 09:00:00,CANCELLED
ORD_001682,CUST_00166,2025-12-17 19:00:00,COMPLETED
ORD_001683,CUST_01149,2025-09-22 13:00:00,COMPLETED
ORD_001684,CUST_01144,2025-06-05 00:00:00,REFUNDED
ORD_001685,CUST_01056,2025-11-09 08:00:00,CANCELLED
ORD_001686,CUST_01342,2025-07-26 12:00:00,COMPLETED
ORD_001687,CUST_01315,2025-07-07 08:00:00,CANCELLED
ORD_001688,CUST_01609,2025-10-18 15:00:00,COMPLETED
ORD_001689,CUST_00818,2025-08-20 00:00:00,COMPLETED
ORD_001690,CUST_01255,2026-02-03 10:00:00,COMPLETED
ORD_001691,CUST_00471,2025-04-26 12:00:00,COMPLETED
ORD_001692,CUST_00634,2025-06-02 08:00:00,COMPLETED
ORD_001693,CUST_01705,2026-02-16 07:00:00,COMPLETED
ORD_001694,CUST_00640,2026-02-23 08:00:00,COMPLETED
ORD_001695,CUST_01087,2025-10-16 20:00:00,REFUNDED
ORD_001696,CUST_01252,2025-06-22 09:00:00,COMPLETED
ORD_001697,CUST_01978,2025-02-22 04:00:00,CANCELLED
ORD_001698,CUST_01825,2025-02-25 20:00:00,COMPLETED
ORD_001699,CUST_01666,2025-08-27 12:00:00,COMPLETED
ORD_001700,CUST_01420,2025-03-29 01:00:00,COMPLETED
ORD_001701,CUST_01002,2025-10-04 20:00:00,COMPLETED
ORD_001702,CUST_01859,2025-01-17 02:00:00,COMPLETED
ORD_001703,CUST_01799,2025-12-25 05:00:00,COMPLETED
ORD_001704,CUST_00822,2026-03-19 16:00:00,COMPLETED
ORD_001705,CUST_01991,2025-11-12 07:00:00,COMPLETED
ORD_001706,CUST_00373,2025-05-11 16:00:00,CANCELLED
ORD_001707,CUST_00980,2025-03-25 17:00:00,COMPLETED
ORD_001708,CUST_01183,2025-01-05 00:00:00,COMPLETED
ORD_001709,CUST_01434,2026-02-09 21:00:00,COMPLETED
ORD_001710,CUST_01559,2025-10-29 05:00:00,COMPLETED
ORD_001711,CUST_00258,2026-02-26 00:00:00,COMPLETED
ORD_001712,CUST_00409,2025-07-01 07:00:00,COMPLETED
ORD_001713,CUST_00192,2026-03-16 12:00:00,COMPLETED
ORD_001714,CUST_00805,2025-06-14 00:00:00,COMPLETED
ORD_001715,CUST_01841,2025-05-28 20:00:00,COMPLETED
ORD_001716,CUST_01488,2025-07-01 12:00:00,COMPLETED
ORD_001717,CUST_01011,2025-09-26 13:00:00,COMPLETED
ORD_001718,CUST_01942,2025-11-13 13:00:00,COMPLETED
ORD_001719,CUST_01474,2025-11-03 01:00:00,COMPLETED
ORD_001720,CUST_00983,2025-01-20 02:00:00,COMPLETED
ORD_001721,CUST_00077,2025-11-04 05:00:00,COMPLETED
ORD_001722,CUST_00303,2026-03-25 06:00:00,CANCELLED
ORD_001723,CUST_01207,2025-04-07 02:00:00,CANCELLED
ORD_001724,CUST_01058,2026-02-07 10:00:00,COMPLETED
ORD_001725,CUST_00700,2025-03-10 09:00:00,COMPLETED
ORD_001726,CUST_01801,2025-01-08 08:00:00,COMPLETED
ORD_001727,CUST_01309,2025-03-04 10:00:00,COMPLETED
ORD_001728,CUST_01667,2025-11-23 14:00:00,COMPLETED
ORD_001729,CUST_00591,2025-06-17 16:00:00,COMPLETED
ORD_001730,CUST_01664,2025-12-20 08:00:00,COMPLETED
ORD_001731,CUST_00813,2025-12-22 04:00:00,COMPLETED
ORD_001732,CUST_01237,2025-08-25 13:00:00,COMPLETED
ORD_001733,CUST_00042,2025-09-22 13:00:00,COMPLETED
ORD_001734,CUST_01695,2026-03-09 02:00:00,COMPLETED
ORD_001735,CUST_00947,2025-11-30 05:00:00,COMPLETED
ORD_001736,CUST_01407,2025-09-03 14:00:00,COMPLETED
ORD_001737,CUST_00703,2026-02-21 23:00:00,COMPLETED
ORD_001738,CUST_01241,2026-03-08 18:00:00,CANCELLED
ORD_001739,CUST_00192,2026-01-16 06:00:00,COMPLETED
ORD_001740,CUST_00227,2026-02-16 07:00:00,COMPLETED
ORD_001741,CUST_00580,2025-04-26 07:00:00,COMPLETED
ORD_001742,CUST_00634,2026-03-01 10:00:00,COMPLETED
ORD_001743,CUST_01961,2025-08-12 19:00:00,COMPLETED
ORD_001744,CUST_01644,2025-06-09 04:00:00,COMPLETED
ORD_001745,CUST_00090,2025-01-11 02:00:00,COMPLETED
ORD_001746,CUST_01885,2025-10-10 08:00:00,COMPLETED
ORD_001747,CUST_00013,2025-05-12 10:00:00,COMPLETED
ORD_001748,CUST_00968,2025-08-18 12:00:00,COMPLETED
ORD_001749,CUST_01464,2025-07-13 02:00:00,COMPLETED
ORD_001750,CUST_01485,2025-08-01 22:00:00,COMPLETED
ORD_001751,CUST_00733,2025-12-09 05:00:00,CANCELLED
ORD_001752,CUST_00442,2025-10-22 22:00:00,COMPLETED
ORD_001753,CUST_00857,2026-01-30 11:00:00,COMPLETED
ORD_001754,CUST_00022,2025-01-28 23:00:00,COMPLETED
ORD_001755,CUST_01503,2025-08-01 09:00:00,COMPLETED
ORD_001756,CUST_01795,2025-02-03 00:00:00,REFUNDED
ORD_001757,CUST_01957,2025-04-20 02:00:00,COMPLETED
ORD_001758,CUST_00218,2025-10-01 09:00:00,COMPLETED
ORD_001759,CUST_01100,2025-02-02 20:00:00,COMPLETED
ORD_001760,CUST_00912,2025-11-30 15:00:00,REFUNDED
ORD_001761,CUST_00679,2025-05-06 21:00:00,COMPLETED
ORD_001762,CUST_01872,2025-04-03 20:00:00,COMPLETED
ORD_001763,CUST_01647,2025-07-28 11:00:00,COMPLETED
ORD_001764,CUST_00221,2026-02-28 04:00:00,COMPLETED
ORD_001765,CUST_01997,2025-04-19 08:00:00,COMPLETED
ORD_001766,CUST_00479,2025-11-21 13:00:00,CANCELLED
ORD_001767,CUST_01669,2025-07-09 22:00:00,COMPLETED
ORD_001768,CUST_00088,2025-07-05 09:00:00,COMPLETED
ORD_001769,CUST_00492,2025-08-08 23:00:00,CANCELLED
ORD_001770,CUST_01220,2025-02-02 04:00:00,COMPLETED
ORD_001771,CUST_00887,2026-02-23 21:00:00,COMPLETED
ORD_001772,CUST_00498,2026-02-14 01:00:00,COMPLETED
ORD_001773,CUST_00174,2025-04-23 17:00:00,COMPLETED
ORD_001774,CUST_00828,2025-05-24 23:00:00,COMPLETED
ORD_001775,CUST_00823,2025-07-30 14:00:00,COMPLETED
ORD_001776,CUST_00797,2025-12-12 05:00:00,COMPLETED
ORD_001777,CUST_00087,2025-08-12 08:00:00,COMPLETED
ORD_001778,CUST_00444,2025-06-04 21:00:00,COMPLETED
ORD_001779,CUST_00804,2025-01-27 02:00:00,COMPLETED
ORD_001780,CUST_01809,2026-03-23 19:00:00,COMPLETED
ORD_001781,CUST_01937,2026-02-25 16:00:00,COMPLETED
ORD_001782,CUST_00680,2025-11-13 05:00:00,COMPLETED
ORD_001783,CUST_00045,2025-12-28 16:00:00,COMPLETED
ORD_001784,CUST_01526,2025-11-05 03:00:00,COMPLETED
ORD_001785,CUST_00502,2025-06-03 21:00:00,COMPLETED
ORD_001786,CUST_00652,2025-04-18 10:00:00,COMPLETED
ORD_001787,CUST_00677,2025-04-19 10:00:00,COMPLETED
ORD_001788,CUST_00842,2026-03-25 20:00:00,COMPLETED
ORD_001789,CUST_01881,2025-05-15 05:00:00,COMPLETED
ORD_001790,CUST_01789,2025-06-25 20:00:00,COMPLETED
ORD_001791,CUST_01349,2026-01-02 13:00:00,COMPLETED
ORD_001792,CUST_00811,2025-03-06 17:00:00,REFUNDED
ORD_001793,CUST_01784,2025-12-09 13:00:00,COMPLETED
ORD_001794,CUST_01495,2026-02-17 23:00:00,COMPLETED
ORD_001795,CUST_00288,2025-11-28 00:00:00,COMPLETED
ORD_001796,CUST_01449,2025-09-12 22:00:00,COMPLETED
ORD_001797,CUST_00226,2025-09-19 02:00:00,COMPLETED
ORD_001798,CUST_00016,2026-03-04 07:00:00,REFUNDED
ORD_001799,CUST_01921,2026-02-05 16:00:00,COMPLETED
ORD_001800,CUST_01807,2025-05-26 22:00:00,COMPLETED
ORD_001801,CUST_01691,2025-08-21 10:00:00,COMPLETED
ORD_001802,CUST_01836,2026-03-10 02:00:00,CANCELLED
ORD_001803,CUST_01847,2025-05-06 23:00:00,CANCELLED
ORD_001804,CUST_01100,2026-01-27 08:00:00,COMPLETED
ORD_001805,CUST_00084,2026-02-01 01:00:00,COMPLETED
ORD_001806,CUST_01159,2025-08-26 21:00:00,COMPLETED
ORD_001807,CUST_00639,2025-05-20 19:00:00,CANCELLED
ORD_001808,CUST_01914,2025-02-15 16:00:00,COMPLETED
ORD_001809,CUST_01546,2026-03-22 23:00:00,COMPLETED
ORD_001810,CUST_01943,2025-06-12 00:00:00,COMPLETED
ORD_001811,CUST_00167,2025-07-11 22:00:00,COMPLETED
ORD_001812,CUST_01046,2026-03-25 17:00:00,COMPLETED
ORD_001813,CUST_01699,2025-03-12 21:00:00,COMPLETED
ORD_001814,CUST_00908,2025-05-14 01:00:00,COMPLETED
ORD_001815,CUST_01377,2026-01-24 11:00:00,COMPLETED
ORD_001816,CUST_00406,2025-12-10 10:00:00,COMPLETED
ORD_001817,CUST_00361,2026-01-29 08:00:00,COMPLETED
ORD_001818,CUST_00482,2025-08-02 22:00:00,COMPLETED
ORD_001819,CUST_01599,2025-06-29 02:00:00,COMPLETED
ORD_001820,CUST_00376,2025-03-09 01:00:00,COMPLETED
ORD_001821,CUST_01607,2025-07-25 19:00:00,COMPLETED
ORD_001822,CUST_01521,2025-01-12 21:00:00,COMPLETED
ORD_001823,CUST_01839,2025-11-18 20:00:00,COMPLETED
ORD_001824,CUST_00034,2025-08-09 03:00:00,CANCELLED
ORD_001825,CUST_01731,2025-02-19 19:00:00,COMPLETED
ORD_001826,CUST_00546,2026-02-05 23:00:00,COMPLETED
ORD_001827,CUST_00564,2025-06-28 18:00:00,COMPLETED
ORD_001828,CUST_01166,2025-08-21 06:00:00,COMPLETED
ORD_001829,CUST_00640,2025-11-24 14:00:00,COMPLETED
ORD_001830,CUST_00164,2025-03-21 10:00:00,COMPLETED
ORD_001831,CUST_01742,2025-05-03 00:00:00,COMPLETED
ORD_001832,CUST_00662,2025-04-29 03:00:00,COMPLETED
ORD_001833,CUST_01636,2025-06-11 17:00:00,COMPLETED
ORD_001834,CUST_01793,2025-05-20 12:00:00,CANCELLED
ORD_001835,CUST_01164,2025-06-08 07:00:00,COMPLETED
ORD_001836,CUST_00377,2026-01-27 19:00:00,COMPLETED
ORD_001837,CUST_01722,2026-02-05 08:00:00,COMPLETED
ORD_001838,CUST_01413,2025-05-19 04:00:00,CANCELLED
ORD_001839,CUST_00455,2025-10-08 00:00:00,COMPLETED
ORD_001840,CUST_00296,2025-12-19 10:00:00,COMPLETED
ORD_001841,CUST_00354,2025-05-11 21:00:00,COMPLETED
ORD_001842,CUST_01367,2025-01-09 01:00:00,COMPLETED
ORD_001843,CUST_00825,2025-10-27 05:00:00,COMPLETED
ORD_001844,CUST_01057,2026-02-04 23:00:00,COMPLETED
ORD_001845,CUST_00669,2026-01-22 06:00:00,COMPLETED
ORD_001846,CUST_01858,2025-02-25 18:00:00,COMPLETED
ORD_001847,CUST_00662,2025-07-01 01:00:00,COMPLETED
ORD_001848,CUST_00221,2025-08-30 17:00:00,COMPLETED
ORD_001849,CUST_00050,2025-09-12 07:00:00,COMPLETED
ORD_001850,CUST_01442,2025-01-08 10:00:00,COMPLETED
ORD_001851,CUST_00610,2025-12-17 06:00:00,COMPLETED
ORD_001852,CUST_01713,2025-10-25 00:00:00,COMPLETED
ORD_001853,CUST_01305,2026-03-11 01:00:00,COMPLETED
ORD_001854,CUST_00130,2025-05-03 08:00:00,COMPLETED
ORD_001855,CUST_01421,2025-11-21 23:00:00,COMPLETED
ORD_001856,CUST_01089,2026-01-26 20:00:00,COMPLETED
ORD_001857,CUST_00066,2025-04-18 05:00:00,COMPLETED
ORD_001858,CUST_00633,2026-01-17 19:00:00,COMPLETED
ORD_001859,CUST_00100,2025-03-23 12:00:00,COMPLETED
ORD_001860,CUST_00443,2025-03-14 00:00:00,COMPLETED
ORD_001861,CUST_00569,2025-06-19 21:00:00,COMPLETED
ORD_001862,CUST_01550,2025-07-06 22:00:00,COMPLETED
ORD_001863,CUST_01447,2025-07-08 22:00:00,CANCELLED
ORD_001864,CUST_00449,2025-06-27 23:00:00,COMPLETED
ORD_001865,CUST_00834,2025-07-15 04:00:00,COMPLETED
ORD_001866,CUST_01528,2025-09-16 09:00:00,COMPLETED
ORD_001867,CUST_00014,2025-11-07 15:00:00,CANCELLED
ORD_001868,CUST_00964,2025-07-10 12:00:00,COMPLETED
ORD_001869,CUST_01545,2026-02-12 11:00:00,COMPLETED
ORD_001870,CUST_01400,2026-01-11 14:00:00,COMPLETED
ORD_001871,CUST_00388,2025-10-07 22:00:00,REFUNDED
ORD_001872,CUST_01402,2025-04-23 07:00:00,COMPLETED
ORD_001873,CUST_00106,2025-11-01 07:00:00,COMPLETED
ORD_001874,CUST_01156,2025-11-05 18:00:00,COMPLETED
ORD_001875,CUST_01081,2026-01-31 09:00:00,COMPLETED
ORD_001876,CUST_00564,2025-04-17 02:00:00,COMPLETED
ORD_001877,CUST_00812,2025-01-16 18:00:00,COMPLETED
ORD_001878,CUST_01982,2025-12-16 11:00:00,COMPLETED
ORD_001879,CUST_00467,2025-02-10 17:00:00,COMPLETED
ORD_001880,CUST_01859,2025-09-16 16:00:00,CANCELLED
ORD_001881,CUST_00067,2025-06-30 14:00:00,COMPLETED
ORD_001882,CUST_01294,2025-10-08 14:00:00,COMPLETED
ORD_001883,CUST_00192,2025-09-29 05:00:00,COMPLETED
ORD_001884,CUST_00925,2026-02-07 16:00:00,COMPLETED
ORD_001885,CUST_01657,2026-03-14 00:00:00,COMPLETED
ORD_001886,CUST_01494,2025-12-14 18:00:00,COMPLETED
ORD_001887,CUST_00882,2025-06-24 15:00:00,COMPLETED
ORD_001888,CUST_00223,2025-04-03 23:00:00,COMPLETED
ORD_001889,CUST_00368,2026-03-21 16:00:00,COMPLETED
ORD_001890,CUST_01408,2025-05-05 19:00:00,COMPLETED
ORD_001891,CUST_01748,2025-08-17 16:00:00,CANCELLED
ORD_001892,CUST_00340,2025-04-12 00:00:00,COMPLETED
ORD_001893,CUST_01798,2025-12-16 02:00:00,COMPLETED
ORD_001894,CUST_01670,2025-10-15 19:00:00,COMPLETED
ORD_001895,CUST_00448,2025-10-15 13:00:00,REFUNDED
ORD_001896,CUST_00425,2026-02-21 11:00:00,COMPLETED
ORD_001897,CUST_01823,2025-11-20 20:00:00,COMPLETED
ORD_001898,CUST_01640,2025-10-29 21:00:00,COMPLETED
ORD_001899,CUST_01490,2025-09-25 09:00:00,COMPLETED
ORD_001900,CUST_00186,2025-07-26 20:00:00,COMPLETED
ORD_001901,CUST_01284,2025-12-21 23:00:00,COMPLETED
ORD_001902,CUST_01694,2025-01-10 14:00:00,COMPLETED
ORD_001903,CUST_00749,2026-01-21 09:00:00,COMPLETED
ORD_001904,CUST_01059,2025-06-24 13:00:00,COMPLETED
ORD_001905,CUST_00909,2025-03-22 21:00:00,COMPLETED
ORD_001906,CUST_01211,2025-06-13 21:00:00,COMPLETED
ORD_001907,CUST_00750,2026-01-18 12:00:00,COMPLETED
ORD_001908,CUST_00710,2025-11-24 14:00:00,COMPLETED
ORD_001909,CUST_00189,2025-01-02 06:00:00,REFUNDED
ORD_001910,CUST_01904,2025-03-22 14:00:00,COMPLETED
ORD_001911,CUST_00474,2025-02-20 17:00:00,REFUNDED
ORD_001912,CUST_01379,2026-02-18 20:00:00,COMPLETED
ORD_001913,CUST_01126,2025-09-17 14:00:00,COMPLETED
ORD_001914,CUST_00062,2025-07-02 16:00:00,CANCELLED
ORD_001915,CUST_01403,2025-08-20 10:00:00,COMPLETED
ORD_001916,CUST_01963,2025-01-28 18:00:00,COMPLETED
ORD_001917,CUST_01372,2025-10-10 01:00:00,COMPLETED
ORD_001918,CUST_01443,2025-12-07 04:00:00,REFUNDED
ORD_001919,CUST_01785,2025-01-18 15:00:00,COMPLETED
ORD_001920,CUST_01180,2025-06-24 21:00:00,COMPLETED
ORD_001921,CUST_01549,2025-03-06 01:00:00,COMPLETED
ORD_001922,CUST_01214,2025-05-10 12:00:00,COMPLETED
ORD_001923,CUST_01097,2026-02-11 18:00:00,COMPLETED
ORD_001924,CUST_00495,2025-01-25 14:00:00,CANCELLED
ORD_001925,CUST_01301,2025-05-28 06:00:00,COMPLETED
ORD_001926,CUST_00977,2025-10-25 00:00:00,COMPLETED
ORD_001927,CUST_00424,2025-11-20 12:00:00,COMPLETED
ORD_001928,CUST_01779,2026-02-27 08:00:00,COMPLETED
ORD_001929,CUST_00576,2025-09-30 08:00:00,COMPLETED
ORD_001930,CUST_01000,2025-09-03 15:00:00,CANCELLED
ORD_001931,CUST_01039,2025-04-08 19:00:00,COMPLETED
ORD_001932,CUST_01427,2025-03-27 01:00:00,COMPLETED
ORD_001933,CUST_00516,2025-03-18 09:00:00,COMPLETED
ORD_001934,CUST_00600,2025-11-19 08:00:00,COMPLETED
ORD_001935,CUST_00772,2026-02-27 08:00:00,COMPLETED
ORD_001936,CUST_01409,2025-01-07 21:00:00,COMPLETED
ORD_001937,CUST_01603,2025-09-02 07:00:00,COMPLETED
ORD_001938,CUST_00593,2025-11-22 03:00:00,REFUNDED
ORD_001939,CUST_01986,2025-10-21 15:00:00,COMPLETED
ORD_001940,CUST_00710,2025-02-11 17:00:00,COMPLETED
ORD_001941,CUST_00299,2025-12-01 19:00:00,COMPLETED
ORD_001942,CUST_01481,2026-01-19 21:00:00,REFUNDED
ORD_001943,CUST_01142,2025-01-01 03:00:00,COMPLETED
ORD_001944,CUST_01863,2025-02-04 05:00:00,COMPLETED
ORD_001945,CUST_00738,2025-01-30 06:00:00,COMPLETED
ORD_001946,CUST_00043,2026-01-23 12:00:00,COMPLETED
ORD_001947,CUST_00995,2025-09-08 05:00:00,COMPLETED
ORD_001948,CUST_01881,2025-11-09 21:00:00,COMPLETED
ORD_001949,CUST_00765,2025-11-29 02:00:00,COMPLETED
ORD_001950,CUST_00738,2026-01-12 12:00:00,COMPLETED
ORD_001951,CUST_01154,2025-11-13 20:00:00,COMPLETED
ORD_001952,CUST_00784,2025-05-10 04:00:00,COMPLETED
ORD_001953,CUST_01739,2025-08-10 02:00:00,CANCELLED
ORD_001954,CUST_00938,2025-11-23 12:00:00,COMPLETED
ORD_001955,CUST_01762,2025-08-01 21:00:00,CANCELLED
ORD_001956,CUST_00641,2025-08-04 08:00:00,COMPLETED
ORD_001957,CUST_00295,2025-09-05 02:00:00,COMPLETED
ORD_001958,CUST_01884,2025-01-15 15:00:00,COMPLETED
ORD_001959,CUST_00365,2025-12-22 18:00:00,COMPLETED
ORD_001960,CUST_00222,2025-04-23 11:00:00,COMPLETED
ORD_001961,CUST_01324,2025-04-04 14:00:00,COMPLETED
ORD_001962,CUST_00321,2025-06-24 13:00:00,COMPLETED
ORD_001963,CUST_00053,2025-07-07 04:00:00,COMPLETED
ORD_001964,CUST_00258,2025-12-25 22:00:00,COMPLETED
ORD_001965,CUST_01865,2025-01-13 17:00:00,COMPLETED
ORD_001966,CUST_01264,2025-05-07 03:00:00,COMPLETED
ORD_001967,CUST_00767,2025-12-17 06:00:00,CANCELLED
ORD_001968,CUST_01480,2025-01-06 20:00:00,COMPLETED
ORD_001969,CUST_01919,2025-01-03 02:00:00,COMPLETED
ORD_001970,CUST_00243,2026-01-13 12:00:00,COMPLETED
ORD_001971,CUST_00873,2025-02-10 20:00:00,COMPLETED
ORD_001972,CUST_01722,2026-03-20 16:00:00,COMPLETED
ORD_001973,CUST_00040,2025-04-24 05:00:00,COMPLETED
ORD_001974,CUST_00236,2025-02-16 10:00:00,COMPLETED
ORD_001975,CUST_01980,2025-03-23 18:00:00,COMPLETED
ORD_001976,CUST_01773,2025-01-24 01:00:00,COMPLETED
ORD_001977,CUST_01576,2026-03-06 15:00:00,CANCELLED
ORD_001978,CUST_00873,2025-06-01 02:00:00,COMPLETED
ORD_001979,CUST_00007,2026-02-18 23:00:00,COMPLETED
ORD_001980,CUST_01299,2025-07-16 12:00:00,REFUNDED
ORD_001981,CUST_01180,2025-12-31 22:00:00,COMPLETED
ORD_001982,CUST_01689,2025-05-18 06:00:00,COMPLETED
ORD_001983,CUST_00007,2025-01-20 17:00:00,COMPLETED
ORD_001984,CUST_01112,2025-07-13 00:00:00,COMPLETED
ORD_001985,CUST_01308,2026-02-16 09:00:00,COMPLETED
ORD_001986,CUST_00098,2025-03-17 17:00:00,COMPLETED
ORD_001987,CUST_01745,2026-03-15 21:00:00,COMPLETED
ORD_001988,CUST_01990,2025-05-01 03:00:00,COMPLETED
ORD_001989,CUST_01000,2025-07-23 15:00:00,COMPLETED
ORD_001990,CUST_00813,2025-03-13 06:00:00,REFUNDED
ORD_001991,CUST_00337,2025-03-08 09:00:00,COMPLETED
ORD_001992,CUST_00049,2025-07-15 23:00:00,COMPLETED
ORD_001993,CUST_01859,2025-05-10 08:00:00,COMPLETED
ORD_001994,CUST_01605,2025-08-31 03:00:00,COMPLETED
ORD_001995,CUST_01334,2025-01-20 12:00:00,COMPLETED
ORD_001996,CUST_01048,2025-01-25 12:00:00,COMPLETED
ORD_001997,CUST_00930,2025-02-01 13:00:00,COMPLETED
ORD_001998,CUST_00982,2025-08-21 20:00:00,COMPLETED
ORD_001999,CUST_00992,2025-05-02 15:00:00,COMPLETED
ORD_002000,CUST_00100,2025-08-21 16:00:00,COMPLETED
ORD_002001,CUST_00556,2025-09-30 19:00:00,CANCELLED
ORD_002002,CUST_01178,2025-03-26 02:00:00,COMPLETED
ORD_002003,CUST_00269,2025-05-11 03:00:00,COMPLETED
ORD_002004,CUST_00772,2025-10-06 03:00:00,COMPLETED
ORD_002005,CUST_00259,2025-01-21 01:00:00,COMPLETED
ORD_002006,CUST_01918,2025-08-24 05:00:00,COMPLETED
ORD_002007,CUST_00211,2026-02-17 19:00:00,COMPLETED
ORD_002008,CUST_00672,2025-01-14 16:00:00,COMPLETED
ORD_002009,CUST_01295,2025-12-05 08:00:00,COMPLETED
ORD_002010,CUST_01546,2025-08-30 19:00:00,COMPLETED
ORD_002011,CUST_01200,2026-02-19 17:00:00,COMPLETED
ORD_002012,CUST_00803,2026-01-04 01:00:00,COMPLETED
ORD_002013,CUST_00869,2026-01-07 03:00:00,COMPLETED
ORD_002014,CUST_01929,2025-12-02 03:00:00,COMPLETED
ORD_002015,CUST_00900,2025-08-22 01:00:00,COMPLETED
ORD_002016,CUST_01272,2026-01-12 11:00:00,COMPLETED
ORD_002017,CUST_01924,2026-01-28 12:00:00,COMPLETED
ORD_002018,CUST_00725,2025-05-19 14:00:00,COMPLETED
ORD_002019,CUST_01391,2025-11-23 21:00:00,COMPLETED
ORD_002020,CUST_01126,2025-08-08 23:00:00,COMPLETED
ORD_002021,CUST_00225,2025-06-19 17:00:00,COMPLETED
ORD_002022,CUST_01186,2025-11-19 11:00:00,COMPLETED
ORD_002023,CUST_00335,2025-08-21 11:00:00,COMPLETED
ORD_002024,CUST_00074,2025-08-19 18:00:00,COMPLETED
ORD_002025,CUST_01731,2025-01-11 07:00:00,COMPLETED
ORD_002026,CUST_01804,2026-02-17 23:00:00,COMPLETED
ORD_002027,CUST_00241,2025-04-26 12:00:00,COMPLETED
ORD_002028,CUST_00410,2025-11-18 14:00:00,COMPLETED
ORD_002029,CUST_00803,2026-03-22 23:00:00,COMPLETED
ORD_002030,CUST_01711,2025-06-13 20:00:00,CANCELLED
ORD_002031,CUST_01459,2025-10-29 23:00:00,COMPLETED
ORD_002032,CUST_01138,2025-05-24 15:00:00,COMPLETED
ORD_002033,CUST_01478,2025-11-05 02:00:00,COMPLETED
ORD_002034,CUST_00920,2026-03-03 00:00:00,COMPLETED
ORD_002035,CUST_00565,2026-02-23 18:00:00,REFUNDED
ORD_002036,CUST_01062,2026-01-25 19:00:00,COMPLETED
ORD_002037,CUST_01341,2026-01-02 19:00:00,COMPLETED
ORD_002038,CUST_00350,2025-10-26 20:00:00,COMPLETED
ORD_002039,CUST_00090,2025-04-22 23:00:00,CANCELLED
ORD_002040,CUST_00992,2026-02-27 15:00:00,COMPLETED
ORD_002041,CUST_00212,2025-09-28 09:00:00,CANCELLED
ORD_002042,CUST_00934,2025-10-04 22:00:00,COMPLETED
ORD_002043,CUST_00532,2026-03-13 12:00:00,CANCELLED
ORD_002044,CUST_01621,2025-06-11 05:00:00,COMPLETED
ORD_002045,CUST_01050,2025-04-22 01:00:00,COMPLETED
ORD_002046,CUST_01278,2025-10-03 00:00:00,REFUNDED
ORD_002047,CUST_00379,2025-05-28 10:00:00,COMPLETED
ORD_002048,CUST_01083,2026-03-06 06:00:00,CANCELLED
ORD_002049,CUST_01102,2025-04-10 08:00:00,COMPLETED
ORD_002050,CUST_01462,2026-03-26 06:00:00,COMPLETED
ORD_002051,CUST_00981,2025-01-13 08:00:00,COMPLETED
ORD_002052,CUST_00994,2025-11-10 17:00:00,COMPLETED
ORD_002053,CUST_01020,2025-03-31 00:00:00,COMPLETED
ORD_002054,CUST_01888,2026-02-08 14:00:00,COMPLETED
ORD_002055,CUST_00565,2026-03-11 01:00:00,COMPLETED
ORD_002056,CUST_00903,2025-01-02 00:00:00,CANCELLED
ORD_002057,CUST_00478,2025-03-20 12:00:00,CANCELLED
ORD_002058,CUST_01727,2026-01-29 14:00:00,COMPLETED
ORD_002059,CUST_01229,2025-06-28 10:00:00,CANCELLED
ORD_002060,CUST_01246,2025-05-15 14:00:00,CANCELLED
ORD_002061,CUST_01357,2025-06-27 06:00:00,COMPLETED
ORD_002062,CUST_00667,2026-02-20 22:00:00,COMPLETED
ORD_002063,CUST_01101,2026-02-02 19:00:00,COMPLETED
ORD_002064,CUST_00433,2025-08-11 09:00:00,COMPLETED
ORD_002065,CUST_00471,2026-02-09 22:00:00,COMPLETED
ORD_002066,CUST_00774,2025-02-15 13:00:00,COMPLETED
ORD_002067,CUST_01158,2025-04-18 16:00:00,COMPLETED
ORD_002068,CUST_00940,2025-03-13 10:00:00,COMPLETED
ORD_002069,CUST_00249,2025-02-11 03:00:00,COMPLETED
ORD_002070,CUST_00702,2025-08-30 04:00:00,COMPLETED
ORD_002071,CUST_01547,2026-02-24 20:00:00,COMPLETED
ORD_002072,CUST_01685,2025-04-14 01:00:00,COMPLETED
ORD_002073,CUST_01224,2025-04-09 11:00:00,COMPLETED
ORD_002074,CUST_00124,2025-09-17 05:00:00,COMPLETED
ORD_002075,CUST_00760,2025-02-15 15:00:00,COMPLETED
ORD_002076,CUST_00509,2026-02-15 05:00:00,REFUNDED
ORD_002077,CUST_01281,2025-07-18 07:00:00,REFUNDED
ORD_002078,CUST_00247,2025-12-17 07:00:00,COMPLETED
ORD_002079,CUST_00764,2026-03-20 00:00:00,COMPLETED
ORD_002080,CUST_00982,2025-10-06 01:00:00,COMPLETED
ORD_002081,CUST_01155,2026-02-05 23:00:00,COMPLETED
ORD_002082,CUST_01138,2025-05-13 17:00:00,COMPLETED
ORD_002083,CUST_01925,2026-03-08 20:00:00,COMPLETED
ORD_002084,CUST_01151,2025-11-23 00:00:00,COMPLETED
ORD_002085,CUST_00422,2025-10-02 22:00:00,COMPLETED
ORD_002086,CUST_00478,2025-09-21 22:00:00,COMPLETED
ORD_002087,CUST_00076,2025-08-08 22:00:00,COMPLETED
ORD_002088,CUST_01255,2025-02-10 03:00:00,COMPLETED
ORD_002089,CUST_00491,2025-03-27 11:00:00,COMPLETED
ORD_002090,CUST_01111,2025-09-15 00:00:00,COMPLETED
ORD_002091,CUST_01114,2025-06-04 09:00:00,COMPLETED
ORD_002092,CUST_00080,2025-12-26 07:00:00,COMPLETED
ORD_002093,CUST_01283,2025-01-31 12:00:00,COMPLETED
ORD_002094,CUST_01061,2025-06-13 21:00:00,COMPLETED
ORD_002095,CUST_01032,2026-03-01 14:00:00,COMPLETED
ORD_002096,CUST_01477,2025-09-05 04:00:00,COMPLETED
ORD_002097,CUST_01566,2025-02-17 03:00:00,CANCELLED
ORD_002098,CUST_00748,2025-03-10 14:00:00,COMPLETED
ORD_002099,CUST_00471,2025-02-24 22:00:00,COMPLETED
ORD_002100,CUST_01687,2025-07-27 16:00:00,CANCELLED
ORD_002101,CUST_00356,2025-02-24 00:00:00,COMPLETED
ORD_002102,CUST_01380,2025-10-17 16:00:00,COMPLETED
ORD_002103,CUST_00107,2025-02-18 21:00:00,COMPLETED
ORD_002104,CUST_01197,2026-03-23 14:00:00,COMPLETED
ORD_002105,CUST_00554,2025-08-01 13:00:00,COMPLETED
ORD_002106,CUST_01098,2025-04-30 11:00:00,COMPLETED
ORD_002107,CUST_00982,2025-03-07 02:00:00,COMPLETED
ORD_002108,CUST_00961,2025-06-20 04:00:00,COMPLETED
ORD_002109,CUST_00248,2025-08-03 15:00:00,CANCELLED
ORD_002110,CUST_00373,2025-04-14 20:00:00,COMPLETED
ORD_002111,CUST_00316,2025-08-20 03:00:00,COMPLETED
ORD_002112,CUST_01182,2025-02-07 00:00:00,COMPLETED
ORD_002113,CUST_01329,2025-08-20 00:00:00,COMPLETED
ORD_002114,CUST_00394,2025-07-22 17:00:00,COMPLETED
ORD_002115,CUST_01493,2025-07-30 16:00:00,COMPLETED
ORD_002116,CUST_00245,2025-11-27 13:00:00,COMPLETED
ORD_002117,CUST_00462,2025-05-21 13:00:00,CANCELLED
ORD_002118,CUST_01948,2026-01-13 09:00:00,COMPLETED
ORD_002119,CUST_01602,2025-02-21 09:00:00,CANCELLED
ORD_002120,CUST_00275,2025-08-31 07:00:00,COMPLETED
ORD_002121,CUST_00443,2025-06-29 19:00:00,COMPLETED
ORD_002122,CUST_00881,2026-03-07 09:00:00,COMPLETED
ORD_002123,CUST_00921,2025-08-07 17:00:00,COMPLETED
ORD_002124,CUST_00864,2025-10-19 10:00:00,COMPLETED
ORD_002125,CUST_01812,2025-04-09 20:00:00,COMPLETED
ORD_002126,CUST_00017,2025-08-27 09:00:00,REFUNDED
ORD_002127,CUST_00489,2025-04-06 10:00:00,COMPLETED
ORD_002128,CUST_01303,2025-03-30 10:00:00,COMPLETED
ORD_002129,CUST_01372,2025-08-24 14:00:00,COMPLETED
ORD_002130,CUST_01623,2025-07-14 17:00:00,COMPLETED
ORD_002131,CUST_00879,2025-10-26 18:00:00,COMPLETED
ORD_002132,CUST_01673,2025-11-24 22:00:00,COMPLETED
ORD_002133,CUST_01289,2025-09-09 22:00:00,COMPLETED
ORD_002134,CUST_00111,2025-09-04 07:00:00,COMPLETED
ORD_002135,CUST_00652,2025-12-15 18:00:00,COMPLETED
ORD_002136,CUST_00965,2025-07-11 02:00:00,COMPLETED
ORD_002137,CUST_01321,2025-07-18 20:00:00,COMPLETED
ORD_002138,CUST_01450,2025-07-17 01:00:00,COMPLETED
ORD_002139,CUST_01562,2025-04-25 23:00:00,COMPLETED
ORD_002140,CUST_01126,2025-03-24 21:00:00,COMPLETED
ORD_002141,CUST_00918,2025-11-30 07:00:00,COMPLETED
ORD_002142,CUST_00408,2025-12-03 15:00:00,COMPLETED
ORD_002143,CUST_01830,2026-01-14 00:00:00,COMPLETED
ORD_002144,CUST_01339,2025-02-21 08:00:00,COMPLETED
ORD_002145,CUST_00424,2025-12-13 23:00:00,COMPLETED
ORD_002146,CUST_01282,2025-01-09 19:00:00,COMPLETED
ORD_002147,CUST_00413,2025-06-30 22:00:00,CANCELLED
ORD_002148,CUST_00496,2025-11-27 01:00:00,CANCELLED
ORD_002149,CUST_01850,2025-12-14 14:00:00,COMPLETED
ORD_002150,CUST_00153,2026-02-12 20:00:00,COMPLETED
ORD_002151,CUST_01380,2026-02-20 02:00:00,REFUNDED
ORD_002152,CUST_00990,2025-06-29 20:00:00,COMPLETED
ORD_002153,CUST_00064,2026-01-29 03:00:00,COMPLETED
ORD_002154,CUST_01176,2025-11-14 19:00:00,COMPLETED
ORD_002155,CUST_01800,2025-07-14 23:00:00,REFUNDED
ORD_002156,CUST_00919,2025-12-08 20:00:00,COMPLETED
ORD_002157,CUST_00101,2026-01-13 07:00:00,COMPLETED
ORD_002158,CUST_00544,2025-03-14 07:00:00,COMPLETED
ORD_002159,CUST_00070,2025-01-30 20:00:00,COMPLETED
ORD_002160,CUST_01575,2025-06-07 15:00:00,COMPLETED
ORD_002161,CUST_00762,2025-09-09 04:00:00,COMPLETED
ORD_002162,CUST_01404,2025-06-22 22:00:00,COMPLETED
ORD_002163,CUST_00747,2025-10-30 13:00:00,COMPLETED
ORD_002164,CUST_01288,2025-02-08 22:00:00,COMPLETED
ORD_002165,CUST_01984,2025-02-16 11:00:00,COMPLETED
ORD_002166,CUST_00373,2025-11-23 20:00:00,COMPLETED
ORD_002167,CUST_01224,2025-11-08 22:00:00,COMPLETED
ORD_002168,CUST_00395,2025-06-26 21:00:00,COMPLETED
ORD_002169,CUST_01154,2025-12-17 20:00:00,COMPLETED
ORD_002170,CUST_00814,2026-03-16 07:00:00,COMPLETED
ORD_002171,CUST_00756,2025-04-28 16:00:00,COMPLETED
ORD_002172,CUST_01654,2026-02-01 09:00:00,COMPLETED
ORD_002173,CUST_00922,2025-02-16 12:00:00,COMPLETED
ORD_002174,CUST_00010,2025-03-06 21:00:00,COMPLETED
ORD_002175,CUST_01042,2026-02-22 18:00:00,COMPLETED
ORD_002176,CUST_00631,2025-12-16 00:00:00,COMPLETED
ORD_002177,CUST_00034,2025-08-11 05:00:00,COMPLETED
ORD_002178,CUST_01146,2025-10-08 23:00:00,CANCELLED
ORD_002179,CUST_00545,2026-01-27 16:00:00,COMPLETED
ORD_002180,CUST_01549,2025-02-14 10:00:00,COMPLETED
ORD_002181,CUST_01159,2026-01-04 22:00:00,REFUNDED
ORD_002182,CUST_01832,2026-01-09 13:00:00,COMPLETED
ORD_002183,CUST_00533,2025-07-23 01:00:00,COMPLETED
ORD_002184,CUST_00213,2025-12-05 06:00:00,COMPLETED
ORD_002185,CUST_01572,2025-01-14 18:00:00,COMPLETED
ORD_002186,CUST_00135,2025-10-01 01:00:00,REFUNDED
ORD_002187,CUST_00600,2025-06-29 02:00:00,COMPLETED
ORD_002188,CUST_01717,2025-11-24 16:00:00,COMPLETED
ORD_002189,CUST_01560,2025-04-21 08:00:00,COMPLETED
ORD_002190,CUST_01187,2025-04-13 08:00:00,COMPLETED
ORD_002191,CUST_00521,2026-02-22 18:00:00,COMPLETED
ORD_002192,CUST_00386,2025-04-15 13:00:00,COMPLETED
ORD_002193,CUST_00557,2025-05-08 10:00:00,COMPLETED
ORD_002194,CUST_01170,2025-08-11 16:00:00,COMPLETED
ORD_002195,CUST_00230,2025-02-01 22:00:00,COMPLETED
ORD_002196,CUST_01916,2025-09-25 15:00:00,COMPLETED
ORD_002197,CUST_00214,2025-08-15 19:00:00,COMPLETED
ORD_002198,CUST_01050,2025-11-19 07:00:00,COMPLETED
ORD_002199,CUST_00143,2025-05-26 15:00:00,COMPLETED
ORD_002200,CUST_01092,2025-03-16 09:00:00,COMPLETED
ORD_002201,CUST_01281,2025-12-26 08:00:00,COMPLETED
ORD_002202,CUST_00832,2025-02-18 22:00:00,COMPLETED
ORD_002203,CUST_01788,2025-08-06 14:00:00,COMPLETED
ORD_002204,CUST_01245,2025-07-18 04:00:00,COMPLETED
ORD_002205,CUST_00228,2025-02-18 17:00:00,COMPLETED
ORD_002206,CUST_01919,2025-09-09 23:00:00,COMPLETED
ORD_002207,CUST_01526,2025-05-29 07:00:00,COMPLETED
ORD_002208,CUST_01726,2025-01-11 19:00:00,COMPLETED
ORD_002209,CUST_01173,2025-07-28 09:00:00,COMPLETED
ORD_002210,CUST_00740,2025-09-13 09:00:00,COMPLETED
ORD_002211,CUST_01943,2025-03-08 19:00:00,COMPLETED
ORD_002212,CUST_00642,2025-11-24 06:00:00,COMPLETED
ORD_002213,CUST_01058,2025-03-13 12:00:00,COMPLETED
ORD_002214,CUST_01594,2025-09-28 07:00:00,COMPLETED
ORD_002215,CUST_01776,2026-01-09 09:00:00,COMPLETED
ORD_002216,CUST_00156,2025-09-25 15:00:00,CANCELLED
ORD_002217,CUST_00179,2025-01-13 19:00:00,COMPLETED
ORD_002218,CUST_01434,2026-01-04 20:00:00,COMPLETED
ORD_002219,CUST_00076,2025-03-30 18:00:00,COMPLETED
ORD_002220,CUST_00378,2026-03-11 10:00:00,COMPLETED
ORD_002221,CUST_00917,2025-02-23 13:00:00,COMPLETED
ORD_002222,CUST_00792,2025-12-11 05:00:00,COMPLETED
ORD_002223,CUST_01287,2025-10-14 22:00:00,COMPLETED
ORD_002224,CUST_01742,2025-10-29 01:00:00,COMPLETED
ORD_002225,CUST_01675,2025-10-12 09:00:00,COMPLETED
ORD_002226,CUST_00573,2025-06-28 08:00:00,COMPLETED
ORD_002227,CUST_01867,2025-09-27 04:00:00,REFUNDED
ORD_002228,CUST_01375,2025-07-13 04:00:00,COMPLETED
ORD_002229,CUST_00769,2025-08-13 15:00:00,CANCELLED
ORD_002230,CUST_00604,2025-04-16 07:00:00,COMPLETED
ORD_002231,CUST_01882,2025-02-22 05:00:00,COMPLETED
ORD_002232,CUST_01818,2025-06-22 16:00:00,COMPLETED
ORD_002233,CUST_00568,2025-02-19 04:00:00,COMPLETED
ORD_002234,CUST_01979,2025-12-10 17:00:00,COMPLETED
ORD_002235,CUST_00007,2025-08-27 12:00:00,COMPLETED
ORD_002236,CUST_00356,2025-07-26 07:00:00,COMPLETED
ORD_002237,CUST_00247,2025-05-17 00:00:00,COMPLETED
ORD_002238,CUST_00462,2025-05-12 03:00:00,COMPLETED
ORD_002239,CUST_01419,2025-11-15 14:00:00,COMPLETED
ORD_002240,CUST_01587,2026-03-20 23:00:00,COMPLETED
ORD_002241,CUST_01246,2025-05-10 08:00:00,COMPLETED
ORD_002242,CUST_01392,2025-08-28 13:00:00,REFUNDED
ORD_002243,CUST_00289,2025-06-24 22:00:00,COMPLETED
ORD_002244,CUST_00500,2025-04-04 04:00:00,COMPLETED
ORD_002245,CUST_00569,2025-06-05 12:00:00,COMPLETED
ORD_002246,CUST_00981,2026-03-09 19:00:00,COMPLETED
ORD_002247,CUST_01721,2025-07-25 16:00:00,COMPLETED
ORD_002248,CUST_01502,2026-02-13 10:00:00,COMPLETED
ORD_002249,CUST_00493,2026-01-26 03:00:00,COMPLETED
ORD_002250,CUST_00591,2025-07-31 18:00:00,COMPLETED
ORD_002251,CUST_00553,2025-04-02 02:00:00,COMPLETED
ORD_002252,CUST_00767,2025-09-02 11:00:00,COMPLETED
ORD_002253,CUST_00125,2025-02-06 14:00:00,COMPLETED
ORD_002254,CUST_01904,2025-02-23 07:00:00,COMPLETED
ORD_002255,CUST_01249,2025-07-10 22:00:00,COMPLETED
ORD_002256,CUST_00682,2025-12-03 04:00:00,COMPLETED
ORD_002257,CUST_01853,2025-11-19 17:00:00,CANCELLED
ORD_002258,CUST_00945,2025-06-02 10:00:00,COMPLETED
ORD_002259,CUST_00100,2025-05-14 20:00:00,COMPLETED
ORD_002260,CUST_01324,2025-08-21 00:00:00,CANCELLED
ORD_002261,CUST_00835,2025-12-31 20:00:00,COMPLETED
ORD_002262,CUST_01593,2026-03-04 10:00:00,COMPLETED
ORD_002263,CUST_00500,2025-01-04 20:00:00,COMPLETED
ORD_002264,CUST_01142,2025-01-12 11:00:00,COMPLETED
ORD_002265,CUST_01707,2026-02-17 14:00:00,COMPLETED
ORD_002266,CUST_00154,2025-05-14 21:00:00,COMPLETED
ORD_002267,CUST_00883,2025-06-20 22:00:00,COMPLETED
ORD_002268,CUST_01991,2025-09-27 01:00:00,COMPLETED
ORD_002269,CUST_00715,2025-09-06 13:00:00,COMPLETED
ORD_002270,CUST_00783,2025-08-03 09:00:00,CANCELLED
ORD_002271,CUST_00675,2025-10-01 14:00:00,COMPLETED
ORD_002272,CUST_00150,2025-09-23 09:00:00,COMPLETED
ORD_002273,CUST_01265,2025-02-28 07:00:00,COMPLETED
ORD_002274,CUST_01477,2025-10-07 21:00:00,COMPLETED
ORD_002275,CUST_01481,2025-05-08 03:00:00,COMPLETED
ORD_002276,CUST_00001,2025-04-02 14:00:00,COMPLETED
ORD_002277,CUST_00341,2025-08-12 01:00:00,CANCELLED
ORD_002278,CUST_00583,2025-09-11 17:00:00,COMPLETED
ORD_002279,CUST_00214,2026-01-31 07:00:00,COMPLETED
ORD_002280,CUST_00676,2025-04-11 11:00:00,COMPLETED
ORD_002281,CUST_00135,2025-11-07 09:00:00,CANCELLED
ORD_002282,CUST_01030,2025-10-04 05:00:00,COMPLETED
ORD_002283,CUST_01811,2025-11-23 04:00:00,COMPLETED
ORD_002284,CUST_00675,2025-05-12 11:00:00,COMPLETED
ORD_002285,CUST_00507,2025-03-06 09:00:00,COMPLETED
ORD_002286,CUST_01661,2026-02-27 17:00:00,COMPLETED
ORD_002287,CUST_01058,2025-10-02 03:00:00,COMPLETED
ORD_002288,CUST_01909,2025-07-18 00:00:00,COMPLETED
ORD_002289,CUST_00672,2025-12-06 06:00:00,COMPLETED
ORD_002290,CUST_00244,2026-03-27 11:00:00,COMPLETED
ORD_002291,CUST_00437,2026-02-18 07:00:00,COMPLETED
ORD_002292,CUST_00395,2025-06-08 03:00:00,COMPLETED
ORD_002293,CUST_00785,2025-09-07 13:00:00,COMPLETED
ORD_002294,CUST_01462,2025-12-25 11:00:00,COMPLETED
ORD_002295,CUST_00025,2025-06-09 13:00:00,COMPLETED
ORD_002296,CUST_01036,2025-02-24 08:00:00,COMPLETED
ORD_002297,CUST_01962,2025-02-20 03:00:00,COMPLETED
ORD_002298,CUST_01195,2025-11-27 18:00:00,COMPLETED
ORD_002299,CUST_01843,2025-12-02 03:00:00,CANCELLED
ORD_002300,CUST_00658,2025-01-17 20:00:00,COMPLETED
ORD_002301,CUST_00863,2025-02-21 09:00:00,COMPLETED
ORD_002302,CUST_01519,2025-12-11 14:00:00,COMPLETED
ORD_002303,CUST_00639,2026-03-19 07:00:00,COMPLETED
ORD_002304,CUST_00234,2025-10-18 20:00:00,COMPLETED
ORD_002305,CUST_01294,2025-12-05 21:00:00,COMPLETED
ORD_002306,CUST_00198,2025-02-10 20:00:00,COMPLETED
ORD_002307,CUST_00747,2025-03-28 18:00:00,CANCELLED
ORD_002308,CUST_00947,2025-09-17 20:00:00,COMPLETED
ORD_002309,CUST_00341,2025-05-01 10:00:00,CANCELLED
ORD_002310,CUST_00120,2025-09-24 08:00:00,COMPLETED
ORD_002311,CUST_00659,2025-05-25 17:00:00,COMPLETED
ORD_002312,CUST_01476,2025-12-30 00:00:00,COMPLETED
ORD_002313,CUST_00609,2025-12-12 03:00:00,COMPLETED
ORD_002314,CUST_00357,2025-03-10 14:00:00,COMPLETED
ORD_002315,CUST_00172,2025-09-01 02:00:00,COMPLETED
ORD_002316,CUST_01170,2025-03-11 14:00:00,COMPLETED
ORD_002317,CUST_00233,2025-09-08 22:00:00,CANCELLED
ORD_002318,CUST_01372,2025-02-23 10:00:00,COMPLETED
ORD_002319,CUST_01301,2025-07-17 20:00:00,COMPLETED
ORD_002320,CUST_00321,2025-09-14 10:00:00,COMPLETED
ORD_002321,CUST_01166,2025-04-10 19:00:00,COMPLETED
ORD_002322,CUST_01216,2025-01-03 18:00:00,COMPLETED
ORD_002323,CUST_01008,2025-02-19 21:00:00,REFUNDED
ORD_002324,CUST_00581,2025-08-19 09:00:00,COMPLETED
ORD_002325,CUST_00569,2025-05-19 15:00:00,COMPLETED
ORD_002326,CUST_01503,2025-10-19 08:00:00,COMPLETED
ORD_002327,CUST_00433,2025-01-08 16:00:00,COMPLETED
ORD_002328,CUST_01027,2025-01-02 21:00:00,COMPLETED
ORD_002329,CUST_00724,2025-04-09 00:00:00,COMPLETED
ORD_002330,CUST_01407,2026-02-11 17:00:00,COMPLETED
ORD_002331,CUST_01803,2025-11-01 23:00:00,CANCELLED
ORD_002332,CUST_01163,2025-03-23 05:00:00,COMPLETED
ORD_002333,CUST_01161,2025-10-17 20:00:00,COMPLETED
ORD_002334,CUST_00570,2025-01-23 12:00:00,COMPLETED
ORD_002335,CUST_00337,2025-05-14 03:00:00,COMPLETED
ORD_002336,CUST_00643,2025-11-06 19:00:00,COMPLETED
ORD_002337,CUST_00012,2026-01-27 12:00:00,CANCELLED
ORD_002338,CUST_00242,2025-06-16 17:00:00,COMPLETED
ORD_002339,CUST_00325,2026-01-19 09:00:00,COMPLETED
ORD_002340,CUST_01422,2025-01-17 04:00:00,COMPLETED
ORD_002341,CUST_00217,2025-12-22 18:00:00,COMPLETED
ORD_002342,CUST_00604,2025-05-06 14:00:00,COMPLETED
ORD_002343,CUST_00086,2025-08-04 08:00:00,COMPLETED
ORD_002344,CUST_00104,2025-06-14 04:00:00,CANCELLED
ORD_002345,CUST_01805,2026-02-25 13:00:00,COMPLETED
ORD_002346,CUST_01294,2025-11-24 10:00:00,COMPLETED
ORD_002347,CUST_01404,2025-10-12 14:00:00,COMPLETED
ORD_002348,CUST_00872,2025-03-08 16:00:00,COMPLETED
ORD_002349,CUST_01960,2025-01-08 05:00:00,COMPLETED
ORD_002350,CUST_01027,2025-05-02 17:00:00,COMPLETED
ORD_002351,CUST_01042,2026-03-26 12:00:00,CANCELLED
ORD_002352,CUST_00807,2025-06-13 13:00:00,COMPLETED
ORD_002353,CUST_01249,2025-04-02 13:00:00,COMPLETED
ORD_002354,CUST_01088,2025-01-23 00:00:00,COMPLETED
ORD_002355,CUST_01383,2025-10-11 00:00:00,COMPLETED
ORD_002356,CUST_00294,2025-07-06 18:00:00,COMPLETED
ORD_002357,CUST_00374,2025-10-06 00:00:00,COMPLETED
ORD_002358,CUST_01599,2025-12-09 03:00:00,COMPLETED
ORD_002359,CUST_00250,2026-03-18 16:00:00,COMPLETED
ORD_002360,CUST_01325,2026-01-29 17:00:00,COMPLETED
ORD_002361,CUST_00915,2025-09-19 00:00:00,COMPLETED
ORD_002362,CUST_01337,2025-01-04 22:00:00,COMPLETED
ORD_002363,CUST_01899,2025-05-07 00:00:00,COMPLETED
ORD_002364,CUST_01904,2025-01-01 10:00:00,REFUNDED
ORD_002365,CUST_01827,2025-04-10 14:00:00,COMPLETED
ORD_002366,CUST_00625,2025-10-03 04:00:00,COMPLETED
ORD_002367,CUST_00547,2025-10-07 12:00:00,COMPLETED
ORD_002368,CUST_01279,2026-03-20 16:00:00,COMPLETED
ORD_002369,CUST_00248,2026-01-12 15:00:00,COMPLETED
ORD_002370,CUST_01818,2025-11-19 05:00:00,COMPLETED
ORD_002371,CUST_00627,2026-02-07 23:00:00,COMPLETED
ORD_002372,CUST_01592,2025-12-02 20:00:00,COMPLETED
ORD_002373,CUST_01439,2025-03-21 01:00:00,COMPLETED
ORD_002374,CUST_01120,2026-01-22 06:00:00,COMPLETED
ORD_002375,CUST_00051,2025-01-06 14:00:00,CANCELLED
ORD_002376,CUST_00191,2025-02-06 01:00:00,COMPLETED
ORD_002377,CUST_00382,2026-03-16 17:00:00,REFUNDED
ORD_002378,CUST_01035,2025-02-02 13:00:00,COMPLETED
ORD_002379,CUST_01766,2025-10-20 23:00:00,COMPLETED
ORD_002380,CUST_00436,2025-03-29 05:00:00,COMPLETED
ORD_002381,CUST_00719,2025-04-15 22:00:00,COMPLETED
ORD_002382,CUST_01658,2025-10-30 14:00:00,COMPLETED
ORD_002383,CUST_01068,2025-07-13 20:00:00,COMPLETED
ORD_002384,CUST_00342,2025-07-20 05:00:00,COMPLETED
ORD_002385,CUST_01930,2025-02-27 11:00:00,COMPLETED
ORD_002386,CUST_00580,2025-05-18 02:00:00,COMPLETED
ORD_002387,CUST_01087,2025-06-28 22:00:00,COMPLETED
ORD_002388,CUST_01869,2025-02-04 18:00:00,CANCELLED
ORD_002389,CUST_01946,2025-10-15 01:00:00,COMPLETED
ORD_002390,CUST_01455,2025-08-17 00:00:00,COMPLETED
ORD_002391,CUST_00296,2026-03-06 21:00:00,COMPLETED
ORD_002392,CUST_01454,2025-03-06 14:00:00,COMPLETED
ORD_002393,CUST_01470,2026-01-11 04:00:00,COMPLETED
ORD_002394,CUST_00504,2025-11-14 21:00:00,COMPLETED
ORD_002395,CUST_00349,2025-03-27 22:00:00,COMPLETED
ORD_002396,CUST_00787,2025-11-01 09:00:00,COMPLETED
ORD_002397,CUST_01668,2026-03-11 04:00:00,COMPLETED
ORD_002398,CUST_01260,2025-12-06 17:00:00,COMPLETED
ORD_002399,CUST_01999,2025-07-29 06:00:00,COMPLETED
ORD_002400,CUST_00317,2025-06-20 17:00:00,COMPLETED
ORD_002401,CUST_01990,2026-01-29 07:00:00,COMPLETED
ORD_002402,CUST_00627,2025-06-06 18:00:00,COMPLETED
ORD_002403,CUST_01875,2025-03-27 22:00:00,COMPLETED
ORD_002404,CUST_01936,2025-07-19 06:00:00,COMPLETED
ORD_002405,CUST_01763,2025-10-14 18:00:00,COMPLETED
ORD_002406,CUST_00318,2026-01-30 20:00:00,COMPLETED
ORD_002407,CUST_01074,2026-02-24 17:00:00,COMPLETED
ORD_002408,CUST_00883,2025-09-07 20:00:00,COMPLETED
ORD_002409,CUST_00079,2025-12-02 08:00:00,COMPLETED
ORD_002410,CUST_00897,2025-11-12 10:00:00,COMPLETED
ORD_002411,CUST_00770,2025-06-29 19:00:00,COMPLETED
ORD_002412,CUST_00622,2025-02-15 01:00:00,COMPLETED
ORD_002413,CUST_00270,2025-11-09 04:00:00,COMPLETED
ORD_002414,CUST_01838,2026-01-30 23:00:00,COMPLETED
ORD_002415,CUST_00396,2025-04-28 07:00:00,CANCELLED
ORD_002416,CUST_01986,2025-07-04 11:00:00,COMPLETED
ORD_002417,CUST_01868,2026-03-11 16:00:00,REFUNDED
ORD_002418,CUST_01322,2025-09-16 11:00:00,COMPLETED
ORD_002419,CUST_01503,2025-08-22 04:00:00,COMPLETED
ORD_002420,CUST_00987,2025-09-21 20:00:00,CANCELLED
ORD_002421,CUST_01413,2025-04-24 08:00:00,COMPLETED
ORD_002422,CUST_01800,2025-07-24 20:00:00,COMPLETED
ORD_002423,CUST_01417,2025-04-21 20:00:00,COMPLETED
ORD_002424,CUST_01820,2025-09-22 19:00:00,REFUNDED
ORD_002425,CUST_00605,2025-02-19 13:00:00,CANCELLED
ORD_002426,CUST_01943,2025-02-11 21:00:00,COMPLETED
ORD_002427,CUST_01402,2025-11-04 00:00:00,COMPLETED
ORD_002428,CUST_01792,2025-06-29 10:00:00,COMPLETED
ORD_002429,CUST_00999,2025-10-12 15:00:00,COMPLETED
ORD_002430,CUST_01727,2025-07-07 06:00:00,COMPLETED
ORD_002431,CUST_00151,2025-01-10 22:00:00,COMPLETED
ORD_002432,CUST_00898,2025-11-22 04:00:00,COMPLETED
ORD_002433,CUST_00677,2025-10-28 13:00:00,COMPLETED
ORD_002434,CUST_01587,2025-02-14 08:00:00,COMPLETED
ORD_002435,CUST_01686,2026-01-04 18:00:00,COMPLETED
ORD_002436,CUST_00104,2025-11-04 21:00:00,COMPLETED
ORD_002437,CUST_00483,2026-01-24 01:00:00,COMPLETED
ORD_002438,CUST_00438,2026-02-09 21:00:00,REFUNDED
ORD_002439,CUST_00072,2026-03-16 19:00:00,COMPLETED
ORD_002440,CUST_01583,2025-06-02 02:00:00,COMPLETED
ORD_002441,CUST_01709,2025-08-08 14:00:00,COMPLETED
ORD_002442,CUST_00038,2025-10-17 10:00:00,COMPLETED
ORD_002443,CUST_01347,2025-11-18 21:00:00,COMPLETED
ORD_002444,CUST_01608,2025-03-22 20:00:00,COMPLETED
ORD_002445,CUST_01197,2025-01-22 05:00:00,COMPLETED
ORD_002446,CUST_01726,2025-08-26 19:00:00,COMPLETED
ORD_002447,CUST_01934,2026-02-04 16:00:00,COMPLETED
ORD_002448,CUST_00290,2025-11-11 21:00:00,COMPLETED
ORD_002449,CUST_01597,2026-01-10 22:00:00,COMPLETED
ORD_002450,CUST_01609,2025-02-19 08:00:00,COMPLETED
ORD_002451,CUST_00276,2025-06-18 08:00:00,COMPLETED
ORD_002452,CUST_00554,2025-10-05 02:00:00,COMPLETED
ORD_002453,CUST_00865,2026-02-19 02:00:00,COMPLETED
ORD_002454,CUST_00579,2025-10-15 19:00:00,CANCELLED
ORD_002455,CUST_00130,2025-03-03 15:00:00,COMPLETED
ORD_002456,CUST_01490,2025-11-17 05:00:00,COMPLETED
ORD_002457,CUST_01333,2025-09-20 08:00:00,COMPLETED
ORD_002458,CUST_01064,2025-06-22 16:00:00,COMPLETED
ORD_002459,CUST_01342,2025-06-04 17:00:00,CANCELLED
ORD_002460,CUST_01188,2026-01-14 15:00:00,CANCELLED
ORD_002461,CUST_00971,2025-05-19 18:00:00,REFUNDED
ORD_002462,CUST_01689,2025-05-12 01:00:00,COMPLETED
ORD_002463,CUST_01505,2026-03-07 01:00:00,COMPLETED
ORD_002464,CUST_01908,2025-10-23 05:00:00,COMPLETED
ORD_002465,CUST_01420,2025-08-04 05:00:00,COMPLETED
ORD_002466,CUST_00468,2025-10-10 16:00:00,REFUNDED
ORD_002467,CUST_01102,2025-07-23 11:00:00,COMPLETED
ORD_002468,CUST_01399,2026-01-12 17:00:00,COMPLETED
ORD_002469,CUST_00440,2026-03-07 00:00:00,COMPLETED
ORD_002470,CUST_01316,2025-09-10 21:00:00,COMPLETED
ORD_002471,CUST_01610,2025-04-05 00:00:00,COMPLETED
ORD_002472,CUST_00339,2026-03-01 01:00:00,CANCELLED
ORD_002473,CUST_01856,2025-10-13 20:00:00,COMPLETED
ORD_002474,CUST_01154,2025-12-05 00:00:00,COMPLETED
ORD_002475,CUST_01816,2025-07-02 14:00:00,COMPLETED
ORD_002476,CUST_01297,2026-02-15 00:00:00,COMPLETED
ORD_002477,CUST_01941,2025-02-11 18:00:00,COMPLETED
ORD_002478,CUST_01254,2025-09-12 09:00:00,COMPLETED
ORD_002479,CUST_01555,2026-03-19 06:00:00,COMPLETED
ORD_002480,CUST_00919,2026-01-26 21:00:00,COMPLETED
ORD_002481,CUST_01302,2025-12-07 10:00:00,COMPLETED
ORD_002482,CUST_01032,2025-08-17 10:00:00,CANCELLED
ORD_002483,CUST_00957,2025-12-18 04:00:00,COMPLETED
ORD_002484,CUST_01968,2025-12-03 19:00:00,COMPLETED
ORD_002485,CUST_01838,2025-03-07 10:00:00,COMPLETED
ORD_002486,CUST_00549,2025-06-26 22:00:00,COMPLETED
ORD_002487,CUST_01302,2026-01-24 11:00:00,COMPLETED
ORD_002488,CUST_00465,2026-03-24 20:00:00,COMPLETED
ORD_002489,CUST_01808,2025-08-04 16:00:00,COMPLETED
ORD_002490,CUST_00914,2025-01-13 22:00:00,COMPLETED
ORD_002491,CUST_01301,2025-12-19 17:00:00,COMPLETED
ORD_002492,CUST_00159,2025-05-18 13:00:00,COMPLETED
ORD_002493,CUST_01229,2026-02-23 19:00:00,COMPLETED
ORD_002494,CUST_00735,2026-01-09 00:00:00,COMPLETED
ORD_002495,CUST_00471,2025-01-01 03:00:00,COMPLETED
ORD_002496,CUST_01642,2025-06-23 22:00:00,COMPLETED
ORD_002497,CUST_01451,2025-12-01 17:00:00,COMPLETED
ORD_002498,CUST_01364,2025-02-26 04:00:00,COMPLETED
ORD_002499,CUST_01187,2026-02-04 06:00:00,COMPLETED
ORD_002500,CUST_01349,2025-07-14 04:00:00,COMPLETED
ORD_002501,CUST_01302,2025-05-20 22:00:00,COMPLETED
ORD_002502,CUST_00638,2025-04-06 09:00:00,COMPLETED
ORD_002503,CUST_00625,2025-11-14 20:00:00,COMPLETED
ORD_002504,CUST_00936,2025-12-16 09:00:00,CANCELLED
ORD_002505,CUST_00115,2026-02-06 15:00:00,CANCELLED
ORD_002506,CUST_00014,2025-12-14 01:00:00,COMPLETED
ORD_002507,CUST_00939,2025-01-03 04:00:00,COMPLETED
ORD_002508,CUST_01710,2025-06-26 03:00:00,COMPLETED
ORD_002509,CUST_01311,2025-10-20 22:00:00,REFUNDED
ORD_002510,CUST_00992,2025-01-21 12:00:00,REFUNDED
ORD_002511,CUST_00750,2025-11-30 14:00:00,COMPLETED
ORD_002512,CUST_01447,2025-03-13 09:00:00,COMPLETED
ORD_002513,CUST_01104,2025-12-22 08:00:00,COMPLETED
ORD_002514,CUST_01549,2026-02-04 13:00:00,REFUNDED
ORD_002515,CUST_00596,2025-01-26 19:00:00,COMPLETED
ORD_002516,CUST_00566,2025-07-04 15:00:00,COMPLETED
ORD_002517,CUST_01156,2025-12-19 15:00:00,COMPLETED
ORD_002518,CUST_01224,2025-03-23 09:00:00,COMPLETED
ORD_002519,CUST_01826,2025-09-30 15:00:00,COMPLETED
ORD_002520,CUST_00396,2025-09-06 09:00:00,COMPLETED
ORD_002521,CUST_00694,2025-08-23 12:00:00,COMPLETED
ORD_002522,CUST_00756,2025-05-05 01:00:00,COMPLETED
ORD_002523,CUST_00833,2025-12-18 17:00:00,COMPLETED
ORD_002524,CUST_01917,2025-04-19 10:00:00,COMPLETED
ORD_002525,CUST_00251,2025-08-14 04:00:00,COMPLETED
ORD_002526,CUST_00142,2025-12-09 17:00:00,CANCELLED
ORD_002527,CUST_01094,2025-11-05 00:00:00,COMPLETED
ORD_002528,CUST_00023,2025-11-13 03:00:00,COMPLETED
ORD_002529,CUST_00651,2026-03-16 21:00:00,CANCELLED
ORD_002530,CUST_01158,2025-01-30 01:00:00,COMPLETED
ORD_002531,CUST_00146,2026-01-02 22:00:00,COMPLETED
ORD_002532,CUST_01563,2026-03-01 13:00:00,COMPLETED
ORD_002533,CUST_00515,2025-05-08 08:00:00,COMPLETED
ORD_002534,CUST_00559,2025-11-25 14:00:00,COMPLETED
ORD_002535,CUST_00718,2025-06-07 20:00:00,COMPLETED
ORD_002536,CUST_01497,2026-01-30 21:00:00,COMPLETED
ORD_002537,CUST_00326,2025-02-11 16:00:00,COMPLETED
ORD_002538,CUST_00742,2025-01-08 08:00:00,COMPLETED
ORD_002539,CUST_00666,2026-02-01 04:00:00,COMPLETED
ORD_002540,CUST_00202,2025-01-24 21:00:00,COMPLETED
ORD_002541,CUST_01635,2025-03-20 05:00:00,CANCELLED
ORD_002542,CUST_01649,2025-04-10 00:00:00,CANCELLED
ORD_002543,CUST_01416,2025-06-11 18:00:00,COMPLETED
ORD_002544,CUST_01485,2025-09-02 11:00:00,CANCELLED
ORD_002545,CUST_01225,2025-08-22 07:00:00,COMPLETED
ORD_002546,CUST_00703,2025-04-20 13:00:00,COMPLETED
ORD_002547,CUST_00193,2025-10-12 20:00:00,COMPLETED
ORD_002548,CUST_00827,2026-01-20 05:00:00,COMPLETED
ORD_002549,CUST_01319,2025-09-14 15:00:00,COMPLETED
ORD_002550,CUST_00709,2025-07-13 11:00:00,COMPLETED
ORD_002551,CUST_01842,2025-08-19 11:00:00,COMPLETED
ORD_002552,CUST_01408,2026-01-08 11:00:00,COMPLETED
ORD_002553,CUST_01834,2025-06-27 04:00:00,CANCELLED
ORD_002554,CUST_00052,2025-06-19 16:00:00,COMPLETED
ORD_002555,CUST_00822,2025-07-31 17:00:00,CANCELLED
ORD_002556,CUST_00618,2025-06-15 12:00:00,COMPLETED
ORD_002557,CUST_00215,2026-03-25 17:00:00,COMPLETED
ORD_002558,CUST_00461,2025-07-04 00:00:00,COMPLETED
ORD_002559,CUST_01722,2026-01-07 13:00:00,COMPLETED
ORD_002560,CUST_01864,2026-01-26 12:00:00,COMPLETED
ORD_002561,CUST_00459,2025-05-17 16:00:00,COMPLETED
ORD_002562,CUST_01513,2025-09-02 16:00:00,COMPLETED
ORD_002563,CUST_01469,2025-03-27 21:00:00,CANCELLED
ORD_002564,CUST_00020,2025-07-25 09:00:00,COMPLETED
ORD_002565,CUST_01708,2026-03-24 16:00:00,COMPLETED
ORD_002566,CUST_01468,2025-08-31 03:00:00,COMPLETED
ORD_002567,CUST_00504,2025-04-25 01:00:00,COMPLETED
ORD_002568,CUST_00983,2025-01-27 01:00:00,COMPLETED
ORD_002569,CUST_00994,2025-03-31 10:00:00,COMPLETED
ORD_002570,CUST_01844,2025-06-30 08:00:00,COMPLETED
ORD_002571,CUST_00285,2025-07-27 20:00:00,REFUNDED
ORD_002572,CUST_00475,2025-05-16 10:00:00,COMPLETED
ORD_002573,CUST_00269,2026-03-11 07:00:00,COMPLETED
ORD_002574,CUST_01733,2025-05-03 09:00:00,COMPLETED
ORD_002575,CUST_00974,2025-08-16 19:00:00,CANCELLED
ORD_002576,CUST_01005,2025-09-18 11:00:00,COMPLETED
ORD_002577,CUST_01620,2025-03-11 18:00:00,COMPLETED
ORD_002578,CUST_01737,2025-05-16 20:00:00,COMPLETED
ORD_002579,CUST_01916,2025-11-17 16:00:00,COMPLETED
ORD_002580,CUST_01987,2025-05-27 09:00:00,CANCELLED
ORD_002581,CUST_00398,2025-08-22 00:00:00,COMPLETED
ORD_002582,CUST_01912,2025-05-27 03:00:00,CANCELLED
ORD_002583,CUST_01357,2025-12-19 22:00:00,COMPLETED
ORD_002584,CUST_00433,2025-06-09 11:00:00,REFUNDED
ORD_002585,CUST_01652,2025-01-19 10:00:00,COMPLETED
ORD_002586,CUST_00225,2025-12-08 23:00:00,COMPLETED
ORD_002587,CUST_01032,2025-07-17 06:00:00,COMPLETED
ORD_002588,CUST_00883,2026-01-27 06:00:00,COMPLETED
ORD_002589,CUST_01774,2025-09-04 01:00:00,COMPLETED
ORD_002590,CUST_01747,2025-08-07 19:00:00,COMPLETED
ORD_002591,CUST_01633,2025-06-21 20:00:00,COMPLETED
ORD_002592,CUST_01308,2025-02-24 02:00:00,CANCELLED
ORD_002593,CUST_01141,2025-09-25 03:00:00,COMPLETED
ORD_002594,CUST_00461,2025-10-30 12:00:00,COMPLETED
ORD_002595,CUST_01890,2025-11-28 03:00:00,COMPLETED
ORD_002596,CUST_00615,2025-04-12 17:00:00,COMPLETED
ORD_002597,CUST_00887,2025-11-27 14:00:00,COMPLETED
ORD_002598,CUST_01364,2026-03-15 11:00:00,COMPLETED
ORD_002599,CUST_01499,2025-12-02 19:00:00,COMPLETED
ORD_002600,CUST_01755,2025-06-28 10:00:00,COMPLETED
ORD_002601,CUST_01909,2025-10-16 08:00:00,COMPLETED
ORD_002602,CUST_00241,2025-03-25 05:00:00,COMPLETED
ORD_002603,CUST_01807,2025-10-22 16:00:00,COMPLETED
ORD_002604,CUST_00883,2025-02-22 21:00:00,COMPLETED
ORD_002605,CUST_00635,2025-04-08 07:00:00,COMPLETED
ORD_002606,CUST_01163,2025-11-28 04:00:00,COMPLETED
ORD_002607,CUST_00489,2025-05-28 02:00:00,COMPLETED
ORD_002608,CUST_01714,2025-11-12 21:00:00,COMPLETED
ORD_002609,CUST_01783,2025-11-11 14:00:00,COMPLETED
ORD_002610,CUST_00435,2026-03-10 14:00:00,COMPLETED
ORD_002611,CUST_00176,2026-01-04 02:00:00,COMPLETED
ORD_002612,CUST_01213,2025-02-11 16:00:00,COMPLETED
ORD_002613,CUST_01908,2025-01-03 03:00:00,COMPLETED
ORD_002614,CUST_00478,2026-01-01 22:00:00,COMPLETED
ORD_002615,CUST_01977,2025-07-13 14:00:00,CANCELLED
ORD_002616,CUST_01796,2025-12-23 14:00:00,COMPLETED
ORD_002617,CUST_01993,2025-05-31 06:00:00,COMPLETED
ORD_002618,CUST_01008,2025-07-14 01:00:00,COMPLETED
ORD_002619,CUST_00324,2026-03-01 08:00:00,COMPLETED
ORD_002620,CUST_00482,2025-10-07 19:00:00,COMPLETED
ORD_002621,CUST_01633,2025-01-02 18:00:00,COMPLETED
ORD_002622,CUST_01465,2025-09-24 10:00:00,CANCELLED
ORD_002623,CUST_00669,2025-11-06 04:00:00,COMPLETED
ORD_002624,CUST_01943,2025-08-13 03:00:00,COMPLETED
ORD_002625,CUST_01778,2025-05-13 07:00:00,COMPLETED
ORD_002626,CUST_01347,2025-12-17 13:00:00,COMPLETED
ORD_002627,CUST_00053,2025-10-21 08:00:00,CANCELLED
ORD_002628,CUST_00470,2025-08-29 08:00:00,REFUNDED
ORD_002629,CUST_01856,2025-11-06 06:00:00,COMPLETED
ORD_002630,CUST_00192,2025-11-22 09:00:00,COMPLETED
ORD_002631,CUST_01603,2026-02-02 15:00:00,COMPLETED
ORD_002632,CUST_00487,2025-07-19 22:00:00,COMPLETED
ORD_002633,CUST_00835,2025-09-22 17:00:00,COMPLETED
ORD_002634,CUST_01095,2025-10-26 06:00:00,COMPLETED
ORD_002635,CUST_00745,2026-01-02 16:00:00,COMPLETED
ORD_002636,CUST_00186,2025-08-02 02:00:00,COMPLETED
ORD_002637,CUST_00075,2025-07-20 20:00:00,COMPLETED
ORD_002638,CUST_00090,2026-01-13 02:00:00,COMPLETED
ORD_002639,CUST_00136,2025-12-25 16:00:00,CANCELLED
ORD_002640,CUST_00307,2025-12-07 15:00:00,CANCELLED
ORD_002641,CUST_00152,2026-02-17 14:00:00,COMPLETED
ORD_002642,CUST_00506,2025-07-16 09:00:00,COMPLETED
ORD_002643,CUST_01088,2026-01-08 10:00:00,COMPLETED
ORD_002644,CUST_00896,2025-09-26 21:00:00,COMPLETED
ORD_002645,CUST_00270,2025-01-29 17:00:00,CANCELLED
ORD_002646,CUST_00524,2025-05-30 06:00:00,COMPLETED
ORD_002647,CUST_00846,2025-02-11 19:00:00,COMPLETED
ORD_002648,CUST_00850,2025-08-01 20:00:00,COMPLETED
ORD_002649,CUST_01101,2025-06-12 05:00:00,COMPLETED
ORD_002650,CUST_01066,2026-01-07 02:00:00,COMPLETED
ORD_002651,CUST_01284,2025-12-22 14:00:00,COMPLETED
ORD_002652,CUST_01265,2026-03-05 18:00:00,COMPLETED
ORD_002653,CUST_00368,2026-01-12 01:00:00,COMPLETED
ORD_002654,CUST_00129,2025-11-24 00:00:00,COMPLETED
ORD_002655,CUST_01136,2026-03-17 10:00:00,COMPLETED
ORD_002656,CUST_01148,2025-04-10 21:00:00,COMPLETED
ORD_002657,CUST_01724,2025-02-03 04:00:00,COMPLETED
ORD_002658,CUST_01709,2025-08-03 00:00:00,COMPLETED
ORD_002659,CUST_00420,2025-07-09 10:00:00,COMPLETED
ORD_002660,CUST_00257,2025-12-23 15:00:00,COMPLETED
ORD_002661,CUST_00042,2025-06-03 01:00:00,COMPLETED
ORD_002662,CUST_00376,2025-03-13 20:00:00,COMPLETED
ORD_002663,CUST_00623,2026-02-14 17:00:00,REFUNDED
ORD_002664,CUST_00992,2026-01-21 09:00:00,COMPLETED
ORD_002665,CUST_00427,2025-06-22 19:00:00,COMPLETED
ORD_002666,CUST_00410,2025-07-08 17:00:00,COMPLETED
ORD_002667,CUST_00611,2026-01-26 14:00:00,COMPLETED
ORD_002668,CUST_00209,2025-08-05 18:00:00,COMPLETED
ORD_002669,CUST_00823,2025-06-14 11:00:00,CANCELLED
ORD_002670,CUST_00133,2025-10-17 03:00:00,COMPLETED
ORD_002671,CUST_00090,2025-11-24 05:00:00,COMPLETED
ORD_002672,CUST_00042,2025-08-01 16:00:00,COMPLETED
ORD_002673,CUST_01687,2025-02-16 07:00:00,COMPLETED
ORD_002674,CUST_00004,2025-01-18 15:00:00,COMPLETED
ORD_002675,CUST_00024,2025-09-23 07:00:00,COMPLETED
ORD_002676,CUST_00585,2025-08-19 06:00:00,COMPLETED
ORD_002677,CUST_00399,2025-02-25 16:00:00,COMPLETED
ORD_002678,CUST_00469,2025-12-22 22:00:00,COMPLETED
ORD_002679,CUST_00733,2025-05-04 11:00:00,CANCELLED
ORD_002680,CUST_01921,2025-10-25 09:00:00,CANCELLED
ORD_002681,CUST_00911,2025-02-25 05:00:00,COMPLETED
ORD_002682,CUST_00607,2026-01-13 07:00:00,COMPLETED
ORD_002683,CUST_00095,2026-01-27 23:00:00,REFUNDED
ORD_002684,CUST_00945,2025-05-14 10:00:00,COMPLETED
ORD_002685,CUST_01952,2025-10-26 22:00:00,CANCELLED
ORD_002686,CUST_00294,2025-03-30 06:00:00,CANCELLED
ORD_002687,CUST_01362,2025-04-01 11:00:00,COMPLETED
ORD_002688,CUST_01359,2025-12-21 16:00:00,COMPLETED
ORD_002689,CUST_01194,2025-01-29 23:00:00,COMPLETED
ORD_002690,CUST_00715,2025-04-03 09:00:00,COMPLETED
ORD_002691,CUST_01511,2025-06-27 10:00:00,COMPLETED
ORD_002692,CUST_01992,2026-03-05 15:00:00,COMPLETED
ORD_002693,CUST_00929,2025-02-09 03:00:00,COMPLETED
ORD_002694,CUST_01314,2026-01-28 12:00:00,COMPLETED
ORD_002695,CUST_00979,2025-04-02 22:00:00,COMPLETED
ORD_002696,CUST_01590,2025-08-27 08:00:00,COMPLETED
ORD_002697,CUST_00154,2026-01-30 06:00:00,COMPLETED
ORD_002698,CUST_01046,2025-06-20 03:00:00,COMPLETED
ORD_002699,CUST_01529,2026-02-06 09:00:00,COMPLETED
ORD_002700,CUST_01783,2025-11-02 04:00:00,COMPLETED
ORD_002701,CUST_01119,2025-09-21 13:00:00,COMPLETED
ORD_002702,CUST_01165,2025-04-13 04:00:00,COMPLETED
ORD_002703,CUST_00994,2025-09-11 22:00:00,COMPLETED
ORD_002704,CUST_01108,2025-01-29 04:00:00,CANCELLED
ORD_002705,CUST_01698,2025-04-16 03:00:00,COMPLETED
ORD_002706,CUST_00908,2025-08-26 08:00:00,COMPLETED
ORD_002707,CUST_00848,2025-11-21 01:00:00,COMPLETED
ORD_002708,CUST_01472,2025-03-08 16:00:00,COMPLETED
ORD_002709,CUST_01836,2026-01-16 02:00:00,COMPLETED
ORD_002710,CUST_01730,2025-01-23 12:00:00,COMPLETED
ORD_002711,CUST_00436,2025-01-02 20:00:00,COMPLETED
ORD_002712,CUST_00961,2026-03-13 15:00:00,COMPLETED
ORD_002713,CUST_01313,2025-07-18 07:00:00,CANCELLED
ORD_002714,CUST_00258,2026-03-02 09:00:00,COMPLETED
ORD_002715,CUST_00427,2025-05-21 06:00:00,COMPLETED
ORD_002716,CUST_01075,2025-04-17 08:00:00,COMPLETED
ORD_002717,CUST_01067,2025-12-15 13:00:00,COMPLETED
ORD_002718,CUST_01148,2025-01-02 05:00:00,COMPLETED
ORD_002719,CUST_01230,2025-11-29 23:00:00,CANCELLED
ORD_002720,CUST_01287,2025-07-12 06:00:00,COMPLETED
ORD_002721,CUST_01600,2025-05-06 23:00:00,COMPLETED
ORD_002722,CUST_00084,2025-07-07 12:00:00,COMPLETED
ORD_002723,CUST_01014,2025-05-23 02:00:00,COMPLETED
ORD_002724,CUST_00450,2025-12-30 12:00:00,COMPLETED
ORD_002725,CUST_00550,2025-11-23 05:00:00,COMPLETED
ORD_002726,CUST_00234,2025-10-31 17:00:00,COMPLETED
ORD_002727,CUST_00506,2025-12-06 15:00:00,COMPLETED
ORD_002728,CUST_00684,2025-01-20 05:00:00,COMPLETED
ORD_002729,CUST_01003,2025-06-19 04:00:00,COMPLETED
ORD_002730,CUST_01859,2025-02-18 11:00:00,CANCELLED
ORD_002731,CUST_01617,2026-01-05 23:00:00,COMPLETED
ORD_002732,CUST_00169,2026-03-25 02:00:00,COMPLETED
ORD_002733,CUST_01474,2025-05-18 21:00:00,COMPLETED
ORD_002734,CUST_00913,2025-11-24 23:00:00,COMPLETED
ORD_002735,CUST_01449,2025-04-27 11:00:00,COMPLETED
ORD_002736,CUST_00562,2026-03-14 03:00:00,COMPLETED
ORD_002737,CUST_01078,2025-09-01 04:00:00,COMPLETED
ORD_002738,CUST_01798,2025-11-29 06:00:00,COMPLETED
ORD_002739,CUST_00062,2025-12-09 12:00:00,COMPLETED
ORD_002740,CUST_01924,2025-09-17 11:00:00,CANCELLED
ORD_002741,CUST_01158,2025-01-23 08:00:00,COMPLETED
ORD_002742,CUST_00806,2026-01-09 23:00:00,COMPLETED
ORD_002743,CUST_00624,2026-02-11 21:00:00,COMPLETED
ORD_002744,CUST_01355,2025-06-09 17:00:00,COMPLETED
ORD_002745,CUST_00496,2025-07-06 05:00:00,COMPLETED
ORD_002746,CUST_01268,2025-07-18 01:00:00,COMPLETED
ORD_002747,CUST_00214,2025-11-21 04:00:00,COMPLETED
ORD_002748,CUST_01753,2026-02-25 23:00:00,COMPLETED
ORD_002749,CUST_01610,2025-05-06 10:00:00,COMPLETED
ORD_002750,CUST_01020,2025-05-28 20:00:00,COMPLETED
ORD_002751,CUST_01240,2025-08-29 04:00:00,COMPLETED
ORD_002752,CUST_01815,2026-03-26 05:00:00,COMPLETED
ORD_002753,CUST_00213,2025-05-12 01:00:00,COMPLETED
ORD_002754,CUST_01969,2025-06-13 23:00:00,COMPLETED
ORD_002755,CUST_01276,2025-07-04 07:00:00,COMPLETED
ORD_002756,CUST_00477,2025-01-24 12:00:00,COMPLETED
ORD_002757,CUST_00783,2025-02-09 03:00:00,COMPLETED
ORD_002758,CUST_00281,2025-04-26 19:00:00,COMPLETED
ORD_002759,CUST_00724,2025-01-09 00:00:00,COMPLETED
ORD_002760,CUST_00558,2025-05-17 11:00:00,COMPLETED
ORD_002761,CUST_00612,2025-12-02 16:00:00,COMPLETED
ORD_002762,CUST_00383,2025-11-06 04:00:00,COMPLETED
ORD_002763,CUST_00472,2025-08-31 11:00:00,COMPLETED
ORD_002764,CUST_00366,2026-03-09 20:00:00,COMPLETED
ORD_002765,CUST_00163,2025-03-26 06:00:00,REFUNDED
ORD_002766,CUST_01128,2025-05-18 01:00:00,COMPLETED
ORD_002767,CUST_00504,2025-09-17 15:00:00,COMPLETED
ORD_002768,CUST_01887,2025-01-19 11:00:00,COMPLETED
ORD_002769,CUST_00456,2025-08-03 17:00:00,CANCELLED
ORD_002770,CUST_00629,2026-02-11 21:00:00,COMPLETED
ORD_002771,CUST_00841,2025-04-26 07:00:00,COMPLETED
ORD_002772,CUST_00913,2025-06-21 11:00:00,COMPLETED
ORD_002773,CUST_00281,2025-07-03 12:00:00,COMPLETED
ORD_002774,CUST_00110,2025-05-03 16:00:00,COMPLETED
ORD_002775,CUST_00937,2025-07-09 18:00:00,COMPLETED
ORD_002776,CUST_01270,2025-10-12 02:00:00,COMPLETED
ORD_002777,CUST_01536,2025-09-27 04:00:00,REFUNDED
ORD_002778,CUST_00395,2025-10-12 08:00:00,COMPLETED
ORD_002779,CUST_01118,2025-04-18 19:00:00,COMPLETED
ORD_002780,CUST_00559,2025-10-16 14:00:00,CANCELLED
ORD_002781,CUST_00111,2025-06-02 16:00:00,COMPLETED
ORD_002782,CUST_01791,2026-02-09 12:00:00,COMPLETED
ORD_002783,CUST_00719,2025-10-24 17:00:00,REFUNDED
ORD_002784,CUST_01298,2025-01-22 01:00:00,COMPLETED
ORD_002785,CUST_01438,2026-03-24 11:00:00,COMPLETED
ORD_002786,CUST_01512,2026-01-02 11:00:00,COMPLETED
ORD_002787,CUST_01348,2025-09-08 22:00:00,COMPLETED
ORD_002788,CUST_00534,2025-04-17 06:00:00,COMPLETED
ORD_002789,CUST_01874,2025-09-26 00:00:00,COMPLETED
ORD_002790,CUST_01699,2025-08-24 19:00:00,COMPLETED
ORD_002791,CUST_00901,2026-01-12 04:00:00,CANCELLED
ORD_002792,CUST_01879,2025-07-27 20:00:00,COMPLETED
ORD_002793,CUST_01033,2025-07-18 00:00:00,COMPLETED
ORD_002794,CUST_01187,2025-10-23 21:00:00,CANCELLED
ORD_002795,CUST_00827,2025-05-28 00:00:00,COMPLETED
ORD_002796,CUST_00936,2025-06-05 08:00:00,COMPLETED
ORD_002797,CUST_01936,2025-08-22 11:00:00,COMPLETED
ORD_002798,CUST_01750,2025-01-14 03:00:00,COMPLETED
ORD_002799,CUST_01077,2025-08-21 10:00:00,CANCELLED
ORD_002800,CUST_01605,2025-01-08 10:00:00,COMPLETED
ORD_002801,CUST_01855,2025-07-31 21:00:00,COMPLETED
ORD_002802,CUST_00330,2026-03-06 12:00:00,CANCELLED
ORD_002803,CUST_01432,2025-06-27 10:00:00,COMPLETED
ORD_002804,CUST_01460,2025-09-22 19:00:00,COMPLETED
ORD_002805,CUST_01950,2026-01-27 19:00:00,COMPLETED
ORD_002806,CUST_01599,2025-11-21 23:00:00,CANCELLED
ORD_002807,CUST_01525,2025-01-20 20:00:00,COMPLETED
ORD_002808,CUST_00063,2025-07-23 10:00:00,COMPLETED
ORD_002809,CUST_00078,2025-10-01 12:00:00,COMPLETED
ORD_002810,CUST_01560,2026-03-21 18:00:00,COMPLETED
ORD_002811,CUST_01359,2025-09-12 23:00:00,COMPLETED
ORD_002812,CUST_00019,2025-12-31 22:00:00,COMPLETED
ORD_002813,CUST_00555,2025-03-10 05:00:00,COMPLETED
ORD_002814,CUST_01539,2025-04-14 05:00:00,COMPLETED
ORD_002815,CUST_01238,2025-05-29 05:00:00,REFUNDED
ORD_002816,CUST_00989,2025-01-22 08:00:00,COMPLETED
ORD_002817,CUST_01940,2025-05-03 00:00:00,COMPLETED
ORD_002818,CUST_01975,2025-02-01 12:00:00,COMPLETED
ORD_002819,CUST_01565,2025-05-03 22:00:00,COMPLETED
ORD_002820,CUST_00591,2025-02-02 18:00:00,COMPLETED
ORD_002821,CUST_00212,2025-02-23 01:00:00,COMPLETED
ORD_002822,CUST_00888,2026-02-28 13:00:00,COMPLETED
ORD_002823,CUST_01338,2026-03-13 18:00:00,COMPLETED
ORD_002824,CUST_01075,2025-08-29 03:00:00,COMPLETED
ORD_002825,CUST_00032,2026-01-14 07:00:00,COMPLETED
ORD_002826,CUST_01888,2025-07-15 07:00:00,COMPLETED
ORD_002827,CUST_00190,2025-06-24 18:00:00,COMPLETED
ORD_002828,CUST_01776,2025-02-10 21:00:00,CANCELLED
ORD_002829,CUST_01906,2026-02-13 02:00:00,COMPLETED
ORD_002830,CUST_01972,2026-03-09 09:00:00,COMPLETED
ORD_002831,CUST_01104,2026-01-03 04:00:00,COMPLETED
ORD_002832,CUST_00818,2026-03-03 01:00:00,COMPLETED
ORD_002833,CUST_00164,2026-03-05 04:00:00,COMPLETED
ORD_002834,CUST_00837,2025-10-08 12:00:00,COMPLETED
ORD_002835,CUST_01903,2025-02-25 04:00:00,COMPLETED
ORD_002836,CUST_00298,2026-02-22 04:00:00,COMPLETED
ORD_002837,CUST_00867,2025-04-21 05:00:00,COMPLETED
ORD_002838,CUST_01540,2025-10-11 13:00:00,COMPLETED
ORD_002839,CUST_00602,2025-12-14 03:00:00,COMPLETED
ORD_002840,CUST_01895,2025-05-19 00:00:00,COMPLETED
ORD_002841,CUST_00996,2026-01-02 04:00:00,COMPLETED
ORD_002842,CUST_01392,2025-11-22 09:00:00,COMPLETED
ORD_002843,CUST_01126,2025-06-18 09:00:00,COMPLETED
ORD_002844,CUST_00829,2025-03-11 04:00:00,COMPLETED
ORD_002845,CUST_00165,2025-05-14 23:00:00,COMPLETED
ORD_002846,CUST_01611,2025-11-01 04:00:00,COMPLETED
ORD_002847,CUST_01960,2025-03-29 09:00:00,COMPLETED
ORD_002848,CUST_01005,2025-05-03 00:00:00,COMPLETED
ORD_002849,CUST_00933,2025-03-18 07:00:00,COMPLETED
ORD_002850,CUST_00028,2025-12-20 04:00:00,COMPLETED
ORD_002851,CUST_00485,2026-02-01 22:00:00,CANCELLED
ORD_002852,CUST_00653,2025-01-29 00:00:00,COMPLETED
ORD_002853,CUST_01554,2025-01-14 03:00:00,COMPLETED
ORD_002854,CUST_01386,2025-04-08 04:00:00,COMPLETED
ORD_002855,CUST_01320,2025-08-18 16:00:00,COMPLETED
ORD_002856,CUST_00449,2025-11-06 05:00:00,COMPLETED
ORD_002857,CUST_01510,2025-10-06 21:00:00,COMPLETED
ORD_002858,CUST_00928,2025-12-11 05:00:00,COMPLETED
ORD_002859,CUST_00270,2025-05-16 21:00:00,COMPLETED
ORD_002860,CUST_01681,2025-05-01 10:00:00,COMPLETED
ORD_002861,CUST_01319,2025-02-01 20:00:00,COMPLETED
ORD_002862,CUST_01546,2025-10-28 15:00:00,COMPLETED
ORD_002863,CUST_01133,2025-10-18 03:00:00,CANCELLED
ORD_002864,CUST_01228,2026-01-01 07:00:00,COMPLETED
ORD_002865,CUST_00966,2025-06-21 07:00:00,COMPLETED
ORD_002866,CUST_01785,2026-01-24 05:00:00,COMPLETED
ORD_002867,CUST_01202,2025-11-06 10:00:00,COMPLETED
ORD_002868,CUST_01622,2025-07-14 03:00:00,CANCELLED
ORD_002869,CUST_00120,2025-11-22 15:00:00,COMPLETED
ORD_002870,CUST_00428,2025-07-30 05:00:00,COMPLETED
ORD_002871,CUST_01552,2025-10-29 08:00:00,COMPLETED
ORD_002872,CUST_00522,2026-01-13 22:00:00,COMPLETED
ORD_002873,CUST_01922,2025-09-23 08:00:00,COMPLETED
ORD_002874,CUST_01027,2025-07-28 23:00:00,COMPLETED
ORD_002875,CUST_00203,2025-09-07 12:00:00,CANCELLED
ORD_002876,CUST_00929,2025-05-27 01:00:00,COMPLETED
ORD_002877,CUST_01249,2026-01-29 17:00:00,COMPLETED
ORD_002878,CUST_01757,2026-01-21 19:00:00,COMPLETED
ORD_002879,CUST_01001,2026-03-21 14:00:00,COMPLETED
ORD_002880,CUST_01180,2025-08-23 18:00:00,COMPLETED
ORD_002881,CUST_00286,2025-07-05 06:00:00,COMPLETED
ORD_002882,CUST_00808,2025-07-12 02:00:00,COMPLETED
ORD_002883,CUST_01148,2025-05-21 00:00:00,COMPLETED
ORD_002884,CUST_00568,2025-10-10 06:00:00,COMPLETED
ORD_002885,CUST_00045,2025-01-01 20:00:00,COMPLETED
ORD_002886,CUST_01711,2025-08-27 01:00:00,COMPLETED
ORD_002887,CUST_00243,2025-11-02 01:00:00,COMPLETED
ORD_002888,CUST_01859,2025-07-20 07:00:00,REFUNDED
ORD_002889,CUST_01361,2025-05-02 12:00:00,COMPLETED
ORD_002890,CUST_00119,2025-01-29 04:00:00,REFUNDED
ORD_002891,CUST_01024,2025-09-06 06:00:00,COMPLETED
ORD_002892,CUST_01536,2025-03-04 23:00:00,COMPLETED
ORD_002893,CUST_00577,2025-06-21 13:00:00,REFUNDED
ORD_002894,CUST_00272,2025-08-29 23:00:00,COMPLETED
ORD_002895,CUST_00168,2025-03-25 13:00:00,COMPLETED
ORD_002896,CUST_00529,2025-02-05 15:00:00,COMPLETED
ORD_002897,CUST_00715,2026-01-17 06:00:00,CANCELLED
ORD_002898,CUST_00758,2025-08-08 05:00:00,CANCELLED
ORD_002899,CUST_00744,2025-10-28 04:00:00,COMPLETED
ORD_002900,CUST_01021,2025-05-30 10:00:00,COMPLETED
ORD_002901,CUST_00250,2026-02-20 19:00:00,CANCELLED
ORD_002902,CUST_00928,2025-12-09 17:00:00,COMPLETED
ORD_002903,CUST_01190,2025-10-20 15:00:00,COMPLETED
ORD_002904,CUST_01796,2025-12-29 14:00:00,COMPLETED
ORD_002905,CUST_00950,2026-03-19 14:00:00,COMPLETED
ORD_002906,CUST_00044,2025-04-11 17:00:00,COMPLETED
ORD_002907,CUST_00543,2026-01-07 23:00:00,COMPLETED
ORD_002908,CUST_01808,2025-04-04 22:00:00,COMPLETED
ORD_002909,CUST_00921,2025-06-03 06:00:00,COMPLETED
ORD_002910,CUST_00396,2025-09-15 04:00:00,COMPLETED
ORD_002911,CUST_01686,2025-02-02 08:00:00,COMPLETED
ORD_002912,CUST_00709,2025-08-10 05:00:00,COMPLETED
ORD_002913,CUST_00763,2025-11-01 05:00:00,CANCELLED
ORD_002914,CUST_01366,2025-03-26 05:00:00,COMPLETED
ORD_002915,CUST_00593,2025-03-24 16:00:00,CANCELLED
ORD_002916,CUST_01946,2026-03-14 07:00:00,COMPLETED
ORD_002917,CUST_01588,2025-04-11 16:00:00,COMPLETED
ORD_002918,CUST_01565,2026-01-05 02:00:00,CANCELLED
ORD_002919,CUST_00662,2025-04-11 16:00:00,COMPLETED
ORD_002920,CUST_00760,2025-06-16 05:00:00,COMPLETED
ORD_002921,CUST_00631,2026-01-05 05:00:00,COMPLETED
ORD_002922,CUST_01751,2025-04-22 10:00:00,COMPLETED
ORD_002923,CUST_01344,2025-11-04 00:00:00,COMPLETED
ORD_002924,CUST_00412,2025-07-17 04:00:00,COMPLETED
ORD_002925,CUST_00147,2025-09-06 21:00:00,COMPLETED
ORD_002926,CUST_00674,2025-01-15 18:00:00,COMPLETED
ORD_002927,CUST_00219,2026-03-18 22:00:00,COMPLETED
ORD_002928,CUST_00133,2025-05-30 01:00:00,COMPLETED
ORD_002929,CUST_01184,2026-03-26 23:00:00,COMPLETED
ORD_002930,CUST_01841,2025-12-18 03:00:00,REFUNDED
ORD_002931,CUST_00055,2025-05-23 09:00:00,COMPLETED
ORD_002932,CUST_00276,2025-02-08 05:00:00,COMPLETED
ORD_002933,CUST_00759,2025-06-09 10:00:00,COMPLETED
ORD_002934,CUST_00978,2025-03-24 05:00:00,COMPLETED
ORD_002935,CUST_00496,2025-10-30 04:00:00,COMPLETED
ORD_002936,CUST_00805,2025-05-09 11:00:00,COMPLETED
ORD_002937,CUST_01167,2025-07-18 14:00:00,COMPLETED
ORD_002938,CUST_00106,2025-12-12 00:00:00,COMPLETED
ORD_002939,CUST_00067,2025-09-25 21:00:00,COMPLETED
ORD_002940,CUST_01743,2026-02-26 20:00:00,COMPLETED
ORD_002941,CUST_00354,2025-10-18 07:00:00,COMPLETED
ORD_002942,CUST_01956,2025-10-22 22:00:00,COMPLETED
ORD_002943,CUST_00619,2025-04-27 22:00:00,CANCELLED
ORD_002944,CUST_00328,2025-11-26 11:00:00,COMPLETED
ORD_002945,CUST_01730,2025-01-18 08:00:00,COMPLETED
ORD_002946,CUST_01569,2025-08-01 05:00:00,COMPLETED
ORD_002947,CUST_00876,2025-12-22 19:00:00,COMPLETED
ORD_002948,CUST_01973,2025-12-21 06:00:00,COMPLETED
ORD_002949,CUST_00489,2025-04-11 20:00:00,COMPLETED
ORD_002950,CUST_01509,2025-08-24 08:00:00,COMPLETED
ORD_002951,CUST_01633,2025-02-27 11:00:00,COMPLETED
ORD_002952,CUST_01122,2025-04-11 10:00:00,REFUNDED
ORD_002953,CUST_01340,2025-10-11 23:00:00,COMPLETED
ORD_002954,CUST_00632,2026-03-19 07:00:00,COMPLETED
ORD_002955,CUST_00849,2025-04-17 22:00:00,CANCELLED
ORD_002956,CUST_00248,2025-09-25 14:00:00,COMPLETED
ORD_002957,CUST_00819,2025-09-18 20:00:00,COMPLETED
ORD_002958,CUST_01927,2025-10-26 11:00:00,REFUNDED
ORD_002959,CUST_00626,2026-02-08 19:00:00,COMPLETED
ORD_002960,CUST_01529,2025-02-10 23:00:00,COMPLETED
ORD_002961,CUST_01142,2026-02-17 19:00:00,COMPLETED
ORD_002962,CUST_01223,2025-01-12 10:00:00,COMPLETED
ORD_002963,CUST_00541,2025-05-05 01:00:00,COMPLETED
ORD_002964,CUST_00284,2025-10-24 20:00:00,COMPLETED
ORD_002965,CUST_01585,2026-01-17 08:00:00,COMPLETED
ORD_002966,CUST_00171,2025-06-24 17:00:00,COMPLETED
ORD_002967,CUST_00551,2025-09-04 11:00:00,COMPLETED
ORD_002968,CUST_01655,2025-10-20 11:00:00,REFUNDED
ORD_002969,CUST_00630,2025-01-31 16:00:00,COMPLETED
ORD_002970,CUST_00878,2025-12-25 05:00:00,COMPLETED
ORD_002971,CUST_01548,2025-06-26 15:00:00,COMPLETED
ORD_002972,CUST_01756,2025-03-08 07:00:00,CANCELLED
ORD_002973,CUST_01071,2025-04-04 23:00:00,CANCELLED
ORD_002974,CUST_00309,2025-12-24 21:00:00,COMPLETED
ORD_002975,CUST_01060,2025-04-08 00:00:00,COMPLETED
ORD_002976,CUST_01440,2025-01-03 15:00:00,COMPLETED
ORD_002977,CUST_01250,2025-01-03 17:00:00,COMPLETED
ORD_002978,CUST_00121,2025-08-04 02:00:00,CANCELLED
ORD_002979,CUST_00213,2025-10-13 13:00:00,COMPLETED
ORD_002980,CUST_01704,2025-11-05 09:00:00,COMPLETED
ORD_002981,CUST_01162,2025-09-15 09:00:00,COMPLETED
ORD_002982,CUST_01705,2025-07-21 21:00:00,COMPLETED
ORD_002983,CUST_00622,2025-08-22 09:00:00,CANCELLED
ORD_002984,CUST_00063,2025-08-27 23:00:00,REFUNDED
ORD_002985,CUST_01599,2025-11-19 11:00:00,CANCELLED
ORD_002986,CUST_00268,2025-03-28 23:00:00,COMPLETED
ORD_002987,CUST_00695,2025-11-14 03:00:00,COMPLETED
ORD_002988,CUST_00741,2025-05-18 17:00:00,CANCELLED
ORD_002989,CUST_00460,2025-05-08 23:00:00,COMPLETED
ORD_002990,CUST_00696,2025-07-07 20:00:00,COMPLETED
ORD_002991,CUST_00112,2025-07-14 11:00:00,COMPLETED
ORD_002992,CUST_00413,2025-01-22 17:00:00,COMPLETED
ORD_002993,CUST_01340,2025-11-23 12:00:00,COMPLETED
ORD_002994,CUST_01866,2025-10-20 04:00:00,COMPLETED
ORD_002995,CUST_00667,2025-12-07 04:00:00,COMPLETED
ORD_002996,CUST_01290,2025-08-23 21:00:00,COMPLETED
ORD_002997,CUST_01016,2025-01-01 23:00:00,CANCELLED
ORD_002998,CUST_00061,2025-03-30 10:00:00,COMPLETED
ORD_002999,CUST_00057,2026-02-24 04:00:00,COMPLETED
ORD_003000,CUST_01612,2025-12-13 21:00:00,COMPLETED
ORD_003001,CUST_00633,2025-07-08 20:00:00,COMPLETED
ORD_003002,CUST_01746,2025-12-09 22:00:00,COMPLETED
ORD_003003,CUST_01433,2025-05-16 20:00:00,COMPLETED
ORD_003004,CUST_01017,2025-02-22 03:00:00,CANCELLED
ORD_003005,CUST_01172,2026-01-17 21:00:00,COMPLETED
ORD_003006,CUST_01766,2025-02-01 11:00:00,COMPLETED
ORD_003007,CUST_01261,2025-07-01 23:00:00,COMPLETED
ORD_003008,CUST_00903,2025-07-30 05:00:00,COMPLETED
ORD_003009,CUST_00424,2025-12-01 09:00:00,COMPLETED
ORD_003010,CUST_00519,2025-02-06 04:00:00,COMPLETED
ORD_003011,CUST_01580,2025-08-05 21:00:00,COMPLETED
ORD_003012,CUST_00590,2025-07-28 14:00:00,COMPLETED
ORD_003013,CUST_00264,2025-08-04 20:00:00,COMPLETED
ORD_003014,CUST_00362,2025-09-17 00:00:00,COMPLETED
ORD_003015,CUST_01408,2026-02-07 20:00:00,CANCELLED
ORD_003016,CUST_00947,2025-10-19 08:00:00,COMPLETED
ORD_003017,CUST_00978,2025-01-26 23:00:00,COMPLETED
ORD_003018,CUST_00507,2025-06-10 18:00:00,COMPLETED
ORD_003019,CUST_01558,2025-07-25 09:00:00,REFUNDED
ORD_003020,CUST_00547,2025-09-05 01:00:00,COMPLETED
ORD_003021,CUST_00782,2025-05-08 06:00:00,COMPLETED
ORD_003022,CUST_01589,2025-08-06 08:00:00,COMPLETED
ORD_003023,CUST_00491,2025-03-29 09:00:00,COMPLETED
ORD_003024,CUST_00613,2026-03-08 10:00:00,COMPLETED
ORD_003025,CUST_00565,2026-01-24 06:00:00,COMPLETED
ORD_003026,CUST_00106,2026-01-02 04:00:00,COMPLETED
ORD_003027,CUST_00870,2025-01-13 13:00:00,CANCELLED
ORD_003028,CUST_00774,2025-06-13 08:00:00,COMPLETED
ORD_003029,CUST_01065,2026-03-12 23:00:00,REFUNDED
ORD_003030,CUST_01023,2026-01-11 07:00:00,COMPLETED
ORD_003031,CUST_00272,2025-03-13 13:00:00,COMPLETED
ORD_003032,CUST_00596,2025-11-21 02:00:00,COMPLETED
ORD_003033,CUST_00869,2025-06-01 07:00:00,COMPLETED
ORD_003034,CUST_01921,2025-06-02 01:00:00,COMPLETED
ORD_003035,CUST_01344,2025-12-23 21:00:00,COMPLETED
ORD_003036,CUST_00729,2026-03-07 06:00:00,COMPLETED
ORD_003037,CUST_00731,2025-09-02 02:00:00,COMPLETED
ORD_003038,CUST_00416,2025-06-26 04:00:00,COMPLETED
ORD_003039,CUST_00926,2026-03-08 22:00:00,COMPLETED
ORD_003040,CUST_00456,2025-05-17 06:00:00,COMPLETED
ORD_003041,CUST_01772,2026-02-11 03:00:00,COMPLETED
ORD_003042,CUST_01996,2025-01-23 19:00:00,COMPLETED
ORD_003043,CUST_00704,2025-02-03 10:00:00,COMPLETED
ORD_003044,CUST_01304,2025-12-13 13:00:00,COMPLETED
ORD_003045,CUST_00581,2025-10-01 07:00:00,COMPLETED
ORD_003046,CUST_01609,2025-11-30 00:00:00,COMPLETED
ORD_003047,CUST_00042,2025-11-13 23:00:00,COMPLETED
ORD_003048,CUST_00202,2025-07-06 07:00:00,COMPLETED
ORD_003049,CUST_00243,2026-01-08 02:00:00,COMPLETED
ORD_003050,CUST_01772,2026-01-18 05:00:00,COMPLETED
ORD_003051,CUST_00509,2025-03-25 11:00:00,COMPLETED
ORD_003052,CUST_00936,2025-03-25 23:00:00,COMPLETED
ORD_003053,CUST_01720,2026-03-17 12:00:00,COMPLETED
ORD_003054,CUST_00507,2025-05-22 18:00:00,COMPLETED
ORD_003055,CUST_01956,2025-08-16 09:00:00,COMPLETED
ORD_003056,CUST_01463,2025-08-13 17:00:00,CANCELLED
ORD_003057,CUST_01207,2025-08-26 01:00:00,COMPLETED
ORD_003058,CUST_00088,2025-08-11 14:00:00,COMPLETED
ORD_003059,CUST_01512,2025-11-30 20:00:00,COMPLETED
ORD_003060,CUST_00121,2025-12-09 12:00:00,COMPLETED
ORD_003061,CUST_01668,2025-05-29 09:00:00,COMPLETED
ORD_003062,CUST_01229,2025-03-25 16:00:00,CANCELLED
ORD_003063,CUST_01973,2025-07-31 20:00:00,CANCELLED
ORD_003064,CUST_00446,2026-03-21 07:00:00,COMPLETED
ORD_003065,CUST_01685,2025-01-19 14:00:00,CANCELLED
ORD_003066,CUST_01487,2025-12-04 23:00:00,COMPLETED
ORD_003067,CUST_00938,2025-01-16 14:00:00,COMPLETED
ORD_003068,CUST_00881,2025-09-26 02:00:00,CANCELLED
ORD_003069,CUST_00287,2026-01-12 01:00:00,COMPLETED
ORD_003070,CUST_01905,2026-01-10 02:00:00,COMPLETED
ORD_003071,CUST_00722,2026-01-11 01:00:00,COMPLETED
ORD_003072,CUST_01877,2025-02-25 04:00:00,COMPLETED
ORD_003073,CUST_01589,2025-05-31 09:00:00,COMPLETED
ORD_003074,CUST_01414,2025-09-26 00:00:00,COMPLETED
ORD_003075,CUST_00594,2025-07-10 12:00:00,COMPLETED
ORD_003076,CUST_00249,2025-11-07 20:00:00,COMPLETED
ORD_003077,CUST_00789,2025-06-02 04:00:00,COMPLETED
ORD_003078,CUST_00114,2025-02-23 03:00:00,COMPLETED
ORD_003079,CUST_00264,2026-01-14 16:00:00,COMPLETED
ORD_003080,CUST_00118,2025-09-04 09:00:00,COMPLETED
ORD_003081,CUST_01651,2026-01-02 18:00:00,CANCELLED
ORD_003082,CUST_01500,2025-12-01 00:00:00,COMPLETED
ORD_003083,CUST_01958,2025-01-14 08:00:00,COMPLETED
ORD_003084,CUST_01554,2025-05-12 18:00:00,COMPLETED
ORD_003085,CUST_00595,2025-02-05 01:00:00,COMPLETED
ORD_003086,CUST_01348,2025-12-03 23:00:00,COMPLETED
ORD_003087,CUST_01195,2025-02-01 14:00:00,COMPLETED
ORD_003088,CUST_01869,2025-03-28 22:00:00,COMPLETED
ORD_003089,CUST_00518,2025-04-09 22:00:00,COMPLETED
ORD_003090,CUST_00535,2025-02-06 23:00:00,CANCELLED
ORD_003091,CUST_00310,2026-03-07 09:00:00,COMPLETED
ORD_003092,CUST_01114,2025-10-19 05:00:00,COMPLETED
ORD_003093,CUST_00715,2025-01-16 09:00:00,COMPLETED
ORD_003094,CUST_01372,2025-10-19 19:00:00,COMPLETED
ORD_003095,CUST_00486,2025-04-17 00:00:00,COMPLETED
ORD_003096,CUST_00182,2026-01-01 13:00:00,COMPLETED
ORD_003097,CUST_01703,2025-05-29 01:00:00,CANCELLED
ORD_003098,CUST_01184,2025-05-16 02:00:00,COMPLETED
ORD_003099,CUST_00530,2025-03-08 02:00:00,COMPLETED
ORD_003100,CUST_00829,2025-01-31 14:00:00,COMPLETED
ORD_003101,CUST_00526,2025-01-21 21:00:00,CANCELLED
ORD_003102,CUST_01853,2026-03-10 08:00:00,CANCELLED
ORD_003103,CUST_00613,2025-12-17 06:00:00,COMPLETED
ORD_003104,CUST_01398,2025-02-08 00:00:00,COMPLETED
ORD_003105,CUST_01792,2026-02-14 11:00:00,COMPLETED
ORD_003106,CUST_01423,2025-07-09 00:00:00,COMPLETED
ORD_003107,CUST_00709,2025-04-22 02:00:00,COMPLETED
ORD_003108,CUST_00913,2025-07-06 23:00:00,COMPLETED
ORD_003109,CUST_01015,2025-09-25 16:00:00,COMPLETED
ORD_003110,CUST_00232,2025-08-22 17:00:00,COMPLETED
ORD_003111,CUST_00898,2025-06-12 01:00:00,COMPLETED
ORD_003112,CUST_00387,2025-07-18 13:00:00,COMPLETED
ORD_003113,CUST_00219,2025-01-08 13:00:00,COMPLETED
ORD_003114,CUST_01420,2025-08-16 11:00:00,REFUNDED
ORD_003115,CUST_00576,2025-11-28 03:00:00,COMPLETED
ORD_003116,CUST_01456,2025-05-17 03:00:00,COMPLETED
ORD_003117,CUST_01318,2025-05-16 16:00:00,COMPLETED
ORD_003118,CUST_00288,2025-04-27 11:00:00,COMPLETED
ORD_003119,CUST_01459,2025-02-06 10:00:00,CANCELLED
ORD_003120,CUST_01059,2025-07-26 00:00:00,COMPLETED
ORD_003121,CUST_00266,2025-10-18 11:00:00,COMPLETED
ORD_003122,CUST_00291,2025-03-03 08:00:00,COMPLETED
ORD_003123,CUST_01366,2026-01-04 04:00:00,COMPLETED
ORD_003124,CUST_01805,2025-08-23 15:00:00,COMPLETED
ORD_003125,CUST_00323,2025-01-27 21:00:00,CANCELLED
ORD_003126,CUST_01200,2025-03-21 02:00:00,REFUNDED
ORD_003127,CUST_00418,2025-06-25 07:00:00,COMPLETED
ORD_003128,CUST_01725,2025-10-04 12:00:00,COMPLETED
ORD_003129,CUST_01829,2025-02-28 03:00:00,COMPLETED
ORD_003130,CUST_00952,2025-06-21 03:00:00,COMPLETED
ORD_003131,CUST_00205,2025-03-02 02:00:00,COMPLETED
ORD_003132,CUST_00818,2025-12-30 13:00:00,COMPLETED
ORD_003133,CUST_01632,2025-03-31 23:00:00,CANCELLED
ORD_003134,CUST_01421,2025-08-30 03:00:00,COMPLETED
ORD_003135,CUST_01533,2025-05-12 06:00:00,COMPLETED
ORD_003136,CUST_00554,2026-01-20 11:00:00,COMPLETED
ORD_003137,CUST_00081,2025-11-12 06:00:00,COMPLETED
ORD_003138,CUST_01457,2025-05-15 03:00:00,COMPLETED
ORD_003139,CUST_00779,2025-01-19 12:00:00,COMPLETED
ORD_003140,CUST_01328,2025-02-23 20:00:00,COMPLETED
ORD_003141,CUST_00199,2026-03-15 13:00:00,REFUNDED
ORD_003142,CUST_00327,2025-06-16 00:00:00,COMPLETED
ORD_003143,CUST_00756,2025-11-20 08:00:00,COMPLETED
ORD_003144,CUST_01010,2025-12-24 15:00:00,COMPLETED
ORD_003145,CUST_01915,2025-04-06 10:00:00,COMPLETED
ORD_003146,CUST_01930,2025-06-28 06:00:00,CANCELLED
ORD_003147,CUST_00701,2025-03-04 22:00:00,CANCELLED
ORD_003148,CUST_01876,2025-01-19 15:00:00,COMPLETED
ORD_003149,CUST_01415,2025-04-13 15:00:00,COMPLETED
ORD_003150,CUST_01610,2025-02-08 05:00:00,COMPLETED
ORD_003151,CUST_01064,2025-03-16 00:00:00,COMPLETED
ORD_003152,CUST_01207,2025-08-13 04:00:00,COMPLETED
ORD_003153,CUST_00076,2025-06-14 23:00:00,COMPLETED
ORD_003154,CUST_01550,2025-01-17 17:00:00,REFUNDED
ORD_003155,CUST_00584,2025-11-28 09:00:00,COMPLETED
ORD_003156,CUST_01273,2025-06-14 23:00:00,COMPLETED
ORD_003157,CUST_01176,2026-01-18 05:00:00,COMPLETED
ORD_003158,CUST_00340,2025-06-03 00:00:00,COMPLETED
ORD_003159,CUST_01893,2025-10-08 16:00:00,COMPLETED
ORD_003160,CUST_01052,2025-08-12 23:00:00,COMPLETED
ORD_003161,CUST_01437,2026-02-10 01:00:00,CANCELLED
ORD_003162,CUST_00270,2026-01-14 19:00:00,COMPLETED
ORD_003163,CUST_01560,2025-08-08 21:00:00,COMPLETED
ORD_003164,CUST_01800,2025-10-31 04:00:00,COMPLETED
ORD_003165,CUST_00981,2025-06-12 07:00:00,COMPLETED
ORD_003166,CUST_01590,2026-02-21 07:00:00,CANCELLED
ORD_003167,CUST_00366,2025-07-28 01:00:00,COMPLETED
ORD_003168,CUST_01250,2025-02-20 21:00:00,COMPLETED
ORD_003169,CUST_00637,2025-01-08 18:00:00,COMPLETED
ORD_003170,CUST_00530,2026-01-12 20:00:00,COMPLETED
ORD_003171,CUST_01822,2025-11-10 18:00:00,COMPLETED
ORD_003172,CUST_00459,2025-05-02 02:00:00,COMPLETED
ORD_003173,CUST_01278,2026-03-03 18:00:00,COMPLETED
ORD_003174,CUST_01761,2025-02-20 22:00:00,COMPLETED
ORD_003175,CUST_00388,2026-03-05 08:00:00,CANCELLED
ORD_003176,CUST_01576,2026-01-31 01:00:00,COMPLETED
ORD_003177,CUST_01431,2025-01-14 19:00:00,COMPLETED
ORD_003178,CUST_01041,2025-11-09 21:00:00,COMPLETED
ORD_003179,CUST_00432,2025-09-16 03:00:00,COMPLETED
ORD_003180,CUST_00837,2025-03-26 23:00:00,COMPLETED
ORD_003181,CUST_01493,2026-03-18 19:00:00,COMPLETED
ORD_003182,CUST_00375,2025-08-20 22:00:00,COMPLETED
ORD_003183,CUST_01650,2025-02-26 18:00:00,COMPLETED
ORD_003184,CUST_00690,2025-03-11 21:00:00,CANCELLED
ORD_003185,CUST_00083,2025-12-25 20:00:00,CANCELLED
ORD_003186,CUST_00276,2025-04-05 16:00:00,COMPLETED
ORD_003187,CUST_00003,2025-09-24 14:00:00,COMPLETED
ORD_003188,CUST_00883,2026-03-16 09:00:00,COMPLETED
ORD_003189,CUST_00331,2026-01-11 02:00:00,COMPLETED
ORD_003190,CUST_00515,2025-06-21 22:00:00,COMPLETED
ORD_003191,CUST_01789,2025-10-30 08:00:00,COMPLETED
ORD_003192,CUST_01254,2025-11-15 04:00:00,COMPLETED
ORD_003193,CUST_01908,2026-02-14 11:00:00,COMPLETED
ORD_003194,CUST_01394,2025-05-16 20:00:00,REFUNDED
ORD_003195,CUST_00771,2025-04-09 09:00:00,COMPLETED
ORD_003196,CUST_01755,2025-12-29 10:00:00,COMPLETED
ORD_003197,CUST_01333,2026-02-25 01:00:00,CANCELLED
ORD_003198,CUST_00766,2025-03-18 12:00:00,CANCELLED
ORD_003199,CUST_01581,2025-08-07 08:00:00,COMPLETED
ORD_003200,CUST_01663,2025-11-27 05:00:00,COMPLETED
ORD_003201,CUST_00434,2025-09-03 07:00:00,COMPLETED
ORD_003202,CUST_00994,2025-09-30 22:00:00,COMPLETED
ORD_003203,CUST_00723,2025-08-10 20:00:00,COMPLETED
ORD_003204,CUST_00713,2025-11-01 12:00:00,COMPLETED
ORD_003205,CUST_00498,2026-03-07 13:00:00,COMPLETED
ORD_003206,CUST_01940,2025-05-23 17:00:00,COMPLETED
ORD_003207,CUST_00713,2025-02-02 02:00:00,COMPLETED
ORD_003208,CUST_00009,2025-01-20 10:00:00,COMPLETED
ORD_003209,CUST_01136,2025-02-05 05:00:00,COMPLETED
ORD_003210,CUST_00390,2025-10-17 20:00:00,COMPLETED
ORD_003211,CUST_01113,2026-01-09 04:00:00,COMPLETED
ORD_003212,CUST_00444,2025-12-24 14:00:00,COMPLETED
ORD_003213,CUST_01331,2025-03-17 08:00:00,COMPLETED
ORD_003214,CUST_01137,2025-04-07 00:00:00,COMPLETED
ORD_003215,CUST_00723,2026-01-12 13:00:00,COMPLETED
ORD_003216,CUST_00953,2025-09-10 15:00:00,COMPLETED
ORD_003217,CUST_00420,2025-09-12 19:00:00,COMPLETED
ORD_003218,CUST_00466,2025-09-22 07:00:00,COMPLETED
ORD_003219,CUST_00899,2025-12-06 12:00:00,COMPLETED
ORD_003220,CUST_01660,2025-08-22 14:00:00,CANCELLED
ORD_003221,CUST_00456,2025-09-17 02:00:00,REFUNDED
ORD_003222,CUST_01965,2025-01-06 15:00:00,COMPLETED
ORD_003223,CUST_01225,2025-01-02 16:00:00,COMPLETED
ORD_003224,CUST_01978,2025-12-20 04:00:00,COMPLETED
ORD_003225,CUST_01779,2025-05-09 01:00:00,CANCELLED
ORD_003226,CUST_00551,2025-09-15 19:00:00,COMPLETED
ORD_003227,CUST_00172,2026-02-10 07:00:00,COMPLETED
ORD_003228,CUST_00623,2025-11-21 11:00:00,COMPLETED
ORD_003229,CUST_00680,2025-02-12 22:00:00,COMPLETED
ORD_003230,CUST_01788,2025-12-22 07:00:00,COMPLETED
ORD_003231,CUST_01535,2025-04-08 23:00:00,COMPLETED
ORD_003232,CUST_01369,2026-01-26 03:00:00,COMPLETED
ORD_003233,CUST_00908,2025-07-01 14:00:00,COMPLETED
ORD_003234,CUST_01825,2025-10-23 05:00:00,COMPLETED
ORD_003235,CUST_00747,2025-01-29 17:00:00,COMPLETED
ORD_003236,CUST_01278,2025-04-03 21:00:00,COMPLETED
ORD_003237,CUST_01791,2025-05-08 13:00:00,REFUNDED
ORD_003238,CUST_00054,2025-07-17 02:00:00,COMPLETED
ORD_003239,CUST_00299,2026-03-01 22:00:00,CANCELLED
ORD_003240,CUST_01089,2025-07-18 20:00:00,COMPLETED
ORD_003241,CUST_00038,2025-03-25 00:00:00,COMPLETED
ORD_003242,CUST_01215,2025-02-12 14:00:00,COMPLETED
ORD_003243,CUST_00945,2026-02-28 04:00:00,COMPLETED
ORD_003244,CUST_00346,2025-10-29 10:00:00,COMPLETED
ORD_003245,CUST_01122,2026-01-11 03:00:00,CANCELLED
ORD_003246,CUST_01257,2025-12-14 04:00:00,COMPLETED
ORD_003247,CUST_00171,2025-07-15 20:00:00,COMPLETED
ORD_003248,CUST_00314,2026-03-08 12:00:00,COMPLETED
ORD_003249,CUST_01507,2025-01-30 21:00:00,COMPLETED
ORD_003250,CUST_01045,2025-10-15 13:00:00,CANCELLED
ORD_003251,CUST_01691,2025-10-28 13:00:00,COMPLETED
ORD_003252,CUST_01951,2026-02-02 03:00:00,COMPLETED
ORD_003253,CUST_00695,2025-02-14 00:00:00,COMPLETED
ORD_003254,CUST_00491,2025-10-11 08:00:00,CANCELLED
ORD_003255,CUST_01992,2025-01-01 21:00:00,COMPLETED
ORD_003256,CUST_01400,2025-05-03 19:00:00,COMPLETED
ORD_003257,CUST_01141,2025-01-14 23:00:00,COMPLETED
ORD_003258,CUST_01545,2025-10-18 05:00:00,COMPLETED
ORD_003259,CUST_00263,2025-12-04 20:00:00,COMPLETED
ORD_003260,CUST_00420,2025-12-10 15:00:00,CANCELLED
ORD_003261,CUST_01626,2025-07-20 15:00:00,COMPLETED
ORD_003262,CUST_01622,2025-04-21 13:00:00,COMPLETED
ORD_003263,CUST_01814,2025-01-11 16:00:00,COMPLETED
ORD_003264,CUST_01788,2025-08-02 07:00:00,COMPLETED
ORD_003265,CUST_01033,2026-02-16 06:00:00,CANCELLED
ORD_003266,CUST_00930,2025-04-22 18:00:00,COMPLETED
ORD_003267,CUST_00702,2025-11-01 20:00:00,COMPLETED
ORD_003268,CUST_00921,2025-06-27 01:00:00,COMPLETED
ORD_003269,CUST_00891,2025-07-20 12:00:00,COMPLETED
ORD_003270,CUST_01243,2025-12-26 12:00:00,COMPLETED
ORD_003271,CUST_00396,2025-11-26 15:00:00,COMPLETED
ORD_003272,CUST_00394,2025-08-08 00:00:00,CANCELLED
ORD_003273,CUST_01639,2026-02-10 22:00:00,COMPLETED
ORD_003274,CUST_01102,2025-06-24 11:00:00,COMPLETED
ORD_003275,CUST_01077,2025-01-11 16:00:00,COMPLETED
ORD_003276,CUST_01589,2025-11-27 00:00:00,COMPLETED
ORD_003277,CUST_01728,2025-11-29 01:00:00,COMPLETED
ORD_003278,CUST_01772,2025-06-23 01:00:00,COMPLETED
ORD_003279,CUST_00567,2025-12-14 19:00:00,COMPLETED
ORD_003280,CUST_00135,2025-01-28 17:00:00,COMPLETED
ORD_003281,CUST_00673,2025-04-22 01:00:00,CANCELLED
ORD_003282,CUST_00339,2025-08-02 20:00:00,COMPLETED
ORD_003283,CUST_01591,2025-11-15 05:00:00,COMPLETED
ORD_003284,CUST_00560,2025-07-04 01:00:00,COMPLETED
ORD_003285,CUST_01894,2025-12-21 22:00:00,COMPLETED
ORD_003286,CUST_01866,2025-10-30 16:00:00,CANCELLED
ORD_003287,CUST_00095,2026-03-01 01:00:00,COMPLETED
ORD_003288,CUST_01027,2025-06-29 11:00:00,COMPLETED
ORD_003289,CUST_01093,2025-08-09 09:00:00,COMPLETED
ORD_003290,CUST_00988,2025-06-09 02:00:00,COMPLETED
ORD_003291,CUST_00700,2025-10-27 18:00:00,COMPLETED
ORD_003292,CUST_01402,2026-01-19 09:00:00,REFUNDED
ORD_003293,CUST_00970,2026-02-01 02:00:00,CANCELLED
ORD_003294,CUST_00682,2026-03-09 04:00:00,COMPLETED
ORD_003295,CUST_01083,2025-05-14 06:00:00,COMPLETED
ORD_003296,CUST_01899,2025-08-02 02:00:00,CANCELLED
ORD_003297,CUST_00010,2025-07-20 01:00:00,COMPLETED
ORD_003298,CUST_00678,2025-07-10 00:00:00,COMPLETED
ORD_003299,CUST_01507,2025-12-24 05:00:00,CANCELLED
ORD_003300,CUST_00608,2025-11-02 20:00:00,COMPLETED
ORD_003301,CUST_00087,2026-01-20 18:00:00,COMPLETED
ORD_003302,CUST_01238,2025-11-09 01:00:00,COMPLETED
ORD_003303,CUST_01818,2025-08-14 12:00:00,COMPLETED
ORD_003304,CUST_00352,2025-02-17 18:00:00,COMPLETED
ORD_003305,CUST_00497,2025-03-02 20:00:00,COMPLETED
ORD_003306,CUST_00825,2025-09-16 03:00:00,COMPLETED
ORD_003307,CUST_00583,2026-01-15 09:00:00,COMPLETED
ORD_003308,CUST_00787,2025-11-09 17:00:00,CANCELLED
ORD_003309,CUST_00891,2025-04-18 13:00:00,COMPLETED
ORD_003310,CUST_01004,2025-09-10 16:00:00,COMPLETED
ORD_003311,CUST_01911,2025-05-15 19:00:00,COMPLETED
ORD_003312,CUST_00209,2025-01-08 07:00:00,COMPLETED
ORD_003313,CUST_01823,2025-03-10 02:00:00,COMPLETED
ORD_003314,CUST_00577,2025-08-19 14:00:00,COMPLETED
ORD_003315,CUST_01380,2025-05-23 18:00:00,COMPLETED
ORD_003316,CUST_00079,2026-03-03 22:00:00,COMPLETED
ORD_003317,CUST_01587,2025-02-17 03:00:00,COMPLETED
ORD_003318,CUST_01838,2026-01-28 15:00:00,COMPLETED
ORD_003319,CUST_01303,2025-08-11 14:00:00,REFUNDED
ORD_003320,CUST_00541,2025-06-20 11:00:00,COMPLETED
ORD_003321,CUST_01325,2025-01-12 22:00:00,COMPLETED
ORD_003322,CUST_01827,2025-12-08 01:00:00,COMPLETED
ORD_003323,CUST_01364,2025-05-23 06:00:00,COMPLETED
ORD_003324,CUST_01378,2026-02-27 15:00:00,COMPLETED
ORD_003325,CUST_01814,2025-06-23 20:00:00,COMPLETED
ORD_003326,CUST_00293,2026-03-22 06:00:00,COMPLETED
ORD_003327,CUST_00974,2026-01-13 03:00:00,COMPLETED
ORD_003328,CUST_00773,2025-06-20 14:00:00,COMPLETED
ORD_003329,CUST_01325,2025-07-01 20:00:00,CANCELLED
ORD_003330,CUST_01859,2025-12-07 04:00:00,COMPLETED
ORD_003331,CUST_01210,2025-04-01 19:00:00,COMPLETED
ORD_003332,CUST_00403,2025-06-14 01:00:00,COMPLETED
ORD_003333,CUST_01148,2026-01-02 17:00:00,CANCELLED
ORD_003334,CUST_00574,2025-05-07 17:00:00,CANCELLED
ORD_003335,CUST_00852,2025-07-21 01:00:00,COMPLETED
ORD_003336,CUST_01758,2025-04-12 18:00:00,COMPLETED
ORD_003337,CUST_01896,2025-01-31 06:00:00,COMPLETED
ORD_003338,CUST_01505,2025-08-06 15:00:00,COMPLETED
ORD_003339,CUST_00756,2025-05-30 17:00:00,CANCELLED
ORD_003340,CUST_00513,2025-08-08 14:00:00,COMPLETED
ORD_003341,CUST_00068,2026-03-12 11:00:00,COMPLETED
ORD_003342,CUST_01112,2025-07-22 15:00:00,COMPLETED
ORD_003343,CUST_01358,2025-07-08 06:00:00,COMPLETED
ORD_003344,CUST_01345,2026-01-31 10:00:00,COMPLETED
ORD_003345,CUST_01390,2025-02-08 10:00:00,COMPLETED
ORD_003346,CUST_01128,2025-05-08 08:00:00,COMPLETED
ORD_003347,CUST_01472,2025-12-05 22:00:00,COMPLETED
ORD_003348,CUST_01730,2025-09-10 09:00:00,CANCELLED
ORD_003349,CUST_01393,2025-04-14 19:00:00,COMPLETED
ORD_003350,CUST_01672,2025-03-11 15:00:00,COMPLETED
ORD_003351,CUST_00720,2025-01-01 16:00:00,REFUNDED
ORD_003352,CUST_00630,2025-02-23 05:00:00,COMPLETED
ORD_003353,CUST_00542,2025-01-30 14:00:00,COMPLETED
ORD_003354,CUST_00151,2025-10-07 01:00:00,COMPLETED
ORD_003355,CUST_01503,2026-01-26 22:00:00,COMPLETED
ORD_003356,CUST_00110,2025-01-14 06:00:00,COMPLETED
ORD_003357,CUST_01292,2025-09-10 17:00:00,COMPLETED
ORD_003358,CUST_01875,2025-02-15 00:00:00,COMPLETED
ORD_003359,CUST_00916,2025-03-01 00:00:00,COMPLETED
ORD_003360,CUST_00303,2025-05-08 20:00:00,COMPLETED
ORD_003361,CUST_00858,2025-03-15 00:00:00,COMPLETED
ORD_003362,CUST_01900,2025-09-15 04:00:00,REFUNDED
ORD_003363,CUST_01009,2026-03-10 07:00:00,COMPLETED
ORD_003364,CUST_01250,2025-05-12 03:00:00,COMPLETED
ORD_003365,CUST_01307,2026-02-21 12:00:00,COMPLETED
ORD_003366,CUST_00901,2025-01-05 19:00:00,COMPLETED
ORD_003367,CUST_01223,2025-12-17 19:00:00,CANCELLED
ORD_003368,CUST_00635,2025-01-13 18:00:00,COMPLETED
ORD_003369,CUST_00910,2025-08-26 11:00:00,COMPLETED
ORD_003370,CUST_00105,2025-09-08 22:00:00,COMPLETED
ORD_003371,CUST_01935,2025-09-24 17:00:00,COMPLETED
ORD_003372,CUST_00558,2026-02-17 11:00:00,COMPLETED
ORD_003373,CUST_00426,2025-02-28 12:00:00,REFUNDED
ORD_003374,CUST_01688,2025-07-24 02:00:00,COMPLETED
ORD_003375,CUST_00863,2025-10-16 00:00:00,COMPLETED
ORD_003376,CUST_00532,2025-09-13 12:00:00,COMPLETED
ORD_003377,CUST_01352,2025-05-14 09:00:00,COMPLETED
ORD_003378,CUST_01196,2025-05-17 19:00:00,COMPLETED
ORD_003379,CUST_01997,2025-01-25 08:00:00,COMPLETED
ORD_003380,CUST_01853,2025-04-25 18:00:00,COMPLETED
ORD_003381,CUST_00518,2025-05-28 23:00:00,COMPLETED
ORD_003382,CUST_00494,2025-12-10 22:00:00,COMPLETED
ORD_003383,CUST_01873,2025-07-24 22:00:00,COMPLETED
ORD_003384,CUST_01094,2025-02-08 13:00:00,COMPLETED
ORD_003385,CUST_00541,2025-11-28 04:00:00,COMPLETED
ORD_003386,CUST_00006,2025-03-06 22:00:00,CANCELLED
ORD_003387,CUST_00079,2025-03-28 14:00:00,COMPLETED
ORD_003388,CUST_01257,2025-12-20 14:00:00,COMPLETED
ORD_003389,CUST_00402,2025-03-09 13:00:00,COMPLETED
ORD_003390,CUST_00690,2025-02-23 00:00:00,COMPLETED
ORD_003391,CUST_01604,2025-06-24 08:00:00,COMPLETED
ORD_003392,CUST_01677,2026-02-04 20:00:00,COMPLETED
ORD_003393,CUST_00747,2026-02-10 01:00:00,COMPLETED
ORD_003394,CUST_01573,2025-03-28 23:00:00,CANCELLED
ORD_003395,CUST_00357,2025-07-15 00:00:00,COMPLETED
ORD_003396,CUST_00865,2026-01-17 05:00:00,COMPLETED
ORD_003397,CUST_01395,2025-09-25 20:00:00,CANCELLED
ORD_003398,CUST_01179,2025-06-04 13:00:00,COMPLETED
ORD_003399,CUST_01514,2025-07-02 23:00:00,COMPLETED
ORD_003400,CUST_01668,2025-06-19 18:00:00,COMPLETED
ORD_003401,CUST_01547,2025-03-14 02:00:00,COMPLETED
ORD_003402,CUST_01881,2025-12-29 16:00:00,COMPLETED
ORD_003403,CUST_00442,2025-10-28 10:00:00,CANCELLED
ORD_003404,CUST_01939,2025-07-16 17:00:00,COMPLETED
ORD_003405,CUST_01451,2025-09-17 12:00:00,COMPLETED
ORD_003406,CUST_00940,2025-05-09 19:00:00,COMPLETED
ORD_003407,CUST_00417,2025-10-22 06:00:00,COMPLETED
ORD_003408,CUST_00685,2026-03-12 06:00:00,COMPLETED
ORD_003409,CUST_00993,2025-12-09 18:00:00,COMPLETED
ORD_003410,CUST_00282,2025-08-19 08:00:00,CANCELLED
ORD_003411,CUST_00779,2025-06-30 06:00:00,COMPLETED
ORD_003412,CUST_00968,2026-03-25 19:00:00,COMPLETED
ORD_003413,CUST_00370,2025-02-02 17:00:00,CANCELLED
ORD_003414,CUST_00145,2025-01-22 05:00:00,COMPLETED
ORD_003415,CUST_01706,2025-04-30 17:00:00,COMPLETED
ORD_003416,CUST_00010,2025-05-31 17:00:00,COMPLETED
ORD_003417,CUST_01106,2025-08-14 13:00:00,COMPLETED
ORD_003418,CUST_00683,2025-02-13 20:00:00,COMPLETED
ORD_003419,CUST_01320,2025-06-05 09:00:00,COMPLETED
ORD_003420,CUST_01726,2025-05-11 07:00:00,COMPLETED
ORD_003421,CUST_00698,2026-01-10 22:00:00,CANCELLED
ORD_003422,CUST_01174,2026-03-10 07:00:00,CANCELLED
ORD_003423,CUST_00735,2025-12-09 21:00:00,COMPLETED
ORD_003424,CUST_00284,2026-01-29 14:00:00,COMPLETED
ORD_003425,CUST_00610,2025-04-29 12:00:00,COMPLETED
ORD_003426,CUST_00681,2026-01-30 20:00:00,COMPLETED
ORD_003427,CUST_00777,2025-11-27 01:00:00,COMPLETED
ORD_003428,CUST_00040,2025-11-14 01:00:00,COMPLETED
ORD_003429,CUST_01161,2025-09-20 10:00:00,COMPLETED
ORD_003430,CUST_01569,2025-08-13 10:00:00,CANCELLED
ORD_003431,CUST_01709,2025-04-25 23:00:00,COMPLETED
ORD_003432,CUST_01751,2025-08-28 19:00:00,COMPLETED
ORD_003433,CUST_00668,2025-06-06 14:00:00,COMPLETED
ORD_003434,CUST_00983,2025-07-20 06:00:00,COMPLETED
ORD_003435,CUST_01076,2025-02-23 16:00:00,COMPLETED
ORD_003436,CUST_00815,2026-01-02 06:00:00,COMPLETED
ORD_003437,CUST_01212,2025-12-01 08:00:00,COMPLETED
ORD_003438,CUST_01396,2025-04-03 22:00:00,COMPLETED
ORD_003439,CUST_00412,2025-10-21 00:00:00,COMPLETED
ORD_003440,CUST_00405,2025-01-07 05:00:00,COMPLETED
ORD_003441,CUST_01821,2025-05-27 18:00:00,REFUNDED
ORD_003442,CUST_00147,2025-03-26 20:00:00,REFUNDED
ORD_003443,CUST_01821,2025-09-07 17:00:00,COMPLETED
ORD_003444,CUST_00492,2026-02-12 10:00:00,COMPLETED
ORD_003445,CUST_01274,2025-03-22 06:00:00,COMPLETED
ORD_003446,CUST_00677,2025-06-01 12:00:00,COMPLETED
ORD_003447,CUST_00379,2026-01-06 21:00:00,COMPLETED
ORD_003448,CUST_01177,2025-02-10 10:00:00,CANCELLED
ORD_003449,CUST_00647,2025-02-05 05:00:00,COMPLETED
ORD_003450,CUST_01465,2025-02-27 13:00:00,COMPLETED
ORD_003451,CUST_01073,2025-09-09 12:00:00,COMPLETED
ORD_003452,CUST_01234,2026-01-12 00:00:00,COMPLETED
ORD_003453,CUST_01360,2026-02-25 16:00:00,COMPLETED
ORD_003454,CUST_01996,2025-11-08 13:00:00,COMPLETED
ORD_003455,CUST_00888,2025-01-23 02:00:00,CANCELLED
ORD_003456,CUST_01441,2025-01-11 12:00:00,COMPLETED
ORD_003457,CUST_00883,2025-08-07 10:00:00,COMPLETED
ORD_003458,CUST_01931,2025-09-16 19:00:00,COMPLETED
ORD_003459,CUST_01473,2025-08-17 16:00:00,COMPLETED
ORD_003460,CUST_01603,2025-12-13 05:00:00,COMPLETED
ORD_003461,CUST_00853,2025-12-28 09:00:00,COMPLETED
ORD_003462,CUST_00050,2025-03-08 23:00:00,COMPLETED
ORD_003463,CUST_00545,2025-07-09 13:00:00,COMPLETED
ORD_003464,CUST_00755,2025-07-04 17:00:00,COMPLETED
ORD_003465,CUST_01664,2025-03-08 18:00:00,COMPLETED
ORD_003466,CUST_01575,2025-04-22 17:00:00,COMPLETED
ORD_003467,CUST_00496,2026-02-23 10:00:00,COMPLETED
ORD_003468,CUST_00891,2025-05-09 22:00:00,CANCELLED
ORD_003469,CUST_01986,2025-11-23 01:00:00,COMPLETED
ORD_003470,CUST_01568,2025-11-18 21:00:00,COMPLETED
ORD_003471,CUST_01467,2025-06-03 23:00:00,CANCELLED
ORD_003472,CUST_00159,2025-05-31 20:00:00,COMPLETED
ORD_003473,CUST_01736,2025-06-22 00:00:00,COMPLETED
ORD_003474,CUST_00977,2025-12-19 07:00:00,COMPLETED
ORD_003475,CUST_00618,2025-10-22 17:00:00,COMPLETED
ORD_003476,CUST_01901,2025-07-24 06:00:00,COMPLETED
ORD_003477,CUST_00394,2025-09-27 06:00:00,COMPLETED
ORD_003478,CUST_01120,2026-01-18 08:00:00,COMPLETED
ORD_003479,CUST_00165,2025-07-13 12:00:00,COMPLETED
ORD_003480,CUST_01457,2025-11-05 00:00:00,COMPLETED
ORD_003481,CUST_01652,2025-09-25 03:00:00,COMPLETED
ORD_003482,CUST_01807,2025-05-12 09:00:00,COMPLETED
ORD_003483,CUST_00477,2025-11-07 16:00:00,COMPLETED
ORD_003484,CUST_01821,2025-07-20 01:00:00,CANCELLED
ORD_003485,CUST_00917,2025-03-12 19:00:00,COMPLETED
ORD_003486,CUST_00373,2025-12-31 12:00:00,COMPLETED
ORD_003487,CUST_00159,2026-02-11 10:00:00,COMPLETED
ORD_003488,CUST_00716,2025-04-26 05:00:00,COMPLETED
ORD_003489,CUST_00957,2025-12-18 17:00:00,CANCELLED
ORD_003490,CUST_00980,2025-12-30 07:00:00,CANCELLED
ORD_003491,CUST_00603,2026-03-20 02:00:00,COMPLETED
ORD_003492,CUST_00013,2025-06-26 21:00:00,COMPLETED
ORD_003493,CUST_00651,2025-04-14 00:00:00,COMPLETED
ORD_003494,CUST_01945,2025-09-03 00:00:00,COMPLETED
ORD_003495,CUST_01667,2025-08-27 19:00:00,COMPLETED
ORD_003496,CUST_00875,2026-02-13 03:00:00,COMPLETED
ORD_003497,CUST_00244,2025-11-13 01:00:00,COMPLETED
ORD_003498,CUST_00299,2026-02-12 09:00:00,COMPLETED
ORD_003499,CUST_01521,2025-12-28 16:00:00,COMPLETED
ORD_003500,CUST_01449,2025-12-23 15:00:00,COMPLETED
ORD_003501,CUST_00616,2025-09-22 13:00:00,COMPLETED
ORD_003502,CUST_00549,2025-01-12 02:00:00,COMPLETED
ORD_003503,CUST_00979,2025-07-03 01:00:00,COMPLETED
ORD_003504,CUST_00724,2025-09-21 22:00:00,COMPLETED
ORD_003505,CUST_00468,2026-01-27 20:00:00,COMPLETED
ORD_003506,CUST_00128,2026-02-15 07:00:00,COMPLETED
ORD_003507,CUST_00218,2025-05-03 08:00:00,COMPLETED
ORD_003508,CUST_01469,2026-02-19 10:00:00,COMPLETED
ORD_003509,CUST_01007,2025-02-06 05:00:00,COMPLETED
ORD_003510,CUST_00941,2025-11-07 16:00:00,COMPLETED
ORD_003511,CUST_00837,2025-03-18 19:00:00,COMPLETED
ORD_003512,CUST_01418,2025-11-27 23:00:00,COMPLETED
ORD_003513,CUST_01373,2025-05-09 11:00:00,CANCELLED
ORD_003514,CUST_00345,2025-05-20 02:00:00,COMPLETED
ORD_003515,CUST_01266,2025-09-18 06:00:00,COMPLETED
ORD_003516,CUST_00273,2025-04-13 15:00:00,COMPLETED
ORD_003517,CUST_01428,2025-10-14 16:00:00,COMPLETED
ORD_003518,CUST_01153,2025-02-25 09:00:00,COMPLETED
ORD_003519,CUST_01171,2025-11-30 15:00:00,COMPLETED
ORD_003520,CUST_01603,2026-01-21 22:00:00,COMPLETED
ORD_003521,CUST_01795,2025-06-07 04:00:00,COMPLETED
ORD_003522,CUST_01635,2025-06-29 00:00:00,COMPLETED
ORD_003523,CUST_00319,2025-08-23 09:00:00,COMPLETED
ORD_003524,CUST_00629,2025-04-24 16:00:00,COMPLETED
ORD_003525,CUST_01571,2026-03-09 04:00:00,COMPLETED
ORD_003526,CUST_00029,2025-01-24 06:00:00,COMPLETED
ORD_003527,CUST_01398,2025-11-01 11:00:00,REFUNDED
ORD_003528,CUST_00246,2026-02-27 21:00:00,COMPLETED
ORD_003529,CUST_01723,2025-01-31 20:00:00,COMPLETED
ORD_003530,CUST_00278,2025-12-31 01:00:00,COMPLETED
ORD_003531,CUST_01393,2025-08-15 16:00:00,COMPLETED
ORD_003532,CUST_00579,2025-08-08 14:00:00,COMPLETED
ORD_003533,CUST_00547,2025-08-17 10:00:00,COMPLETED
ORD_003534,CUST_01023,2025-06-21 00:00:00,COMPLETED
ORD_003535,CUST_01846,2025-01-18 10:00:00,COMPLETED
ORD_003536,CUST_00703,2025-04-08 23:00:00,REFUNDED
ORD_003537,CUST_00907,2025-06-13 15:00:00,REFUNDED
ORD_003538,CUST_01591,2026-02-12 20:00:00,COMPLETED
ORD_003539,CUST_00143,2025-11-20 12:00:00,COMPLETED
ORD_003540,CUST_01661,2026-01-01 01:00:00,COMPLETED
ORD_003541,CUST_01334,2025-11-30 07:00:00,COMPLETED
ORD_003542,CUST_00221,2025-07-20 14:00:00,CANCELLED
ORD_003543,CUST_01902,2025-04-17 06:00:00,COMPLETED
ORD_003544,CUST_01300,2025-07-19 02:00:00,COMPLETED
ORD_003545,CUST_00760,2025-05-18 05:00:00,COMPLETED
ORD_003546,CUST_00015,2025-05-10 15:00:00,CANCELLED
ORD_003547,CUST_00632,2025-05-24 02:00:00,COMPLETED
ORD_003548,CUST_01097,2025-07-02 02:00:00,COMPLETED
ORD_003549,CUST_01676,2026-03-02 13:00:00,CANCELLED
ORD_003550,CUST_01154,2026-01-12 07:00:00,COMPLETED
ORD_003551,CUST_01784,2025-03-18 19:00:00,REFUNDED
ORD_003552,CUST_00804,2025-06-11 13:00:00,COMPLETED
ORD_003553,CUST_01638,2025-08-01 22:00:00,COMPLETED
ORD_003554,CUST_00621,2025-02-02 20:00:00,CANCELLED
ORD_003555,CUST_00881,2025-05-21 16:00:00,COMPLETED
ORD_003556,CUST_00802,2026-01-29 22:00:00,COMPLETED
ORD_003557,CUST_01842,2025-03-22 22:00:00,COMPLETED
ORD_003558,CUST_01639,2025-05-16 20:00:00,COMPLETED
ORD_003559,CUST_01893,2025-05-04 13:00:00,COMPLETED
ORD_003560,CUST_01504,2025-06-04 17:00:00,COMPLETED
ORD_003561,CUST_00799,2025-06-25 02:00:00,COMPLETED
ORD_003562,CUST_00745,2025-08-16 16:00:00,COMPLETED
ORD_003563,CUST_00948,2025-03-24 22:00:00,COMPLETED
ORD_003564,CUST_00867,2025-08-19 21:00:00,CANCELLED
ORD_003565,CUST_00802,2025-07-05 23:00:00,COMPLETED
ORD_003566,CUST_00504,2025-09-11 15:00:00,CANCELLED
ORD_003567,CUST_01946,2025-04-14 01:00:00,COMPLETED
ORD_003568,CUST_00094,2026-01-26 12:00:00,REFUNDED
ORD_003569,CUST_00706,2025-02-04 08:00:00,CANCELLED
ORD_003570,CUST_00017,2026-03-22 12:00:00,COMPLETED
ORD_003571,CUST_01343,2025-01-16 02:00:00,COMPLETED
ORD_003572,CUST_01857,2025-09-10 21:00:00,COMPLETED
ORD_003573,CUST_01700,2025-05-11 02:00:00,COMPLETED
ORD_003574,CUST_00280,2025-11-01 12:00:00,CANCELLED
ORD_003575,CUST_00872,2025-06-06 00:00:00,COMPLETED
ORD_003576,CUST_00660,2026-01-07 01:00:00,COMPLETED
ORD_003577,CUST_00642,2025-02-01 23:00:00,COMPLETED
ORD_003578,CUST_00371,2025-10-29 04:00:00,COMPLETED
ORD_003579,CUST_00983,2025-06-17 13:00:00,COMPLETED
ORD_003580,CUST_00125,2025-12-13 16:00:00,COMPLETED
ORD_003581,CUST_01147,2026-02-09 06:00:00,COMPLETED
ORD_003582,CUST_01075,2026-03-11 21:00:00,COMPLETED
ORD_003583,CUST_00991,2025-06-18 19:00:00,CANCELLED
ORD_003584,CUST_00269,2025-12-02 13:00:00,COMPLETED
ORD_003585,CUST_01117,2026-03-01 04:00:00,COMPLETED
ORD_003586,CUST_00976,2025-08-17 16:00:00,COMPLETED
ORD_003587,CUST_00288,2025-05-08 20:00:00,CANCELLED
ORD_003588,CUST_00722,2026-02-18 17:00:00,COMPLETED
ORD_003589,CUST_01481,2025-08-31 15:00:00,COMPLETED
ORD_003590,CUST_00284,2025-09-03 12:00:00,COMPLETED
ORD_003591,CUST_00010,2025-06-18 08:00:00,COMPLETED
ORD_003592,CUST_00155,2025-01-01 04:00:00,COMPLETED
ORD_003593,CUST_01400,2025-04-25 09:00:00,COMPLETED
ORD_003594,CUST_00724,2025-08-30 03:00:00,COMPLETED
ORD_003595,CUST_00082,2025-05-25 11:00:00,COMPLETED
ORD_003596,CUST_01781,2025-02-28 06:00:00,COMPLETED
ORD_003597,CUST_00341,2025-08-20 08:00:00,COMPLETED
ORD_003598,CUST_01654,2025-12-04 00:00:00,COMPLETED
ORD_003599,CUST_00935,2026-02-04 04:00:00,COMPLETED
ORD_003600,CUST_01359,2025-09-30 20:00:00,COMPLETED
ORD_003601,CUST_01291,2026-02-05 05:00:00,COMPLETED
ORD_003602,CUST_00864,2025-08-03 11:00:00,REFUNDED
ORD_003603,CUST_01372,2026-02-13 20:00:00,COMPLETED
ORD_003604,CUST_00070,2026-01-31 13:00:00,COMPLETED
ORD_003605,CUST_00760,2025-06-25 05:00:00,COMPLETED
ORD_003606,CUST_00958,2025-10-19 07:00:00,COMPLETED
ORD_003607,CUST_00611,2025-12-08 12:00:00,COMPLETED
ORD_003608,CUST_01722,2025-09-03 11:00:00,COMPLETED
ORD_003609,CUST_00864,2025-07-18 05:00:00,COMPLETED
ORD_003610,CUST_01169,2025-08-21 11:00:00,COMPLETED
ORD_003611,CUST_00492,2026-01-25 08:00:00,COMPLETED
ORD_003612,CUST_01601,2025-06-24 21:00:00,COMPLETED
ORD_003613,CUST_00176,2026-02-27 08:00:00,COMPLETED
ORD_003614,CUST_00495,2025-01-08 07:00:00,CANCELLED
ORD_003615,CUST_00388,2026-02-03 09:00:00,COMPLETED
ORD_003616,CUST_01088,2025-10-27 20:00:00,COMPLETED
ORD_003617,CUST_00380,2025-09-19 18:00:00,CANCELLED
ORD_003618,CUST_01134,2025-05-07 19:00:00,COMPLETED
ORD_003619,CUST_01796,2025-08-18 11:00:00,COMPLETED
ORD_003620,CUST_00484,2025-11-14 11:00:00,COMPLETED
ORD_003621,CUST_00040,2025-06-18 07:00:00,COMPLETED
ORD_003622,CUST_00158,2025-07-24 21:00:00,CANCELLED
ORD_003623,CUST_01844,2025-06-02 20:00:00,COMPLETED
ORD_003624,CUST_01602,2025-03-28 05:00:00,COMPLETED
ORD_003625,CUST_01017,2025-12-18 01:00:00,COMPLETED
ORD_003626,CUST_01338,2026-03-15 18:00:00,COMPLETED
ORD_003627,CUST_00801,2025-05-15 14:00:00,COMPLETED
ORD_003628,CUST_00504,2025-01-18 10:00:00,COMPLETED
ORD_003629,CUST_01064,2025-05-12 08:00:00,COMPLETED
ORD_003630,CUST_00687,2025-09-11 12:00:00,CANCELLED
ORD_003631,CUST_00997,2025-07-03 16:00:00,COMPLETED
ORD_003632,CUST_00744,2026-03-25 22:00:00,COMPLETED
ORD_003633,CUST_01394,2025-12-24 06:00:00,COMPLETED
ORD_003634,CUST_00711,2025-11-09 21:00:00,COMPLETED
ORD_003635,CUST_01140,2026-01-28 22:00:00,COMPLETED
ORD_003636,CUST_00209,2026-03-14 00:00:00,REFUNDED
ORD_003637,CUST_00150,2025-02-04 17:00:00,CANCELLED
ORD_003638,CUST_00386,2026-01-09 20:00:00,COMPLETED
ORD_003639,CUST_01218,2025-08-28 12:00:00,COMPLETED
ORD_003640,CUST_01873,2026-01-31 22:00:00,COMPLETED
ORD_003641,CUST_00693,2026-03-24 19:00:00,COMPLETED
ORD_003642,CUST_01416,2025-03-26 14:00:00,COMPLETED
ORD_003643,CUST_01047,2025-02-01 08:00:00,COMPLETED
ORD_003644,CUST_00635,2026-03-16 07:00:00,COMPLETED
ORD_003645,CUST_01875,2025-09-19 17:00:00,COMPLETED
ORD_003646,CUST_01916,2025-06-19 23:00:00,COMPLETED
ORD_003647,CUST_01760,2025-03-17 16:00:00,COMPLETED
ORD_003648,CUST_00400,2025-08-19 02:00:00,COMPLETED
ORD_003649,CUST_01004,2026-03-12 11:00:00,COMPLETED
ORD_003650,CUST_01426,2026-01-29 22:00:00,COMPLETED
ORD_003651,CUST_00178,2025-09-23 07:00:00,REFUNDED
ORD_003652,CUST_00484,2025-05-19 20:00:00,COMPLETED
ORD_003653,CUST_00699,2025-11-29 08:00:00,COMPLETED
ORD_003654,CUST_00795,2025-04-26 00:00:00,COMPLETED
ORD_003655,CUST_00849,2025-03-09 18:00:00,COMPLETED
ORD_003656,CUST_01236,2025-11-14 22:00:00,COMPLETED
ORD_003657,CUST_01947,2025-12-06 14:00:00,COMPLETED
ORD_003658,CUST_00495,2026-01-03 07:00:00,COMPLETED
ORD_003659,CUST_01975,2025-10-09 10:00:00,COMPLETED
ORD_003660,CUST_01616,2025-06-09 08:00:00,COMPLETED
ORD_003661,CUST_01086,2026-03-23 05:00:00,COMPLETED
ORD_003662,CUST_01612,2026-02-16 08:00:00,COMPLETED
ORD_003663,CUST_00711,2025-02-01 04:00:00,COMPLETED
ORD_003664,CUST_01771,2025-11-12 08:00:00,COMPLETED
ORD_003665,CUST_01075,2026-02-24 17:00:00,COMPLETED
ORD_003666,CUST_01329,2026-01-27 00:00:00,COMPLETED
ORD_003667,CUST_00137,2025-06-04 22:00:00,COMPLETED
ORD_003668,CUST_01307,2025-08-06 16:00:00,COMPLETED
ORD_003669,CUST_01847,2025-09-26 12:00:00,COMPLETED
ORD_003670,CUST_00655,2025-12-26 23:00:00,COMPLETED
ORD_003671,CUST_01366,2025-11-18 19:00:00,COMPLETED
ORD_003672,CUST_01808,2025-12-31 17:00:00,COMPLETED
ORD_003673,CUST_01386,2025-11-22 19:00:00,CANCELLED
ORD_003674,CUST_01201,2025-01-24 17:00:00,COMPLETED
ORD_003675,CUST_01500,2025-12-31 14:00:00,COMPLETED
ORD_003676,CUST_01987,2025-07-25 06:00:00,COMPLETED
ORD_003677,CUST_01550,2026-03-07 08:00:00,COMPLETED
ORD_003678,CUST_01833,2025-12-03 05:00:00,COMPLETED
ORD_003679,CUST_00865,2025-09-07 05:00:00,COMPLETED
ORD_003680,CUST_00528,2025-06-07 14:00:00,CANCELLED
ORD_003681,CUST_00850,2026-02-17 14:00:00,COMPLETED
ORD_003682,CUST_01206,2025-02-23 03:00:00,COMPLETED
ORD_003683,CUST_01268,2025-06-29 14:00:00,COMPLETED
ORD_003684,CUST_00842,2025-10-09 14:00:00,COMPLETED
ORD_003685,CUST_01898,2025-04-10 15:00:00,CANCELLED
ORD_003686,CUST_01184,2026-02-05 17:00:00,COMPLETED
ORD_003687,CUST_00787,2025-02-13 10:00:00,COMPLETED
ORD_003688,CUST_01771,2025-07-28 03:00:00,COMPLETED
ORD_003689,CUST_01872,2026-03-06 12:00:00,REFUNDED
ORD_003690,CUST_00568,2025-03-22 02:00:00,COMPLETED
ORD_003691,CUST_00864,2026-01-15 15:00:00,COMPLETED
ORD_003692,CUST_01721,2025-04-19 12:00:00,COMPLETED
ORD_003693,CUST_01674,2025-08-31 02:00:00,COMPLETED
ORD_003694,CUST_00971,2025-05-01 23:00:00,COMPLETED
ORD_003695,CUST_01180,2025-09-28 23:00:00,CANCELLED
ORD_003696,CUST_00383,2025-09-11 06:00:00,COMPLETED
ORD_003697,CUST_00963,2025-02-02 09:00:00,COMPLETED
ORD_003698,CUST_01454,2025-01-11 22:00:00,COMPLETED
ORD_003699,CUST_01213,2025-11-24 06:00:00,COMPLETED
ORD_003700,CUST_01974,2025-02-08 18:00:00,COMPLETED
ORD_003701,CUST_00181,2025-12-20 03:00:00,CANCELLED
ORD_003702,CUST_01756,2025-07-23 13:00:00,COMPLETED
ORD_003703,CUST_00263,2025-08-01 22:00:00,COMPLETED
ORD_003704,CUST_01977,2025-03-03 13:00:00,COMPLETED
ORD_003705,CUST_01634,2025-03-28 09:00:00,COMPLETED
ORD_003706,CUST_00989,2026-01-18 21:00:00,COMPLETED
ORD_003707,CUST_00155,2025-12-05 12:00:00,COMPLETED
ORD_003708,CUST_01519,2025-11-13 23:00:00,COMPLETED
ORD_003709,CUST_01360,2025-10-07 16:00:00,COMPLETED
ORD_003710,CUST_01994,2026-01-06 18:00:00,COMPLETED
ORD_003711,CUST_00626,2025-11-26 23:00:00,CANCELLED
ORD_003712,CUST_01441,2025-08-09 15:00:00,COMPLETED
ORD_003713,CUST_01353,2026-03-27 12:00:00,COMPLETED
ORD_003714,CUST_00255,2025-03-30 23:00:00,COMPLETED
ORD_003715,CUST_00019,2025-02-08 16:00:00,COMPLETED
ORD_003716,CUST_01081,2025-03-12 05:00:00,COMPLETED
ORD_003717,CUST_01321,2025-06-09 14:00:00,COMPLETED
ORD_003718,CUST_00318,2025-10-19 20:00:00,CANCELLED
ORD_003719,CUST_01831,2025-11-19 05:00:00,COMPLETED
ORD_003720,CUST_00249,2025-03-06 08:00:00,COMPLETED
ORD_003721,CUST_01721,2025-09-10 12:00:00,COMPLETED
ORD_003722,CUST_00731,2025-11-30 17:00:00,COMPLETED
ORD_003723,CUST_00151,2025-08-05 14:00:00,COMPLETED
ORD_003724,CUST_00083,2025-01-22 21:00:00,COMPLETED
ORD_003725,CUST_00549,2025-08-22 03:00:00,COMPLETED
ORD_003726,CUST_00704,2025-07-20 14:00:00,COMPLETED
ORD_003727,CUST_01594,2025-02-17 20:00:00,COMPLETED
ORD_003728,CUST_00344,2025-05-18 16:00:00,COMPLETED
ORD_003729,CUST_00610,2025-12-07 18:00:00,COMPLETED
ORD_003730,CUST_01973,2025-07-03 14:00:00,COMPLETED
ORD_003731,CUST_00542,2025-11-09 04:00:00,COMPLETED
ORD_003732,CUST_01378,2025-06-20 14:00:00,COMPLETED
ORD_003733,CUST_00302,2025-10-02 11:00:00,COMPLETED
ORD_003734,CUST_00188,2025-12-21 05:00:00,COMPLETED
ORD_003735,CUST_00674,2025-04-09 10:00:00,CANCELLED
ORD_003736,CUST_00817,2025-03-19 19:00:00,COMPLETED
ORD_003737,CUST_01265,2025-09-15 01:00:00,COMPLETED
ORD_003738,CUST_00472,2025-01-14 19:00:00,COMPLETED
ORD_003739,CUST_00425,2025-04-07 09:00:00,COMPLETED
ORD_003740,CUST_01357,2026-01-24 02:00:00,COMPLETED
ORD_003741,CUST_00073,2025-04-25 14:00:00,COMPLETED
ORD_003742,CUST_00312,2025-05-03 08:00:00,COMPLETED
ORD_003743,CUST_00378,2025-06-24 08:00:00,COMPLETED
ORD_003744,CUST_00263,2025-03-07 09:00:00,COMPLETED
ORD_003745,CUST_00257,2025-09-02 03:00:00,COMPLETED
ORD_003746,CUST_00482,2025-02-03 11:00:00,COMPLETED
ORD_003747,CUST_01077,2026-03-25 10:00:00,COMPLETED
ORD_003748,CUST_01909,2025-09-23 05:00:00,COMPLETED
ORD_003749,CUST_00029,2026-03-16 05:00:00,CANCELLED
ORD_003750,CUST_00108,2025-02-03 17:00:00,COMPLETED
ORD_003751,CUST_00990,2025-02-27 18:00:00,COMPLETED
ORD_003752,CUST_00627,2025-06-20 02:00:00,COMPLETED
ORD_003753,CUST_01711,2025-08-16 02:00:00,COMPLETED
ORD_003754,CUST_01514,2026-02-05 19:00:00,COMPLETED
ORD_003755,CUST_01677,2025-01-01 14:00:00,COMPLETED
ORD_003756,CUST_00132,2026-02-26 00:00:00,CANCELLED
ORD_003757,CUST_00548,2025-08-11 14:00:00,COMPLETED
ORD_003758,CUST_00320,2025-08-30 20:00:00,COMPLETED
ORD_003759,CUST_00283,2025-08-07 21:00:00,COMPLETED
ORD_003760,CUST_00567,2025-11-07 06:00:00,COMPLETED
ORD_003761,CUST_00596,2026-02-28 03:00:00,COMPLETED
ORD_003762,CUST_01507,2025-04-18 03:00:00,COMPLETED
ORD_003763,CUST_00694,2026-02-11 12:00:00,COMPLETED
ORD_003764,CUST_00976,2026-03-19 09:00:00,COMPLETED
ORD_003765,CUST_00739,2025-06-10 07:00:00,COMPLETED
ORD_003766,CUST_01520,2025-10-11 06:00:00,CANCELLED
ORD_003767,CUST_01492,2025-04-09 12:00:00,COMPLETED
ORD_003768,CUST_00425,2025-06-01 05:00:00,COMPLETED
ORD_003769,CUST_01735,2025-06-28 10:00:00,COMPLETED
ORD_003770,CUST_01884,2025-01-05 07:00:00,COMPLETED
ORD_003771,CUST_01031,2025-07-04 07:00:00,REFUNDED
ORD_003772,CUST_01710,2025-05-05 22:00:00,COMPLETED
ORD_003773,CUST_01280,2026-01-13 23:00:00,COMPLETED
ORD_003774,CUST_01764,2026-01-06 05:00:00,COMPLETED
ORD_003775,CUST_01217,2026-02-22 23:00:00,COMPLETED
ORD_003776,CUST_00932,2025-02-15 01:00:00,COMPLETED
ORD_003777,CUST_00280,2025-02-21 05:00:00,COMPLETED
ORD_003778,CUST_00540,2025-06-22 09:00:00,REFUNDED
ORD_003779,CUST_00605,2025-12-24 12:00:00,COMPLETED
ORD_003780,CUST_01576,2025-08-19 10:00:00,COMPLETED
ORD_003781,CUST_00173,2026-01-29 19:00:00,COMPLETED
ORD_003782,CUST_01815,2025-02-05 09:00:00,COMPLETED
ORD_003783,CUST_00025,2025-10-24 18:00:00,COMPLETED
ORD_003784,CUST_00969,2025-12-09 19:00:00,COMPLETED
ORD_003785,CUST_01339,2025-07-03 18:00:00,COMPLETED
ORD_003786,CUST_00348,2026-01-26 14:00:00,COMPLETED
ORD_003787,CUST_01356,2025-08-30 01:00:00,COMPLETED
ORD_003788,CUST_01406,2025-04-30 03:00:00,COMPLETED
ORD_003789,CUST_00484,2025-12-26 15:00:00,COMPLETED
ORD_003790,CUST_01858,2025-01-01 11:00:00,COMPLETED
ORD_003791,CUST_01513,2025-08-08 17:00:00,COMPLETED
ORD_003792,CUST_00978,2025-12-03 23:00:00,COMPLETED
ORD_003793,CUST_01260,2025-03-06 11:00:00,COMPLETED
ORD_003794,CUST_00442,2025-10-10 06:00:00,COMPLETED
ORD_003795,CUST_00873,2025-04-06 01:00:00,COMPLETED
ORD_003796,CUST_00687,2025-02-04 08:00:00,COMPLETED
ORD_003797,CUST_00882,2026-02-15 06:00:00,COMPLETED
ORD_003798,CUST_00130,2025-06-18 09:00:00,COMPLETED
ORD_003799,CUST_00255,2025-07-09 12:00:00,COMPLETED
ORD_003800,CUST_00714,2026-02-16 06:00:00,COMPLETED
ORD_003801,CUST_01895,2026-02-07 12:00:00,COMPLETED
ORD_003802,CUST_00676,2026-03-24 15:00:00,COMPLETED
ORD_003803,CUST_00620,2025-11-12 16:00:00,COMPLETED
ORD_003804,CUST_01854,2025-09-21 21:00:00,COMPLETED
ORD_003805,CUST_00577,2026-02-16 07:00:00,COMPLETED
ORD_003806,CUST_01876,2025-08-12 16:00:00,COMPLETED
ORD_003807,CUST_00360,2025-08-10 07:00:00,COMPLETED
ORD_003808,CUST_00780,2025-08-03 20:00:00,COMPLETED
ORD_003809,CUST_00856,2026-03-13 09:00:00,COMPLETED
ORD_003810,CUST_00680,2025-12-09 09:00:00,COMPLETED
ORD_003811,CUST_01367,2026-01-04 09:00:00,COMPLETED
ORD_003812,CUST_01161,2025-10-24 16:00:00,COMPLETED
ORD_003813,CUST_01598,2026-03-25 03:00:00,COMPLETED
ORD_003814,CUST_01155,2025-01-16 21:00:00,COMPLETED
ORD_003815,CUST_01740,2025-07-26 06:00:00,COMPLETED
ORD_003816,CUST_01215,2026-01-20 04:00:00,CANCELLED
ORD_003817,CUST_00359,2026-02-06 13:00:00,COMPLETED
ORD_003818,CUST_01416,2026-03-17 14:00:00,COMPLETED
ORD_003819,CUST_01665,2026-01-25 06:00:00,COMPLETED
ORD_003820,CUST_01924,2025-10-17 04:00:00,COMPLETED
ORD_003821,CUST_00692,2025-11-21 00:00:00,COMPLETED
ORD_003822,CUST_01868,2025-07-13 22:00:00,COMPLETED
ORD_003823,CUST_00197,2026-02-06 00:00:00,COMPLETED
ORD_003824,CUST_01770,2025-05-21 04:00:00,COMPLETED
ORD_003825,CUST_01662,2026-03-21 18:00:00,COMPLETED
ORD_003826,CUST_00446,2025-05-31 04:00:00,CANCELLED
ORD_003827,CUST_00500,2025-11-12 19:00:00,COMPLETED
ORD_003828,CUST_00102,2026-03-19 04:00:00,COMPLETED
ORD_003829,CUST_00316,2026-01-23 02:00:00,COMPLETED
ORD_003830,CUST_01238,2025-02-15 19:00:00,COMPLETED
ORD_003831,CUST_01482,2026-03-01 05:00:00,COMPLETED
ORD_003832,CUST_01945,2025-05-17 14:00:00,COMPLETED
ORD_003833,CUST_01289,2025-05-15 06:00:00,COMPLETED
ORD_003834,CUST_00662,2025-11-25 20:00:00,COMPLETED
ORD_003835,CUST_00362,2025-06-24 01:00:00,COMPLETED
ORD_003836,CUST_00577,2025-08-09 19:00:00,CANCELLED
ORD_003837,CUST_00893,2025-12-06 15:00:00,COMPLETED
ORD_003838,CUST_00378,2025-10-05 05:00:00,COMPLETED
ORD_003839,CUST_01410,2025-01-31 18:00:00,COMPLETED
ORD_003840,CUST_01665,2025-10-24 23:00:00,COMPLETED
ORD_003841,CUST_00140,2025-04-17 16:00:00,COMPLETED
ORD_003842,CUST_00264,2025-09-03 04:00:00,COMPLETED
ORD_003843,CUST_01730,2026-03-24 03:00:00,COMPLETED
ORD_003844,CUST_01730,2025-02-18 04:00:00,COMPLETED
ORD_003845,CUST_00443,2025-01-10 06:00:00,COMPLETED
ORD_003846,CUST_01838,2025-09-19 04:00:00,CANCELLED
ORD_003847,CUST_01378,2026-01-06 18:00:00,COMPLETED
ORD_003848,CUST_00220,2025-11-11 16:00:00,COMPLETED
ORD_003849,CUST_01973,2025-04-09 18:00:00,COMPLETED
ORD_003850,CUST_00694,2026-01-23 19:00:00,COMPLETED
ORD_003851,CUST_00485,2026-03-27 01:00:00,COMPLETED
ORD_003852,CUST_01394,2025-02-23 11:00:00,COMPLETED
ORD_003853,CUST_00726,2025-01-02 21:00:00,COMPLETED
ORD_003854,CUST_00924,2026-02-04 21:00:00,COMPLETED
ORD_003855,CUST_01841,2025-07-08 19:00:00,COMPLETED
ORD_003856,CUST_01898,2025-06-28 09:00:00,COMPLETED
ORD_003857,CUST_01605,2025-09-08 13:00:00,CANCELLED
ORD_003858,CUST_00169,2025-02-10 13:00:00,CANCELLED
ORD_003859,CUST_01479,2025-10-14 01:00:00,COMPLETED
ORD_003860,CUST_00843,2026-01-06 20:00:00,COMPLETED
ORD_003861,CUST_01347,2025-07-18 16:00:00,COMPLETED
ORD_003862,CUST_01967,2025-01-18 07:00:00,COMPLETED
ORD_003863,CUST_00068,2025-01-20 09:00:00,COMPLETED
ORD_003864,CUST_01853,2026-01-08 00:00:00,COMPLETED
ORD_003865,CUST_00784,2025-01-04 10:00:00,COMPLETED
ORD_003866,CUST_01307,2025-12-16 22:00:00,COMPLETED
ORD_003867,CUST_01346,2025-05-19 13:00:00,COMPLETED
ORD_003868,CUST_01197,2025-09-24 00:00:00,COMPLETED
ORD_003869,CUST_00092,2025-02-10 22:00:00,REFUNDED
ORD_003870,CUST_01435,2026-01-29 06:00:00,COMPLETED
ORD_003871,CUST_01669,2025-03-02 08:00:00,COMPLETED
ORD_003872,CUST_00380,2025-04-19 07:00:00,COMPLETED
ORD_003873,CUST_00503,2025-08-02 00:00:00,COMPLETED
ORD_003874,CUST_00432,2025-07-03 15:00:00,COMPLETED
ORD_003875,CUST_00535,2025-05-15 06:00:00,CANCELLED
ORD_003876,CUST_00502,2025-04-06 03:00:00,REFUNDED
ORD_003877,CUST_01648,2026-01-12 03:00:00,COMPLETED
ORD_003878,CUST_01498,2025-03-03 11:00:00,COMPLETED
ORD_003879,CUST_01127,2025-05-17 18:00:00,COMPLETED
ORD_003880,CUST_01589,2025-06-20 19:00:00,COMPLETED
ORD_003881,CUST_01177,2025-11-20 23:00:00,COMPLETED
ORD_003882,CUST_00506,2025-12-02 20:00:00,COMPLETED
ORD_003883,CUST_00313,2025-11-16 04:00:00,COMPLETED
ORD_003884,CUST_01521,2025-10-23 02:00:00,COMPLETED
ORD_003885,CUST_01847,2026-01-24 21:00:00,COMPLETED
ORD_003886,CUST_00015,2025-08-31 19:00:00,COMPLETED
ORD_003887,CUST_00113,2026-01-12 03:00:00,COMPLETED
ORD_003888,CUST_01259,2025-11-02 12:00:00,COMPLETED
ORD_003889,CUST_00331,2026-03-08 19:00:00,COMPLETED
ORD_003890,CUST_01779,2026-02-14 21:00:00,COMPLETED
ORD_003891,CUST_00883,2025-01-25 19:00:00,COMPLETED
ORD_003892,CUST_01436,2026-03-19 02:00:00,COMPLETED
ORD_003893,CUST_00478,2025-05-01 12:00:00,COMPLETED
ORD_003894,CUST_00315,2025-05-30 02:00:00,REFUNDED
ORD_003895,CUST_01018,2025-09-08 20:00:00,COMPLETED
ORD_003896,CUST_01695,2025-08-02 10:00:00,COMPLETED
ORD_003897,CUST_01015,2025-12-25 18:00:00,COMPLETED
ORD_003898,CUST_01766,2025-03-07 00:00:00,CANCELLED
ORD_003899,CUST_00893,2026-03-07 11:00:00,COMPLETED
ORD_003900,CUST_01091,2025-10-21 09:00:00,REFUNDED
ORD_003901,CUST_01338,2025-10-05 20:00:00,COMPLETED
ORD_003902,CUST_00213,2025-04-15 12:00:00,COMPLETED
ORD_003903,CUST_01204,2025-01-13 18:00:00,COMPLETED
ORD_003904,CUST_00437,2025-01-14 02:00:00,COMPLETED
ORD_003905,CUST_01081,2025-08-04 16:00:00,CANCELLED
ORD_003906,CUST_00745,2025-01-07 03:00:00,COMPLETED
ORD_003907,CUST_00079,2026-01-23 02:00:00,COMPLETED
ORD_003908,CUST_00088,2025-06-24 21:00:00,COMPLETED
ORD_003909,CUST_00087,2025-04-21 23:00:00,COMPLETED
ORD_003910,CUST_00120,2025-08-02 00:00:00,COMPLETED
ORD_003911,CUST_00846,2025-11-16 12:00:00,REFUNDED
ORD_003912,CUST_01269,2025-05-30 06:00:00,COMPLETED
ORD_003913,CUST_00282,2025-11-08 09:00:00,COMPLETED
ORD_003914,CUST_01029,2025-07-06 20:00:00,COMPLETED
ORD_003915,CUST_01721,2026-03-09 06:00:00,COMPLETED
ORD_003916,CUST_01291,2025-12-02 08:00:00,COMPLETED
ORD_003917,CUST_00952,2025-11-08 15:00:00,COMPLETED
ORD_003918,CUST_00892,2025-04-17 04:00:00,COMPLETED
ORD_003919,CUST_00662,2025-01-31 00:00:00,COMPLETED
ORD_003920,CUST_00805,2026-03-12 18:00:00,COMPLETED
ORD_003921,CUST_01104,2025-07-31 01:00:00,COMPLETED
ORD_003922,CUST_00242,2025-03-01 11:00:00,COMPLETED
ORD_003923,CUST_00332,2025-04-11 10:00:00,COMPLETED
ORD_003924,CUST_01317,2025-04-14 20:00:00,COMPLETED
ORD_003925,CUST_01928,2026-02-10 00:00:00,COMPLETED
ORD_003926,CUST_01309,2025-07-03 07:00:00,COMPLETED
ORD_003927,CUST_00483,2025-04-02 11:00:00,COMPLETED
ORD_003928,CUST_00549,2025-08-10 23:00:00,COMPLETED
ORD_003929,CUST_00843,2025-03-30 09:00:00,COMPLETED
ORD_003930,CUST_00434,2025-12-13 17:00:00,COMPLETED
ORD_003931,CUST_00368,2025-10-07 23:00:00,COMPLETED
ORD_003932,CUST_00575,2026-03-16 17:00:00,COMPLETED
ORD_003933,CUST_00758,2025-11-28 22:00:00,CANCELLED
ORD_003934,CUST_01298,2026-02-24 17:00:00,COMPLETED
ORD_003935,CUST_01945,2025-01-09 09:00:00,COMPLETED
ORD_003936,CUST_01341,2025-11-02 15:00:00,COMPLETED
ORD_003937,CUST_01712,2025-01-23 08:00:00,COMPLETED
ORD_003938,CUST_01057,2025-07-30 08:00:00,COMPLETED
ORD_003939,CUST_01877,2025-10-10 22:00:00,COMPLETED
ORD_003940,CUST_01543,2025-06-19 10:00:00,COMPLETED
ORD_003941,CUST_00669,2025-07-02 03:00:00,COMPLETED
ORD_003942,CUST_01498,2025-12-16 12:00:00,COMPLETED
ORD_003943,CUST_01470,2025-10-19 23:00:00,COMPLETED
ORD_003944,CUST_00666,2025-04-18 05:00:00,COMPLETED
ORD_003945,CUST_00932,2026-01-03 09:00:00,COMPLETED
ORD_003946,CUST_00991,2025-01-17 10:00:00,COMPLETED
ORD_003947,CUST_00628,2026-01-27 20:00:00,COMPLETED
ORD_003948,CUST_01977,2025-08-19 21:00:00,CANCELLED
ORD_003949,CUST_00136,2026-02-05 09:00:00,CANCELLED
ORD_003950,CUST_01979,2025-02-21 02:00:00,COMPLETED
ORD_003951,CUST_00733,2025-11-24 18:00:00,COMPLETED
ORD_003952,CUST_01576,2025-04-15 11:00:00,CANCELLED
ORD_003953,CUST_01687,2025-04-12 18:00:00,COMPLETED
ORD_003954,CUST_01000,2025-02-20 20:00:00,COMPLETED
ORD_003955,CUST_01138,2025-01-01 07:00:00,COMPLETED
ORD_003956,CUST_00774,2025-09-20 20:00:00,COMPLETED
ORD_003957,CUST_01408,2026-02-02 18:00:00,COMPLETED
ORD_003958,CUST_01133,2025-02-07 22:00:00,CANCELLED
ORD_003959,CUST_01827,2025-07-22 12:00:00,CANCELLED
ORD_003960,CUST_00817,2025-09-12 14:00:00,COMPLETED
ORD_003961,CUST_01579,2025-12-18 00:00:00,COMPLETED
ORD_003962,CUST_00026,2025-11-16 21:00:00,COMPLETED
ORD_003963,CUST_01572,2025-07-04 04:00:00,COMPLETED
ORD_003964,CUST_01282,2025-02-07 16:00:00,COMPLETED
ORD_003965,CUST_01539,2026-03-03 10:00:00,COMPLETED
ORD_003966,CUST_01857,2025-12-13 16:00:00,COMPLETED
ORD_003967,CUST_01411,2026-03-12 12:00:00,COMPLETED
ORD_003968,CUST_00896,2025-09-29 22:00:00,COMPLETED
ORD_003969,CUST_00630,2025-01-22 08:00:00,COMPLETED
ORD_003970,CUST_00365,2025-12-22 06:00:00,COMPLETED
ORD_003971,CUST_01687,2025-11-07 08:00:00,COMPLETED
ORD_003972,CUST_01474,2025-03-15 18:00:00,COMPLETED
ORD_003973,CUST_01032,2025-01-08 01:00:00,COMPLETED
ORD_003974,CUST_01275,2026-02-10 16:00:00,COMPLETED
ORD_003975,CUST_00177,2025-12-13 21:00:00,COMPLETED
ORD_003976,CUST_01128,2025-09-29 18:00:00,COMPLETED
ORD_003977,CUST_00369,2025-03-15 10:00:00,COMPLETED
ORD_003978,CUST_01775,2026-02-01 17:00:00,COMPLETED
ORD_003979,CUST_00653,2026-03-01 20:00:00,COMPLETED
ORD_003980,CUST_01465,2025-06-16 15:00:00,COMPLETED
ORD_003981,CUST_00678,2025-09-21 06:00:00,COMPLETED
ORD_003982,CUST_00960,2025-11-08 22:00:00,COMPLETED
ORD_003983,CUST_01176,2026-02-24 17:00:00,COMPLETED
ORD_003984,CUST_00737,2025-01-24 06:00:00,COMPLETED
ORD_003985,CUST_01441,2025-09-02 00:00:00,COMPLETED
ORD_003986,CUST_00907,2025-04-20 14:00:00,COMPLETED
ORD_003987,CUST_00261,2025-08-30 06:00:00,COMPLETED
ORD_003988,CUST_00970,2026-01-20 02:00:00,COMPLETED
ORD_003989,CUST_00827,2025-03-20 01:00:00,COMPLETED
ORD_003990,CUST_00547,2025-07-08 17:00:00,COMPLETED
ORD_003991,CUST_00570,2026-02-09 17:00:00,COMPLETED
ORD_003992,CUST_01872,2025-07-29 18:00:00,CANCELLED
ORD_003993,CUST_00614,2025-11-25 22:00:00,CANCELLED
ORD_003994,CUST_00115,2025-06-06 16:00:00,REFUNDED
ORD_003995,CUST_01238,2025-07-01 06:00:00,COMPLETED
ORD_003996,CUST_00944,2025-12-21 01:00:00,CANCELLED
ORD_003997,CUST_01091,2025-08-22 08:00:00,COMPLETED
ORD_003998,CUST_00442,2025-09-24 14:00:00,COMPLETED
ORD_003999,CUST_00974,2025-10-10 02:00:00,COMPLETED
ORD_004000,CUST_00358,2026-02-16 06:00:00,COMPLETED
ORD_004001,CUST_01120,2025-05-12 00:00:00,COMPLETED
ORD_004002,CUST_00244,2026-01-06 18:00:00,COMPLETED
ORD_004003,CUST_01240,2025-06-28 22:00:00,COMPLETED
ORD_004004,CUST_00401,2025-12-01 03:00:00,COMPLETED
ORD_004005,CUST_01277,2025-05-21 00:00:00,COMPLETED
ORD_004006,CUST_00298,2025-06-13 01:00:00,COMPLETED
ORD_004007,CUST_01785,2026-01-16 02:00:00,COMPLETED
ORD_004008,CUST_01343,2025-10-11 03:00:00,COMPLETED
ORD_004009,CUST_01213,2025-05-05 22:00:00,COMPLETED
ORD_004010,CUST_00333,2026-03-09 22:00:00,CANCELLED
ORD_004011,CUST_01276,2025-07-17 02:00:00,COMPLETED
ORD_004012,CUST_00066,2025-09-11 01:00:00,COMPLETED
ORD_004013,CUST_01433,2025-01-02 01:00:00,COMPLETED
ORD_004014,CUST_01348,2025-05-22 16:00:00,COMPLETED
ORD_004015,CUST_01889,2026-02-24 11:00:00,COMPLETED
ORD_004016,CUST_00612,2025-06-05 23:00:00,COMPLETED
ORD_004017,CUST_00789,2025-12-03 03:00:00,COMPLETED
ORD_004018,CUST_00267,2026-01-06 23:00:00,COMPLETED
ORD_004019,CUST_00521,2025-03-11 21:00:00,COMPLETED
ORD_004020,CUST_00922,2025-04-09 21:00:00,COMPLETED
ORD_004021,CUST_00866,2025-05-09 16:00:00,COMPLETED
ORD_004022,CUST_01293,2025-02-23 00:00:00,CANCELLED
ORD_004023,CUST_01184,2026-03-24 23:00:00,COMPLETED
ORD_004024,CUST_00657,2025-10-26 09:00:00,COMPLETED
ORD_004025,CUST_01207,2025-12-14 10:00:00,COMPLETED
ORD_004026,CUST_01843,2025-03-26 10:00:00,COMPLETED
ORD_004027,CUST_00936,2025-06-17 07:00:00,REFUNDED
ORD_004028,CUST_01868,2025-12-25 18:00:00,COMPLETED
ORD_004029,CUST_01319,2025-07-17 04:00:00,COMPLETED
ORD_004030,CUST_01313,2025-06-15 11:00:00,COMPLETED
ORD_004031,CUST_01504,2025-08-09 02:00:00,CANCELLED
ORD_004032,CUST_00806,2025-05-20 08:00:00,COMPLETED
ORD_004033,CUST_01375,2025-02-21 04:00:00,COMPLETED
ORD_004034,CUST_00049,2025-12-06 22:00:00,COMPLETED
ORD_004035,CUST_01902,2026-01-26 22:00:00,COMPLETED
ORD_004036,CUST_00877,2026-02-04 23:00:00,COMPLETED
ORD_004037,CUST_00312,2025-10-16 17:00:00,COMPLETED
ORD_004038,CUST_00607,2025-08-17 01:00:00,COMPLETED
ORD_004039,CUST_00862,2025-02-02 01:00:00,COMPLETED
ORD_004040,CUST_00785,2025-11-10 06:00:00,COMPLETED
ORD_004041,CUST_01216,2025-12-05 04:00:00,COMPLETED
ORD_004042,CUST_01376,2025-03-04 10:00:00,COMPLETED
ORD_004043,CUST_00444,2025-03-16 18:00:00,COMPLETED
ORD_004044,CUST_01859,2025-05-11 03:00:00,COMPLETED
ORD_004045,CUST_01640,2025-09-12 13:00:00,COMPLETED
ORD_004046,CUST_01361,2025-02-26 03:00:00,REFUNDED
ORD_004047,CUST_01131,2025-02-19 09:00:00,COMPLETED
ORD_004048,CUST_00619,2025-09-21 07:00:00,COMPLETED
ORD_004049,CUST_01037,2025-03-22 08:00:00,COMPLETED
ORD_004050,CUST_01012,2026-01-20 22:00:00,COMPLETED
ORD_004051,CUST_01758,2025-01-20 19:00:00,COMPLETED
ORD_004052,CUST_01487,2025-07-27 23:00:00,COMPLETED
ORD_004053,CUST_01811,2025-06-25 04:00:00,COMPLETED
ORD_004054,CUST_00033,2025-12-13 13:00:00,COMPLETED
ORD_004055,CUST_00654,2026-02-21 02:00:00,COMPLETED
ORD_004056,CUST_01159,2025-03-09 03:00:00,REFUNDED
ORD_004057,CUST_00669,2025-07-18 13:00:00,COMPLETED
ORD_004058,CUST_01267,2026-01-01 18:00:00,COMPLETED
ORD_004059,CUST_00331,2025-06-02 16:00:00,CANCELLED
ORD_004060,CUST_00954,2025-02-15 22:00:00,COMPLETED
ORD_004061,CUST_00369,2026-03-09 20:00:00,COMPLETED
ORD_004062,CUST_00761,2025-01-31 00:00:00,CANCELLED
ORD_004063,CUST_01502,2025-02-09 02:00:00,COMPLETED
ORD_004064,CUST_00293,2025-03-26 22:00:00,COMPLETED
ORD_004065,CUST_01615,2025-04-17 07:00:00,COMPLETED
ORD_004066,CUST_01557,2025-12-23 00:00:00,CANCELLED
ORD_004067,CUST_00655,2025-03-04 13:00:00,COMPLETED
ORD_004068,CUST_01469,2025-08-21 18:00:00,COMPLETED
ORD_004069,CUST_00318,2026-02-27 12:00:00,COMPLETED
ORD_004070,CUST_00491,2025-06-22 11:00:00,CANCELLED
ORD_004071,CUST_01891,2025-11-17 12:00:00,COMPLETED
ORD_004072,CUST_01436,2025-11-30 14:00:00,COMPLETED
ORD_004073,CUST_01764,2025-05-06 05:00:00,COMPLETED
ORD_004074,CUST_01844,2025-04-24 17:00:00,COMPLETED
ORD_004075,CUST_01641,2026-01-08 20:00:00,COMPLETED
ORD_004076,CUST_01212,2026-02-13 06:00:00,COMPLETED
ORD_004077,CUST_00332,2025-07-18 16:00:00,COMPLETED
ORD_004078,CUST_01922,2025-06-07 03:00:00,COMPLETED
ORD_004079,CUST_01456,2025-05-31 07:00:00,CANCELLED
ORD_004080,CUST_00541,2025-06-07 09:00:00,COMPLETED
ORD_004081,CUST_00354,2025-07-21 05:00:00,COMPLETED
ORD_004082,CUST_01562,2025-03-31 16:00:00,COMPLETED
ORD_004083,CUST_01360,2025-01-12 23:00:00,COMPLETED
ORD_004084,CUST_00507,2025-09-07 08:00:00,COMPLETED
ORD_004085,CUST_00503,2025-12-06 19:00:00,REFUNDED
ORD_004086,CUST_01756,2025-11-26 01:00:00,CANCELLED
ORD_004087,CUST_00861,2025-06-10 06:00:00,CANCELLED
ORD_004088,CUST_00796,2025-09-20 21:00:00,COMPLETED
ORD_004089,CUST_00092,2026-03-17 23:00:00,COMPLETED
ORD_004090,CUST_00201,2025-10-20 20:00:00,COMPLETED
ORD_004091,CUST_01913,2025-01-07 10:00:00,COMPLETED
ORD_004092,CUST_01199,2026-01-09 19:00:00,COMPLETED
ORD_004093,CUST_01488,2025-07-08 00:00:00,COMPLETED
ORD_004094,CUST_00174,2025-11-11 23:00:00,COMPLETED
ORD_004095,CUST_00097,2025-05-19 05:00:00,COMPLETED
ORD_004096,CUST_00757,2025-09-26 20:00:00,COMPLETED
ORD_004097,CUST_01027,2025-02-05 13:00:00,COMPLETED
ORD_004098,CUST_00338,2025-10-06 07:00:00,COMPLETED
ORD_004099,CUST_01628,2025-07-23 04:00:00,CANCELLED
ORD_004100,CUST_00773,2025-06-19 14:00:00,COMPLETED
ORD_004101,CUST_01478,2025-09-09 05:00:00,CANCELLED
ORD_004102,CUST_01040,2025-02-13 00:00:00,COMPLETED
ORD_004103,CUST_01044,2025-12-25 16:00:00,CANCELLED
ORD_004104,CUST_00942,2025-09-09 05:00:00,COMPLETED
ORD_004105,CUST_01960,2025-08-28 09:00:00,CANCELLED
ORD_004106,CUST_01934,2025-03-04 01:00:00,COMPLETED
ORD_004107,CUST_00544,2026-03-03 11:00:00,REFUNDED
ORD_004108,CUST_00502,2025-10-26 02:00:00,COMPLETED
ORD_004109,CUST_01789,2025-06-29 23:00:00,COMPLETED
ORD_004110,CUST_00510,2025-08-24 18:00:00,COMPLETED
ORD_004111,CUST_00039,2025-09-18 23:00:00,COMPLETED
ORD_004112,CUST_00492,2026-03-05 23:00:00,COMPLETED
ORD_004113,CUST_01871,2026-03-25 02:00:00,COMPLETED
ORD_004114,CUST_01519,2025-07-11 10:00:00,COMPLETED
ORD_004115,CUST_01352,2025-06-22 02:00:00,COMPLETED
ORD_004116,CUST_01246,2025-10-10 09:00:00,COMPLETED
ORD_004117,CUST_00167,2025-10-31 11:00:00,CANCELLED
ORD_004118,CUST_01915,2026-01-03 11:00:00,COMPLETED
ORD_004119,CUST_01244,2025-03-27 19:00:00,COMPLETED
ORD_004120,CUST_00649,2025-08-06 08:00:00,COMPLETED
ORD_004121,CUST_01601,2025-05-07 20:00:00,COMPLETED
ORD_004122,CUST_00460,2025-06-12 04:00:00,COMPLETED
ORD_004123,CUST_00600,2025-03-12 03:00:00,COMPLETED
ORD_004124,CUST_00095,2025-09-05 06:00:00,COMPLETED
ORD_004125,CUST_01123,2025-03-07 17:00:00,COMPLETED
ORD_004126,CUST_01081,2025-06-06 04:00:00,COMPLETED
ORD_004127,CUST_01391,2025-05-16 16:00:00,COMPLETED
ORD_004128,CUST_00471,2025-09-03 20:00:00,COMPLETED
ORD_004129,CUST_00203,2025-12-10 05:00:00,COMPLETED
ORD_004130,CUST_00496,2025-10-18 17:00:00,COMPLETED
ORD_004131,CUST_00056,2025-01-31 21:00:00,COMPLETED
ORD_004132,CUST_00791,2025-03-24 00:00:00,COMPLETED
ORD_004133,CUST_01483,2025-03-21 19:00:00,COMPLETED
ORD_004134,CUST_00536,2025-02-08 20:00:00,COMPLETED
ORD_004135,CUST_00842,2025-08-23 05:00:00,COMPLETED
ORD_004136,CUST_00137,2025-07-16 10:00:00,COMPLETED
ORD_004137,CUST_00271,2026-02-01 03:00:00,REFUNDED
ORD_004138,CUST_01666,2025-12-01 20:00:00,COMPLETED
ORD_004139,CUST_01837,2025-05-05 23:00:00,COMPLETED
ORD_004140,CUST_00988,2025-05-15 04:00:00,COMPLETED
ORD_004141,CUST_00988,2025-01-17 09:00:00,COMPLETED
ORD_004142,CUST_01939,2025-11-17 10:00:00,COMPLETED
ORD_004143,CUST_00496,2026-03-07 15:00:00,COMPLETED
ORD_004144,CUST_01940,2025-09-22 03:00:00,COMPLETED
ORD_004145,CUST_01103,2025-05-06 03:00:00,COMPLETED
ORD_004146,CUST_00005,2025-05-29 11:00:00,COMPLETED
ORD_004147,CUST_01552,2026-01-26 12:00:00,REFUNDED
ORD_004148,CUST_01754,2025-03-12 23:00:00,COMPLETED
ORD_004149,CUST_00320,2025-07-10 07:00:00,COMPLETED
ORD_004150,CUST_01600,2025-02-01 06:00:00,COMPLETED
ORD_004151,CUST_00154,2025-01-31 04:00:00,COMPLETED
ORD_004152,CUST_00431,2025-05-24 02:00:00,COMPLETED
ORD_004153,CUST_01003,2025-04-23 00:00:00,COMPLETED
ORD_004154,CUST_00735,2025-01-08 03:00:00,CANCELLED
ORD_004155,CUST_00063,2025-02-27 06:00:00,COMPLETED
ORD_004156,CUST_01255,2025-02-03 09:00:00,COMPLETED
ORD_004157,CUST_00481,2025-08-06 09:00:00,COMPLETED
ORD_004158,CUST_00199,2026-03-03 09:00:00,COMPLETED
ORD_004159,CUST_00304,2025-04-05 02:00:00,COMPLETED
ORD_004160,CUST_00147,2025-05-25 07:00:00,COMPLETED
ORD_004161,CUST_00390,2025-08-27 20:00:00,COMPLETED
ORD_004162,CUST_01628,2025-09-02 16:00:00,COMPLETED
ORD_004163,CUST_00790,2025-12-14 21:00:00,COMPLETED
ORD_004164,CUST_01520,2025-01-15 11:00:00,COMPLETED
ORD_004165,CUST_00434,2025-06-21 21:00:00,REFUNDED
ORD_004166,CUST_00134,2025-11-12 04:00:00,CANCELLED
ORD_004167,CUST_01537,2026-01-14 04:00:00,CANCELLED
ORD_004168,CUST_01188,2025-09-02 15:00:00,REFUNDED
ORD_004169,CUST_00355,2025-01-13 21:00:00,COMPLETED
ORD_004170,CUST_00336,2025-03-06 13:00:00,COMPLETED
ORD_004171,CUST_00092,2025-01-28 23:00:00,COMPLETED
ORD_004172,CUST_00489,2025-06-06 18:00:00,COMPLETED
ORD_004173,CUST_01099,2025-08-27 12:00:00,COMPLETED
ORD_004174,CUST_01831,2025-11-15 20:00:00,COMPLETED
ORD_004175,CUST_00968,2025-08-31 19:00:00,COMPLETED
ORD_004176,CUST_00070,2025-10-26 23:00:00,COMPLETED
ORD_004177,CUST_00225,2025-09-23 14:00:00,COMPLETED
ORD_004178,CUST_01245,2025-12-23 05:00:00,COMPLETED
ORD_004179,CUST_01209,2025-06-29 12:00:00,COMPLETED
ORD_004180,CUST_01796,2025-12-10 18:00:00,COMPLETED
ORD_004181,CUST_01898,2025-08-12 20:00:00,COMPLETED
ORD_004182,CUST_00196,2026-02-04 09:00:00,COMPLETED
ORD_004183,CUST_01547,2025-02-09 02:00:00,COMPLETED
ORD_004184,CUST_00972,2025-04-19 11:00:00,COMPLETED
ORD_004185,CUST_00641,2025-01-08 14:00:00,COMPLETED
ORD_004186,CUST_01809,2025-12-20 13:00:00,COMPLETED
ORD_004187,CUST_01395,2026-02-07 09:00:00,COMPLETED
ORD_004188,CUST_00028,2025-11-13 19:00:00,COMPLETED
ORD_004189,CUST_01399,2025-07-14 14:00:00,CANCELLED
ORD_004190,CUST_01381,2025-03-27 22:00:00,COMPLETED
ORD_004191,CUST_01313,2025-08-17 22:00:00,COMPLETED
ORD_004192,CUST_01278,2025-07-26 06:00:00,COMPLETED
ORD_004193,CUST_01504,2025-04-22 18:00:00,COMPLETED
ORD_004194,CUST_00159,2025-07-30 16:00:00,COMPLETED
ORD_004195,CUST_00926,2025-01-14 01:00:00,REFUNDED
ORD_004196,CUST_01738,2025-08-15 03:00:00,COMPLETED
ORD_004197,CUST_01686,2025-02-24 19:00:00,COMPLETED
ORD_004198,CUST_01768,2026-03-19 09:00:00,CANCELLED
ORD_004199,CUST_01642,2025-09-13 10:00:00,COMPLETED
ORD_004200,CUST_00349,2025-01-25 21:00:00,COMPLETED
ORD_004201,CUST_00589,2026-02-04 11:00:00,CANCELLED
ORD_004202,CUST_00618,2025-11-22 05:00:00,CANCELLED
ORD_004203,CUST_00477,2025-03-07 01:00:00,COMPLETED
ORD_004204,CUST_01983,2025-02-18 02:00:00,COMPLETED
ORD_004205,CUST_01569,2025-03-15 15:00:00,COMPLETED
ORD_004206,CUST_01021,2026-02-22 00:00:00,COMPLETED
ORD_004207,CUST_01557,2026-01-10 09:00:00,COMPLETED
ORD_004208,CUST_00228,2025-03-14 04:00:00,COMPLETED
ORD_004209,CUST_01827,2025-12-25 11:00:00,COMPLETED
ORD_004210,CUST_00626,2025-10-19 23:00:00,COMPLETED
ORD_004211,CUST_01438,2025-04-25 07:00:00,COMPLETED
ORD_004212,CUST_00609,2025-11-29 22:00:00,COMPLETED
ORD_004213,CUST_01238,2025-03-12 06:00:00,CANCELLED
ORD_004214,CUST_00228,2026-01-27 17:00:00,COMPLETED
ORD_004215,CUST_01953,2025-02-13 09:00:00,REFUNDED
ORD_004216,CUST_00118,2025-04-29 06:00:00,COMPLETED
ORD_004217,CUST_01432,2025-02-27 13:00:00,COMPLETED
ORD_004218,CUST_01105,2025-02-08 13:00:00,CANCELLED
ORD_004219,CUST_00022,2025-07-27 23:00:00,COMPLETED
ORD_004220,CUST_00966,2026-03-18 19:00:00,COMPLETED
ORD_004221,CUST_01067,2026-03-27 21:00:00,COMPLETED
ORD_004222,CUST_00373,2025-08-30 09:00:00,COMPLETED
ORD_004223,CUST_00067,2025-12-14 09:00:00,COMPLETED
ORD_004224,CUST_00510,2026-03-26 13:00:00,COMPLETED
ORD_004225,CUST_00094,2025-10-26 15:00:00,COMPLETED
ORD_004226,CUST_00475,2025-01-21 15:00:00,COMPLETED
ORD_004227,CUST_01983,2025-02-28 03:00:00,COMPLETED
ORD_004228,CUST_01438,2025-11-06 16:00:00,COMPLETED
ORD_004229,CUST_00020,2026-02-18 22:00:00,REFUNDED
ORD_004230,CUST_01740,2025-10-24 10:00:00,COMPLETED
ORD_004231,CUST_01867,2025-02-04 03:00:00,COMPLETED
ORD_004232,CUST_00405,2025-03-02 11:00:00,COMPLETED
ORD_004233,CUST_01255,2025-09-10 17:00:00,CANCELLED
ORD_004234,CUST_01136,2025-08-21 04:00:00,COMPLETED
ORD_004235,CUST_00229,2025-05-03 18:00:00,COMPLETED
ORD_004236,CUST_01675,2025-01-31 06:00:00,COMPLETED
ORD_004237,CUST_00336,2025-09-11 03:00:00,COMPLETED
ORD_004238,CUST_00761,2025-06-14 20:00:00,COMPLETED
ORD_004239,CUST_01363,2025-07-08 16:00:00,COMPLETED
ORD_004240,CUST_00051,2025-07-25 00:00:00,COMPLETED
ORD_004241,CUST_01723,2025-04-04 12:00:00,COMPLETED
ORD_004242,CUST_01741,2025-06-04 04:00:00,CANCELLED
ORD_004243,CUST_00430,2025-04-18 12:00:00,COMPLETED
ORD_004244,CUST_00531,2026-03-22 05:00:00,COMPLETED
ORD_004245,CUST_00153,2026-01-06 09:00:00,COMPLETED
ORD_004246,CUST_00467,2025-06-23 16:00:00,COMPLETED
ORD_004247,CUST_01367,2025-10-03 23:00:00,COMPLETED
ORD_004248,CUST_01509,2025-05-27 22:00:00,COMPLETED
ORD_004249,CUST_00374,2025-07-12 23:00:00,COMPLETED
ORD_004250,CUST_00902,2025-10-25 06:00:00,COMPLETED
ORD_004251,CUST_00321,2025-08-17 02:00:00,COMPLETED
ORD_004252,CUST_00296,2026-02-20 08:00:00,COMPLETED
ORD_004253,CUST_01738,2025-08-25 20:00:00,COMPLETED
ORD_004254,CUST_01769,2025-10-10 15:00:00,COMPLETED
ORD_004255,CUST_00177,2025-06-27 00:00:00,COMPLETED
ORD_004256,CUST_00224,2025-09-23 21:00:00,COMPLETED
ORD_004257,CUST_00874,2025-01-12 11:00:00,COMPLETED
ORD_004258,CUST_01128,2025-11-27 22:00:00,COMPLETED
ORD_004259,CUST_01452,2025-08-24 20:00:00,COMPLETED
ORD_004260,CUST_00332,2025-02-03 02:00:00,COMPLETED
ORD_004261,CUST_01910,2026-02-24 15:00:00,REFUNDED
ORD_004262,CUST_01491,2025-09-28 08:00:00,CANCELLED
ORD_004263,CUST_00335,2025-11-20 09:00:00,COMPLETED
ORD_004264,CUST_00773,2025-05-23 01:00:00,COMPLETED
ORD_004265,CUST_01360,2025-01-31 04:00:00,COMPLETED
ORD_004266,CUST_00204,2026-01-11 15:00:00,COMPLETED
ORD_004267,CUST_01515,2026-02-27 08:00:00,CANCELLED
ORD_004268,CUST_00802,2026-02-01 16:00:00,COMPLETED
ORD_004269,CUST_01012,2025-11-05 08:00:00,COMPLETED
ORD_004270,CUST_00226,2025-03-29 08:00:00,COMPLETED
ORD_004271,CUST_00867,2025-06-07 07:00:00,CANCELLED
ORD_004272,CUST_01847,2025-08-15 19:00:00,REFUNDED
ORD_004273,CUST_01590,2026-02-27 06:00:00,COMPLETED
ORD_004274,CUST_01484,2025-07-27 12:00:00,COMPLETED
ORD_004275,CUST_00823,2025-08-08 01:00:00,COMPLETED
ORD_004276,CUST_00272,2025-05-27 09:00:00,COMPLETED
ORD_004277,CUST_01196,2025-10-03 12:00:00,COMPLETED
ORD_004278,CUST_00360,2026-02-07 23:00:00,COMPLETED
ORD_004279,CUST_00192,2025-08-23 03:00:00,REFUNDED
ORD_004280,CUST_00378,2025-03-03 17:00:00,COMPLETED
ORD_004281,CUST_00794,2025-09-26 02:00:00,CANCELLED
ORD_004282,CUST_00514,2025-07-28 02:00:00,COMPLETED
ORD_004283,CUST_00339,2025-09-27 05:00:00,CANCELLED
ORD_004284,CUST_00885,2026-01-14 15:00:00,COMPLETED
ORD_004285,CUST_01560,2026-01-03 14:00:00,COMPLETED
ORD_004286,CUST_00342,2025-11-27 07:00:00,COMPLETED
ORD_004287,CUST_00082,2025-06-01 14:00:00,COMPLETED
ORD_004288,CUST_01147,2025-08-26 09:00:00,COMPLETED
ORD_004289,CUST_00168,2025-10-29 13:00:00,COMPLETED
ORD_004290,CUST_01372,2025-08-13 16:00:00,COMPLETED
ORD_004291,CUST_01863,2026-01-15 09:00:00,COMPLETED
ORD_004292,CUST_00677,2025-07-11 22:00:00,COMPLETED
ORD_004293,CUST_01282,2025-03-06 14:00:00,COMPLETED
ORD_004294,CUST_00047,2025-05-01 22:00:00,COMPLETED
ORD_004295,CUST_01891,2025-05-05 20:00:00,COMPLETED
ORD_004296,CUST_00024,2025-11-21 20:00:00,COMPLETED
ORD_004297,CUST_01584,2025-02-22 20:00:00,COMPLETED
ORD_004298,CUST_00156,2025-09-22 16:00:00,CANCELLED
ORD_004299,CUST_01044,2025-02-23 10:00:00,COMPLETED
ORD_004300,CUST_01559,2025-08-01 15:00:00,CANCELLED
ORD_004301,CUST_00122,2025-06-17 09:00:00,COMPLETED
ORD_004302,CUST_00686,2025-03-03 06:00:00,COMPLETED
ORD_004303,CUST_00895,2026-02-10 10:00:00,COMPLETED
ORD_004304,CUST_01591,2025-05-22 20:00:00,CANCELLED
ORD_004305,CUST_00006,2026-01-28 20:00:00,COMPLETED
ORD_004306,CUST_00519,2025-06-30 10:00:00,COMPLETED
ORD_004307,CUST_00640,2025-12-05 14:00:00,COMPLETED
ORD_004308,CUST_01096,2025-11-02 14:00:00,COMPLETED
ORD_004309,CUST_00826,2025-11-23 00:00:00,REFUNDED
ORD_004310,CUST_00979,2026-01-06 14:00:00,COMPLETED
ORD_004311,CUST_00125,2025-11-04 23:00:00,COMPLETED
ORD_004312,CUST_01564,2025-02-01 15:00:00,COMPLETED
ORD_004313,CUST_01009,2025-08-15 20:00:00,COMPLETED
ORD_004314,CUST_00873,2025-01-29 09:00:00,COMPLETED
ORD_004315,CUST_01220,2025-11-20 20:00:00,COMPLETED
ORD_004316,CUST_00100,2025-07-11 10:00:00,COMPLETED
ORD_004317,CUST_00014,2025-04-18 00:00:00,COMPLETED
ORD_004318,CUST_01311,2025-01-11 02:00:00,COMPLETED
ORD_004319,CUST_00455,2025-09-06 06:00:00,COMPLETED
ORD_004320,CUST_00048,2025-02-23 08:00:00,COMPLETED
ORD_004321,CUST_00900,2025-02-23 04:00:00,COMPLETED
ORD_004322,CUST_00546,2025-08-30 05:00:00,COMPLETED
ORD_004323,CUST_00589,2025-06-29 18:00:00,COMPLETED
ORD_004324,CUST_00081,2025-03-31 03:00:00,COMPLETED
ORD_004325,CUST_01868,2025-11-23 05:00:00,CANCELLED
ORD_004326,CUST_00465,2025-10-22 20:00:00,COMPLETED
ORD_004327,CUST_00656,2025-10-11 11:00:00,CANCELLED
ORD_004328,CUST_01792,2025-07-15 14:00:00,COMPLETED
ORD_004329,CUST_00169,2025-12-20 04:00:00,COMPLETED
ORD_004330,CUST_01806,2025-05-13 01:00:00,REFUNDED
ORD_004331,CUST_00884,2025-07-07 11:00:00,CANCELLED
ORD_004332,CUST_00910,2025-06-25 20:00:00,COMPLETED
ORD_004333,CUST_01190,2025-11-17 05:00:00,COMPLETED
ORD_004334,CUST_00886,2025-06-17 03:00:00,COMPLETED
ORD_004335,CUST_01860,2025-09-13 15:00:00,COMPLETED
ORD_004336,CUST_00276,2025-05-28 20:00:00,COMPLETED
ORD_004337,CUST_00375,2025-09-30 11:00:00,REFUNDED
ORD_004338,CUST_00052,2025-08-09 10:00:00,COMPLETED
ORD_004339,CUST_01694,2025-03-21 20:00:00,COMPLETED
ORD_004340,CUST_01095,2025-07-26 09:00:00,COMPLETED
ORD_004341,CUST_00473,2025-03-21 23:00:00,CANCELLED
ORD_004342,CUST_00022,2025-05-19 06:00:00,REFUNDED
ORD_004343,CUST_00216,2025-08-13 09:00:00,COMPLETED
ORD_004344,CUST_01503,2025-03-21 16:00:00,COMPLETED
ORD_004345,CUST_00127,2026-01-17 04:00:00,COMPLETED
ORD_004346,CUST_00387,2026-02-05 04:00:00,COMPLETED
ORD_004347,CUST_00056,2025-01-13 05:00:00,COMPLETED
ORD_004348,CUST_01791,2025-03-07 01:00:00,COMPLETED
ORD_004349,CUST_01700,2025-05-21 02:00:00,CANCELLED
ORD_004350,CUST_01069,2025-01-02 13:00:00,COMPLETED
ORD_004351,CUST_00146,2025-05-30 18:00:00,CANCELLED
ORD_004352,CUST_01236,2025-07-27 01:00:00,COMPLETED
ORD_004353,CUST_00080,2025-08-23 05:00:00,COMPLETED
ORD_004354,CUST_00059,2025-07-12 10:00:00,COMPLETED
ORD_004355,CUST_00606,2025-03-22 22:00:00,COMPLETED
ORD_004356,CUST_00803,2025-02-01 21:00:00,COMPLETED
ORD_004357,CUST_00129,2025-02-24 23:00:00,COMPLETED
ORD_004358,CUST_01349,2025-05-23 16:00:00,COMPLETED
ORD_004359,CUST_01277,2025-08-25 13:00:00,COMPLETED
ORD_004360,CUST_01664,2025-01-25 19:00:00,COMPLETED
ORD_004361,CUST_01712,2025-07-30 14:00:00,COMPLETED
ORD_004362,CUST_00950,2025-04-29 14:00:00,COMPLETED
ORD_004363,CUST_00156,2025-03-29 11:00:00,COMPLETED
ORD_004364,CUST_00178,2025-01-18 01:00:00,COMPLETED
ORD_004365,CUST_00099,2025-10-21 07:00:00,COMPLETED
ORD_004366,CUST_00786,2025-03-24 03:00:00,COMPLETED
ORD_004367,CUST_01082,2026-01-12 18:00:00,COMPLETED
ORD_004368,CUST_01879,2025-06-25 12:00:00,REFUNDED
ORD_004369,CUST_01716,2026-01-04 19:00:00,COMPLETED
ORD_004370,CUST_01134,2025-04-10 05:00:00,COMPLETED
ORD_004371,CUST_01825,2025-01-31 11:00:00,COMPLETED
ORD_004372,CUST_01113,2026-01-11 00:00:00,COMPLETED
ORD_004373,CUST_01905,2025-08-05 23:00:00,COMPLETED
ORD_004374,CUST_01262,2025-06-27 01:00:00,COMPLETED
ORD_004375,CUST_00180,2025-07-23 18:00:00,COMPLETED
ORD_004376,CUST_01789,2025-07-18 20:00:00,COMPLETED
ORD_004377,CUST_01571,2025-02-28 21:00:00,COMPLETED
ORD_004378,CUST_00510,2026-01-05 10:00:00,COMPLETED
ORD_004379,CUST_00113,2025-10-04 16:00:00,COMPLETED
ORD_004380,CUST_01477,2025-05-10 08:00:00,COMPLETED
ORD_004381,CUST_01209,2025-12-09 11:00:00,COMPLETED
ORD_004382,CUST_00616,2025-03-06 06:00:00,COMPLETED
ORD_004383,CUST_00596,2025-07-23 08:00:00,COMPLETED
ORD_004384,CUST_01370,2025-10-25 08:00:00,COMPLETED
ORD_004385,CUST_01881,2025-02-06 03:00:00,COMPLETED
ORD_004386,CUST_01085,2026-01-16 00:00:00,COMPLETED
ORD_004387,CUST_01316,2026-02-14 01:00:00,COMPLETED
ORD_004388,CUST_00241,2026-02-11 21:00:00,COMPLETED
ORD_004389,CUST_00125,2025-03-29 01:00:00,COMPLETED
ORD_004390,CUST_00249,2025-10-03 18:00:00,CANCELLED
ORD_004391,CUST_01994,2025-07-12 15:00:00,COMPLETED
ORD_004392,CUST_01898,2025-07-26 23:00:00,COMPLETED
ORD_004393,CUST_00549,2025-01-18 09:00:00,COMPLETED
ORD_004394,CUST_01818,2025-01-30 13:00:00,COMPLETED
ORD_004395,CUST_01398,2025-03-15 07:00:00,CANCELLED
ORD_004396,CUST_01000,2025-04-06 03:00:00,CANCELLED
ORD_004397,CUST_01391,2026-03-05 11:00:00,REFUNDED
ORD_004398,CUST_00930,2025-03-03 22:00:00,COMPLETED
ORD_004399,CUST_00833,2026-03-02 14:00:00,COMPLETED
ORD_004400,CUST_00143,2025-06-11 03:00:00,COMPLETED
ORD_004401,CUST_01722,2025-11-05 12:00:00,COMPLETED
ORD_004402,CUST_00259,2025-08-31 18:00:00,COMPLETED
ORD_004403,CUST_01129,2026-02-10 05:00:00,COMPLETED
ORD_004404,CUST_01476,2025-10-23 13:00:00,COMPLETED
ORD_004405,CUST_00193,2025-01-15 10:00:00,COMPLETED
ORD_004406,CUST_00079,2025-09-25 13:00:00,COMPLETED
ORD_004407,CUST_00307,2025-07-01 07:00:00,COMPLETED
ORD_004408,CUST_00190,2025-02-11 08:00:00,COMPLETED
ORD_004409,CUST_00845,2025-12-14 06:00:00,COMPLETED
ORD_004410,CUST_00663,2025-05-19 05:00:00,CANCELLED
ORD_004411,CUST_01864,2025-04-02 01:00:00,COMPLETED
ORD_004412,CUST_00967,2025-09-11 01:00:00,COMPLETED
ORD_004413,CUST_01896,2025-05-27 06:00:00,COMPLETED
ORD_004414,CUST_01517,2025-02-10 21:00:00,COMPLETED
ORD_004415,CUST_00081,2025-01-24 14:00:00,REFUNDED
ORD_004416,CUST_01769,2025-08-23 05:00:00,CANCELLED
ORD_004417,CUST_01331,2025-03-26 04:00:00,COMPLETED
ORD_004418,CUST_01111,2025-10-15 14:00:00,CANCELLED
ORD_004419,CUST_00504,2025-05-10 19:00:00,COMPLETED
ORD_004420,CUST_01971,2025-11-02 10:00:00,COMPLETED
ORD_004421,CUST_01915,2025-09-17 18:00:00,COMPLETED
ORD_004422,CUST_00611,2025-04-09 23:00:00,COMPLETED
ORD_004423,CUST_01010,2025-07-24 15:00:00,COMPLETED
ORD_004424,CUST_00325,2025-05-31 05:00:00,REFUNDED
ORD_004425,CUST_00921,2025-10-04 23:00:00,COMPLETED
ORD_004426,CUST_00272,2025-07-23 01:00:00,COMPLETED
ORD_004427,CUST_01725,2025-02-12 15:00:00,COMPLETED
ORD_004428,CUST_01458,2026-02-01 12:00:00,COMPLETED
ORD_004429,CUST_00119,2025-12-20 20:00:00,COMPLETED
ORD_004430,CUST_01835,2025-08-30 21:00:00,COMPLETED
ORD_004431,CUST_01273,2026-03-20 16:00:00,COMPLETED
ORD_004432,CUST_01289,2025-08-19 06:00:00,COMPLETED
ORD_004433,CUST_00366,2025-09-15 16:00:00,COMPLETED
ORD_004434,CUST_00536,2025-01-30 03:00:00,REFUNDED
ORD_004435,CUST_01129,2025-02-23 02:00:00,COMPLETED
ORD_004436,CUST_00949,2026-02-17 06:00:00,COMPLETED
ORD_004437,CUST_00472,2025-01-17 20:00:00,COMPLETED
ORD_004438,CUST_01418,2025-06-29 05:00:00,COMPLETED
ORD_004439,CUST_00998,2025-12-18 18:00:00,COMPLETED
ORD_004440,CUST_01957,2025-03-19 06:00:00,COMPLETED
ORD_004441,CUST_01915,2025-09-29 07:00:00,CANCELLED
ORD_004442,CUST_01239,2025-07-06 05:00:00,COMPLETED
ORD_004443,CUST_01753,2025-03-17 06:00:00,COMPLETED
ORD_004444,CUST_00381,2025-08-27 15:00:00,COMPLETED
ORD_004445,CUST_01258,2025-06-21 01:00:00,COMPLETED
ORD_004446,CUST_00679,2025-05-19 09:00:00,COMPLETED
ORD_004447,CUST_00946,2026-02-12 16:00:00,COMPLETED
ORD_004448,CUST_01369,2026-02-15 00:00:00,COMPLETED
ORD_004449,CUST_00032,2025-07-23 20:00:00,COMPLETED
ORD_004450,CUST_01401,2025-05-04 20:00:00,COMPLETED
ORD_004451,CUST_00510,2025-04-06 08:00:00,COMPLETED
ORD_004452,CUST_01789,2025-05-23 17:00:00,COMPLETED
ORD_004453,CUST_01225,2025-12-15 19:00:00,COMPLETED
ORD_004454,CUST_01151,2025-07-24 17:00:00,COMPLETED
ORD_004455,CUST_00802,2025-05-09 13:00:00,COMPLETED
ORD_004456,CUST_00848,2025-01-18 08:00:00,COMPLETED
ORD_004457,CUST_01428,2026-03-09 03:00:00,COMPLETED
ORD_004458,CUST_01600,2026-01-01 05:00:00,REFUNDED
ORD_004459,CUST_00617,2025-08-03 03:00:00,COMPLETED
ORD_004460,CUST_00769,2025-07-22 23:00:00,COMPLETED
ORD_004461,CUST_01068,2026-01-16 11:00:00,CANCELLED
ORD_004462,CUST_00534,2025-06-16 20:00:00,COMPLETED
ORD_004463,CUST_01355,2025-06-09 04:00:00,COMPLETED
ORD_004464,CUST_00497,2025-08-28 18:00:00,COMPLETED
ORD_004465,CUST_01115,2025-05-07 06:00:00,COMPLETED
ORD_004466,CUST_00639,2025-12-04 18:00:00,COMPLETED
ORD_004467,CUST_01518,2025-10-20 15:00:00,COMPLETED
ORD_004468,CUST_01593,2025-01-29 04:00:00,COMPLETED
ORD_004469,CUST_00694,2025-03-03 09:00:00,COMPLETED
ORD_004470,CUST_01421,2025-12-10 12:00:00,COMPLETED
ORD_004471,CUST_01206,2025-02-09 23:00:00,COMPLETED
ORD_004472,CUST_01107,2025-07-17 19:00:00,COMPLETED
ORD_004473,CUST_01106,2026-03-01 23:00:00,COMPLETED
ORD_004474,CUST_01324,2026-01-24 01:00:00,COMPLETED
ORD_004475,CUST_00811,2025-06-09 15:00:00,COMPLETED
ORD_004476,CUST_01579,2025-12-09 12:00:00,COMPLETED
ORD_004477,CUST_00312,2025-02-07 01:00:00,COMPLETED
ORD_004478,CUST_00498,2025-03-18 19:00:00,COMPLETED
ORD_004479,CUST_01947,2026-03-15 13:00:00,REFUNDED
ORD_004480,CUST_01734,2025-12-05 20:00:00,COMPLETED
ORD_004481,CUST_01661,2025-11-29 11:00:00,COMPLETED
ORD_004482,CUST_01714,2025-05-15 09:00:00,COMPLETED
ORD_004483,CUST_01790,2025-02-12 18:00:00,COMPLETED
ORD_004484,CUST_01879,2026-01-19 01:00:00,COMPLETED
ORD_004485,CUST_01262,2026-01-23 08:00:00,COMPLETED
ORD_004486,CUST_00114,2025-04-12 15:00:00,CANCELLED
ORD_004487,CUST_00209,2025-08-27 01:00:00,CANCELLED
ORD_004488,CUST_00849,2025-03-27 19:00:00,COMPLETED
ORD_004489,CUST_00492,2025-12-05 13:00:00,COMPLETED
ORD_004490,CUST_01560,2025-08-23 01:00:00,COMPLETED
ORD_004491,CUST_00234,2025-06-19 00:00:00,REFUNDED
ORD_004492,CUST_01383,2025-04-16 10:00:00,COMPLETED
ORD_004493,CUST_00267,2025-07-31 05:00:00,COMPLETED
ORD_004494,CUST_00749,2025-05-02 14:00:00,COMPLETED
ORD_004495,CUST_01380,2026-02-23 05:00:00,COMPLETED
ORD_004496,CUST_00511,2026-01-21 08:00:00,REFUNDED
ORD_004497,CUST_01379,2025-07-23 21:00:00,COMPLETED
ORD_004498,CUST_00687,2025-05-18 10:00:00,COMPLETED
ORD_004499,CUST_01945,2026-02-18 12:00:00,COMPLETED
ORD_004500,CUST_00832,2025-01-05 09:00:00,REFUNDED
ORD_004501,CUST_00803,2025-10-03 11:00:00,COMPLETED
ORD_004502,CUST_01600,2026-03-23 02:00:00,COMPLETED
ORD_004503,CUST_01057,2025-02-13 18:00:00,COMPLETED
ORD_004504,CUST_00840,2025-10-31 01:00:00,COMPLETED
ORD_004505,CUST_01774,2025-07-27 10:00:00,COMPLETED
ORD_004506,CUST_00390,2026-01-21 12:00:00,CANCELLED
ORD_004507,CUST_00919,2026-01-10 07:00:00,COMPLETED
ORD_004508,CUST_00567,2025-04-01 05:00:00,COMPLETED
ORD_004509,CUST_00533,2025-12-11 12:00:00,COMPLETED
ORD_004510,CUST_00727,2025-09-06 19:00:00,COMPLETED
ORD_004511,CUST_01434,2025-02-06 03:00:00,COMPLETED
ORD_004512,CUST_01481,2025-02-09 15:00:00,COMPLETED
ORD_004513,CUST_01769,2025-09-18 10:00:00,CANCELLED
ORD_004514,CUST_01887,2025-02-28 05:00:00,COMPLETED
ORD_004515,CUST_00407,2025-06-27 19:00:00,COMPLETED
ORD_004516,CUST_01743,2025-12-31 05:00:00,COMPLETED
ORD_004517,CUST_01869,2025-12-15 14:00:00,COMPLETED
ORD_004518,CUST_00169,2025-04-02 18:00:00,COMPLETED
ORD_004519,CUST_00211,2025-02-09 12:00:00,COMPLETED
ORD_004520,CUST_00680,2025-11-02 09:00:00,CANCELLED
ORD_004521,CUST_01779,2025-03-13 04:00:00,COMPLETED
ORD_004522,CUST_00530,2025-03-08 19:00:00,COMPLETED
ORD_004523,CUST_01984,2025-03-14 11:00:00,COMPLETED
ORD_004524,CUST_00665,2025-05-07 17:00:00,COMPLETED
ORD_004525,CUST_01284,2025-05-12 02:00:00,COMPLETED
ORD_004526,CUST_00334,2025-10-10 14:00:00,COMPLETED
ORD_004527,CUST_01626,2025-06-19 15:00:00,COMPLETED
ORD_004528,CUST_01264,2025-07-19 02:00:00,COMPLETED
ORD_004529,CUST_01063,2025-09-08 12:00:00,COMPLETED
ORD_004530,CUST_00599,2025-07-11 21:00:00,COMPLETED
ORD_004531,CUST_01713,2025-09-06 05:00:00,COMPLETED
ORD_004532,CUST_01537,2025-03-23 21:00:00,COMPLETED
ORD_004533,CUST_00758,2025-05-13 11:00:00,COMPLETED
ORD_004534,CUST_01012,2026-03-07 16:00:00,COMPLETED
ORD_004535,CUST_01799,2026-02-23 16:00:00,CANCELLED
ORD_004536,CUST_00150,2026-03-18 07:00:00,COMPLETED
ORD_004537,CUST_01249,2025-08-12 13:00:00,COMPLETED
ORD_004538,CUST_00247,2025-01-08 15:00:00,COMPLETED
ORD_004539,CUST_01820,2025-10-27 17:00:00,COMPLETED
ORD_004540,CUST_00547,2025-04-21 07:00:00,COMPLETED
ORD_004541,CUST_00983,2025-12-06 09:00:00,REFUNDED
ORD_004542,CUST_01221,2025-01-25 16:00:00,COMPLETED
ORD_004543,CUST_01805,2025-04-13 23:00:00,COMPLETED
ORD_004544,CUST_01322,2026-02-21 06:00:00,COMPLETED
ORD_004545,CUST_00577,2025-08-30 16:00:00,COMPLETED
ORD_004546,CUST_01174,2025-04-22 12:00:00,COMPLETED
ORD_004547,CUST_01757,2026-03-12 20:00:00,COMPLETED
ORD_004548,CUST_01982,2025-02-27 11:00:00,COMPLETED
ORD_004549,CUST_00348,2026-03-03 20:00:00,COMPLETED
ORD_004550,CUST_00882,2025-10-23 05:00:00,CANCELLED
ORD_004551,CUST_00409,2026-03-13 12:00:00,COMPLETED
ORD_004552,CUST_00429,2025-08-01 16:00:00,COMPLETED
ORD_004553,CUST_01815,2025-07-27 12:00:00,COMPLETED
ORD_004554,CUST_01237,2025-11-26 16:00:00,COMPLETED
ORD_004555,CUST_01765,2025-01-13 17:00:00,COMPLETED
ORD_004556,CUST_00750,2025-01-12 15:00:00,COMPLETED
ORD_004557,CUST_01291,2025-10-29 11:00:00,COMPLETED
ORD_004558,CUST_01624,2025-08-02 10:00:00,COMPLETED
ORD_004559,CUST_00721,2025-05-03 01:00:00,COMPLETED
ORD_004560,CUST_01709,2025-01-13 01:00:00,COMPLETED
ORD_004561,CUST_00123,2025-04-06 04:00:00,COMPLETED
ORD_004562,CUST_00633,2025-09-06 11:00:00,CANCELLED
ORD_004563,CUST_00239,2025-01-07 19:00:00,COMPLETED
ORD_004564,CUST_00738,2025-04-14 22:00:00,COMPLETED
ORD_004565,CUST_01888,2025-07-29 21:00:00,COMPLETED
ORD_004566,CUST_00151,2026-02-21 00:00:00,COMPLETED
ORD_004567,CUST_01059,2025-05-24 15:00:00,COMPLETED
ORD_004568,CUST_01714,2026-03-24 00:00:00,COMPLETED
ORD_004569,CUST_00961,2025-11-13 04:00:00,COMPLETED
ORD_004570,CUST_01138,2025-10-14 01:00:00,COMPLETED
ORD_004571,CUST_01835,2025-05-01 07:00:00,CANCELLED
ORD_004572,CUST_01796,2025-08-20 02:00:00,COMPLETED
ORD_004573,CUST_00098,2025-05-16 04:00:00,CANCELLED
ORD_004574,CUST_01916,2025-12-16 03:00:00,COMPLETED
ORD_004575,CUST_01626,2025-04-21 15:00:00,COMPLETED
ORD_004576,CUST_01116,2025-05-28 14:00:00,COMPLETED
ORD_004577,CUST_00521,2026-02-26 05:00:00,CANCELLED
ORD_004578,CUST_01481,2025-09-13 18:00:00,COMPLETED
ORD_004579,CUST_01996,2025-04-27 18:00:00,COMPLETED
ORD_004580,CUST_00052,2025-03-31 20:00:00,COMPLETED
ORD_004581,CUST_01007,2025-03-15 21:00:00,COMPLETED
ORD_004582,CUST_00281,2025-07-28 23:00:00,COMPLETED
ORD_004583,CUST_00810,2025-12-27 16:00:00,CANCELLED
ORD_004584,CUST_00600,2025-11-15 08:00:00,COMPLETED
ORD_004585,CUST_01901,2026-03-24 18:00:00,COMPLETED
ORD_004586,CUST_01486,2025-06-17 08:00:00,COMPLETED
ORD_004587,CUST_01071,2025-03-22 15:00:00,COMPLETED
ORD_004588,CUST_01362,2026-02-26 13:00:00,COMPLETED
ORD_004589,CUST_01957,2026-01-15 04:00:00,COMPLETED
ORD_004590,CUST_01880,2025-11-09 07:00:00,COMPLETED
ORD_004591,CUST_00618,2026-01-09 23:00:00,COMPLETED
ORD_004592,CUST_01490,2026-01-25 07:00:00,COMPLETED
ORD_004593,CUST_01976,2025-07-22 23:00:00,CANCELLED
ORD_004594,CUST_01272,2025-10-21 16:00:00,COMPLETED
ORD_004595,CUST_01842,2025-04-20 04:00:00,COMPLETED
ORD_004596,CUST_01264,2026-01-21 09:00:00,COMPLETED
ORD_004597,CUST_00027,2025-01-16 21:00:00,COMPLETED
ORD_004598,CUST_00842,2025-08-30 05:00:00,COMPLETED
ORD_004599,CUST_01487,2026-02-13 16:00:00,COMPLETED
ORD_004600,CUST_00779,2025-02-13 19:00:00,COMPLETED
ORD_004601,CUST_01451,2026-03-01 11:00:00,COMPLETED
ORD_004602,CUST_00756,2025-11-10 16:00:00,COMPLETED
ORD_004603,CUST_01730,2025-02-23 20:00:00,COMPLETED
ORD_004604,CUST_01254,2025-12-08 13:00:00,COMPLETED
ORD_004605,CUST_00485,2025-02-08 21:00:00,COMPLETED
ORD_004606,CUST_00892,2025-09-14 00:00:00,COMPLETED
ORD_004607,CUST_00620,2025-10-29 16:00:00,COMPLETED
ORD_004608,CUST_00205,2026-02-24 00:00:00,COMPLETED
ORD_004609,CUST_01625,2025-11-04 17:00:00,COMPLETED
ORD_004610,CUST_01598,2025-10-15 23:00:00,COMPLETED
ORD_004611,CUST_01592,2025-02-01 08:00:00,COMPLETED
ORD_004612,CUST_01038,2025-01-10 19:00:00,COMPLETED
ORD_004613,CUST_00983,2025-04-17 07:00:00,CANCELLED
ORD_004614,CUST_01912,2025-07-21 23:00:00,COMPLETED
ORD_004615,CUST_01258,2025-04-01 14:00:00,COMPLETED
ORD_004616,CUST_00772,2025-03-17 08:00:00,COMPLETED
ORD_004617,CUST_00018,2026-02-03 09:00:00,COMPLETED
ORD_004618,CUST_00156,2025-06-18 04:00:00,CANCELLED
ORD_004619,CUST_01546,2025-04-06 15:00:00,COMPLETED
ORD_004620,CUST_00876,2025-07-04 19:00:00,COMPLETED
ORD_004621,CUST_00700,2025-05-13 04:00:00,CANCELLED
ORD_004622,CUST_00018,2025-07-19 15:00:00,CANCELLED
ORD_004623,CUST_00215,2025-04-30 04:00:00,COMPLETED
ORD_004624,CUST_00330,2025-12-20 22:00:00,COMPLETED
ORD_004625,CUST_00005,2025-12-30 22:00:00,COMPLETED
ORD_004626,CUST_01455,2025-09-05 05:00:00,COMPLETED
ORD_004627,CUST_00383,2025-04-05 04:00:00,COMPLETED
ORD_004628,CUST_00831,2025-02-22 10:00:00,COMPLETED
ORD_004629,CUST_00004,2025-06-28 07:00:00,COMPLETED
ORD_004630,CUST_00509,2025-03-16 10:00:00,COMPLETED
ORD_004631,CUST_00106,2025-01-26 03:00:00,COMPLETED
ORD_004632,CUST_01821,2025-07-20 19:00:00,COMPLETED
ORD_004633,CUST_00962,2026-03-19 18:00:00,COMPLETED
ORD_004634,CUST_01116,2025-04-07 05:00:00,COMPLETED
ORD_004635,CUST_01623,2025-10-18 14:00:00,COMPLETED
ORD_004636,CUST_01083,2025-05-10 11:00:00,COMPLETED
ORD_004637,CUST_01579,2025-02-19 02:00:00,COMPLETED
ORD_004638,CUST_01925,2025-12-27 21:00:00,COMPLETED
ORD_004639,CUST_01023,2025-07-22 10:00:00,COMPLETED
ORD_004640,CUST_00454,2026-02-22 22:00:00,COMPLETED
ORD_004641,CUST_00268,2026-02-04 02:00:00,REFUNDED
ORD_004642,CUST_01852,2025-08-05 00:00:00,COMPLETED
ORD_004643,CUST_00121,2025-10-07 12:00:00,COMPLETED
ORD_004644,CUST_00783,2025-03-30 09:00:00,COMPLETED
ORD_004645,CUST_00160,2026-03-03 18:00:00,COMPLETED
ORD_004646,CUST_01496,2026-02-06 10:00:00,CANCELLED
ORD_004647,CUST_01235,2026-03-26 03:00:00,COMPLETED
ORD_004648,CUST_00591,2025-04-26 06:00:00,COMPLETED
ORD_004649,CUST_00744,2025-10-25 13:00:00,COMPLETED
ORD_004650,CUST_01701,2025-08-07 23:00:00,COMPLETED
ORD_004651,CUST_01237,2025-01-03 23:00:00,REFUNDED
ORD_004652,CUST_01526,2025-06-24 14:00:00,COMPLETED
ORD_004653,CUST_01236,2025-06-15 04:00:00,COMPLETED
ORD_004654,CUST_01629,2025-11-25 18:00:00,COMPLETED
ORD_004655,CUST_01505,2025-07-27 12:00:00,COMPLETED
ORD_004656,CUST_00906,2026-01-16 09:00:00,COMPLETED
ORD_004657,CUST_01751,2025-09-03 02:00:00,COMPLETED
ORD_004658,CUST_00328,2025-12-15 02:00:00,COMPLETED
ORD_004659,CUST_01863,2025-09-20 02:00:00,COMPLETED
ORD_004660,CUST_01295,2025-04-19 04:00:00,COMPLETED
ORD_004661,CUST_00572,2025-12-04 00:00:00,COMPLETED
ORD_004662,CUST_00557,2025-08-21 04:00:00,COMPLETED
ORD_004663,CUST_00540,2025-04-09 23:00:00,COMPLETED
ORD_004664,CUST_00515,2025-10-21 03:00:00,COMPLETED
ORD_004665,CUST_00028,2025-10-26 22:00:00,COMPLETED
ORD_004666,CUST_00952,2025-02-14 17:00:00,COMPLETED
ORD_004667,CUST_01685,2025-05-15 12:00:00,COMPLETED
ORD_004668,CUST_00340,2025-06-18 11:00:00,COMPLETED
ORD_004669,CUST_01412,2026-03-17 01:00:00,COMPLETED
ORD_004670,CUST_01067,2026-02-01 13:00:00,COMPLETED
ORD_004671,CUST_00847,2025-04-22 13:00:00,COMPLETED
ORD_004672,CUST_01437,2025-10-25 22:00:00,REFUNDED
ORD_004673,CUST_00708,2025-12-07 16:00:00,COMPLETED
ORD_004674,CUST_00737,2025-06-24 02:00:00,COMPLETED
ORD_004675,CUST_01038,2025-07-13 14:00:00,COMPLETED
ORD_004676,CUST_01854,2026-01-13 13:00:00,COMPLETED
ORD_004677,CUST_00645,2025-11-29 11:00:00,COMPLETED
ORD_004678,CUST_01198,2025-07-01 19:00:00,COMPLETED
ORD_004679,CUST_01735,2025-11-13 18:00:00,COMPLETED
ORD_004680,CUST_00547,2025-02-08 19:00:00,COMPLETED
ORD_004681,CUST_01951,2025-07-14 13:00:00,COMPLETED
ORD_004682,CUST_01320,2025-10-27 14:00:00,COMPLETED
ORD_004683,CUST_01396,2025-07-27 01:00:00,COMPLETED
ORD_004684,CUST_00427,2026-01-15 05:00:00,REFUNDED
ORD_004685,CUST_01508,2025-03-12 06:00:00,COMPLETED
ORD_004686,CUST_00980,2025-07-13 08:00:00,COMPLETED
ORD_004687,CUST_01530,2025-06-06 18:00:00,COMPLETED
ORD_004688,CUST_01008,2025-12-30 18:00:00,COMPLETED
ORD_004689,CUST_01187,2026-02-11 11:00:00,COMPLETED
ORD_004690,CUST_00058,2025-12-18 03:00:00,COMPLETED
ORD_004691,CUST_00629,2026-03-10 09:00:00,COMPLETED
ORD_004692,CUST_00956,2025-05-01 14:00:00,COMPLETED
ORD_004693,CUST_00939,2025-12-08 00:00:00,COMPLETED
ORD_004694,CUST_01642,2026-01-13 08:00:00,COMPLETED
ORD_004695,CUST_01283,2025-04-11 21:00:00,COMPLETED
ORD_004696,CUST_01698,2025-05-09 04:00:00,COMPLETED
ORD_004697,CUST_00418,2025-06-01 19:00:00,COMPLETED
ORD_004698,CUST_00888,2025-02-23 13:00:00,COMPLETED
ORD_004699,CUST_00032,2025-03-21 13:00:00,COMPLETED
ORD_004700,CUST_00624,2025-04-12 03:00:00,CANCELLED
ORD_004701,CUST_01252,2025-09-12 14:00:00,COMPLETED
ORD_004702,CUST_00081,2025-08-29 08:00:00,COMPLETED
ORD_004703,CUST_01174,2025-12-29 08:00:00,CANCELLED
ORD_004704,CUST_01211,2025-03-17 05:00:00,COMPLETED
ORD_004705,CUST_01460,2025-03-16 03:00:00,COMPLETED
ORD_004706,CUST_01071,2026-03-16 05:00:00,COMPLETED
ORD_004707,CUST_00633,2025-12-15 09:00:00,COMPLETED
ORD_004708,CUST_01544,2025-03-09 20:00:00,COMPLETED
ORD_004709,CUST_01635,2025-02-25 22:00:00,COMPLETED
ORD_004710,CUST_00460,2026-02-11 18:00:00,CANCELLED
ORD_004711,CUST_00112,2026-03-07 15:00:00,COMPLETED
ORD_004712,CUST_00473,2025-04-09 16:00:00,COMPLETED
ORD_004713,CUST_01947,2025-02-17 21:00:00,COMPLETED
ORD_004714,CUST_00868,2026-01-11 21:00:00,COMPLETED
ORD_004715,CUST_00051,2025-10-23 00:00:00,COMPLETED
ORD_004716,CUST_00267,2025-04-30 08:00:00,CANCELLED
ORD_004717,CUST_00712,2025-08-16 06:00:00,COMPLETED
ORD_004718,CUST_01104,2025-02-23 14:00:00,COMPLETED
ORD_004719,CUST_00820,2025-06-17 03:00:00,COMPLETED
ORD_004720,CUST_01266,2025-01-17 21:00:00,COMPLETED
ORD_004721,CUST_00767,2025-04-01 18:00:00,COMPLETED
ORD_004722,CUST_01434,2025-07-07 17:00:00,COMPLETED
ORD_004723,CUST_01710,2025-05-02 23:00:00,REFUNDED
ORD_004724,CUST_00839,2025-10-14 10:00:00,COMPLETED
ORD_004725,CUST_00715,2025-01-08 16:00:00,REFUNDED
ORD_004726,CUST_01354,2026-01-12 06:00:00,COMPLETED
ORD_004727,CUST_01815,2025-05-01 05:00:00,COMPLETED
ORD_004728,CUST_00786,2025-08-31 03:00:00,CANCELLED
ORD_004729,CUST_01814,2025-01-13 09:00:00,CANCELLED
ORD_004730,CUST_00654,2025-06-10 06:00:00,COMPLETED
ORD_004731,CUST_00164,2026-01-12 10:00:00,CANCELLED
ORD_004732,CUST_00343,2025-02-14 06:00:00,COMPLETED
ORD_004733,CUST_00114,2025-06-12 20:00:00,COMPLETED
ORD_004734,CUST_01001,2025-08-07 23:00:00,COMPLETED
ORD_004735,CUST_00260,2025-04-14 21:00:00,COMPLETED
ORD_004736,CUST_00331,2025-12-29 09:00:00,COMPLETED
ORD_004737,CUST_00274,2025-04-26 02:00:00,COMPLETED
ORD_004738,CUST_00622,2025-12-23 14:00:00,COMPLETED
ORD_004739,CUST_01311,2025-02-09 19:00:00,COMPLETED
ORD_004740,CUST_01830,2025-12-11 20:00:00,COMPLETED
ORD_004741,CUST_01053,2025-02-03 12:00:00,COMPLETED
ORD_004742,CUST_01753,2025-04-28 06:00:00,COMPLETED
ORD_004743,CUST_00262,2026-01-24 11:00:00,COMPLETED
ORD_004744,CUST_00555,2025-05-14 14:00:00,COMPLETED
ORD_004745,CUST_01165,2025-11-18 02:00:00,COMPLETED
ORD_004746,CUST_00122,2025-12-26 11:00:00,COMPLETED
ORD_004747,CUST_00699,2026-03-23 08:00:00,COMPLETED
ORD_004748,CUST_01573,2026-03-20 06:00:00,COMPLETED
ORD_004749,CUST_01267,2025-05-05 20:00:00,COMPLETED
ORD_004750,CUST_00644,2025-11-21 16:00:00,COMPLETED
ORD_004751,CUST_00748,2025-03-27 10:00:00,COMPLETED
ORD_004752,CUST_00673,2025-06-04 03:00:00,COMPLETED
ORD_004753,CUST_01603,2025-09-06 13:00:00,COMPLETED
ORD_004754,CUST_01282,2025-10-06 18:00:00,COMPLETED
ORD_004755,CUST_00942,2025-03-14 22:00:00,COMPLETED
ORD_004756,CUST_00907,2025-12-12 04:00:00,COMPLETED
ORD_004757,CUST_01460,2025-01-17 12:00:00,COMPLETED
ORD_004758,CUST_01182,2025-10-04 04:00:00,COMPLETED
ORD_004759,CUST_00077,2025-10-19 20:00:00,COMPLETED
ORD_004760,CUST_00895,2025-10-31 23:00:00,COMPLETED
ORD_004761,CUST_01790,2025-05-11 10:00:00,COMPLETED
ORD_004762,CUST_01843,2026-01-31 17:00:00,COMPLETED
ORD_004763,CUST_01854,2025-12-19 01:00:00,COMPLETED
ORD_004764,CUST_01547,2025-03-30 16:00:00,CANCELLED
ORD_004765,CUST_00646,2025-06-05 11:00:00,COMPLETED
ORD_004766,CUST_01793,2025-08-24 03:00:00,COMPLETED
ORD_004767,CUST_00972,2025-12-12 17:00:00,COMPLETED
ORD_004768,CUST_01720,2025-08-02 18:00:00,COMPLETED
ORD_004769,CUST_01121,2025-12-18 03:00:00,COMPLETED
ORD_004770,CUST_01499,2026-01-23 18:00:00,COMPLETED
ORD_004771,CUST_01454,2025-12-06 20:00:00,COMPLETED
ORD_004772,CUST_01455,2025-09-21 02:00:00,COMPLETED
ORD_004773,CUST_01500,2025-08-07 23:00:00,COMPLETED
ORD_004774,CUST_00661,2025-04-01 11:00:00,CANCELLED
ORD_004775,CUST_00341,2025-05-31 19:00:00,REFUNDED
ORD_004776,CUST_01887,2025-11-06 06:00:00,COMPLETED
ORD_004777,CUST_01877,2025-02-24 09:00:00,CANCELLED
ORD_004778,CUST_01489,2025-06-14 07:00:00,COMPLETED
ORD_004779,CUST_01659,2026-01-09 13:00:00,COMPLETED
ORD_004780,CUST_00839,2025-06-23 03:00:00,COMPLETED
ORD_004781,CUST_01587,2025-04-13 06:00:00,COMPLETED
ORD_004782,CUST_01692,2025-09-22 13:00:00,COMPLETED
ORD_004783,CUST_00103,2025-02-26 07:00:00,COMPLETED
ORD_004784,CUST_01320,2025-08-01 14:00:00,COMPLETED
ORD_004785,CUST_01611,2025-12-21 09:00:00,COMPLETED
ORD_004786,CUST_01546,2026-03-11 12:00:00,COMPLETED
ORD_004787,CUST_01705,2025-02-11 13:00:00,COMPLETED
ORD_004788,CUST_01704,2025-02-21 13:00:00,COMPLETED
ORD_004789,CUST_01178,2026-02-27 00:00:00,COMPLETED
ORD_004790,CUST_01270,2025-06-13 08:00:00,COMPLETED
ORD_004791,CUST_00351,2025-05-04 07:00:00,COMPLETED
ORD_004792,CUST_00548,2025-08-20 21:00:00,COMPLETED
ORD_004793,CUST_01372,2025-01-11 15:00:00,COMPLETED
ORD_004794,CUST_01696,2026-01-21 21:00:00,COMPLETED
ORD_004795,CUST_00857,2026-02-11 22:00:00,COMPLETED
ORD_004796,CUST_01755,2026-03-02 07:00:00,COMPLETED
ORD_004797,CUST_00419,2025-07-15 15:00:00,COMPLETED
ORD_004798,CUST_01249,2025-02-10 04:00:00,REFUNDED
ORD_004799,CUST_00993,2025-09-13 22:00:00,COMPLETED
ORD_004800,CUST_01358,2025-05-13 15:00:00,COMPLETED
ORD_004801,CUST_01170,2025-01-03 13:00:00,COMPLETED
ORD_004802,CUST_01872,2025-11-07 11:00:00,COMPLETED
ORD_004803,CUST_01234,2025-05-03 02:00:00,COMPLETED
ORD_004804,CUST_00285,2025-03-31 03:00:00,COMPLETED
ORD_004805,CUST_01640,2025-08-21 16:00:00,CANCELLED
ORD_004806,CUST_01330,2026-02-22 19:00:00,COMPLETED
ORD_004807,CUST_00679,2025-06-04 00:00:00,COMPLETED
ORD_004808,CUST_00077,2025-12-06 21:00:00,COMPLETED
ORD_004809,CUST_00002,2025-07-18 19:00:00,COMPLETED
ORD_004810,CUST_01121,2026-01-30 14:00:00,COMPLETED
ORD_004811,CUST_01520,2025-03-13 19:00:00,COMPLETED
ORD_004812,CUST_00685,2025-08-07 14:00:00,COMPLETED
ORD_004813,CUST_01429,2025-03-14 01:00:00,COMPLETED
ORD_004814,CUST_01883,2025-05-20 02:00:00,COMPLETED
ORD_004815,CUST_00566,2025-10-11 13:00:00,COMPLETED
ORD_004816,CUST_00830,2025-03-28 19:00:00,COMPLETED
ORD_004817,CUST_01480,2025-04-11 02:00:00,COMPLETED
ORD_004818,CUST_00940,2025-11-12 03:00:00,COMPLETED
ORD_004819,CUST_00641,2025-11-27 12:00:00,COMPLETED
ORD_004820,CUST_01675,2025-08-16 17:00:00,COMPLETED
ORD_004821,CUST_01087,2025-11-20 14:00:00,COMPLETED
ORD_004822,CUST_00139,2025-06-10 23:00:00,COMPLETED
ORD_004823,CUST_01987,2025-12-20 17:00:00,REFUNDED
ORD_004824,CUST_01352,2025-07-17 22:00:00,COMPLETED
ORD_004825,CUST_01217,2025-05-13 15:00:00,COMPLETED
ORD_004826,CUST_00965,2025-05-13 00:00:00,COMPLETED
ORD_004827,CUST_01411,2026-02-03 03:00:00,COMPLETED
ORD_004828,CUST_00668,2025-11-08 04:00:00,COMPLETED
ORD_004829,CUST_01231,2025-11-23 11:00:00,COMPLETED
ORD_004830,CUST_00835,2025-06-26 07:00:00,REFUNDED
ORD_004831,CUST_00625,2026-03-26 03:00:00,CANCELLED
ORD_004832,CUST_01447,2025-08-20 10:00:00,COMPLETED
ORD_004833,CUST_01496,2025-06-17 00:00:00,REFUNDED
ORD_004834,CUST_00044,2025-05-14 12:00:00,COMPLETED
ORD_004835,CUST_00120,2026-03-06 03:00:00,CANCELLED
ORD_004836,CUST_00709,2025-08-11 03:00:00,COMPLETED
ORD_004837,CUST_00045,2025-06-01 22:00:00,CANCELLED
ORD_004838,CUST_01582,2025-04-30 17:00:00,COMPLETED
ORD_004839,CUST_00409,2026-03-09 23:00:00,COMPLETED
ORD_004840,CUST_01771,2025-05-20 01:00:00,COMPLETED
ORD_004841,CUST_00153,2025-04-27 19:00:00,CANCELLED
ORD_004842,CUST_01055,2026-03-23 14:00:00,COMPLETED
ORD_004843,CUST_00997,2025-03-06 12:00:00,COMPLETED
ORD_004844,CUST_00993,2025-09-02 10:00:00,REFUNDED
ORD_004845,CUST_00898,2025-05-25 11:00:00,CANCELLED
ORD_004846,CUST_01043,2025-08-14 13:00:00,COMPLETED
ORD_004847,CUST_01302,2026-02-24 18:00:00,COMPLETED
ORD_004848,CUST_01804,2025-11-20 01:00:00,COMPLETED
ORD_004849,CUST_01994,2025-10-25 09:00:00,COMPLETED
ORD_004850,CUST_01787,2025-02-15 08:00:00,COMPLETED
ORD_004851,CUST_00378,2025-03-08 11:00:00,COMPLETED
ORD_004852,CUST_00438,2025-12-04 01:00:00,COMPLETED
ORD_004853,CUST_01016,2025-11-12 11:00:00,COMPLETED
ORD_004854,CUST_00574,2025-07-20 06:00:00,COMPLETED
ORD_004855,CUST_01424,2025-07-29 21:00:00,COMPLETED
ORD_004856,CUST_01226,2026-01-10 01:00:00,COMPLETED
ORD_004857,CUST_00962,2025-04-22 16:00:00,CANCELLED
ORD_004858,CUST_01609,2025-06-19 20:00:00,COMPLETED
ORD_004859,CUST_01611,2025-06-14 05:00:00,REFUNDED
ORD_004860,CUST_00097,2025-09-17 16:00:00,CANCELLED
ORD_004861,CUST_00491,2025-04-06 06:00:00,REFUNDED
ORD_004862,CUST_01971,2025-03-01 06:00:00,COMPLETED
ORD_004863,CUST_01476,2025-03-18 19:00:00,COMPLETED
ORD_004864,CUST_01355,2025-11-14 13:00:00,COMPLETED
ORD_004865,CUST_00123,2025-09-06 16:00:00,COMPLETED
ORD_004866,CUST_01631,2025-04-21 09:00:00,COMPLETED
ORD_004867,CUST_00584,2025-04-14 11:00:00,COMPLETED
ORD_004868,CUST_00174,2025-10-02 22:00:00,CANCELLED
ORD_004869,CUST_01301,2025-12-16 21:00:00,COMPLETED
ORD_004870,CUST_00500,2025-07-06 19:00:00,COMPLETED
ORD_004871,CUST_01306,2025-10-24 03:00:00,COMPLETED
ORD_004872,CUST_01731,2026-03-23 19:00:00,COMPLETED
ORD_004873,CUST_00109,2025-08-26 14:00:00,COMPLETED
ORD_004874,CUST_00362,2025-07-29 07:00:00,COMPLETED
ORD_004875,CUST_00032,2025-09-20 11:00:00,COMPLETED
ORD_004876,CUST_01210,2025-09-20 12:00:00,COMPLETED
ORD_004877,CUST_00399,2025-12-27 21:00:00,COMPLETED
ORD_004878,CUST_00446,2025-10-22 04:00:00,COMPLETED
ORD_004879,CUST_01822,2025-03-14 10:00:00,COMPLETED
ORD_004880,CUST_01081,2025-12-31 20:00:00,COMPLETED
ORD_004881,CUST_01463,2025-12-24 08:00:00,COMPLETED
ORD_004882,CUST_01369,2025-04-27 15:00:00,COMPLETED
ORD_004883,CUST_00134,2025-12-21 13:00:00,COMPLETED
ORD_004884,CUST_01161,2025-04-11 13:00:00,COMPLETED
ORD_004885,CUST_01860,2025-07-27 05:00:00,COMPLETED
ORD_004886,CUST_00972,2025-09-15 15:00:00,COMPLETED
ORD_004887,CUST_01953,2025-02-19 02:00:00,COMPLETED
ORD_004888,CUST_01864,2025-08-25 03:00:00,COMPLETED
ORD_004889,CUST_00998,2026-02-18 13:00:00,COMPLETED
ORD_004890,CUST_00916,2025-07-09 06:00:00,COMPLETED
ORD_004891,CUST_00928,2025-11-23 10:00:00,COMPLETED
ORD_004892,CUST_00481,2025-11-02 10:00:00,COMPLETED
ORD_004893,CUST_00833,2025-06-27 06:00:00,COMPLETED
ORD_004894,CUST_01531,2025-11-07 08:00:00,COMPLETED
ORD_004895,CUST_00913,2025-07-09 01:00:00,COMPLETED
ORD_004896,CUST_00623,2025-08-06 21:00:00,CANCELLED
ORD_004897,CUST_00698,2025-10-18 16:00:00,COMPLETED
ORD_004898,CUST_00662,2025-11-12 10:00:00,COMPLETED
ORD_004899,CUST_01772,2025-09-15 21:00:00,COMPLETED
ORD_004900,CUST_00417,2025-03-07 19:00:00,REFUNDED
ORD_004901,CUST_01800,2025-05-15 17:00:00,COMPLETED
ORD_004902,CUST_01009,2025-07-31 07:00:00,COMPLETED
ORD_004903,CUST_01227,2026-02-05 01:00:00,COMPLETED
ORD_004904,CUST_01612,2025-11-07 18:00:00,COMPLETED
ORD_004905,CUST_01392,2026-01-10 14:00:00,COMPLETED
ORD_004906,CUST_00405,2025-12-27 04:00:00,COMPLETED
ORD_004907,CUST_01544,2025-09-24 10:00:00,COMPLETED
ORD_004908,CUST_01444,2025-06-16 22:00:00,COMPLETED
ORD_004909,CUST_00216,2025-11-18 08:00:00,COMPLETED
ORD_004910,CUST_00102,2025-03-04 14:00:00,COMPLETED
ORD_004911,CUST_00764,2025-10-25 06:00:00,COMPLETED
ORD_004912,CUST_00409,2025-12-25 19:00:00,COMPLETED
ORD_004913,CUST_00631,2025-06-03 07:00:00,REFUNDED
ORD_004914,CUST_00411,2025-02-13 09:00:00,COMPLETED
ORD_004915,CUST_01646,2025-10-17 22:00:00,COMPLETED
ORD_004916,CUST_01075,2025-03-02 08:00:00,COMPLETED
ORD_004917,CUST_01464,2025-03-23 02:00:00,COMPLETED
ORD_004918,CUST_00271,2025-07-02 08:00:00,COMPLETED
ORD_004919,CUST_01383,2025-06-08 23:00:00,COMPLETED
ORD_004920,CUST_00378,2026-03-24 01:00:00,COMPLETED
ORD_004921,CUST_01893,2025-10-24 12:00:00,COMPLETED
ORD_004922,CUST_00165,2025-08-25 12:00:00,COMPLETED
ORD_004923,CUST_00731,2025-03-17 09:00:00,COMPLETED
ORD_004924,CUST_01491,2025-03-15 17:00:00,COMPLETED
ORD_004925,CUST_00140,2025-07-04 15:00:00,COMPLETED
ORD_004926,CUST_01948,2025-05-14 01:00:00,COMPLETED
ORD_004927,CUST_01041,2025-06-08 00:00:00,COMPLETED
ORD_004928,CUST_00673,2026-02-03 11:00:00,COMPLETED
ORD_004929,CUST_01571,2025-03-23 23:00:00,COMPLETED
ORD_004930,CUST_00930,2025-12-09 22:00:00,COMPLETED
ORD_004931,CUST_00287,2025-09-06 20:00:00,COMPLETED
ORD_004932,CUST_00501,2025-12-20 14:00:00,COMPLETED
ORD_004933,CUST_00865,2026-02-09 00:00:00,COMPLETED
ORD_004934,CUST_01601,2025-04-13 11:00:00,COMPLETED
ORD_004935,CUST_00846,2025-05-09 14:00:00,REFUNDED
ORD_004936,CUST_00772,2025-08-09 12:00:00,COMPLETED
ORD_004937,CUST_00563,2026-02-21 07:00:00,COMPLETED
ORD_004938,CUST_00213,2025-01-26 14:00:00,CANCELLED
ORD_004939,CUST_01265,2026-02-09 21:00:00,COMPLETED
ORD_004940,CUST_00247,2025-08-15 18:00:00,COMPLETED
ORD_004941,CUST_01650,2026-02-20 19:00:00,COMPLETED
ORD_004942,CUST_00612,2025-09-08 10:00:00,COMPLETED
ORD_004943,CUST_01015,2025-02-09 21:00:00,COMPLETED
ORD_004944,CUST_00874,2025-11-27 00:00:00,COMPLETED
ORD_004945,CUST_00215,2025-10-26 00:00:00,COMPLETED
ORD_004946,CUST_01873,2025-07-22 22:00:00,COMPLETED
ORD_004947,CUST_01958,2025-12-02 11:00:00,COMPLETED
ORD_004948,CUST_01919,2026-01-28 03:00:00,CANCELLED
ORD_004949,CUST_01125,2025-11-15 09:00:00,CANCELLED
ORD_004950,CUST_00490,2025-01-12 15:00:00,COMPLETED
ORD_004951,CUST_01978,2025-03-28 07:00:00,CANCELLED
ORD_004952,CUST_01322,2025-05-24 13:00:00,COMPLETED
ORD_004953,CUST_00907,2025-02-22 11:00:00,REFUNDED
ORD_004954,CUST_01758,2026-01-07 01:00:00,COMPLETED
ORD_004955,CUST_01783,2025-05-20 03:00:00,COMPLETED
ORD_004956,CUST_00908,2025-12-31 23:00:00,COMPLETED
ORD_004957,CUST_00110,2025-02-02 15:00:00,COMPLETED
ORD_004958,CUST_01167,2025-01-26 16:00:00,COMPLETED
ORD_004959,CUST_00108,2025-03-20 18:00:00,COMPLETED
ORD_004960,CUST_01134,2025-03-19 04:00:00,COMPLETED
ORD_004961,CUST_01651,2025-01-27 18:00:00,COMPLETED
ORD_004962,CUST_01837,2025-03-15 10:00:00,CANCELLED
ORD_004963,CUST_00690,2025-02-15 22:00:00,COMPLETED
ORD_004964,CUST_01334,2025-04-18 19:00:00,COMPLETED
ORD_004965,CUST_00316,2025-01-15 00:00:00,COMPLETED
ORD_004966,CUST_01482,2025-04-02 18:00:00,COMPLETED
ORD_004967,CUST_01550,2025-12-19 11:00:00,COMPLETED
ORD_004968,CUST_00723,2025-01-23 02:00:00,COMPLETED
ORD_004969,CUST_01241,2026-02-05 23:00:00,COMPLETED
ORD_004970,CUST_00908,2025-02-17 09:00:00,COMPLETED
ORD_004971,CUST_01537,2025-08-14 08:00:00,COMPLETED
ORD_004972,CUST_00322,2025-12-12 14:00:00,COMPLETED
ORD_004973,CUST_01093,2025-04-01 19:00:00,COMPLETED
ORD_004974,CUST_01075,2025-10-20 01:00:00,COMPLETED
ORD_004975,CUST_01062,2025-12-29 11:00:00,COMPLETED
ORD_004976,CUST_01534,2025-07-09 10:00:00,COMPLETED
ORD_004977,CUST_01206,2025-03-06 07:00:00,REFUNDED
ORD_004978,CUST_00170,2025-09-04 16:00:00,COMPLETED
ORD_004979,CUST_01340,2025-04-07 22:00:00,COMPLETED
ORD_004980,CUST_01655,2025-11-13 00:00:00,CANCELLED
ORD_004981,CUST_01179,2025-05-10 19:00:00,COMPLETED
ORD_004982,CUST_01922,2025-09-11 11:00:00,REFUNDED
ORD_004983,CUST_01661,2025-09-03 22:00:00,COMPLETED
ORD_004984,CUST_00717,2026-01-30 09:00:00,COMPLETED
ORD_004985,CUST_00166,2025-06-10 12:00:00,CANCELLED
ORD_004986,CUST_01358,2025-10-06 09:00:00,COMPLETED
ORD_004987,CUST_00668,2025-05-26 04:00:00,COMPLETED
ORD_004988,CUST_01165,2026-02-27 12:00:00,COMPLETED
ORD_004989,CUST_01499,2025-04-29 06:00:00,COMPLETED
ORD_004990,CUST_01401,2025-04-18 07:00:00,CANCELLED
ORD_004991,CUST_00553,2026-02-02 20:00:00,COMPLETED
ORD_004992,CUST_01673,2025-10-13 17:00:00,COMPLETED
ORD_004993,CUST_00788,2025-06-07 23:00:00,COMPLETED
ORD_004994,CUST_02000,2026-03-20 13:00:00,COMPLETED
ORD_004995,CUST_01997,2025-06-25 02:00:00,REFUNDED
ORD_004996,CUST_00866,2025-10-20 01:00:00,COMPLETED
ORD_004997,CUST_01535,2025-04-17 22:00:00,CANCELLED
ORD_004998,CUST_00289,2025-05-29 17:00:00,COMPLETED
ORD_004999,CUST_01650,2025-04-13 01:00:00,COMPLETED
ORD_005000,CUST_00012,2025-10-14 04:00:00,COMPLETED
ORD_005001,CUST_00516,2025-05-31 02:00:00,COMPLETED
ORD_005002,CUST_01938,2025-04-17 01:00:00,COMPLETED
ORD_005003,CUST_00340,2025-03-02 13:00:00,COMPLETED
ORD_005004,CUST_01747,2026-02-11 01:00:00,COMPLETED
ORD_005005,CUST_01957,2025-07-27 21:00:00,COMPLETED
ORD_005006,CUST_01758,2026-01-30 08:00:00,COMPLETED
ORD_005007,CUST_01475,2025-12-05 23:00:00,CANCELLED
ORD_005008,CUST_00752,2025-05-15 18:00:00,COMPLETED
ORD_005009,CUST_01077,2025-01-22 06:00:00,COMPLETED
ORD_005010,CUST_00661,2025-07-07 20:00:00,REFUNDED
ORD_005011,CUST_00988,2026-01-17 18:00:00,COMPLETED
ORD_005012,CUST_00019,2025-05-05 09:00:00,COMPLETED
ORD_005013,CUST_00139,2025-03-02 15:00:00,COMPLETED
ORD_005014,CUST_01176,2025-12-16 15:00:00,COMPLETED
ORD_005015,CUST_01525,2026-01-14 20:00:00,COMPLETED
ORD_005016,CUST_01199,2025-04-10 06:00:00,REFUNDED
ORD_005017,CUST_00694,2025-05-26 22:00:00,COMPLETED
ORD_005018,CUST_00091,2025-12-18 20:00:00,COMPLETED
ORD_005019,CUST_01787,2025-04-30 22:00:00,COMPLETED
ORD_005020,CUST_00603,2025-11-19 01:00:00,COMPLETED
ORD_005021,CUST_00903,2026-01-24 22:00:00,COMPLETED
ORD_005022,CUST_00087,2026-03-04 14:00:00,COMPLETED
ORD_005023,CUST_01867,2025-02-26 17:00:00,CANCELLED
ORD_005024,CUST_01359,2026-01-04 04:00:00,COMPLETED
ORD_005025,CUST_00458,2026-03-02 03:00:00,COMPLETED
ORD_005026,CUST_00981,2025-11-17 17:00:00,COMPLETED
ORD_005027,CUST_01518,2025-03-23 02:00:00,COMPLETED
ORD_005028,CUST_01907,2026-02-15 12:00:00,COMPLETED
ORD_005029,CUST_01808,2025-12-10 00:00:00,CANCELLED
ORD_005030,CUST_01486,2025-08-11 21:00:00,COMPLETED
ORD_005031,CUST_01816,2025-04-07 18:00:00,COMPLETED
ORD_005032,CUST_01396,2025-03-26 07:00:00,COMPLETED
ORD_005033,CUST_00115,2025-02-04 16:00:00,COMPLETED
ORD_005034,CUST_01383,2025-07-12 14:00:00,COMPLETED
ORD_005035,CUST_01333,2025-11-22 21:00:00,REFUNDED
ORD_005036,CUST_00923,2025-09-24 03:00:00,COMPLETED
ORD_005037,CUST_01801,2025-12-12 02:00:00,COMPLETED
ORD_005038,CUST_00065,2025-12-05 00:00:00,COMPLETED
ORD_005039,CUST_01271,2025-10-06 01:00:00,COMPLETED
ORD_005040,CUST_00483,2025-03-20 07:00:00,COMPLETED
ORD_005041,CUST_01403,2025-10-05 17:00:00,COMPLETED
ORD_005042,CUST_00847,2025-05-04 12:00:00,COMPLETED
ORD_005043,CUST_01346,2025-10-23 21:00:00,COMPLETED
ORD_005044,CUST_00212,2025-09-03 00:00:00,COMPLETED
ORD_005045,CUST_00196,2026-01-30 21:00:00,CANCELLED
ORD_005046,CUST_01328,2025-03-13 21:00:00,COMPLETED
ORD_005047,CUST_00026,2026-02-11 11:00:00,REFUNDED
ORD_005048,CUST_00975,2025-08-19 19:00:00,COMPLETED
ORD_005049,CUST_01237,2025-06-12 07:00:00,COMPLETED
ORD_005050,CUST_01604,2026-02-05 11:00:00,COMPLETED
ORD_005051,CUST_01492,2025-08-05 09:00:00,COMPLETED
ORD_005052,CUST_00771,2025-05-19 21:00:00,COMPLETED
ORD_005053,CUST_00537,2025-02-02 02:00:00,COMPLETED
ORD_005054,CUST_00963,2025-11-07 20:00:00,COMPLETED
ORD_005055,CUST_01687,2025-12-15 06:00:00,COMPLETED
ORD_005056,CUST_00976,2025-06-28 09:00:00,COMPLETED
ORD_005057,CUST_00578,2026-02-04 14:00:00,COMPLETED
ORD_005058,CUST_00359,2025-12-22 05:00:00,COMPLETED
ORD_005059,CUST_01006,2025-09-25 12:00:00,COMPLETED
ORD_005060,CUST_01844,2025-05-08 18:00:00,COMPLETED
ORD_005061,CUST_01748,2025-10-17 22:00:00,COMPLETED
ORD_005062,CUST_01739,2025-07-20 05:00:00,COMPLETED
ORD_005063,CUST_01521,2025-06-06 00:00:00,COMPLETED
ORD_005064,CUST_01509,2025-12-06 05:00:00,COMPLETED
ORD_005065,CUST_00980,2025-04-29 16:00:00,COMPLETED
ORD_005066,CUST_01799,2025-12-26 08:00:00,COMPLETED
ORD_005067,CUST_00677,2025-11-15 04:00:00,COMPLETED
ORD_005068,CUST_00181,2025-01-30 07:00:00,COMPLETED
ORD_005069,CUST_00711,2025-02-06 15:00:00,COMPLETED
ORD_005070,CUST_00105,2025-11-21 11:00:00,COMPLETED
ORD_005071,CUST_01815,2025-11-15 02:00:00,COMPLETED
ORD_005072,CUST_00783,2025-05-14 10:00:00,COMPLETED
ORD_005073,CUST_01872,2025-01-06 19:00:00,COMPLETED
ORD_005074,CUST_00141,2025-01-23 19:00:00,COMPLETED
ORD_005075,CUST_00718,2025-11-26 00:00:00,COMPLETED
ORD_005076,CUST_00937,2025-12-02 06:00:00,COMPLETED
ORD_005077,CUST_01386,2025-11-15 21:00:00,COMPLETED
ORD_005078,CUST_00730,2025-07-06 15:00:00,COMPLETED
ORD_005079,CUST_00832,2025-03-12 16:00:00,CANCELLED
ORD_005080,CUST_00833,2025-07-12 19:00:00,COMPLETED
ORD_005081,CUST_01720,2025-05-04 19:00:00,COMPLETED
ORD_005082,CUST_00830,2025-06-24 07:00:00,COMPLETED
ORD_005083,CUST_01972,2025-10-23 20:00:00,REFUNDED
ORD_005084,CUST_01783,2026-02-05 02:00:00,CANCELLED
ORD_005085,CUST_01961,2025-01-13 12:00:00,COMPLETED
ORD_005086,CUST_01132,2026-03-12 22:00:00,COMPLETED
ORD_005087,CUST_00842,2025-09-04 07:00:00,COMPLETED
ORD_005088,CUST_01493,2025-04-23 06:00:00,COMPLETED
ORD_005089,CUST_00777,2025-09-24 05:00:00,COMPLETED
ORD_005090,CUST_00815,2025-08-16 12:00:00,CANCELLED
ORD_005091,CUST_00029,2025-06-13 06:00:00,COMPLETED
ORD_005092,CUST_01138,2026-01-25 09:00:00,COMPLETED
ORD_005093,CUST_00741,2025-10-04 21:00:00,COMPLETED
ORD_005094,CUST_00239,2025-01-27 05:00:00,COMPLETED
ORD_005095,CUST_00827,2025-12-21 09:00:00,COMPLETED
ORD_005096,CUST_01728,2025-10-23 12:00:00,COMPLETED
ORD_005097,CUST_00144,2025-07-20 16:00:00,CANCELLED
ORD_005098,CUST_00415,2025-11-12 18:00:00,COMPLETED
ORD_005099,CUST_00669,2025-12-27 05:00:00,COMPLETED
ORD_005100,CUST_01969,2025-05-01 17:00:00,CANCELLED
ORD_005101,CUST_00375,2025-07-05 17:00:00,CANCELLED
ORD_005102,CUST_00522,2025-06-26 23:00:00,COMPLETED
ORD_005103,CUST_00743,2025-06-19 23:00:00,COMPLETED
ORD_005104,CUST_00150,2025-04-04 00:00:00,COMPLETED
ORD_005105,CUST_00298,2025-02-07 00:00:00,COMPLETED
ORD_005106,CUST_00790,2025-12-15 03:00:00,COMPLETED
ORD_005107,CUST_00809,2025-11-21 22:00:00,COMPLETED
ORD_005108,CUST_01187,2025-12-21 21:00:00,COMPLETED
ORD_005109,CUST_00164,2025-07-06 21:00:00,COMPLETED
ORD_005110,CUST_00291,2025-06-08 09:00:00,COMPLETED
ORD_005111,CUST_01419,2026-02-01 09:00:00,COMPLETED
ORD_005112,CUST_01808,2025-10-09 09:00:00,COMPLETED
ORD_005113,CUST_00903,2025-09-09 19:00:00,COMPLETED
ORD_005114,CUST_01479,2025-03-14 00:00:00,REFUNDED
ORD_005115,CUST_00624,2025-08-17 08:00:00,REFUNDED
ORD_005116,CUST_01680,2025-01-30 11:00:00,COMPLETED
ORD_005117,CUST_01400,2025-02-23 23:00:00,COMPLETED
ORD_005118,CUST_00776,2026-02-26 22:00:00,COMPLETED
ORD_005119,CUST_00973,2025-10-09 14:00:00,COMPLETED
ORD_005120,CUST_00609,2025-01-08 06:00:00,COMPLETED
ORD_005121,CUST_00964,2025-12-14 04:00:00,COMPLETED
ORD_005122,CUST_01508,2025-03-29 03:00:00,COMPLETED
ORD_005123,CUST_01015,2026-01-05 20:00:00,CANCELLED
ORD_005124,CUST_01214,2025-08-20 14:00:00,CANCELLED
ORD_005125,CUST_00817,2025-06-18 19:00:00,COMPLETED
ORD_005126,CUST_00397,2025-11-10 01:00:00,CANCELLED
ORD_005127,CUST_01144,2025-03-10 11:00:00,COMPLETED
ORD_005128,CUST_01860,2026-02-03 08:00:00,REFUNDED
ORD_005129,CUST_00117,2026-01-19 20:00:00,COMPLETED
ORD_005130,CUST_00325,2025-11-02 16:00:00,COMPLETED
ORD_005131,CUST_01254,2025-05-04 18:00:00,CANCELLED
ORD_005132,CUST_00520,2025-02-08 00:00:00,COMPLETED
ORD_005133,CUST_00410,2025-04-17 05:00:00,COMPLETED
ORD_005134,CUST_01142,2025-01-04 22:00:00,COMPLETED
ORD_005135,CUST_01662,2025-05-21 03:00:00,REFUNDED
ORD_005136,CUST_00367,2026-01-06 01:00:00,COMPLETED
ORD_005137,CUST_01524,2025-04-28 20:00:00,COMPLETED
ORD_005138,CUST_01628,2025-09-07 04:00:00,COMPLETED
ORD_005139,CUST_01464,2025-09-18 02:00:00,COMPLETED
ORD_005140,CUST_00844,2025-01-29 04:00:00,COMPLETED
ORD_005141,CUST_00267,2026-01-21 19:00:00,COMPLETED
ORD_005142,CUST_00009,2025-08-21 05:00:00,COMPLETED
ORD_005143,CUST_00242,2025-11-01 10:00:00,COMPLETED
ORD_005144,CUST_00966,2026-02-23 14:00:00,COMPLETED
ORD_005145,CUST_00811,2025-06-17 11:00:00,COMPLETED
ORD_005146,CUST_01834,2025-02-28 04:00:00,COMPLETED
ORD_005147,CUST_01533,2025-08-09 06:00:00,COMPLETED
ORD_005148,CUST_00222,2025-08-26 01:00:00,COMPLETED
ORD_005149,CUST_00781,2025-11-26 01:00:00,COMPLETED
ORD_005150,CUST_01947,2025-09-10 19:00:00,COMPLETED
ORD_005151,CUST_01507,2025-08-07 20:00:00,COMPLETED
ORD_005152,CUST_00181,2026-01-17 06:00:00,COMPLETED
ORD_005153,CUST_01651,2025-04-17 22:00:00,COMPLETED
ORD_005154,CUST_01725,2025-01-12 05:00:00,COMPLETED
ORD_005155,CUST_00488,2025-03-23 11:00:00,COMPLETED
ORD_005156,CUST_01993,2025-02-22 14:00:00,CANCELLED
ORD_005157,CUST_01304,2025-07-18 13:00:00,COMPLETED
ORD_005158,CUST_01674,2025-08-12 17:00:00,CANCELLED
ORD_005159,CUST_00726,2025-11-15 19:00:00,COMPLETED
ORD_005160,CUST_00692,2025-03-31 03:00:00,COMPLETED
ORD_005161,CUST_01625,2025-03-26 15:00:00,COMPLETED
ORD_005162,CUST_00009,2025-05-27 13:00:00,COMPLETED
ORD_005163,CUST_01577,2025-03-24 03:00:00,COMPLETED
ORD_005164,CUST_00348,2026-03-13 06:00:00,COMPLETED
ORD_005165,CUST_00025,2025-04-20 09:00:00,COMPLETED
ORD_005166,CUST_00378,2025-07-06 18:00:00,COMPLETED
ORD_005167,CUST_00835,2026-01-03 11:00:00,COMPLETED
ORD_005168,CUST_00413,2025-10-15 05:00:00,COMPLETED
ORD_005169,CUST_01474,2025-11-24 19:00:00,COMPLETED
ORD_005170,CUST_00981,2025-07-08 12:00:00,COMPLETED
ORD_005171,CUST_00748,2025-06-29 12:00:00,COMPLETED
ORD_005172,CUST_01241,2025-03-23 02:00:00,COMPLETED
ORD_005173,CUST_00579,2025-10-24 05:00:00,COMPLETED
ORD_005174,CUST_01533,2025-11-03 23:00:00,COMPLETED
ORD_005175,CUST_01042,2025-06-16 19:00:00,COMPLETED
ORD_005176,CUST_01601,2025-01-17 18:00:00,COMPLETED
ORD_005177,CUST_00004,2026-01-11 18:00:00,COMPLETED
ORD_005178,CUST_00596,2025-06-05 09:00:00,COMPLETED
ORD_005179,CUST_00017,2025-02-08 09:00:00,COMPLETED
ORD_005180,CUST_01949,2025-09-13 11:00:00,COMPLETED
ORD_005181,CUST_00071,2025-04-17 14:00:00,COMPLETED
ORD_005182,CUST_01711,2025-08-07 06:00:00,COMPLETED
ORD_005183,CUST_00319,2026-01-22 14:00:00,CANCELLED
ORD_005184,CUST_00407,2026-01-25 17:00:00,COMPLETED
ORD_005185,CUST_00437,2025-12-30 05:00:00,CANCELLED
ORD_005186,CUST_00255,2025-06-28 13:00:00,COMPLETED
ORD_005187,CUST_01534,2025-05-30 16:00:00,COMPLETED
ORD_005188,CUST_00349,2025-07-01 17:00:00,COMPLETED
ORD_005189,CUST_00889,2025-08-08 09:00:00,COMPLETED
ORD_005190,CUST_01730,2025-09-12 13:00:00,COMPLETED
ORD_005191,CUST_01974,2025-08-02 18:00:00,COMPLETED
ORD_005192,CUST_00415,2025-07-03 21:00:00,COMPLETED
ORD_005193,CUST_01588,2025-06-15 21:00:00,COMPLETED
ORD_005194,CUST_00255,2025-09-12 15:00:00,COMPLETED
ORD_005195,CUST_01450,2026-01-06 00:00:00,COMPLETED
ORD_005196,CUST_01575,2025-06-14 03:00:00,COMPLETED
ORD_005197,CUST_01679,2025-10-15 13:00:00,COMPLETED
ORD_005198,CUST_00162,2026-03-18 11:00:00,COMPLETED
ORD_005199,CUST_01114,2026-03-02 01:00:00,COMPLETED
ORD_005200,CUST_01382,2025-07-22 14:00:00,CANCELLED
ORD_005201,CUST_00303,2025-11-03 23:00:00,COMPLETED
ORD_005202,CUST_01931,2026-02-01 18:00:00,REFUNDED
ORD_005203,CUST_01670,2025-07-31 08:00:00,COMPLETED
ORD_005204,CUST_01081,2026-03-19 10:00:00,COMPLETED
ORD_005205,CUST_01374,2025-02-04 03:00:00,COMPLETED
ORD_005206,CUST_00859,2025-07-11 18:00:00,COMPLETED
ORD_005207,CUST_01649,2025-11-25 00:00:00,CANCELLED
ORD_005208,CUST_01408,2025-06-10 19:00:00,COMPLETED
ORD_005209,CUST_01166,2025-03-12 10:00:00,CANCELLED
ORD_005210,CUST_01012,2025-07-31 16:00:00,COMPLETED
ORD_005211,CUST_01970,2025-08-22 00:00:00,COMPLETED
ORD_005212,CUST_01934,2025-06-08 05:00:00,COMPLETED
ORD_005213,CUST_01323,2025-08-06 08:00:00,COMPLETED
ORD_005214,CUST_01125,2025-07-13 19:00:00,COMPLETED
ORD_005215,CUST_00400,2025-09-13 19:00:00,COMPLETED
ORD_005216,CUST_01299,2025-07-02 01:00:00,COMPLETED
ORD_005217,CUST_01330,2026-03-11 23:00:00,COMPLETED
ORD_005218,CUST_00129,2025-10-07 01:00:00,COMPLETED
ORD_005219,CUST_00206,2026-02-07 09:00:00,COMPLETED
ORD_005220,CUST_01312,2025-12-19 12:00:00,COMPLETED
ORD_005221,CUST_00328,2025-07-28 00:00:00,COMPLETED
ORD_005222,CUST_01525,2025-12-21 20:00:00,COMPLETED
ORD_005223,CUST_00934,2025-07-19 07:00:00,COMPLETED
ORD_005224,CUST_01591,2025-09-17 22:00:00,COMPLETED
ORD_005225,CUST_00061,2026-02-05 05:00:00,COMPLETED
ORD_005226,CUST_01879,2025-09-16 11:00:00,COMPLETED
ORD_005227,CUST_01276,2025-01-17 22:00:00,CANCELLED
ORD_005228,CUST_00848,2025-06-01 03:00:00,COMPLETED
ORD_005229,CUST_00787,2025-08-02 04:00:00,COMPLETED
ORD_005230,CUST_00785,2026-01-26 14:00:00,COMPLETED
ORD_005231,CUST_01441,2025-06-19 00:00:00,COMPLETED
ORD_005232,CUST_01234,2026-03-16 20:00:00,COMPLETED
ORD_005233,CUST_00961,2025-11-24 05:00:00,COMPLETED
ORD_005234,CUST_01015,2025-01-15 20:00:00,COMPLETED
ORD_005235,CUST_01301,2025-11-11 05:00:00,COMPLETED
ORD_005236,CUST_00317,2025-04-03 10:00:00,REFUNDED
ORD_005237,CUST_01904,2025-03-31 03:00:00,COMPLETED
ORD_005238,CUST_00653,2025-04-05 07:00:00,COMPLETED
ORD_005239,CUST_01031,2025-10-15 00:00:00,COMPLETED
ORD_005240,CUST_00673,2025-03-31 18:00:00,COMPLETED
ORD_005241,CUST_00385,2026-02-23 21:00:00,CANCELLED
ORD_005242,CUST_01955,2026-01-05 09:00:00,COMPLETED
ORD_005243,CUST_00983,2025-05-16 22:00:00,COMPLETED
ORD_005244,CUST_00099,2026-02-24 12:00:00,CANCELLED
ORD_005245,CUST_00347,2026-03-26 04:00:00,COMPLETED
ORD_005246,CUST_01329,2025-09-10 12:00:00,COMPLETED
ORD_005247,CUST_00557,2025-05-05 10:00:00,CANCELLED
ORD_005248,CUST_01987,2026-01-04 03:00:00,COMPLETED
ORD_005249,CUST_01666,2026-03-23 09:00:00,CANCELLED
ORD_005250,CUST_00982,2025-09-19 14:00:00,COMPLETED
ORD_005251,CUST_00438,2025-05-15 18:00:00,COMPLETED
ORD_005252,CUST_01266,2026-03-13 15:00:00,COMPLETED
ORD_005253,CUST_00396,2025-11-19 02:00:00,COMPLETED
ORD_005254,CUST_01485,2025-06-11 21:00:00,REFUNDED
ORD_005255,CUST_01321,2025-02-19 04:00:00,COMPLETED
ORD_005256,CUST_00311,2025-12-11 19:00:00,COMPLETED
ORD_005257,CUST_00502,2025-06-18 08:00:00,COMPLETED
ORD_005258,CUST_00686,2025-07-09 17:00:00,COMPLETED
ORD_005259,CUST_01691,2025-11-03 07:00:00,COMPLETED
ORD_005260,CUST_00897,2026-01-09 17:00:00,CANCELLED
ORD_005261,CUST_01378,2025-06-10 07:00:00,COMPLETED
ORD_005262,CUST_00830,2025-11-20 07:00:00,CANCELLED
ORD_005263,CUST_01661,2025-06-19 16:00:00,COMPLETED
ORD_005264,CUST_01165,2026-03-19 21:00:00,COMPLETED
ORD_005265,CUST_00685,2025-05-31 18:00:00,COMPLETED
ORD_005266,CUST_01627,2025-11-08 20:00:00,COMPLETED
ORD_005267,CUST_01657,2026-03-05 19:00:00,COMPLETED
ORD_005268,CUST_01464,2025-12-16 19:00:00,COMPLETED
ORD_005269,CUST_00110,2026-03-08 02:00:00,COMPLETED
ORD_005270,CUST_00806,2025-08-10 18:00:00,CANCELLED
ORD_005271,CUST_00910,2025-06-27 07:00:00,COMPLETED
ORD_005272,CUST_00124,2025-06-28 20:00:00,COMPLETED
ORD_005273,CUST_01580,2025-11-28 19:00:00,COMPLETED
ORD_005274,CUST_00252,2025-12-31 10:00:00,COMPLETED
ORD_005275,CUST_01717,2025-03-15 04:00:00,COMPLETED
ORD_005276,CUST_00797,2025-10-09 22:00:00,COMPLETED
ORD_005277,CUST_00304,2025-08-31 20:00:00,CANCELLED
ORD_005278,CUST_01699,2025-12-14 10:00:00,COMPLETED
ORD_005279,CUST_01246,2025-02-10 04:00:00,COMPLETED
ORD_005280,CUST_01591,2025-01-04 18:00:00,COMPLETED
ORD_005281,CUST_01208,2025-12-21 01:00:00,COMPLETED
ORD_005282,CUST_01001,2025-02-03 17:00:00,COMPLETED
ORD_005283,CUST_00320,2025-02-15 15:00:00,COMPLETED
ORD_005284,CUST_01447,2025-12-08 09:00:00,COMPLETED
ORD_005285,CUST_01913,2026-01-22 18:00:00,COMPLETED
ORD_005286,CUST_00476,2025-08-23 07:00:00,CANCELLED
ORD_005287,CUST_01006,2026-01-28 02:00:00,CANCELLED
ORD_005288,CUST_00339,2025-03-04 02:00:00,COMPLETED
ORD_005289,CUST_00008,2025-05-28 19:00:00,COMPLETED
ORD_005290,CUST_01427,2025-08-05 07:00:00,COMPLETED
ORD_005291,CUST_00657,2025-04-18 13:00:00,CANCELLED
ORD_005292,CUST_00554,2026-03-12 00:00:00,COMPLETED
ORD_005293,CUST_00934,2025-10-17 17:00:00,COMPLETED
ORD_005294,CUST_00994,2025-11-09 22:00:00,COMPLETED
ORD_005295,CUST_00537,2025-02-19 01:00:00,COMPLETED
ORD_005296,CUST_00179,2025-06-11 21:00:00,COMPLETED
ORD_005297,CUST_00800,2025-01-02 09:00:00,COMPLETED
ORD_005298,CUST_00170,2025-12-11 10:00:00,COMPLETED
ORD_005299,CUST_01715,2025-11-06 12:00:00,COMPLETED
ORD_005300,CUST_00881,2025-11-22 03:00:00,COMPLETED
ORD_005301,CUST_01679,2025-11-13 20:00:00,REFUNDED
ORD_005302,CUST_00276,2025-08-20 20:00:00,COMPLETED
ORD_005303,CUST_01805,2025-05-18 01:00:00,COMPLETED
ORD_005304,CUST_00334,2025-01-15 22:00:00,COMPLETED
ORD_005305,CUST_00268,2025-07-05 19:00:00,COMPLETED
ORD_005306,CUST_01894,2025-09-09 11:00:00,COMPLETED
ORD_005307,CUST_01502,2026-02-02 16:00:00,COMPLETED
ORD_005308,CUST_00218,2025-04-17 08:00:00,COMPLETED
ORD_005309,CUST_01135,2025-12-11 09:00:00,COMPLETED
ORD_005310,CUST_00656,2025-07-03 19:00:00,COMPLETED
ORD_005311,CUST_00538,2026-01-12 08:00:00,COMPLETED
ORD_005312,CUST_01858,2025-03-28 02:00:00,COMPLETED
ORD_005313,CUST_01333,2025-01-09 22:00:00,REFUNDED
ORD_005314,CUST_00048,2025-06-03 05:00:00,COMPLETED
ORD_005315,CUST_01715,2025-01-09 21:00:00,COMPLETED
ORD_005316,CUST_00263,2025-09-18 09:00:00,COMPLETED
ORD_005317,CUST_00610,2026-02-21 02:00:00,COMPLETED
ORD_005318,CUST_01712,2026-03-25 16:00:00,REFUNDED
ORD_005319,CUST_01161,2025-04-06 17:00:00,COMPLETED
ORD_005320,CUST_00594,2025-11-18 13:00:00,CANCELLED
ORD_005321,CUST_01342,2025-06-14 08:00:00,CANCELLED
ORD_005322,CUST_01490,2025-10-19 01:00:00,COMPLETED
ORD_005323,CUST_00513,2026-03-03 14:00:00,COMPLETED
ORD_005324,CUST_01717,2025-10-08 14:00:00,COMPLETED
ORD_005325,CUST_00917,2025-03-31 10:00:00,COMPLETED
ORD_005326,CUST_01668,2025-06-18 01:00:00,COMPLETED
ORD_005327,CUST_01974,2025-12-28 11:00:00,CANCELLED
ORD_005328,CUST_01727,2025-06-09 03:00:00,COMPLETED
ORD_005329,CUST_00154,2025-06-21 03:00:00,COMPLETED
ORD_005330,CUST_01763,2025-11-07 01:00:00,CANCELLED
ORD_005331,CUST_01838,2025-10-21 06:00:00,CANCELLED
ORD_005332,CUST_01073,2025-08-23 11:00:00,COMPLETED
ORD_005333,CUST_00874,2026-03-04 14:00:00,COMPLETED
ORD_005334,CUST_01251,2026-01-24 14:00:00,COMPLETED
ORD_005335,CUST_00033,2025-01-02 14:00:00,COMPLETED
ORD_005336,CUST_01474,2026-03-01 18:00:00,COMPLETED
ORD_005337,CUST_01764,2025-07-14 21:00:00,COMPLETED
ORD_005338,CUST_00068,2025-01-16 21:00:00,COMPLETED
ORD_005339,CUST_01790,2025-07-25 02:00:00,COMPLETED
ORD_005340,CUST_01702,2025-12-10 13:00:00,COMPLETED
ORD_005341,CUST_01395,2025-10-28 08:00:00,COMPLETED
ORD_005342,CUST_01189,2025-02-27 06:00:00,COMPLETED
ORD_005343,CUST_01441,2026-01-25 11:00:00,COMPLETED
ORD_005344,CUST_01490,2026-02-22 03:00:00,CANCELLED
ORD_005345,CUST_01032,2025-03-29 17:00:00,COMPLETED
ORD_005346,CUST_00284,2025-05-15 17:00:00,COMPLETED
ORD_005347,CUST_00417,2025-04-15 12:00:00,COMPLETED
ORD_005348,CUST_01394,2026-03-11 19:00:00,COMPLETED
ORD_005349,CUST_01946,2025-06-10 11:00:00,COMPLETED
ORD_005350,CUST_01569,2025-10-29 11:00:00,COMPLETED
ORD_005351,CUST_00730,2025-10-03 05:00:00,CANCELLED
ORD_005352,CUST_01872,2025-09-06 14:00:00,COMPLETED
ORD_005353,CUST_01183,2026-01-13 01:00:00,COMPLETED
ORD_005354,CUST_00377,2025-12-21 13:00:00,REFUNDED
ORD_005355,CUST_01615,2025-10-26 19:00:00,COMPLETED
ORD_005356,CUST_01848,2026-03-10 04:00:00,COMPLETED
ORD_005357,CUST_01159,2025-03-11 13:00:00,COMPLETED
ORD_005358,CUST_00570,2025-11-03 21:00:00,COMPLETED
ORD_005359,CUST_00309,2025-02-26 11:00:00,COMPLETED
ORD_005360,CUST_00920,2025-07-18 18:00:00,COMPLETED
ORD_005361,CUST_00831,2025-12-11 21:00:00,COMPLETED
ORD_005362,CUST_00213,2025-05-09 19:00:00,COMPLETED
ORD_005363,CUST_01551,2025-01-15 13:00:00,COMPLETED
ORD_005364,CUST_01343,2025-01-11 16:00:00,COMPLETED
ORD_005365,CUST_00820,2025-11-27 05:00:00,CANCELLED
ORD_005366,CUST_01411,2025-09-12 13:00:00,COMPLETED
ORD_005367,CUST_00986,2025-03-05 00:00:00,COMPLETED
ORD_005368,CUST_00084,2025-01-06 05:00:00,COMPLETED
ORD_005369,CUST_01873,2025-12-31 07:00:00,COMPLETED
ORD_005370,CUST_00272,2025-07-01 02:00:00,CANCELLED
ORD_005371,CUST_01338,2025-12-03 04:00:00,COMPLETED
ORD_005372,CUST_00059,2025-01-14 19:00:00,COMPLETED
ORD_005373,CUST_01716,2026-01-26 08:00:00,COMPLETED
ORD_005374,CUST_00447,2025-07-07 18:00:00,COMPLETED
ORD_005375,CUST_01268,2025-12-29 12:00:00,COMPLETED
ORD_005376,CUST_00430,2025-10-26 03:00:00,CANCELLED
ORD_005377,CUST_01880,2025-06-21 15:00:00,COMPLETED
ORD_005378,CUST_00201,2025-04-16 22:00:00,COMPLETED
ORD_005379,CUST_00134,2025-05-14 19:00:00,COMPLETED
ORD_005380,CUST_00023,2025-05-14 06:00:00,COMPLETED
ORD_005381,CUST_01826,2025-10-15 11:00:00,COMPLETED
ORD_005382,CUST_01236,2025-11-22 21:00:00,COMPLETED
ORD_005383,CUST_00793,2025-08-05 06:00:00,COMPLETED
ORD_005384,CUST_00954,2025-04-15 15:00:00,COMPLETED
ORD_005385,CUST_01958,2025-07-03 18:00:00,REFUNDED
ORD_005386,CUST_00886,2026-03-20 16:00:00,CANCELLED
ORD_005387,CUST_01889,2025-12-22 23:00:00,COMPLETED
ORD_005388,CUST_00399,2025-05-18 18:00:00,COMPLETED
ORD_005389,CUST_00888,2025-12-21 02:00:00,COMPLETED
ORD_005390,CUST_00591,2025-05-05 23:00:00,COMPLETED
ORD_005391,CUST_00501,2025-10-04 23:00:00,COMPLETED
ORD_005392,CUST_00448,2025-08-31 22:00:00,COMPLETED
ORD_005393,CUST_01792,2025-09-28 15:00:00,COMPLETED
ORD_005394,CUST_00724,2026-03-22 00:00:00,COMPLETED
ORD_005395,CUST_00967,2025-02-27 17:00:00,COMPLETED
ORD_005396,CUST_00921,2025-09-22 02:00:00,COMPLETED
ORD_005397,CUST_00202,2025-11-19 21:00:00,CANCELLED
ORD_005398,CUST_01258,2025-12-19 22:00:00,COMPLETED
ORD_005399,CUST_00006,2025-12-15 02:00:00,COMPLETED
ORD_005400,CUST_00812,2025-03-03 23:00:00,COMPLETED
ORD_005401,CUST_01715,2025-04-29 07:00:00,CANCELLED
ORD_005402,CUST_00981,2026-02-12 15:00:00,COMPLETED
ORD_005403,CUST_00575,2025-11-09 10:00:00,COMPLETED
ORD_005404,CUST_01724,2026-03-26 21:00:00,COMPLETED
ORD_005405,CUST_00388,2025-03-23 06:00:00,COMPLETED
ORD_005406,CUST_00817,2025-04-14 03:00:00,COMPLETED
ORD_005407,CUST_00957,2025-05-17 07:00:00,COMPLETED
ORD_005408,CUST_00636,2025-03-27 08:00:00,COMPLETED
ORD_005409,CUST_00783,2025-02-11 20:00:00,COMPLETED
ORD_005410,CUST_00902,2025-08-15 00:00:00,COMPLETED
ORD_005411,CUST_01203,2025-12-09 14:00:00,COMPLETED
ORD_005412,CUST_00152,2026-03-26 03:00:00,COMPLETED
ORD_005413,CUST_00503,2025-03-16 15:00:00,COMPLETED
ORD_005414,CUST_01194,2025-09-15 15:00:00,COMPLETED
ORD_005415,CUST_01181,2026-01-31 19:00:00,COMPLETED
ORD_005416,CUST_01486,2025-08-02 07:00:00,COMPLETED
ORD_005417,CUST_00684,2025-05-06 23:00:00,CANCELLED
ORD_005418,CUST_01976,2025-09-19 15:00:00,CANCELLED
ORD_005419,CUST_01789,2026-01-24 19:00:00,COMPLETED
ORD_005420,CUST_01308,2025-11-27 01:00:00,COMPLETED
ORD_005421,CUST_00991,2026-03-07 16:00:00,COMPLETED
ORD_005422,CUST_01934,2026-01-07 02:00:00,COMPLETED
ORD_005423,CUST_01438,2025-04-09 21:00:00,COMPLETED
ORD_005424,CUST_00101,2025-03-30 05:00:00,REFUNDED
ORD_005425,CUST_00708,2026-01-13 01:00:00,COMPLETED
ORD_005426,CUST_01937,2026-03-02 16:00:00,COMPLETED
ORD_005427,CUST_00858,2025-03-14 05:00:00,COMPLETED
ORD_005428,CUST_00250,2026-03-27 01:00:00,COMPLETED
ORD_005429,CUST_01700,2025-06-06 09:00:00,COMPLETED
ORD_005430,CUST_00662,2025-09-23 09:00:00,COMPLETED
ORD_005431,CUST_01963,2025-12-04 22:00:00,COMPLETED
ORD_005432,CUST_00274,2025-05-03 10:00:00,COMPLETED
ORD_005433,CUST_01180,2025-02-27 19:00:00,COMPLETED
ORD_005434,CUST_00353,2025-09-09 16:00:00,CANCELLED
ORD_005435,CUST_01679,2026-02-02 17:00:00,COMPLETED
ORD_005436,CUST_00840,2025-02-20 13:00:00,COMPLETED
ORD_005437,CUST_00633,2026-03-27 08:00:00,COMPLETED
ORD_005438,CUST_01969,2025-10-28 11:00:00,REFUNDED
ORD_005439,CUST_01555,2025-09-01 03:00:00,COMPLETED
ORD_005440,CUST_01790,2026-02-16 01:00:00,COMPLETED
ORD_005441,CUST_01373,2026-02-15 09:00:00,CANCELLED
ORD_005442,CUST_01128,2025-03-14 21:00:00,COMPLETED
ORD_005443,CUST_01032,2026-03-22 10:00:00,REFUNDED
ORD_005444,CUST_00612,2025-11-15 18:00:00,COMPLETED
ORD_005445,CUST_01699,2025-01-09 00:00:00,COMPLETED
ORD_005446,CUST_01560,2025-12-27 20:00:00,COMPLETED
ORD_005447,CUST_00773,2025-04-06 16:00:00,COMPLETED
ORD_005448,CUST_01664,2025-05-31 05:00:00,COMPLETED
ORD_005449,CUST_01217,2025-03-10 08:00:00,COMPLETED
ORD_005450,CUST_00934,2026-01-27 03:00:00,COMPLETED
ORD_005451,CUST_01467,2025-09-13 01:00:00,COMPLETED
ORD_005452,CUST_00082,2025-12-28 03:00:00,COMPLETED
ORD_005453,CUST_00141,2025-10-04 20:00:00,COMPLETED
ORD_005454,CUST_01160,2026-03-01 07:00:00,COMPLETED
ORD_005455,CUST_00112,2026-03-13 20:00:00,COMPLETED
ORD_005456,CUST_01778,2026-02-07 03:00:00,COMPLETED
ORD_005457,CUST_00070,2025-05-03 15:00:00,COMPLETED
ORD_005458,CUST_00420,2025-09-10 21:00:00,COMPLETED
ORD_005459,CUST_01013,2025-05-22 06:00:00,COMPLETED
ORD_005460,CUST_00641,2025-05-12 01:00:00,REFUNDED
ORD_005461,CUST_00785,2025-04-25 01:00:00,REFUNDED
ORD_005462,CUST_01836,2026-03-06 10:00:00,COMPLETED
ORD_005463,CUST_01419,2026-01-14 21:00:00,COMPLETED
ORD_005464,CUST_01262,2025-08-31 18:00:00,COMPLETED
ORD_005465,CUST_01457,2025-03-29 10:00:00,COMPLETED
ORD_005466,CUST_00567,2025-12-29 20:00:00,COMPLETED
ORD_005467,CUST_01690,2025-02-16 15:00:00,COMPLETED
ORD_005468,CUST_01507,2025-04-25 07:00:00,COMPLETED
ORD_005469,CUST_00464,2025-05-06 11:00:00,COMPLETED
ORD_005470,CUST_01148,2025-09-24 03:00:00,COMPLETED
ORD_005471,CUST_01939,2025-04-30 13:00:00,COMPLETED
ORD_005472,CUST_01109,2025-09-14 05:00:00,COMPLETED
ORD_005473,CUST_00553,2026-01-25 05:00:00,COMPLETED
ORD_005474,CUST_00422,2025-01-25 02:00:00,COMPLETED
ORD_005475,CUST_01149,2025-11-18 10:00:00,REFUNDED
ORD_005476,CUST_00636,2026-03-15 04:00:00,COMPLETED
ORD_005477,CUST_01151,2025-11-10 22:00:00,COMPLETED
ORD_005478,CUST_00996,2025-09-07 19:00:00,REFUNDED
ORD_005479,CUST_01048,2025-08-03 17:00:00,COMPLETED
ORD_005480,CUST_00287,2025-07-08 09:00:00,REFUNDED
ORD_005481,CUST_00403,2025-07-26 05:00:00,COMPLETED
ORD_005482,CUST_00027,2025-02-11 02:00:00,COMPLETED
ORD_005483,CUST_00588,2025-07-17 14:00:00,COMPLETED
ORD_005484,CUST_01866,2025-01-05 20:00:00,COMPLETED
ORD_005485,CUST_01084,2025-01-28 13:00:00,CANCELLED
ORD_005486,CUST_00507,2025-03-26 01:00:00,COMPLETED
ORD_005487,CUST_01586,2025-09-21 04:00:00,COMPLETED
ORD_005488,CUST_00351,2025-02-24 04:00:00,REFUNDED
ORD_005489,CUST_01261,2025-05-18 00:00:00,COMPLETED
ORD_005490,CUST_00208,2025-08-23 21:00:00,COMPLETED
ORD_005491,CUST_01933,2025-07-13 13:00:00,COMPLETED
ORD_005492,CUST_01166,2025-05-26 23:00:00,COMPLETED
ORD_005493,CUST_00084,2025-11-22 20:00:00,COMPLETED
ORD_005494,CUST_01512,2025-06-22 21:00:00,REFUNDED
ORD_005495,CUST_01203,2026-02-23 06:00:00,COMPLETED
ORD_005496,CUST_01720,2025-07-19 04:00:00,COMPLETED
ORD_005497,CUST_00029,2026-03-01 18:00:00,COMPLETED
ORD_005498,CUST_00588,2025-03-07 03:00:00,COMPLETED
ORD_005499,CUST_01324,2026-01-23 22:00:00,COMPLETED
ORD_005500,CUST_00566,2025-05-06 23:00:00,COMPLETED
ORD_005501,CUST_01652,2025-06-20 01:00:00,COMPLETED
ORD_005502,CUST_00628,2025-11-21 03:00:00,COMPLETED
ORD_005503,CUST_00897,2025-02-23 07:00:00,COMPLETED
ORD_005504,CUST_01250,2025-05-19 08:00:00,COMPLETED
ORD_005505,CUST_01641,2025-11-07 12:00:00,COMPLETED
ORD_005506,CUST_00073,2025-10-05 22:00:00,COMPLETED
ORD_005507,CUST_01367,2026-02-25 18:00:00,COMPLETED
ORD_005508,CUST_01521,2025-06-17 00:00:00,COMPLETED
ORD_005509,CUST_00280,2025-10-30 04:00:00,COMPLETED
ORD_005510,CUST_01116,2026-02-24 18:00:00,CANCELLED
ORD_005511,CUST_01420,2025-02-12 16:00:00,COMPLETED
ORD_005512,CUST_01359,2025-05-27 16:00:00,COMPLETED
ORD_005513,CUST_01975,2025-10-27 18:00:00,COMPLETED
ORD_005514,CUST_00779,2025-05-12 11:00:00,COMPLETED
ORD_005515,CUST_00861,2025-05-20 21:00:00,COMPLETED
ORD_005516,CUST_01988,2026-01-05 18:00:00,COMPLETED
ORD_005517,CUST_00775,2025-05-23 23:00:00,CANCELLED
ORD_005518,CUST_00331,2025-11-01 14:00:00,COMPLETED
ORD_005519,CUST_01456,2025-03-14 11:00:00,COMPLETED
ORD_005520,CUST_01155,2025-05-31 14:00:00,CANCELLED
ORD_005521,CUST_00641,2026-03-08 04:00:00,COMPLETED
ORD_005522,CUST_01991,2025-12-04 01:00:00,COMPLETED
ORD_005523,CUST_00143,2025-05-28 15:00:00,COMPLETED
ORD_005524,CUST_00405,2025-05-09 09:00:00,COMPLETED
ORD_005525,CUST_01898,2025-03-06 21:00:00,COMPLETED
ORD_005526,CUST_00620,2025-02-25 14:00:00,COMPLETED
ORD_005527,CUST_01296,2026-03-05 11:00:00,COMPLETED
ORD_005528,CUST_01129,2025-07-30 07:00:00,COMPLETED
ORD_005529,CUST_01637,2025-10-19 08:00:00,COMPLETED
ORD_005530,CUST_00941,2025-10-28 00:00:00,COMPLETED
ORD_005531,CUST_00436,2025-05-15 12:00:00,COMPLETED
ORD_005532,CUST_00923,2025-06-16 03:00:00,COMPLETED
ORD_005533,CUST_00581,2026-03-23 09:00:00,COMPLETED
ORD_005534,CUST_01400,2025-06-04 08:00:00,CANCELLED
ORD_005535,CUST_00389,2025-06-06 13:00:00,COMPLETED
ORD_005536,CUST_01057,2025-12-22 11:00:00,COMPLETED
ORD_005537,CUST_01022,2025-09-06 09:00:00,COMPLETED
ORD_005538,CUST_00815,2025-09-22 02:00:00,COMPLETED
ORD_005539,CUST_00323,2026-02-13 09:00:00,COMPLETED
ORD_005540,CUST_01513,2026-01-14 10:00:00,COMPLETED
ORD_005541,CUST_01330,2025-03-23 10:00:00,COMPLETED
ORD_005542,CUST_01268,2025-03-10 22:00:00,COMPLETED
ORD_005543,CUST_01746,2025-09-19 16:00:00,COMPLETED
ORD_005544,CUST_01638,2025-10-01 21:00:00,CANCELLED
ORD_005545,CUST_01412,2026-02-13 12:00:00,COMPLETED
ORD_005546,CUST_00361,2025-06-02 12:00:00,COMPLETED
ORD_005547,CUST_01505,2025-06-12 00:00:00,COMPLETED
ORD_005548,CUST_00485,2025-10-14 19:00:00,REFUNDED
ORD_005549,CUST_00334,2025-04-28 00:00:00,COMPLETED
ORD_005550,CUST_00009,2025-05-09 07:00:00,COMPLETED
ORD_005551,CUST_00245,2025-02-12 15:00:00,CANCELLED
ORD_005552,CUST_01867,2025-10-13 09:00:00,COMPLETED
ORD_005553,CUST_01119,2025-03-21 02:00:00,CANCELLED
ORD_005554,CUST_01102,2025-05-02 19:00:00,COMPLETED
ORD_005555,CUST_00235,2025-02-20 07:00:00,COMPLETED
ORD_005556,CUST_00447,2026-02-02 13:00:00,COMPLETED
ORD_005557,CUST_01735,2025-12-26 19:00:00,REFUNDED
ORD_005558,CUST_00156,2025-11-13 15:00:00,COMPLETED
ORD_005559,CUST_00940,2025-06-24 08:00:00,COMPLETED
ORD_005560,CUST_00830,2025-09-27 07:00:00,COMPLETED
ORD_005561,CUST_00683,2025-11-12 06:00:00,COMPLETED
ORD_005562,CUST_01659,2025-09-07 15:00:00,REFUNDED
ORD_005563,CUST_00812,2025-09-05 04:00:00,COMPLETED
ORD_005564,CUST_00905,2026-01-19 14:00:00,COMPLETED
ORD_005565,CUST_00143,2026-01-13 03:00:00,COMPLETED
ORD_005566,CUST_00274,2025-07-05 08:00:00,COMPLETED
ORD_005567,CUST_01409,2026-03-04 04:00:00,COMPLETED
ORD_005568,CUST_01748,2025-03-25 08:00:00,COMPLETED
ORD_005569,CUST_01330,2025-03-01 05:00:00,COMPLETED
ORD_005570,CUST_01106,2025-06-12 00:00:00,COMPLETED
ORD_005571,CUST_00270,2026-01-02 06:00:00,COMPLETED
ORD_005572,CUST_00067,2026-03-13 16:00:00,COMPLETED
ORD_005573,CUST_00456,2025-12-13 06:00:00,COMPLETED
ORD_005574,CUST_01844,2025-05-21 03:00:00,COMPLETED
ORD_005575,CUST_01062,2025-04-06 09:00:00,COMPLETED
ORD_005576,CUST_01966,2025-09-01 04:00:00,COMPLETED
ORD_005577,CUST_00888,2025-04-03 07:00:00,COMPLETED
ORD_005578,CUST_01608,2026-03-19 14:00:00,COMPLETED
ORD_005579,CUST_00540,2025-03-16 01:00:00,COMPLETED
ORD_005580,CUST_00716,2025-08-16 09:00:00,COMPLETED
ORD_005581,CUST_01249,2025-02-05 19:00:00,REFUNDED
ORD_005582,CUST_01817,2025-09-05 11:00:00,COMPLETED
ORD_005583,CUST_00477,2025-04-21 15:00:00,COMPLETED
ORD_005584,CUST_01672,2025-01-26 21:00:00,COMPLETED
ORD_005585,CUST_00419,2025-01-27 13:00:00,COMPLETED
ORD_005586,CUST_00026,2025-05-01 05:00:00,COMPLETED
ORD_005587,CUST_00876,2025-05-01 19:00:00,COMPLETED
ORD_005588,CUST_01060,2025-11-06 17:00:00,COMPLETED
ORD_005589,CUST_00222,2025-12-06 20:00:00,COMPLETED
ORD_005590,CUST_01744,2025-10-12 15:00:00,COMPLETED
ORD_005591,CUST_00340,2025-08-22 06:00:00,COMPLETED
ORD_005592,CUST_01520,2025-04-26 11:00:00,COMPLETED
ORD_005593,CUST_00945,2025-03-23 03:00:00,CANCELLED
ORD_005594,CUST_01858,2025-01-01 16:00:00,COMPLETED
ORD_005595,CUST_00757,2025-06-24 16:00:00,COMPLETED
ORD_005596,CUST_00684,2025-04-07 20:00:00,REFUNDED
ORD_005597,CUST_01761,2025-08-24 11:00:00,COMPLETED
ORD_005598,CUST_00129,2025-07-02 21:00:00,CANCELLED
ORD_005599,CUST_01847,2025-10-07 05:00:00,COMPLETED
ORD_005600,CUST_00564,2025-08-01 07:00:00,CANCELLED
ORD_005601,CUST_01684,2025-03-23 02:00:00,COMPLETED
ORD_005602,CUST_00954,2025-09-28 19:00:00,COMPLETED
ORD_005603,CUST_00518,2025-05-24 11:00:00,COMPLETED
ORD_005604,CUST_00727,2026-03-27 03:00:00,COMPLETED
ORD_005605,CUST_01389,2026-01-08 01:00:00,COMPLETED
ORD_005606,CUST_00619,2025-10-13 16:00:00,COMPLETED
ORD_005607,CUST_00458,2025-06-27 16:00:00,COMPLETED
ORD_005608,CUST_00713,2025-10-16 22:00:00,COMPLETED
ORD_005609,CUST_00356,2025-12-19 18:00:00,COMPLETED
ORD_005610,CUST_00887,2025-09-22 22:00:00,COMPLETED
ORD_005611,CUST_00601,2025-12-09 02:00:00,COMPLETED
ORD_005612,CUST_01614,2025-09-28 03:00:00,COMPLETED
ORD_005613,CUST_01356,2025-02-21 19:00:00,COMPLETED
ORD_005614,CUST_01899,2025-11-14 08:00:00,COMPLETED
ORD_005615,CUST_01037,2025-04-03 17:00:00,COMPLETED
ORD_005616,CUST_00293,2025-03-03 15:00:00,REFUNDED
ORD_005617,CUST_01713,2026-02-23 22:00:00,CANCELLED
ORD_005618,CUST_00279,2025-10-14 07:00:00,COMPLETED
ORD_005619,CUST_00839,2025-05-27 04:00:00,COMPLETED
ORD_005620,CUST_01688,2026-02-04 20:00:00,CANCELLED
ORD_005621,CUST_01208,2025-01-02 13:00:00,COMPLETED
ORD_005622,CUST_01935,2025-05-11 06:00:00,COMPLETED
ORD_005623,CUST_01415,2025-04-13 21:00:00,COMPLETED
ORD_005624,CUST_01633,2025-10-29 23:00:00,COMPLETED
ORD_005625,CUST_00731,2025-12-02 10:00:00,COMPLETED
ORD_005626,CUST_00209,2025-06-23 06:00:00,COMPLETED
ORD_005627,CUST_01851,2026-02-20 09:00:00,COMPLETED
ORD_005628,CUST_01638,2025-04-11 06:00:00,COMPLETED
ORD_005629,CUST_00630,2025-05-26 18:00:00,CANCELLED
ORD_005630,CUST_00866,2025-12-13 14:00:00,COMPLETED
ORD_005631,CUST_01787,2025-12-31 03:00:00,COMPLETED
ORD_005632,CUST_01575,2026-01-29 19:00:00,COMPLETED
ORD_005633,CUST_01087,2025-08-16 04:00:00,CANCELLED
ORD_005634,CUST_00689,2025-11-17 00:00:00,COMPLETED
ORD_005635,CUST_00640,2025-05-19 01:00:00,COMPLETED
ORD_005636,CUST_00856,2026-03-01 18:00:00,COMPLETED
ORD_005637,CUST_01473,2025-12-12 06:00:00,REFUNDED
ORD_005638,CUST_00989,2025-04-05 09:00:00,COMPLETED
ORD_005639,CUST_00075,2025-03-17 08:00:00,COMPLETED
ORD_005640,CUST_00737,2026-02-01 06:00:00,COMPLETED
ORD_005641,CUST_01323,2026-02-28 20:00:00,COMPLETED
ORD_005642,CUST_01502,2026-01-31 01:00:00,COMPLETED
ORD_005643,CUST_01693,2026-03-20 00:00:00,COMPLETED
ORD_005644,CUST_01065,2025-11-10 20:00:00,COMPLETED
ORD_005645,CUST_01942,2025-02-11 21:00:00,COMPLETED
ORD_005646,CUST_01090,2026-01-15 14:00:00,COMPLETED
ORD_005647,CUST_01009,2025-04-26 03:00:00,COMPLETED
ORD_005648,CUST_00420,2025-07-12 06:00:00,COMPLETED
ORD_005649,CUST_00136,2025-04-24 04:00:00,COMPLETED
ORD_005650,CUST_01166,2025-05-31 20:00:00,COMPLETED
ORD_005651,CUST_00519,2025-04-27 00:00:00,CANCELLED
ORD_005652,CUST_00648,2025-12-03 16:00:00,COMPLETED
ORD_005653,CUST_00122,2025-12-02 21:00:00,COMPLETED
ORD_005654,CUST_01519,2025-09-12 05:00:00,COMPLETED
ORD_005655,CUST_00641,2025-06-06 08:00:00,COMPLETED
ORD_005656,CUST_01907,2025-09-03 16:00:00,COMPLETED
ORD_005657,CUST_00104,2025-05-03 18:00:00,COMPLETED
ORD_005658,CUST_01844,2026-01-13 00:00:00,COMPLETED
ORD_005659,CUST_00599,2025-09-06 03:00:00,COMPLETED
ORD_005660,CUST_01492,2025-03-11 02:00:00,COMPLETED
ORD_005661,CUST_00689,2025-03-27 11:00:00,REFUNDED
ORD_005662,CUST_00406,2025-09-11 19:00:00,COMPLETED
ORD_005663,CUST_00483,2026-02-20 17:00:00,COMPLETED
ORD_005664,CUST_00414,2025-10-29 13:00:00,COMPLETED
ORD_005665,CUST_01081,2025-11-04 02:00:00,COMPLETED
ORD_005666,CUST_00302,2025-01-26 04:00:00,COMPLETED
ORD_005667,CUST_00602,2025-06-05 03:00:00,CANCELLED
ORD_005668,CUST_01944,2025-10-19 16:00:00,COMPLETED
ORD_005669,CUST_00720,2026-03-05 21:00:00,COMPLETED
ORD_005670,CUST_00558,2025-04-02 15:00:00,COMPLETED
ORD_005671,CUST_00643,2026-01-27 05:00:00,COMPLETED
ORD_005672,CUST_00108,2025-05-24 09:00:00,COMPLETED
ORD_005673,CUST_00155,2025-11-30 19:00:00,COMPLETED
ORD_005674,CUST_01728,2025-07-04 05:00:00,COMPLETED
ORD_005675,CUST_01748,2025-01-20 14:00:00,COMPLETED
ORD_005676,CUST_01445,2025-07-16 18:00:00,CANCELLED
ORD_005677,CUST_01707,2025-10-26 20:00:00,COMPLETED
ORD_005678,CUST_01878,2026-02-22 02:00:00,COMPLETED
ORD_005679,CUST_01276,2025-07-02 04:00:00,CANCELLED
ORD_005680,CUST_00805,2026-02-22 17:00:00,COMPLETED
ORD_005681,CUST_01071,2025-04-18 02:00:00,COMPLETED
ORD_005682,CUST_00016,2025-02-16 18:00:00,COMPLETED
ORD_005683,CUST_01280,2025-08-26 15:00:00,CANCELLED
ORD_005684,CUST_01609,2025-09-17 18:00:00,COMPLETED
ORD_005685,CUST_01924,2025-07-02 03:00:00,CANCELLED
ORD_005686,CUST_01991,2025-08-07 12:00:00,COMPLETED
ORD_005687,CUST_01478,2025-07-03 01:00:00,COMPLETED
ORD_005688,CUST_01816,2025-02-24 17:00:00,COMPLETED
ORD_005689,CUST_00928,2025-01-25 01:00:00,CANCELLED
ORD_005690,CUST_00756,2025-07-10 08:00:00,COMPLETED
ORD_005691,CUST_01331,2025-06-01 00:00:00,COMPLETED
ORD_005692,CUST_01495,2026-01-20 04:00:00,COMPLETED
ORD_005693,CUST_00780,2025-08-27 14:00:00,CANCELLED
ORD_005694,CUST_00322,2025-07-19 01:00:00,COMPLETED
ORD_005695,CUST_01860,2025-03-01 21:00:00,COMPLETED
ORD_005696,CUST_01023,2026-03-20 04:00:00,COMPLETED
ORD_005697,CUST_01264,2025-04-24 03:00:00,COMPLETED
ORD_005698,CUST_01161,2025-07-19 04:00:00,COMPLETED
ORD_005699,CUST_00926,2025-06-23 15:00:00,COMPLETED
ORD_005700,CUST_01472,2025-07-08 02:00:00,COMPLETED
ORD_005701,CUST_00963,2025-01-13 01:00:00,REFUNDED
ORD_005702,CUST_01447,2025-01-10 06:00:00,REFUNDED
ORD_005703,CUST_00360,2025-07-17 13:00:00,COMPLETED
ORD_005704,CUST_01785,2026-01-20 17:00:00,COMPLETED
ORD_005705,CUST_00432,2025-06-28 15:00:00,COMPLETED
ORD_005706,CUST_00939,2026-03-17 09:00:00,COMPLETED
ORD_005707,CUST_00419,2025-05-03 18:00:00,COMPLETED
ORD_005708,CUST_01114,2026-02-03 15:00:00,COMPLETED
ORD_005709,CUST_01303,2025-11-26 07:00:00,CANCELLED
ORD_005710,CUST_00559,2025-10-08 08:00:00,COMPLETED
ORD_005711,CUST_01121,2026-03-16 14:00:00,CANCELLED
ORD_005712,CUST_00888,2025-11-24 02:00:00,CANCELLED
ORD_005713,CUST_01741,2026-01-17 22:00:00,COMPLETED
ORD_005714,CUST_00371,2025-10-07 08:00:00,COMPLETED
ORD_005715,CUST_01054,2026-02-15 11:00:00,COMPLETED
ORD_005716,CUST_01142,2025-09-15 02:00:00,COMPLETED
ORD_005717,CUST_01736,2026-03-20 12:00:00,COMPLETED
ORD_005718,CUST_01837,2025-04-27 01:00:00,COMPLETED
ORD_005719,CUST_01594,2025-04-01 03:00:00,COMPLETED
ORD_005720,CUST_00311,2025-03-31 18:00:00,COMPLETED
ORD_005721,CUST_01448,2026-02-17 02:00:00,COMPLETED
ORD_005722,CUST_01903,2025-10-02 05:00:00,COMPLETED
ORD_005723,CUST_00181,2025-04-09 13:00:00,COMPLETED
ORD_005724,CUST_01589,2025-04-10 15:00:00,COMPLETED
ORD_005725,CUST_01927,2025-03-10 10:00:00,REFUNDED
ORD_005726,CUST_01867,2026-02-27 03:00:00,COMPLETED
ORD_005727,CUST_01404,2025-02-17 04:00:00,COMPLETED
ORD_005728,CUST_00279,2025-11-02 21:00:00,COMPLETED
ORD_005729,CUST_01508,2025-09-24 01:00:00,COMPLETED
ORD_005730,CUST_00002,2026-01-16 06:00:00,COMPLETED
ORD_005731,CUST_01879,2026-01-22 23:00:00,COMPLETED
ORD_005732,CUST_01998,2025-02-14 01:00:00,COMPLETED
ORD_005733,CUST_00784,2025-03-20 12:00:00,CANCELLED
ORD_005734,CUST_00698,2025-03-20 07:00:00,CANCELLED
ORD_005735,CUST_01371,2025-08-14 00:00:00,COMPLETED
ORD_005736,CUST_00502,2025-07-05 01:00:00,COMPLETED
ORD_005737,CUST_01465,2025-07-16 14:00:00,COMPLETED
ORD_005738,CUST_01823,2025-12-11 09:00:00,REFUNDED
ORD_005739,CUST_00722,2025-10-13 23:00:00,COMPLETED
ORD_005740,CUST_00684,2025-03-31 21:00:00,COMPLETED
ORD_005741,CUST_00557,2025-06-29 05:00:00,COMPLETED
ORD_005742,CUST_01687,2026-03-19 04:00:00,COMPLETED
ORD_005743,CUST_01226,2025-10-22 05:00:00,COMPLETED
ORD_005744,CUST_00637,2025-06-16 09:00:00,COMPLETED
ORD_005745,CUST_01796,2026-03-11 12:00:00,COMPLETED
ORD_005746,CUST_01776,2025-06-22 22:00:00,REFUNDED
ORD_005747,CUST_01833,2025-12-11 08:00:00,COMPLETED
ORD_005748,CUST_00172,2025-09-11 12:00:00,COMPLETED
ORD_005749,CUST_01532,2025-04-24 02:00:00,COMPLETED
ORD_005750,CUST_00103,2025-08-10 19:00:00,COMPLETED
ORD_005751,CUST_00465,2025-02-17 09:00:00,COMPLETED
ORD_005752,CUST_00805,2025-07-09 11:00:00,COMPLETED
ORD_005753,CUST_00056,2025-11-01 01:00:00,COMPLETED
ORD_005754,CUST_01810,2025-04-16 12:00:00,REFUNDED
ORD_005755,CUST_00318,2025-06-23 07:00:00,COMPLETED
ORD_005756,CUST_00302,2025-07-01 23:00:00,COMPLETED
ORD_005757,CUST_00950,2026-03-13 09:00:00,COMPLETED
ORD_005758,CUST_00653,2025-03-23 06:00:00,COMPLETED
ORD_005759,CUST_00606,2025-08-14 05:00:00,COMPLETED
ORD_005760,CUST_01225,2025-05-11 13:00:00,COMPLETED
ORD_005761,CUST_00617,2025-08-06 14:00:00,COMPLETED
ORD_005762,CUST_00894,2026-03-20 12:00:00,COMPLETED
ORD_005763,CUST_01627,2026-01-17 04:00:00,COMPLETED
ORD_005764,CUST_01094,2025-03-27 13:00:00,COMPLETED
ORD_005765,CUST_00761,2025-12-24 15:00:00,COMPLETED
ORD_005766,CUST_00887,2025-07-19 02:00:00,CANCELLED
ORD_005767,CUST_00854,2025-09-10 09:00:00,CANCELLED
ORD_005768,CUST_01587,2025-11-26 14:00:00,COMPLETED
ORD_005769,CUST_01169,2025-10-29 00:00:00,COMPLETED
ORD_005770,CUST_00874,2025-05-23 11:00:00,COMPLETED
ORD_005771,CUST_00279,2026-01-20 10:00:00,CANCELLED
ORD_005772,CUST_00390,2025-03-27 04:00:00,COMPLETED
ORD_005773,CUST_01559,2025-05-31 23:00:00,REFUNDED
ORD_005774,CUST_01588,2026-01-23 05:00:00,COMPLETED
ORD_005775,CUST_00120,2025-12-21 01:00:00,COMPLETED
ORD_005776,CUST_00836,2025-07-04 19:00:00,CANCELLED
ORD_005777,CUST_01701,2026-02-05 13:00:00,COMPLETED
ORD_005778,CUST_00816,2025-05-14 04:00:00,COMPLETED
ORD_005779,CUST_01073,2025-07-07 09:00:00,COMPLETED
ORD_005780,CUST_00772,2025-11-06 14:00:00,COMPLETED
ORD_005781,CUST_01921,2025-09-30 01:00:00,COMPLETED
ORD_005782,CUST_00421,2025-07-12 08:00:00,CANCELLED
ORD_005783,CUST_00877,2025-04-28 15:00:00,CANCELLED
ORD_005784,CUST_00102,2025-02-12 19:00:00,COMPLETED
ORD_005785,CUST_01361,2026-03-08 20:00:00,COMPLETED
ORD_005786,CUST_01649,2025-07-23 01:00:00,CANCELLED
ORD_005787,CUST_01887,2025-12-22 20:00:00,REFUNDED
ORD_005788,CUST_00350,2025-04-07 09:00:00,COMPLETED
ORD_005789,CUST_00041,2026-03-12 16:00:00,COMPLETED
ORD_005790,CUST_00340,2025-11-15 15:00:00,COMPLETED
ORD_005791,CUST_00724,2025-04-24 02:00:00,REFUNDED
ORD_005792,CUST_00879,2025-02-25 13:00:00,COMPLETED
ORD_005793,CUST_01042,2025-01-24 03:00:00,COMPLETED
ORD_005794,CUST_01583,2025-06-28 12:00:00,COMPLETED
ORD_005795,CUST_01280,2026-03-10 10:00:00,CANCELLED
ORD_005796,CUST_00791,2025-05-01 18:00:00,COMPLETED
ORD_005797,CUST_01866,2025-11-05 11:00:00,COMPLETED
ORD_005798,CUST_01329,2025-04-05 02:00:00,COMPLETED
ORD_005799,CUST_00786,2025-02-19 23:00:00,COMPLETED
ORD_005800,CUST_00157,2025-11-24 23:00:00,COMPLETED
ORD_005801,CUST_00405,2025-12-16 10:00:00,COMPLETED
ORD_005802,CUST_00033,2025-05-24 05:00:00,COMPLETED
ORD_005803,CUST_01109,2025-05-11 00:00:00,REFUNDED
ORD_005804,CUST_00775,2025-02-17 11:00:00,COMPLETED
ORD_005805,CUST_00207,2025-01-12 21:00:00,COMPLETED
ORD_005806,CUST_00316,2026-01-15 08:00:00,REFUNDED
ORD_005807,CUST_00789,2025-04-20 20:00:00,CANCELLED
ORD_005808,CUST_01785,2025-08-27 19:00:00,COMPLETED
ORD_005809,CUST_01029,2026-02-08 01:00:00,COMPLETED
ORD_005810,CUST_00029,2025-12-27 16:00:00,COMPLETED
ORD_005811,CUST_01890,2025-08-01 17:00:00,COMPLETED
ORD_005812,CUST_01402,2025-01-14 16:00:00,COMPLETED
ORD_005813,CUST_00811,2026-02-16 16:00:00,COMPLETED
ORD_005814,CUST_01218,2025-05-04 10:00:00,COMPLETED
ORD_005815,CUST_01032,2025-09-27 22:00:00,COMPLETED
ORD_005816,CUST_01620,2026-01-19 11:00:00,COMPLETED
ORD_005817,CUST_01566,2025-06-30 16:00:00,REFUNDED
ORD_005818,CUST_01335,2025-11-27 07:00:00,COMPLETED
ORD_005819,CUST_00563,2025-08-07 08:00:00,CANCELLED
ORD_005820,CUST_00162,2025-06-14 08:00:00,CANCELLED
ORD_005821,CUST_00181,2025-11-21 17:00:00,COMPLETED
ORD_005822,CUST_01615,2025-08-18 11:00:00,COMPLETED
ORD_005823,CUST_00480,2026-01-27 19:00:00,COMPLETED
ORD_005824,CUST_01707,2025-08-18 18:00:00,COMPLETED
ORD_005825,CUST_01415,2025-10-17 22:00:00,COMPLETED
ORD_005826,CUST_01717,2025-09-05 08:00:00,COMPLETED
ORD_005827,CUST_01360,2025-03-10 11:00:00,COMPLETED
ORD_005828,CUST_00458,2026-01-11 09:00:00,CANCELLED
ORD_005829,CUST_00191,2025-03-24 20:00:00,CANCELLED
ORD_005830,CUST_01427,2025-10-25 20:00:00,COMPLETED
ORD_005831,CUST_01380,2025-01-30 23:00:00,CANCELLED
ORD_005832,CUST_00777,2026-01-29 09:00:00,COMPLETED
ORD_005833,CUST_00470,2025-04-20 12:00:00,COMPLETED
ORD_005834,CUST_00751,2025-09-29 05:00:00,COMPLETED
ORD_005835,CUST_00358,2026-02-13 15:00:00,COMPLETED
ORD_005836,CUST_01504,2025-06-17 12:00:00,COMPLETED
ORD_005837,CUST_00288,2025-09-21 08:00:00,COMPLETED
ORD_005838,CUST_00549,2025-10-27 15:00:00,CANCELLED
ORD_005839,CUST_01675,2025-12-11 16:00:00,CANCELLED
ORD_005840,CUST_00613,2025-06-17 01:00:00,COMPLETED
ORD_005841,CUST_00581,2026-02-18 22:00:00,CANCELLED
ORD_005842,CUST_00006,2025-08-20 16:00:00,REFUNDED
ORD_005843,CUST_01272,2026-03-18 20:00:00,COMPLETED
ORD_005844,CUST_00908,2026-03-24 13:00:00,COMPLETED
ORD_005845,CUST_01828,2026-02-15 15:00:00,COMPLETED
ORD_005846,CUST_01708,2025-04-03 10:00:00,COMPLETED
ORD_005847,CUST_00757,2025-04-30 01:00:00,COMPLETED
ORD_005848,CUST_00326,2026-01-24 16:00:00,CANCELLED
ORD_005849,CUST_01150,2025-02-24 10:00:00,COMPLETED
ORD_005850,CUST_00152,2025-09-29 00:00:00,COMPLETED
ORD_005851,CUST_01676,2025-10-06 12:00:00,COMPLETED
ORD_005852,CUST_01268,2025-08-13 16:00:00,CANCELLED
ORD_005853,CUST_01023,2025-12-12 19:00:00,COMPLETED
ORD_005854,CUST_01055,2025-05-14 11:00:00,COMPLETED
ORD_005855,CUST_00160,2025-02-25 03:00:00,COMPLETED
ORD_005856,CUST_00766,2026-03-10 19:00:00,COMPLETED
ORD_005857,CUST_01965,2025-04-24 21:00:00,CANCELLED
ORD_005858,CUST_00830,2026-03-15 05:00:00,COMPLETED
ORD_005859,CUST_00088,2026-02-16 09:00:00,COMPLETED
ORD_005860,CUST_01320,2025-07-31 15:00:00,COMPLETED
ORD_005861,CUST_00121,2025-02-06 20:00:00,CANCELLED
ORD_005862,CUST_01733,2026-01-01 20:00:00,COMPLETED
ORD_005863,CUST_01783,2025-10-16 19:00:00,CANCELLED
ORD_005864,CUST_00593,2025-10-31 04:00:00,COMPLETED
ORD_005865,CUST_01183,2025-08-26 10:00:00,COMPLETED
ORD_005866,CUST_01275,2025-03-29 06:00:00,COMPLETED
ORD_005867,CUST_00885,2025-08-13 03:00:00,COMPLETED
ORD_005868,CUST_01225,2025-01-11 00:00:00,REFUNDED
ORD_005869,CUST_00672,2026-01-06 04:00:00,COMPLETED
ORD_005870,CUST_01023,2026-01-08 19:00:00,COMPLETED
ORD_005871,CUST_01269,2026-02-10 11:00:00,CANCELLED
ORD_005872,CUST_00212,2026-03-21 19:00:00,COMPLETED
ORD_005873,CUST_01646,2025-11-25 12:00:00,COMPLETED
ORD_005874,CUST_00760,2025-04-08 10:00:00,COMPLETED
ORD_005875,CUST_01642,2025-02-07 17:00:00,COMPLETED
ORD_005876,CUST_01804,2026-03-10 15:00:00,CANCELLED
ORD_005877,CUST_00555,2025-06-29 14:00:00,REFUNDED
ORD_005878,CUST_01929,2025-01-29 11:00:00,COMPLETED
ORD_005879,CUST_00833,2025-04-15 05:00:00,CANCELLED
ORD_005880,CUST_01253,2025-01-22 18:00:00,COMPLETED
ORD_005881,CUST_01092,2026-01-03 07:00:00,COMPLETED
ORD_005882,CUST_00576,2025-07-12 02:00:00,COMPLETED
ORD_005883,CUST_01974,2025-04-24 21:00:00,COMPLETED
ORD_005884,CUST_01748,2025-11-20 00:00:00,COMPLETED
ORD_005885,CUST_00442,2025-02-03 09:00:00,COMPLETED
ORD_005886,CUST_01656,2025-06-09 13:00:00,COMPLETED
ORD_005887,CUST_01819,2025-05-21 03:00:00,COMPLETED
ORD_005888,CUST_00862,2025-11-15 15:00:00,COMPLETED
ORD_005889,CUST_00112,2025-03-22 22:00:00,COMPLETED
ORD_005890,CUST_00356,2025-10-16 21:00:00,COMPLETED
ORD_005891,CUST_01367,2025-05-28 02:00:00,CANCELLED
ORD_005892,CUST_00306,2025-12-03 01:00:00,CANCELLED
ORD_005893,CUST_00423,2025-04-19 13:00:00,CANCELLED
ORD_005894,CUST_01050,2025-09-10 10:00:00,COMPLETED
ORD_005895,CUST_00391,2025-09-29 00:00:00,COMPLETED
ORD_005896,CUST_00533,2025-07-18 18:00:00,COMPLETED
ORD_005897,CUST_00509,2026-02-04 23:00:00,CANCELLED
ORD_005898,CUST_01671,2025-04-24 04:00:00,COMPLETED
ORD_005899,CUST_00922,2025-12-30 23:00:00,COMPLETED
ORD_005900,CUST_01601,2026-01-31 23:00:00,COMPLETED
ORD_005901,CUST_01285,2025-09-26 18:00:00,COMPLETED
ORD_005902,CUST_00031,2025-05-17 01:00:00,CANCELLED
ORD_005903,CUST_00929,2025-02-06 02:00:00,CANCELLED
ORD_005904,CUST_00344,2025-08-22 02:00:00,COMPLETED
ORD_005905,CUST_01032,2026-03-03 06:00:00,COMPLETED
ORD_005906,CUST_00048,2025-01-18 07:00:00,COMPLETED
ORD_005907,CUST_00488,2025-12-28 15:00:00,CANCELLED
ORD_005908,CUST_01318,2025-01-15 19:00:00,COMPLETED
ORD_005909,CUST_01981,2025-08-24 03:00:00,CANCELLED
ORD_005910,CUST_01278,2025-09-28 08:00:00,COMPLETED
ORD_005911,CUST_01499,2025-07-30 14:00:00,COMPLETED
ORD_005912,CUST_01682,2025-10-30 01:00:00,COMPLETED
ORD_005913,CUST_00868,2025-10-10 14:00:00,COMPLETED
ORD_005914,CUST_00189,2025-09-01 22:00:00,COMPLETED
ORD_005915,CUST_01082,2025-04-30 15:00:00,COMPLETED
ORD_005916,CUST_00468,2025-04-21 20:00:00,COMPLETED
ORD_005917,CUST_00445,2025-02-24 13:00:00,COMPLETED
ORD_005918,CUST_00399,2026-02-15 18:00:00,COMPLETED
ORD_005919,CUST_00245,2026-02-11 04:00:00,COMPLETED
ORD_005920,CUST_01528,2025-08-18 11:00:00,COMPLETED
ORD_005921,CUST_00510,2025-11-09 05:00:00,COMPLETED
ORD_005922,CUST_01150,2025-09-09 09:00:00,COMPLETED
ORD_005923,CUST_00634,2025-07-31 01:00:00,COMPLETED
ORD_005924,CUST_00511,2025-02-13 01:00:00,COMPLETED
ORD_005925,CUST_01621,2025-01-09 12:00:00,COMPLETED
ORD_005926,CUST_00342,2025-11-23 19:00:00,COMPLETED
ORD_005927,CUST_01839,2025-11-30 14:00:00,COMPLETED
ORD_005928,CUST_01733,2025-08-29 09:00:00,COMPLETED
ORD_005929,CUST_01391,2025-01-27 00:00:00,REFUNDED
ORD_005930,CUST_00586,2025-11-01 22:00:00,COMPLETED
ORD_005931,CUST_01517,2025-08-25 01:00:00,COMPLETED
ORD_005932,CUST_00356,2025-02-02 16:00:00,COMPLETED
ORD_005933,CUST_00012,2025-04-21 04:00:00,COMPLETED
ORD_005934,CUST_01567,2025-07-09 20:00:00,COMPLETED
ORD_005935,CUST_01016,2025-12-12 22:00:00,CANCELLED
ORD_005936,CUST_01343,2026-02-05 12:00:00,REFUNDED
ORD_005937,CUST_01098,2025-07-15 23:00:00,COMPLETED
ORD_005938,CUST_00714,2026-03-20 02:00:00,COMPLETED
ORD_005939,CUST_01308,2025-10-06 00:00:00,COMPLETED
ORD_005940,CUST_00096,2025-07-13 03:00:00,COMPLETED
ORD_005941,CUST_01174,2025-01-02 16:00:00,COMPLETED
ORD_005942,CUST_01999,2025-06-23 07:00:00,COMPLETED
ORD_005943,CUST_00709,2026-02-20 14:00:00,CANCELLED
ORD_005944,CUST_00222,2025-01-21 00:00:00,COMPLETED
ORD_005945,CUST_00881,2025-09-13 01:00:00,COMPLETED
ORD_005946,CUST_00785,2026-03-01 00:00:00,REFUNDED
ORD_005947,CUST_00008,2025-02-21 00:00:00,COMPLETED
ORD_005948,CUST_01945,2025-03-18 04:00:00,COMPLETED
ORD_005949,CUST_00316,2025-03-09 23:00:00,COMPLETED
ORD_005950,CUST_01215,2025-03-01 05:00:00,COMPLETED
ORD_005951,CUST_00333,2025-12-26 12:00:00,COMPLETED
ORD_005952,CUST_01930,2025-10-14 06:00:00,COMPLETED
ORD_005953,CUST_01703,2026-03-24 19:00:00,COMPLETED
ORD_005954,CUST_01519,2025-01-22 10:00:00,COMPLETED
ORD_005955,CUST_00955,2025-02-19 23:00:00,COMPLETED
ORD_005956,CUST_00456,2025-01-19 03:00:00,COMPLETED
ORD_005957,CUST_01425,2026-03-03 02:00:00,COMPLETED
ORD_005958,CUST_00558,2026-01-25 17:00:00,COMPLETED
ORD_005959,CUST_01837,2025-02-04 23:00:00,COMPLETED
ORD_005960,CUST_00127,2025-07-13 18:00:00,COMPLETED
ORD_005961,CUST_01775,2025-04-11 08:00:00,COMPLETED
ORD_005962,CUST_00591,2026-01-07 18:00:00,COMPLETED
ORD_005963,CUST_00109,2025-02-27 00:00:00,COMPLETED
ORD_005964,CUST_01637,2026-02-05 12:00:00,COMPLETED
ORD_005965,CUST_01376,2025-08-26 13:00:00,COMPLETED
ORD_005966,CUST_00338,2025-11-12 16:00:00,COMPLETED
ORD_005967,CUST_00092,2025-09-02 02:00:00,COMPLETED
ORD_005968,CUST_01512,2025-01-21 03:00:00,CANCELLED
ORD_005969,CUST_00973,2025-05-25 19:00:00,COMPLETED
ORD_005970,CUST_01201,2025-06-06 02:00:00,COMPLETED
ORD_005971,CUST_01629,2025-02-11 13:00:00,COMPLETED
ORD_005972,CUST_01577,2025-04-28 05:00:00,COMPLETED
ORD_005973,CUST_00480,2025-10-14 04:00:00,COMPLETED
ORD_005974,CUST_00461,2026-01-16 04:00:00,COMPLETED
ORD_005975,CUST_01921,2025-07-05 03:00:00,COMPLETED
ORD_005976,CUST_00592,2025-10-18 12:00:00,COMPLETED
ORD_005977,CUST_01518,2025-05-12 04:00:00,COMPLETED
ORD_005978,CUST_01864,2025-10-30 10:00:00,COMPLETED
ORD_005979,CUST_01946,2025-09-17 20:00:00,COMPLETED
ORD_005980,CUST_01359,2025-07-17 03:00:00,CANCELLED
ORD_005981,CUST_00464,2025-08-10 14:00:00,COMPLETED
ORD_005982,CUST_01285,2025-03-16 03:00:00,COMPLETED
ORD_005983,CUST_00710,2025-02-02 15:00:00,COMPLETED
ORD_005984,CUST_00421,2025-01-11 04:00:00,COMPLETED
ORD_005985,CUST_01169,2026-02-21 10:00:00,CANCELLED
ORD_005986,CUST_00533,2025-05-10 09:00:00,COMPLETED
ORD_005987,CUST_01686,2026-02-07 19:00:00,COMPLETED
ORD_005988,CUST_01125,2025-07-19 10:00:00,COMPLETED
ORD_005989,CUST_00713,2025-06-17 01:00:00,CANCELLED
ORD_005990,CUST_01050,2025-03-22 22:00:00,COMPLETED
ORD_005991,CUST_00383,2025-05-22 23:00:00,COMPLETED
ORD_005992,CUST_01971,2025-03-22 22:00:00,CANCELLED
ORD_005993,CUST_01046,2025-02-12 16:00:00,COMPLETED
ORD_005994,CUST_01282,2025-12-06 04:00:00,COMPLETED
ORD_005995,CUST_01643,2025-06-16 08:00:00,COMPLETED
ORD_005996,CUST_00575,2025-11-22 16:00:00,COMPLETED
ORD_005997,CUST_00823,2025-01-26 10:00:00,COMPLETED
ORD_005998,CUST_00492,2025-12-23 14:00:00,COMPLETED
ORD_005999,CUST_00257,2025-06-26 19:00:00,COMPLETED
ORD_006000,CUST_01298,2026-03-05 10:00:00,CANCELLED
ORD_006001,CUST_01031,2025-01-02 05:00:00,COMPLETED
ORD_006002,CUST_01625,2025-05-31 04:00:00,COMPLETED
ORD_006003,CUST_00666,2025-05-09 20:00:00,COMPLETED
ORD_006004,CUST_00115,2026-01-28 04:00:00,COMPLETED
ORD_006005,CUST_01660,2025-08-03 06:00:00,COMPLETED
ORD_006006,CUST_01875,2025-05-06 11:00:00,COMPLETED
ORD_006007,CUST_01023,2025-04-02 07:00:00,COMPLETED
ORD_006008,CUST_00992,2025-03-01 21:00:00,COMPLETED
ORD_006009,CUST_00212,2025-08-26 20:00:00,COMPLETED
ORD_006010,CUST_01170,2025-06-14 09:00:00,COMPLETED
ORD_006011,CUST_01673,2025-09-15 14:00:00,COMPLETED
ORD_006012,CUST_00236,2025-09-12 03:00:00,COMPLETED
ORD_006013,CUST_00251,2026-03-09 21:00:00,COMPLETED
ORD_006014,CUST_00423,2025-04-10 04:00:00,COMPLETED
ORD_006015,CUST_00977,2025-01-02 04:00:00,COMPLETED
ORD_006016,CUST_00210,2025-01-09 12:00:00,COMPLETED
ORD_006017,CUST_01229,2025-02-16 22:00:00,COMPLETED
ORD_006018,CUST_00967,2025-04-16 19:00:00,COMPLETED
ORD_006019,CUST_00578,2026-02-15 20:00:00,COMPLETED
ORD_006020,CUST_00942,2025-03-08 00:00:00,COMPLETED
ORD_006021,CUST_01382,2025-05-01 03:00:00,CANCELLED
ORD_006022,CUST_01137,2026-02-03 16:00:00,COMPLETED
ORD_006023,CUST_01384,2025-08-01 14:00:00,COMPLETED
ORD_006024,CUST_00944,2025-08-06 23:00:00,COMPLETED
ORD_006025,CUST_00969,2026-02-07 14:00:00,COMPLETED
ORD_006026,CUST_00503,2025-05-24 09:00:00,COMPLETED
ORD_006027,CUST_01429,2025-09-23 05:00:00,COMPLETED
ORD_006028,CUST_00060,2025-04-02 16:00:00,COMPLETED
ORD_006029,CUST_01421,2026-01-17 15:00:00,COMPLETED
ORD_006030,CUST_00714,2025-10-11 00:00:00,COMPLETED
ORD_006031,CUST_01056,2025-09-13 06:00:00,COMPLETED
ORD_006032,CUST_01780,2025-11-11 01:00:00,COMPLETED
ORD_006033,CUST_01376,2025-01-23 09:00:00,COMPLETED
ORD_006034,CUST_01831,2025-11-10 13:00:00,COMPLETED
ORD_006035,CUST_01060,2025-04-28 01:00:00,COMPLETED
ORD_006036,CUST_00660,2025-12-24 18:00:00,COMPLETED
ORD_006037,CUST_01867,2025-07-17 13:00:00,COMPLETED
ORD_006038,CUST_01509,2025-07-20 14:00:00,COMPLETED
ORD_006039,CUST_00958,2026-01-23 13:00:00,COMPLETED
ORD_006040,CUST_01562,2025-03-31 18:00:00,COMPLETED
ORD_006041,CUST_01198,2025-07-13 01:00:00,CANCELLED
ORD_006042,CUST_00810,2025-11-20 05:00:00,COMPLETED
ORD_006043,CUST_01892,2026-02-10 22:00:00,COMPLETED
ORD_006044,CUST_00885,2025-11-08 13:00:00,COMPLETED
ORD_006045,CUST_00439,2025-11-30 09:00:00,COMPLETED
ORD_006046,CUST_00757,2026-03-09 19:00:00,COMPLETED
ORD_006047,CUST_00117,2025-11-03 02:00:00,COMPLETED
ORD_006048,CUST_00585,2025-11-23 01:00:00,COMPLETED
ORD_006049,CUST_01764,2025-05-12 22:00:00,COMPLETED
ORD_006050,CUST_00940,2025-09-10 03:00:00,COMPLETED
ORD_006051,CUST_00208,2025-08-01 09:00:00,COMPLETED
ORD_006052,CUST_00014,2026-02-25 19:00:00,COMPLETED
ORD_006053,CUST_00212,2025-06-17 08:00:00,COMPLETED
ORD_006054,CUST_00004,2026-03-02 10:00:00,COMPLETED
ORD_006055,CUST_00873,2025-11-23 16:00:00,COMPLETED
ORD_006056,CUST_01189,2026-03-11 08:00:00,COMPLETED
ORD_006057,CUST_01003,2026-01-11 09:00:00,COMPLETED
ORD_006058,CUST_00308,2025-07-28 11:00:00,COMPLETED
ORD_006059,CUST_01681,2025-08-28 14:00:00,COMPLETED
ORD_006060,CUST_00266,2026-01-03 03:00:00,REFUNDED
ORD_006061,CUST_01067,2025-05-06 22:00:00,COMPLETED
ORD_006062,CUST_01889,2026-02-22 20:00:00,COMPLETED
ORD_006063,CUST_01251,2025-08-19 03:00:00,COMPLETED
ORD_006064,CUST_00010,2025-06-26 06:00:00,COMPLETED
ORD_006065,CUST_00432,2025-05-11 05:00:00,COMPLETED
ORD_006066,CUST_00495,2025-08-27 16:00:00,COMPLETED
ORD_006067,CUST_00731,2026-01-18 18:00:00,CANCELLED
ORD_006068,CUST_00805,2025-04-19 20:00:00,COMPLETED
ORD_006069,CUST_00274,2026-03-08 05:00:00,COMPLETED
ORD_006070,CUST_01216,2025-09-24 14:00:00,COMPLETED
ORD_006071,CUST_01418,2026-01-30 06:00:00,CANCELLED
ORD_006072,CUST_00967,2025-03-16 05:00:00,COMPLETED
ORD_006073,CUST_00883,2026-02-17 14:00:00,COMPLETED
ORD_006074,CUST_00265,2026-01-28 12:00:00,COMPLETED
ORD_006075,CUST_01837,2025-08-07 10:00:00,COMPLETED
ORD_006076,CUST_00838,2025-05-12 23:00:00,COMPLETED
ORD_006077,CUST_00580,2025-10-01 20:00:00,COMPLETED
ORD_006078,CUST_01118,2025-05-29 04:00:00,COMPLETED
ORD_006079,CUST_00103,2025-09-13 09:00:00,COMPLETED
ORD_006080,CUST_01333,2026-01-29 19:00:00,COMPLETED
ORD_006081,CUST_00198,2026-01-30 09:00:00,CANCELLED
ORD_006082,CUST_00393,2025-08-08 22:00:00,COMPLETED
ORD_006083,CUST_00940,2025-06-06 10:00:00,COMPLETED
ORD_006084,CUST_00139,2025-11-18 08:00:00,COMPLETED
ORD_006085,CUST_00631,2025-11-28 01:00:00,COMPLETED
ORD_006086,CUST_00524,2025-04-07 23:00:00,COMPLETED
ORD_006087,CUST_01296,2025-01-16 23:00:00,COMPLETED
ORD_006088,CUST_00135,2025-01-15 04:00:00,COMPLETED
ORD_006089,CUST_00677,2025-11-26 03:00:00,COMPLETED
ORD_006090,CUST_00975,2026-03-12 09:00:00,COMPLETED
ORD_006091,CUST_01773,2025-04-30 12:00:00,COMPLETED
ORD_006092,CUST_00314,2025-08-01 10:00:00,COMPLETED
ORD_006093,CUST_01660,2026-01-23 18:00:00,COMPLETED
ORD_006094,CUST_01894,2025-05-31 11:00:00,COMPLETED
ORD_006095,CUST_00461,2025-04-14 17:00:00,COMPLETED
ORD_006096,CUST_01227,2025-10-11 05:00:00,COMPLETED
ORD_006097,CUST_00023,2025-04-21 04:00:00,COMPLETED
ORD_006098,CUST_01913,2025-05-08 09:00:00,COMPLETED
ORD_006099,CUST_01526,2026-02-09 10:00:00,COMPLETED
ORD_006100,CUST_00716,2026-01-06 07:00:00,COMPLETED
ORD_006101,CUST_01199,2025-04-22 11:00:00,COMPLETED
ORD_006102,CUST_00272,2025-07-18 13:00:00,REFUNDED
ORD_006103,CUST_01397,2025-09-21 05:00:00,COMPLETED
ORD_006104,CUST_01699,2025-03-09 16:00:00,COMPLETED
ORD_006105,CUST_00084,2025-11-03 23:00:00,COMPLETED
ORD_006106,CUST_01307,2026-01-27 13:00:00,COMPLETED
ORD_006107,CUST_01964,2026-02-22 11:00:00,COMPLETED
ORD_006108,CUST_00377,2026-01-30 15:00:00,COMPLETED
ORD_006109,CUST_01201,2025-12-10 11:00:00,COMPLETED
ORD_006110,CUST_01118,2025-06-05 19:00:00,COMPLETED
ORD_006111,CUST_00936,2025-11-21 04:00:00,COMPLETED
ORD_006112,CUST_00474,2025-12-07 00:00:00,COMPLETED
ORD_006113,CUST_01410,2026-02-08 07:00:00,COMPLETED
ORD_006114,CUST_00061,2026-03-07 22:00:00,COMPLETED
ORD_006115,CUST_00169,2025-11-11 17:00:00,COMPLETED
ORD_006116,CUST_01239,2025-01-01 03:00:00,COMPLETED
ORD_006117,CUST_01205,2025-04-14 07:00:00,COMPLETED
ORD_006118,CUST_01672,2026-02-19 20:00:00,COMPLETED
ORD_006119,CUST_00610,2025-08-27 20:00:00,COMPLETED
ORD_006120,CUST_01957,2025-07-23 02:00:00,COMPLETED
ORD_006121,CUST_00545,2026-02-10 19:00:00,COMPLETED
ORD_006122,CUST_00979,2025-02-09 11:00:00,COMPLETED
ORD_006123,CUST_01344,2025-12-11 14:00:00,COMPLETED
ORD_006124,CUST_01309,2025-09-04 00:00:00,COMPLETED
ORD_006125,CUST_01713,2025-02-20 09:00:00,COMPLETED
ORD_006126,CUST_00074,2026-03-25 02:00:00,COMPLETED
ORD_006127,CUST_01522,2025-02-28 02:00:00,COMPLETED
ORD_006128,CUST_01906,2025-07-02 23:00:00,COMPLETED
ORD_006129,CUST_00080,2026-01-31 16:00:00,REFUNDED
ORD_006130,CUST_01966,2025-02-25 20:00:00,COMPLETED
ORD_006131,CUST_00918,2025-07-14 04:00:00,COMPLETED
ORD_006132,CUST_00136,2025-04-19 02:00:00,COMPLETED
ORD_006133,CUST_00621,2025-07-01 07:00:00,COMPLETED
ORD_006134,CUST_01646,2025-11-09 08:00:00,COMPLETED
ORD_006135,CUST_00779,2025-03-24 17:00:00,COMPLETED
ORD_006136,CUST_01721,2025-02-07 03:00:00,COMPLETED
ORD_006137,CUST_01150,2025-07-03 17:00:00,CANCELLED
ORD_006138,CUST_01892,2025-08-25 23:00:00,COMPLETED
ORD_006139,CUST_00467,2025-07-27 10:00:00,COMPLETED
ORD_006140,CUST_00770,2025-01-20 18:00:00,COMPLETED
ORD_006141,CUST_01560,2026-02-02 02:00:00,COMPLETED
ORD_006142,CUST_00063,2025-07-12 06:00:00,COMPLETED
ORD_006143,CUST_00402,2025-11-04 14:00:00,COMPLETED
ORD_006144,CUST_01375,2026-03-27 20:00:00,REFUNDED
ORD_006145,CUST_00043,2025-07-06 00:00:00,COMPLETED
ORD_006146,CUST_00941,2025-07-08 14:00:00,COMPLETED
ORD_006147,CUST_01818,2026-02-24 23:00:00,COMPLETED
ORD_006148,CUST_00803,2025-11-07 04:00:00,COMPLETED
ORD_006149,CUST_01808,2025-03-03 11:00:00,COMPLETED
ORD_006150,CUST_01459,2025-02-02 01:00:00,REFUNDED
ORD_006151,CUST_00194,2025-12-02 19:00:00,COMPLETED
ORD_006152,CUST_00103,2025-10-13 02:00:00,COMPLETED
ORD_006153,CUST_01731,2025-02-01 00:00:00,CANCELLED
ORD_006154,CUST_00041,2025-11-26 18:00:00,COMPLETED
ORD_006155,CUST_01621,2026-03-14 08:00:00,COMPLETED
ORD_006156,CUST_01412,2025-05-31 07:00:00,CANCELLED
ORD_006157,CUST_00994,2025-01-08 01:00:00,COMPLETED
ORD_006158,CUST_01768,2025-03-13 14:00:00,COMPLETED
ORD_006159,CUST_00859,2025-09-07 07:00:00,COMPLETED
ORD_006160,CUST_01279,2025-03-12 00:00:00,COMPLETED
ORD_006161,CUST_01781,2025-12-13 12:00:00,COMPLETED
ORD_006162,CUST_00064,2025-06-21 12:00:00,COMPLETED
ORD_006163,CUST_01711,2025-10-17 09:00:00,CANCELLED
ORD_006164,CUST_01824,2025-03-16 14:00:00,COMPLETED
ORD_006165,CUST_01611,2025-11-26 13:00:00,COMPLETED
ORD_006166,CUST_01796,2025-11-18 06:00:00,COMPLETED
ORD_006167,CUST_01006,2025-10-11 00:00:00,COMPLETED
ORD_006168,CUST_01586,2026-03-04 20:00:00,COMPLETED
ORD_006169,CUST_00913,2025-09-27 05:00:00,COMPLETED
ORD_006170,CUST_00908,2025-07-15 06:00:00,COMPLETED
ORD_006171,CUST_00137,2025-03-26 12:00:00,CANCELLED
ORD_006172,CUST_01438,2026-02-19 14:00:00,REFUNDED
ORD_006173,CUST_01906,2025-08-02 23:00:00,COMPLETED
ORD_006174,CUST_01153,2025-04-26 22:00:00,COMPLETED
ORD_006175,CUST_00202,2025-11-25 03:00:00,COMPLETED
ORD_006176,CUST_00641,2025-02-14 09:00:00,COMPLETED
ORD_006177,CUST_00926,2025-05-07 02:00:00,COMPLETED
ORD_006178,CUST_00464,2026-01-18 01:00:00,COMPLETED
ORD_006179,CUST_00495,2025-08-23 10:00:00,COMPLETED
ORD_006180,CUST_01527,2025-04-28 19:00:00,COMPLETED
ORD_006181,CUST_00238,2025-09-15 15:00:00,COMPLETED
ORD_006182,CUST_00528,2025-02-10 08:00:00,COMPLETED
ORD_006183,CUST_01719,2025-02-25 08:00:00,COMPLETED
ORD_006184,CUST_00880,2026-03-12 05:00:00,COMPLETED
ORD_006185,CUST_01112,2025-08-10 23:00:00,COMPLETED
ORD_006186,CUST_01428,2025-05-30 04:00:00,COMPLETED
ORD_006187,CUST_00899,2025-10-31 07:00:00,COMPLETED
ORD_006188,CUST_01826,2025-01-16 12:00:00,COMPLETED
ORD_006189,CUST_01882,2025-12-10 08:00:00,CANCELLED
ORD_006190,CUST_00771,2026-01-10 12:00:00,COMPLETED
ORD_006191,CUST_01619,2025-02-27 09:00:00,COMPLETED
ORD_006192,CUST_01389,2025-04-12 16:00:00,COMPLETED
ORD_006193,CUST_01099,2026-01-11 06:00:00,COMPLETED
ORD_006194,CUST_00134,2026-03-03 23:00:00,COMPLETED
ORD_006195,CUST_01938,2025-09-17 23:00:00,COMPLETED
ORD_006196,CUST_01683,2025-02-02 13:00:00,COMPLETED
ORD_006197,CUST_01174,2025-09-12 09:00:00,COMPLETED
ORD_006198,CUST_00236,2025-12-29 23:00:00,COMPLETED
ORD_006199,CUST_01699,2025-03-10 22:00:00,COMPLETED
ORD_006200,CUST_01517,2025-10-04 23:00:00,COMPLETED
ORD_006201,CUST_01248,2025-11-01 10:00:00,COMPLETED
ORD_006202,CUST_01696,2025-06-09 01:00:00,COMPLETED
ORD_006203,CUST_01018,2025-07-02 17:00:00,CANCELLED
ORD_006204,CUST_01824,2025-05-26 21:00:00,COMPLETED
ORD_006205,CUST_00330,2025-08-31 08:00:00,COMPLETED
ORD_006206,CUST_01155,2025-05-07 17:00:00,COMPLETED
ORD_006207,CUST_01348,2026-02-09 18:00:00,COMPLETED
ORD_006208,CUST_00128,2025-05-30 15:00:00,COMPLETED
ORD_006209,CUST_01759,2026-03-26 10:00:00,COMPLETED
ORD_006210,CUST_00052,2025-03-10 16:00:00,COMPLETED
ORD_006211,CUST_01060,2025-10-29 15:00:00,COMPLETED
ORD_006212,CUST_00200,2026-02-15 05:00:00,COMPLETED
ORD_006213,CUST_01392,2025-11-30 09:00:00,CANCELLED
ORD_006214,CUST_01355,2025-06-20 19:00:00,COMPLETED
ORD_006215,CUST_01121,2025-08-23 18:00:00,CANCELLED
ORD_006216,CUST_00670,2025-10-12 18:00:00,COMPLETED
ORD_006217,CUST_00736,2025-10-06 05:00:00,CANCELLED
ORD_006218,CUST_00931,2025-04-06 09:00:00,COMPLETED
ORD_006219,CUST_00454,2025-06-24 11:00:00,REFUNDED
ORD_006220,CUST_01413,2025-12-21 09:00:00,COMPLETED
ORD_006221,CUST_00557,2025-01-14 23:00:00,REFUNDED
ORD_006222,CUST_00912,2025-11-30 08:00:00,COMPLETED
ORD_006223,CUST_00833,2025-03-19 03:00:00,COMPLETED
ORD_006224,CUST_00248,2025-01-11 00:00:00,COMPLETED
ORD_006225,CUST_00642,2025-02-27 09:00:00,COMPLETED
ORD_006226,CUST_01131,2025-11-22 18:00:00,COMPLETED
ORD_006227,CUST_01942,2025-11-09 12:00:00,COMPLETED
ORD_006228,CUST_00044,2025-03-02 03:00:00,COMPLETED
ORD_006229,CUST_01644,2026-01-25 15:00:00,CANCELLED
ORD_006230,CUST_00871,2025-08-17 16:00:00,COMPLETED
ORD_006231,CUST_01245,2025-06-14 08:00:00,CANCELLED
ORD_006232,CUST_00511,2025-07-10 06:00:00,COMPLETED
ORD_006233,CUST_01095,2025-10-17 23:00:00,COMPLETED
ORD_006234,CUST_01844,2026-03-05 20:00:00,COMPLETED
ORD_006235,CUST_00191,2025-01-17 23:00:00,CANCELLED
ORD_006236,CUST_01500,2025-06-27 14:00:00,COMPLETED
ORD_006237,CUST_00005,2025-12-27 19:00:00,COMPLETED
ORD_006238,CUST_00119,2025-10-07 12:00:00,COMPLETED
ORD_006239,CUST_01469,2025-07-16 04:00:00,COMPLETED
ORD_006240,CUST_00073,2026-01-16 13:00:00,COMPLETED
ORD_006241,CUST_00890,2025-11-01 05:00:00,COMPLETED
ORD_006242,CUST_00821,2026-03-11 06:00:00,COMPLETED
ORD_006243,CUST_00298,2025-05-02 18:00:00,COMPLETED
ORD_006244,CUST_01549,2025-06-23 07:00:00,CANCELLED
ORD_006245,CUST_01990,2026-01-10 00:00:00,COMPLETED
ORD_006246,CUST_00102,2025-01-17 23:00:00,COMPLETED
ORD_006247,CUST_00846,2025-12-10 20:00:00,COMPLETED
ORD_006248,CUST_01938,2025-03-07 20:00:00,COMPLETED
ORD_006249,CUST_00081,2025-06-27 23:00:00,COMPLETED
ORD_006250,CUST_01538,2025-06-29 06:00:00,COMPLETED
ORD_006251,CUST_01215,2025-11-01 10:00:00,COMPLETED
ORD_006252,CUST_00318,2026-03-17 21:00:00,COMPLETED
ORD_006253,CUST_00823,2025-04-04 20:00:00,COMPLETED
ORD_006254,CUST_01482,2025-07-09 12:00:00,COMPLETED
ORD_006255,CUST_00353,2025-12-21 06:00:00,COMPLETED
ORD_006256,CUST_01124,2025-08-21 15:00:00,COMPLETED
ORD_006257,CUST_01324,2025-12-09 23:00:00,COMPLETED
ORD_006258,CUST_00661,2025-04-22 03:00:00,REFUNDED
ORD_006259,CUST_01585,2025-03-31 11:00:00,COMPLETED
ORD_006260,CUST_00308,2025-03-22 09:00:00,COMPLETED
ORD_006261,CUST_01848,2025-07-05 16:00:00,COMPLETED
ORD_006262,CUST_01486,2026-01-04 15:00:00,COMPLETED
ORD_006263,CUST_00518,2026-02-18 01:00:00,COMPLETED
ORD_006264,CUST_01178,2025-03-04 07:00:00,COMPLETED
ORD_006265,CUST_00971,2025-02-18 23:00:00,COMPLETED
ORD_006266,CUST_01646,2026-02-21 03:00:00,COMPLETED
ORD_006267,CUST_01199,2025-02-02 14:00:00,COMPLETED
ORD_006268,CUST_01793,2025-06-29 03:00:00,COMPLETED
ORD_006269,CUST_00750,2025-09-09 07:00:00,COMPLETED
ORD_006270,CUST_01594,2025-12-08 06:00:00,COMPLETED
ORD_006271,CUST_01285,2025-07-06 17:00:00,CANCELLED
ORD_006272,CUST_01194,2025-04-11 13:00:00,COMPLETED
ORD_006273,CUST_01380,2025-03-14 09:00:00,COMPLETED
ORD_006274,CUST_01625,2026-03-03 18:00:00,COMPLETED
ORD_006275,CUST_00816,2025-11-20 05:00:00,COMPLETED
ORD_006276,CUST_01649,2025-03-05 10:00:00,COMPLETED
ORD_006277,CUST_00644,2025-02-14 10:00:00,COMPLETED
ORD_006278,CUST_00552,2025-08-08 18:00:00,CANCELLED
ORD_006279,CUST_01466,2025-06-08 09:00:00,CANCELLED
ORD_006280,CUST_00733,2025-04-23 17:00:00,COMPLETED
ORD_006281,CUST_01803,2025-09-11 17:00:00,COMPLETED
ORD_006282,CUST_00923,2025-09-01 02:00:00,REFUNDED
ORD_006283,CUST_01121,2025-08-23 02:00:00,COMPLETED
ORD_006284,CUST_01957,2025-04-29 10:00:00,COMPLETED
ORD_006285,CUST_01334,2025-12-17 19:00:00,COMPLETED
ORD_006286,CUST_01455,2025-04-21 11:00:00,COMPLETED
ORD_006287,CUST_01910,2025-12-23 21:00:00,COMPLETED
ORD_006288,CUST_00969,2025-09-20 21:00:00,COMPLETED
ORD_006289,CUST_00134,2025-10-27 02:00:00,COMPLETED
ORD_006290,CUST_00120,2025-01-29 11:00:00,COMPLETED
ORD_006291,CUST_01402,2026-02-06 08:00:00,COMPLETED
ORD_006292,CUST_00376,2025-10-03 05:00:00,COMPLETED
ORD_006293,CUST_01174,2025-06-19 13:00:00,COMPLETED
ORD_006294,CUST_01392,2025-03-23 23:00:00,COMPLETED
ORD_006295,CUST_00710,2025-09-05 06:00:00,COMPLETED
ORD_006296,CUST_01428,2025-11-09 13:00:00,COMPLETED
ORD_006297,CUST_00111,2026-02-07 08:00:00,COMPLETED
ORD_006298,CUST_00861,2025-04-12 21:00:00,COMPLETED
ORD_006299,CUST_01614,2026-02-03 06:00:00,COMPLETED
ORD_006300,CUST_00920,2026-03-15 03:00:00,CANCELLED
ORD_006301,CUST_01117,2025-08-09 02:00:00,CANCELLED
ORD_006302,CUST_00391,2026-01-28 04:00:00,COMPLETED
ORD_006303,CUST_00803,2025-01-01 20:00:00,COMPLETED
ORD_006304,CUST_01536,2025-11-03 19:00:00,CANCELLED
ORD_006305,CUST_00214,2025-03-14 17:00:00,COMPLETED
ORD_006306,CUST_00579,2025-08-04 21:00:00,COMPLETED
ORD_006307,CUST_00449,2025-10-01 21:00:00,COMPLETED
ORD_006308,CUST_00041,2026-01-05 22:00:00,COMPLETED
ORD_006309,CUST_00123,2025-09-01 17:00:00,COMPLETED
ORD_006310,CUST_01850,2025-05-31 04:00:00,COMPLETED
ORD_006311,CUST_00701,2025-12-08 22:00:00,COMPLETED
ORD_006312,CUST_01909,2025-08-30 15:00:00,COMPLETED
ORD_006313,CUST_00118,2025-06-19 03:00:00,COMPLETED
ORD_006314,CUST_00588,2025-06-11 07:00:00,COMPLETED
ORD_006315,CUST_00402,2025-07-23 21:00:00,COMPLETED
ORD_006316,CUST_00200,2025-08-14 04:00:00,COMPLETED
ORD_006317,CUST_01365,2025-01-25 22:00:00,COMPLETED
ORD_006318,CUST_01694,2025-10-30 14:00:00,COMPLETED
ORD_006319,CUST_00930,2026-03-17 23:00:00,COMPLETED
ORD_006320,CUST_00296,2025-07-01 01:00:00,COMPLETED
ORD_006321,CUST_01553,2026-02-28 12:00:00,COMPLETED
ORD_006322,CUST_00002,2025-07-12 19:00:00,COMPLETED
ORD_006323,CUST_00221,2025-10-31 03:00:00,COMPLETED
ORD_006324,CUST_00312,2025-12-17 20:00:00,CANCELLED
ORD_006325,CUST_00896,2025-03-07 23:00:00,COMPLETED
ORD_006326,CUST_01986,2025-10-07 10:00:00,COMPLETED
ORD_006327,CUST_01470,2026-03-14 23:00:00,COMPLETED
ORD_006328,CUST_00938,2025-07-22 16:00:00,COMPLETED
ORD_006329,CUST_00879,2025-06-18 18:00:00,COMPLETED
ORD_006330,CUST_00426,2026-03-17 08:00:00,COMPLETED
ORD_006331,CUST_01915,2025-05-30 02:00:00,COMPLETED
ORD_006332,CUST_00019,2025-08-04 09:00:00,COMPLETED
ORD_006333,CUST_01747,2026-02-25 18:00:00,COMPLETED
ORD_006334,CUST_01523,2025-05-02 06:00:00,COMPLETED
ORD_006335,CUST_00357,2025-02-20 02:00:00,COMPLETED
ORD_006336,CUST_01393,2025-02-14 10:00:00,COMPLETED
ORD_006337,CUST_00315,2025-07-15 20:00:00,COMPLETED
ORD_006338,CUST_01442,2025-12-29 17:00:00,COMPLETED
ORD_006339,CUST_01834,2025-06-12 09:00:00,COMPLETED
ORD_006340,CUST_01376,2025-01-15 05:00:00,COMPLETED
ORD_006341,CUST_00422,2025-07-18 23:00:00,COMPLETED
ORD_006342,CUST_01096,2026-03-08 04:00:00,CANCELLED
ORD_006343,CUST_00202,2025-02-20 16:00:00,COMPLETED
ORD_006344,CUST_01817,2025-01-22 12:00:00,COMPLETED
ORD_006345,CUST_00815,2026-01-02 22:00:00,CANCELLED
ORD_006346,CUST_00796,2025-12-03 00:00:00,REFUNDED
ORD_006347,CUST_01866,2026-01-02 07:00:00,COMPLETED
ORD_006348,CUST_00336,2026-01-20 13:00:00,COMPLETED
ORD_006349,CUST_01768,2025-05-08 05:00:00,COMPLETED
ORD_006350,CUST_00070,2025-04-29 21:00:00,COMPLETED
ORD_006351,CUST_01477,2025-07-09 23:00:00,CANCELLED
ORD_006352,CUST_00625,2025-03-04 17:00:00,COMPLETED
ORD_006353,CUST_01902,2025-06-16 05:00:00,COMPLETED
ORD_006354,CUST_00793,2025-03-16 19:00:00,COMPLETED
ORD_006355,CUST_01969,2025-12-04 02:00:00,COMPLETED
ORD_006356,CUST_00465,2025-08-07 11:00:00,COMPLETED
ORD_006357,CUST_00134,2025-07-24 02:00:00,COMPLETED
ORD_006358,CUST_01021,2025-04-13 22:00:00,COMPLETED
ORD_006359,CUST_01992,2025-02-01 14:00:00,COMPLETED
ORD_006360,CUST_00546,2026-01-12 07:00:00,COMPLETED
ORD_006361,CUST_00965,2026-02-14 19:00:00,COMPLETED
ORD_006362,CUST_00671,2025-09-21 14:00:00,COMPLETED
ORD_006363,CUST_00109,2025-02-10 20:00:00,CANCELLED
ORD_006364,CUST_00566,2025-12-10 09:00:00,COMPLETED
ORD_006365,CUST_01614,2025-09-19 09:00:00,COMPLETED
ORD_006366,CUST_01978,2025-12-15 10:00:00,COMPLETED
ORD_006367,CUST_01025,2025-05-19 09:00:00,COMPLETED
ORD_006368,CUST_01963,2026-03-22 06:00:00,COMPLETED
ORD_006369,CUST_00090,2025-01-16 00:00:00,CANCELLED
ORD_006370,CUST_00409,2025-08-26 20:00:00,COMPLETED
ORD_006371,CUST_01241,2025-05-30 10:00:00,COMPLETED
ORD_006372,CUST_00782,2026-02-22 21:00:00,COMPLETED
ORD_006373,CUST_01817,2026-01-26 14:00:00,CANCELLED
ORD_006374,CUST_00641,2026-01-13 15:00:00,COMPLETED
ORD_006375,CUST_01592,2025-08-29 09:00:00,COMPLETED
ORD_006376,CUST_00702,2025-03-04 20:00:00,CANCELLED
ORD_006377,CUST_01327,2025-05-31 13:00:00,COMPLETED
ORD_006378,CUST_00370,2026-02-25 23:00:00,COMPLETED
ORD_006379,CUST_01821,2026-02-27 11:00:00,COMPLETED
ORD_006380,CUST_00476,2026-03-21 03:00:00,COMPLETED
ORD_006381,CUST_00060,2025-09-14 06:00:00,COMPLETED
ORD_006382,CUST_01248,2025-02-19 12:00:00,COMPLETED
ORD_006383,CUST_01982,2025-05-06 06:00:00,COMPLETED
ORD_006384,CUST_00453,2026-01-23 05:00:00,COMPLETED
ORD_006385,CUST_01731,2025-07-07 07:00:00,CANCELLED
ORD_006386,CUST_00310,2026-03-16 07:00:00,COMPLETED
ORD_006387,CUST_01542,2025-12-28 13:00:00,COMPLETED
ORD_006388,CUST_00111,2025-04-11 01:00:00,COMPLETED
ORD_006389,CUST_01628,2025-06-20 14:00:00,CANCELLED
ORD_006390,CUST_00864,2026-01-12 11:00:00,COMPLETED
ORD_006391,CUST_00879,2025-08-26 22:00:00,COMPLETED
ORD_006392,CUST_00812,2025-09-16 12:00:00,COMPLETED
ORD_006393,CUST_00646,2025-07-26 01:00:00,COMPLETED
ORD_006394,CUST_01312,2025-08-21 01:00:00,COMPLETED
ORD_006395,CUST_00649,2025-04-06 10:00:00,COMPLETED
ORD_006396,CUST_01472,2025-01-12 14:00:00,CANCELLED
ORD_006397,CUST_00358,2026-01-04 12:00:00,COMPLETED
ORD_006398,CUST_00314,2025-08-07 13:00:00,COMPLETED
ORD_006399,CUST_01944,2025-01-23 12:00:00,COMPLETED
ORD_006400,CUST_00228,2025-10-22 20:00:00,COMPLETED
ORD_006401,CUST_01725,2025-12-11 11:00:00,COMPLETED
ORD_006402,CUST_01956,2025-01-10 16:00:00,COMPLETED
ORD_006403,CUST_00556,2025-07-04 22:00:00,COMPLETED
ORD_006404,CUST_00670,2025-03-17 13:00:00,COMPLETED
ORD_006405,CUST_01403,2025-02-11 01:00:00,COMPLETED
ORD_006406,CUST_01891,2025-08-04 16:00:00,COMPLETED
ORD_006407,CUST_01002,2025-11-12 13:00:00,COMPLETED
ORD_006408,CUST_00869,2025-07-10 11:00:00,COMPLETED
ORD_006409,CUST_00147,2026-03-17 23:00:00,CANCELLED
ORD_006410,CUST_01101,2025-04-18 04:00:00,COMPLETED
ORD_006411,CUST_00025,2025-07-17 08:00:00,CANCELLED
ORD_006412,CUST_01109,2025-09-12 08:00:00,COMPLETED
ORD_006413,CUST_00136,2026-03-20 03:00:00,COMPLETED
ORD_006414,CUST_01952,2025-11-29 22:00:00,COMPLETED
ORD_006415,CUST_01039,2025-05-13 02:00:00,COMPLETED
ORD_006416,CUST_01908,2025-04-03 21:00:00,CANCELLED
ORD_006417,CUST_00907,2025-05-20 00:00:00,CANCELLED
ORD_006418,CUST_00374,2025-12-12 08:00:00,COMPLETED
ORD_006419,CUST_00448,2025-04-11 18:00:00,COMPLETED
ORD_006420,CUST_01552,2025-08-12 16:00:00,COMPLETED
ORD_006421,CUST_00888,2025-05-26 16:00:00,COMPLETED
ORD_006422,CUST_01116,2026-03-09 06:00:00,COMPLETED
ORD_006423,CUST_01871,2025-06-12 18:00:00,CANCELLED
ORD_006424,CUST_01308,2026-02-08 12:00:00,COMPLETED
ORD_006425,CUST_00770,2025-01-26 00:00:00,REFUNDED
ORD_006426,CUST_00714,2025-01-03 02:00:00,COMPLETED
ORD_006427,CUST_01665,2025-10-10 21:00:00,COMPLETED
ORD_006428,CUST_00267,2025-12-18 04:00:00,COMPLETED
ORD_006429,CUST_00221,2025-01-04 16:00:00,COMPLETED
ORD_006430,CUST_00239,2025-09-07 03:00:00,COMPLETED
ORD_006431,CUST_00881,2025-07-18 20:00:00,REFUNDED
ORD_006432,CUST_01986,2025-04-21 16:00:00,COMPLETED
ORD_006433,CUST_00696,2025-10-10 03:00:00,COMPLETED
ORD_006434,CUST_00731,2025-10-31 06:00:00,COMPLETED
ORD_006435,CUST_00996,2025-12-30 21:00:00,COMPLETED
ORD_006436,CUST_00729,2025-10-25 20:00:00,COMPLETED
ORD_006437,CUST_01914,2025-11-25 04:00:00,COMPLETED
ORD_006438,CUST_01246,2025-09-02 02:00:00,COMPLETED
ORD_006439,CUST_00747,2025-10-17 03:00:00,COMPLETED
ORD_006440,CUST_01125,2025-09-17 18:00:00,COMPLETED
ORD_006441,CUST_01064,2025-10-22 07:00:00,COMPLETED
ORD_006442,CUST_01779,2025-10-14 03:00:00,COMPLETED
ORD_006443,CUST_00534,2025-11-09 17:00:00,COMPLETED
ORD_006444,CUST_00186,2025-09-02 19:00:00,COMPLETED
ORD_006445,CUST_01545,2025-03-07 03:00:00,COMPLETED
ORD_006446,CUST_00688,2025-07-31 10:00:00,COMPLETED
ORD_006447,CUST_01348,2025-01-02 03:00:00,COMPLETED
ORD_006448,CUST_01166,2026-03-11 16:00:00,COMPLETED
ORD_006449,CUST_01702,2025-02-07 14:00:00,COMPLETED
ORD_006450,CUST_01398,2026-01-13 11:00:00,COMPLETED
ORD_006451,CUST_01179,2025-08-22 13:00:00,COMPLETED
ORD_006452,CUST_01312,2026-01-17 00:00:00,COMPLETED
ORD_006453,CUST_01866,2025-02-22 16:00:00,COMPLETED
ORD_006454,CUST_00636,2025-01-17 16:00:00,COMPLETED
ORD_006455,CUST_00795,2025-08-09 22:00:00,COMPLETED
ORD_006456,CUST_00301,2025-08-14 21:00:00,COMPLETED
ORD_006457,CUST_00799,2026-03-08 10:00:00,CANCELLED
ORD_006458,CUST_00628,2026-01-19 04:00:00,COMPLETED
ORD_006459,CUST_00050,2025-03-06 13:00:00,COMPLETED
ORD_006460,CUST_00766,2025-03-09 09:00:00,COMPLETED
ORD_006461,CUST_00375,2025-11-02 02:00:00,COMPLETED
ORD_006462,CUST_01332,2025-06-20 04:00:00,COMPLETED
ORD_006463,CUST_00126,2025-12-18 16:00:00,REFUNDED
ORD_006464,CUST_00175,2025-11-11 07:00:00,REFUNDED
ORD_006465,CUST_01601,2025-03-28 16:00:00,COMPLETED
ORD_006466,CUST_01903,2025-02-24 12:00:00,COMPLETED
ORD_006467,CUST_01746,2026-03-23 13:00:00,COMPLETED
ORD_006468,CUST_00894,2025-06-22 23:00:00,COMPLETED
ORD_006469,CUST_01905,2025-02-11 15:00:00,COMPLETED
ORD_006470,CUST_00152,2025-09-08 06:00:00,COMPLETED
ORD_006471,CUST_01171,2025-02-09 06:00:00,COMPLETED
ORD_006472,CUST_00950,2025-02-12 19:00:00,COMPLETED
ORD_006473,CUST_01042,2026-01-29 14:00:00,CANCELLED
ORD_006474,CUST_01176,2025-05-29 18:00:00,COMPLETED
ORD_006475,CUST_00436,2025-05-06 03:00:00,COMPLETED
ORD_006476,CUST_01671,2025-05-03 10:00:00,COMPLETED
ORD_006477,CUST_00346,2025-03-12 22:00:00,COMPLETED
ORD_006478,CUST_01606,2026-02-11 23:00:00,REFUNDED
ORD_006479,CUST_00535,2025-09-08 21:00:00,CANCELLED
ORD_006480,CUST_01737,2025-08-07 05:00:00,COMPLETED
ORD_006481,CUST_01615,2026-02-06 11:00:00,COMPLETED
ORD_006482,CUST_00669,2025-06-25 19:00:00,COMPLETED
ORD_006483,CUST_01293,2025-05-07 15:00:00,COMPLETED
ORD_006484,CUST_01339,2025-08-05 21:00:00,COMPLETED
ORD_006485,CUST_01249,2025-07-09 02:00:00,COMPLETED
ORD_006486,CUST_00986,2025-02-17 16:00:00,COMPLETED
ORD_006487,CUST_01376,2026-03-26 04:00:00,COMPLETED
ORD_006488,CUST_00224,2025-06-14 13:00:00,COMPLETED
ORD_006489,CUST_01876,2026-01-21 13:00:00,CANCELLED
ORD_006490,CUST_00834,2025-11-17 10:00:00,COMPLETED
ORD_006491,CUST_00179,2025-02-26 12:00:00,COMPLETED
ORD_006492,CUST_00555,2025-04-20 19:00:00,COMPLETED
ORD_006493,CUST_00754,2025-02-26 14:00:00,COMPLETED
ORD_006494,CUST_00640,2025-03-28 15:00:00,COMPLETED
ORD_006495,CUST_01878,2025-02-18 10:00:00,COMPLETED
ORD_006496,CUST_01610,2025-05-09 17:00:00,COMPLETED
ORD_006497,CUST_00864,2025-12-21 06:00:00,COMPLETED
ORD_006498,CUST_00671,2025-07-31 05:00:00,COMPLETED
ORD_006499,CUST_00303,2025-10-01 02:00:00,COMPLETED
ORD_006500,CUST_00283,2026-03-21 23:00:00,COMPLETED
ORD_006501,CUST_01694,2025-04-10 09:00:00,COMPLETED
ORD_006502,CUST_01582,2025-03-04 07:00:00,COMPLETED
ORD_006503,CUST_01806,2026-02-06 10:00:00,REFUNDED
ORD_006504,CUST_01548,2025-01-13 06:00:00,COMPLETED
ORD_006505,CUST_00079,2025-04-14 09:00:00,CANCELLED
ORD_006506,CUST_01354,2025-07-25 00:00:00,REFUNDED
ORD_006507,CUST_00190,2026-01-01 15:00:00,REFUNDED
ORD_006508,CUST_01980,2025-06-09 18:00:00,COMPLETED
ORD_006509,CUST_00215,2025-08-01 20:00:00,COMPLETED
ORD_006510,CUST_01057,2025-09-16 14:00:00,REFUNDED
ORD_006511,CUST_00217,2025-06-16 14:00:00,CANCELLED
ORD_006512,CUST_01166,2025-06-04 20:00:00,COMPLETED
ORD_006513,CUST_00886,2026-01-17 09:00:00,COMPLETED
ORD_006514,CUST_01231,2025-08-08 22:00:00,REFUNDED
ORD_006515,CUST_01071,2025-06-11 09:00:00,COMPLETED
ORD_006516,CUST_00088,2025-12-29 08:00:00,COMPLETED
ORD_006517,CUST_01681,2025-10-03 04:00:00,COMPLETED
ORD_006518,CUST_01203,2025-02-28 16:00:00,REFUNDED
ORD_006519,CUST_01935,2026-03-10 15:00:00,COMPLETED
ORD_006520,CUST_00503,2025-04-22 19:00:00,COMPLETED
ORD_006521,CUST_00895,2025-10-13 21:00:00,COMPLETED
ORD_006522,CUST_01582,2025-04-01 03:00:00,COMPLETED
ORD_006523,CUST_00605,2026-01-24 04:00:00,COMPLETED
ORD_006524,CUST_01333,2025-06-18 10:00:00,COMPLETED
ORD_006525,CUST_01835,2025-09-19 17:00:00,COMPLETED
ORD_006526,CUST_01296,2025-09-08 15:00:00,COMPLETED
ORD_006527,CUST_01638,2025-05-24 01:00:00,COMPLETED
ORD_006528,CUST_01764,2026-02-03 11:00:00,COMPLETED
ORD_006529,CUST_01619,2025-01-30 06:00:00,COMPLETED
ORD_006530,CUST_01789,2026-01-29 02:00:00,COMPLETED
ORD_006531,CUST_01031,2025-06-24 02:00:00,CANCELLED
ORD_006532,CUST_00976,2025-04-17 09:00:00,REFUNDED
ORD_006533,CUST_01852,2026-01-27 21:00:00,COMPLETED
ORD_006534,CUST_00500,2025-07-14 11:00:00,COMPLETED
ORD_006535,CUST_01456,2025-01-28 17:00:00,REFUNDED
ORD_006536,CUST_01043,2025-12-27 21:00:00,COMPLETED
ORD_006537,CUST_00037,2025-08-01 10:00:00,COMPLETED
ORD_006538,CUST_01030,2025-12-21 13:00:00,COMPLETED
ORD_006539,CUST_01613,2025-11-14 18:00:00,COMPLETED
ORD_006540,CUST_01217,2025-08-08 22:00:00,COMPLETED
ORD_006541,CUST_00024,2026-01-17 07:00:00,COMPLETED
ORD_006542,CUST_01706,2025-10-07 15:00:00,COMPLETED
ORD_006543,CUST_01819,2026-02-09 08:00:00,COMPLETED
ORD_006544,CUST_01016,2025-05-31 15:00:00,COMPLETED
ORD_006545,CUST_01094,2025-09-09 02:00:00,COMPLETED
ORD_006546,CUST_00536,2025-04-27 09:00:00,COMPLETED
ORD_006547,CUST_00386,2025-02-14 05:00:00,COMPLETED
ORD_006548,CUST_00566,2025-06-23 23:00:00,CANCELLED
ORD_006549,CUST_01679,2025-05-03 20:00:00,COMPLETED
ORD_006550,CUST_00680,2026-02-15 16:00:00,COMPLETED
ORD_006551,CUST_00067,2026-03-04 22:00:00,COMPLETED
ORD_006552,CUST_01678,2026-02-02 20:00:00,COMPLETED
ORD_006553,CUST_00225,2025-05-08 08:00:00,COMPLETED
ORD_006554,CUST_01444,2026-03-19 02:00:00,COMPLETED
ORD_006555,CUST_00097,2025-01-14 13:00:00,CANCELLED
ORD_006556,CUST_00754,2025-07-08 14:00:00,CANCELLED
ORD_006557,CUST_01898,2026-02-28 04:00:00,COMPLETED
ORD_006558,CUST_00443,2025-11-09 23:00:00,CANCELLED
ORD_006559,CUST_01915,2026-01-07 19:00:00,COMPLETED
ORD_006560,CUST_01037,2025-08-17 13:00:00,COMPLETED
ORD_006561,CUST_01648,2026-03-06 12:00:00,COMPLETED
ORD_006562,CUST_00865,2025-07-07 13:00:00,COMPLETED
ORD_006563,CUST_01605,2026-01-27 05:00:00,COMPLETED
ORD_006564,CUST_01181,2026-01-01 01:00:00,COMPLETED
ORD_006565,CUST_01270,2026-03-25 13:00:00,COMPLETED
ORD_006566,CUST_01923,2026-02-23 15:00:00,COMPLETED
ORD_006567,CUST_01556,2025-11-20 01:00:00,COMPLETED
ORD_006568,CUST_02000,2026-03-20 07:00:00,COMPLETED
ORD_006569,CUST_00195,2025-11-07 07:00:00,COMPLETED
ORD_006570,CUST_01404,2025-04-20 12:00:00,COMPLETED
ORD_006571,CUST_01137,2025-08-14 21:00:00,COMPLETED
ORD_006572,CUST_00837,2025-09-07 14:00:00,COMPLETED
ORD_006573,CUST_01780,2025-05-12 09:00:00,COMPLETED
ORD_006574,CUST_01922,2026-03-10 03:00:00,COMPLETED
ORD_006575,CUST_00151,2025-01-18 23:00:00,COMPLETED
ORD_006576,CUST_01826,2025-12-17 17:00:00,COMPLETED
ORD_006577,CUST_01761,2025-05-09 06:00:00,REFUNDED
ORD_006578,CUST_01812,2025-10-27 15:00:00,COMPLETED
ORD_006579,CUST_01926,2025-03-04 23:00:00,REFUNDED
ORD_006580,CUST_01659,2026-01-31 03:00:00,COMPLETED
ORD_006581,CUST_01552,2025-09-24 05:00:00,COMPLETED
ORD_006582,CUST_00289,2025-12-27 01:00:00,COMPLETED
ORD_006583,CUST_00230,2025-01-07 06:00:00,COMPLETED
ORD_006584,CUST_01412,2025-12-10 08:00:00,COMPLETED
ORD_006585,CUST_01449,2025-01-19 19:00:00,COMPLETED
ORD_006586,CUST_00694,2026-01-12 07:00:00,COMPLETED
ORD_006587,CUST_01048,2025-06-21 23:00:00,COMPLETED
ORD_006588,CUST_00381,2026-01-22 16:00:00,COMPLETED
ORD_006589,CUST_01555,2025-04-04 15:00:00,COMPLETED
ORD_006590,CUST_00104,2026-01-12 21:00:00,COMPLETED
ORD_006591,CUST_01637,2025-02-28 15:00:00,COMPLETED
ORD_006592,CUST_00535,2025-04-12 21:00:00,COMPLETED
ORD_006593,CUST_01019,2026-01-09 04:00:00,COMPLETED
ORD_006594,CUST_01120,2026-02-22 01:00:00,COMPLETED
ORD_006595,CUST_01679,2025-04-19 02:00:00,COMPLETED
ORD_006596,CUST_01170,2025-12-07 00:00:00,COMPLETED
ORD_006597,CUST_01381,2025-08-12 12:00:00,COMPLETED
ORD_006598,CUST_00643,2025-07-22 09:00:00,COMPLETED
ORD_006599,CUST_00150,2025-08-12 22:00:00,COMPLETED
ORD_006600,CUST_00345,2025-07-04 03:00:00,COMPLETED
ORD_006601,CUST_00009,2026-03-08 16:00:00,COMPLETED
ORD_006602,CUST_01158,2025-05-17 15:00:00,COMPLETED
ORD_006603,CUST_00001,2025-09-18 16:00:00,CANCELLED
ORD_006604,CUST_00449,2025-09-13 22:00:00,COMPLETED
ORD_006605,CUST_01448,2025-11-25 19:00:00,COMPLETED
ORD_006606,CUST_00520,2025-08-28 16:00:00,COMPLETED
ORD_006607,CUST_00866,2025-10-09 16:00:00,COMPLETED
ORD_006608,CUST_00835,2025-06-05 11:00:00,COMPLETED
ORD_006609,CUST_01374,2026-03-14 16:00:00,COMPLETED
ORD_006610,CUST_00991,2025-11-17 22:00:00,COMPLETED
ORD_006611,CUST_01804,2026-01-07 15:00:00,CANCELLED
ORD_006612,CUST_00240,2025-11-14 23:00:00,COMPLETED
ORD_006613,CUST_00840,2026-03-27 11:00:00,REFUNDED
ORD_006614,CUST_00709,2025-08-27 22:00:00,COMPLETED
ORD_006615,CUST_01702,2025-10-25 15:00:00,REFUNDED
ORD_006616,CUST_01839,2025-02-13 03:00:00,COMPLETED
ORD_006617,CUST_01264,2025-05-30 19:00:00,COMPLETED
ORD_006618,CUST_00423,2025-02-14 14:00:00,COMPLETED
ORD_006619,CUST_00571,2025-11-05 09:00:00,COMPLETED
ORD_006620,CUST_01150,2025-08-02 02:00:00,COMPLETED
ORD_006621,CUST_00691,2025-11-28 19:00:00,COMPLETED
ORD_006622,CUST_00115,2025-01-28 12:00:00,COMPLETED
ORD_006623,CUST_00471,2025-10-29 22:00:00,COMPLETED
ORD_006624,CUST_01003,2025-04-01 07:00:00,COMPLETED
ORD_006625,CUST_01351,2025-11-23 22:00:00,COMPLETED
ORD_006626,CUST_00793,2025-10-20 11:00:00,COMPLETED
ORD_006627,CUST_01299,2025-02-19 00:00:00,COMPLETED
ORD_006628,CUST_00796,2025-10-03 20:00:00,COMPLETED
ORD_006629,CUST_00704,2026-03-15 23:00:00,CANCELLED
ORD_006630,CUST_01057,2026-02-04 23:00:00,COMPLETED
ORD_006631,CUST_00289,2025-04-15 04:00:00,COMPLETED
ORD_006632,CUST_01449,2026-01-26 15:00:00,CANCELLED
ORD_006633,CUST_01865,2025-12-10 16:00:00,CANCELLED
ORD_006634,CUST_01756,2025-07-23 12:00:00,COMPLETED
ORD_006635,CUST_00381,2025-09-24 13:00:00,COMPLETED
ORD_006636,CUST_01776,2025-10-05 21:00:00,COMPLETED
ORD_006637,CUST_01538,2025-11-07 18:00:00,COMPLETED
ORD_006638,CUST_01695,2025-09-26 09:00:00,COMPLETED
ORD_006639,CUST_00046,2025-03-16 00:00:00,COMPLETED
ORD_006640,CUST_01993,2025-01-11 07:00:00,COMPLETED
ORD_006641,CUST_01987,2025-04-06 12:00:00,COMPLETED
ORD_006642,CUST_01787,2026-02-19 10:00:00,COMPLETED
ORD_006643,CUST_01958,2025-01-31 20:00:00,COMPLETED
ORD_006644,CUST_01106,2025-04-27 01:00:00,COMPLETED
ORD_006645,CUST_00979,2026-03-26 10:00:00,COMPLETED
ORD_006646,CUST_00510,2025-03-13 08:00:00,REFUNDED
ORD_006647,CUST_01834,2025-02-18 03:00:00,COMPLETED
ORD_006648,CUST_00827,2025-05-20 05:00:00,COMPLETED
ORD_006649,CUST_01786,2025-01-21 23:00:00,COMPLETED
ORD_006650,CUST_01340,2025-08-15 13:00:00,CANCELLED
ORD_006651,CUST_01138,2025-07-11 03:00:00,REFUNDED
ORD_006652,CUST_01630,2026-02-17 07:00:00,COMPLETED
ORD_006653,CUST_01865,2025-04-21 10:00:00,REFUNDED
ORD_006654,CUST_00727,2025-04-02 18:00:00,COMPLETED
ORD_006655,CUST_00503,2025-05-25 19:00:00,REFUNDED
ORD_006656,CUST_01089,2025-07-11 15:00:00,COMPLETED
ORD_006657,CUST_00238,2025-08-12 01:00:00,COMPLETED
ORD_006658,CUST_01492,2025-05-08 22:00:00,COMPLETED
ORD_006659,CUST_01376,2025-11-19 18:00:00,COMPLETED
ORD_006660,CUST_01711,2025-08-02 22:00:00,COMPLETED
ORD_006661,CUST_00401,2025-02-06 00:00:00,COMPLETED
ORD_006662,CUST_00491,2025-10-04 08:00:00,COMPLETED
ORD_006663,CUST_01770,2026-02-07 20:00:00,COMPLETED
ORD_006664,CUST_00073,2025-12-15 18:00:00,COMPLETED
ORD_006665,CUST_00439,2025-03-26 22:00:00,COMPLETED
ORD_006666,CUST_00543,2025-10-30 15:00:00,COMPLETED
ORD_006667,CUST_01632,2025-01-28 09:00:00,COMPLETED
ORD_006668,CUST_00559,2026-01-31 10:00:00,COMPLETED
ORD_006669,CUST_00282,2025-04-16 16:00:00,COMPLETED
ORD_006670,CUST_01279,2025-08-06 17:00:00,COMPLETED
ORD_006671,CUST_01030,2025-08-16 12:00:00,COMPLETED
ORD_006672,CUST_00706,2025-02-05 04:00:00,COMPLETED
ORD_006673,CUST_01092,2025-12-22 18:00:00,COMPLETED
ORD_006674,CUST_01020,2025-08-18 13:00:00,COMPLETED
ORD_006675,CUST_01180,2025-09-09 12:00:00,COMPLETED
ORD_006676,CUST_00031,2025-03-19 03:00:00,COMPLETED
ORD_006677,CUST_01224,2025-11-22 06:00:00,COMPLETED
ORD_006678,CUST_00746,2025-06-21 09:00:00,COMPLETED
ORD_006679,CUST_01227,2025-11-20 10:00:00,COMPLETED
ORD_006680,CUST_00356,2025-07-26 02:00:00,COMPLETED
ORD_006681,CUST_01329,2025-05-24 23:00:00,COMPLETED
ORD_006682,CUST_01196,2025-04-27 03:00:00,COMPLETED
ORD_006683,CUST_01621,2025-06-26 23:00:00,COMPLETED
ORD_006684,CUST_01904,2025-04-12 21:00:00,COMPLETED
ORD_006685,CUST_00872,2025-09-20 20:00:00,COMPLETED
ORD_006686,CUST_00327,2025-04-08 21:00:00,COMPLETED
ORD_006687,CUST_00480,2026-03-27 09:00:00,COMPLETED
ORD_006688,CUST_01078,2025-10-13 20:00:00,COMPLETED
ORD_006689,CUST_00166,2025-10-23 18:00:00,CANCELLED
ORD_006690,CUST_00349,2026-01-01 11:00:00,REFUNDED
ORD_006691,CUST_00681,2025-05-06 02:00:00,COMPLETED
ORD_006692,CUST_01812,2025-04-02 01:00:00,COMPLETED
ORD_006693,CUST_00246,2025-01-17 16:00:00,COMPLETED
ORD_006694,CUST_00412,2026-01-28 10:00:00,COMPLETED
ORD_006695,CUST_01480,2025-10-23 01:00:00,COMPLETED
ORD_006696,CUST_01408,2025-06-09 01:00:00,COMPLETED
ORD_006697,CUST_01999,2026-02-03 00:00:00,COMPLETED
ORD_006698,CUST_01931,2026-03-21 05:00:00,CANCELLED
ORD_006699,CUST_01270,2025-05-24 03:00:00,COMPLETED
ORD_006700,CUST_00941,2025-12-13 14:00:00,CANCELLED
ORD_006701,CUST_01123,2025-01-17 06:00:00,CANCELLED
ORD_006702,CUST_01497,2025-07-27 22:00:00,COMPLETED
ORD_006703,CUST_01902,2025-05-09 05:00:00,REFUNDED
ORD_006704,CUST_00322,2025-05-05 15:00:00,COMPLETED
ORD_006705,CUST_01924,2026-01-06 07:00:00,COMPLETED
ORD_006706,CUST_01857,2025-04-22 02:00:00,COMPLETED
ORD_006707,CUST_01701,2025-04-15 09:00:00,CANCELLED
ORD_006708,CUST_00269,2026-02-23 20:00:00,CANCELLED
ORD_006709,CUST_01028,2025-03-18 09:00:00,COMPLETED
ORD_006710,CUST_00176,2025-02-02 09:00:00,COMPLETED
ORD_006711,CUST_00909,2025-11-17 14:00:00,COMPLETED
ORD_006712,CUST_00162,2025-03-05 16:00:00,COMPLETED
ORD_006713,CUST_01947,2025-10-21 15:00:00,CANCELLED
ORD_006714,CUST_00841,2026-03-23 12:00:00,COMPLETED
ORD_006715,CUST_01129,2025-03-25 02:00:00,COMPLETED
ORD_006716,CUST_00726,2026-01-24 15:00:00,COMPLETED
ORD_006717,CUST_01829,2026-02-06 15:00:00,COMPLETED
ORD_006718,CUST_00268,2025-11-07 21:00:00,COMPLETED
ORD_006719,CUST_00774,2026-02-22 23:00:00,COMPLETED
ORD_006720,CUST_01517,2026-01-08 09:00:00,COMPLETED
ORD_006721,CUST_00573,2026-01-08 04:00:00,COMPLETED
ORD_006722,CUST_00910,2025-11-25 19:00:00,COMPLETED
ORD_006723,CUST_01554,2025-04-01 03:00:00,COMPLETED
ORD_006724,CUST_01334,2025-01-18 03:00:00,COMPLETED
ORD_006725,CUST_00556,2025-09-11 04:00:00,COMPLETED
ORD_006726,CUST_01988,2025-09-11 08:00:00,COMPLETED
ORD_006727,CUST_01678,2025-10-05 04:00:00,COMPLETED
ORD_006728,CUST_00564,2025-02-11 22:00:00,CANCELLED
ORD_006729,CUST_00494,2025-06-24 02:00:00,REFUNDED
ORD_006730,CUST_00147,2025-09-03 10:00:00,CANCELLED
ORD_006731,CUST_01486,2025-01-11 23:00:00,COMPLETED
ORD_006732,CUST_00373,2025-09-09 21:00:00,COMPLETED
ORD_006733,CUST_00477,2025-10-18 13:00:00,COMPLETED
ORD_006734,CUST_01401,2025-05-01 02:00:00,COMPLETED
ORD_006735,CUST_01654,2025-04-26 04:00:00,COMPLETED
ORD_006736,CUST_00863,2025-05-21 21:00:00,COMPLETED
ORD_006737,CUST_01326,2025-01-31 21:00:00,COMPLETED
ORD_006738,CUST_00854,2026-03-20 23:00:00,CANCELLED
ORD_006739,CUST_00938,2025-05-21 18:00:00,COMPLETED
ORD_006740,CUST_01147,2025-07-19 02:00:00,COMPLETED
ORD_006741,CUST_00100,2025-11-15 13:00:00,COMPLETED
ORD_006742,CUST_00850,2025-12-24 20:00:00,COMPLETED
ORD_006743,CUST_01280,2025-11-21 10:00:00,COMPLETED
ORD_006744,CUST_01920,2025-02-17 19:00:00,COMPLETED
ORD_006745,CUST_00515,2025-07-22 12:00:00,COMPLETED
ORD_006746,CUST_00965,2025-03-29 15:00:00,COMPLETED
ORD_006747,CUST_01270,2025-02-17 08:00:00,CANCELLED
ORD_006748,CUST_01503,2025-06-29 15:00:00,COMPLETED
ORD_006749,CUST_01425,2025-01-27 13:00:00,COMPLETED
ORD_006750,CUST_00196,2025-06-12 22:00:00,COMPLETED
ORD_006751,CUST_01324,2025-09-30 22:00:00,CANCELLED
ORD_006752,CUST_00124,2025-08-10 16:00:00,COMPLETED
ORD_006753,CUST_00004,2025-08-12 05:00:00,COMPLETED
ORD_006754,CUST_00461,2026-03-04 06:00:00,COMPLETED
ORD_006755,CUST_00501,2025-08-15 16:00:00,CANCELLED
ORD_006756,CUST_01484,2025-07-10 22:00:00,COMPLETED
ORD_006757,CUST_01693,2026-01-20 14:00:00,COMPLETED
ORD_006758,CUST_00347,2025-08-25 03:00:00,COMPLETED
ORD_006759,CUST_00036,2025-12-13 14:00:00,REFUNDED
ORD_006760,CUST_00170,2025-03-04 05:00:00,COMPLETED
ORD_006761,CUST_01093,2025-02-03 18:00:00,COMPLETED
ORD_006762,CUST_00938,2025-10-30 18:00:00,COMPLETED
ORD_006763,CUST_00952,2025-04-10 22:00:00,COMPLETED
ORD_006764,CUST_01242,2025-12-02 19:00:00,COMPLETED
ORD_006765,CUST_00692,2026-02-08 02:00:00,COMPLETED
ORD_006766,CUST_00444,2025-09-10 12:00:00,COMPLETED
ORD_006767,CUST_01733,2026-01-05 23:00:00,CANCELLED
ORD_006768,CUST_01494,2025-09-02 00:00:00,COMPLETED
ORD_006769,CUST_00566,2025-12-07 15:00:00,COMPLETED
ORD_006770,CUST_00267,2025-11-23 00:00:00,COMPLETED
ORD_006771,CUST_00424,2025-01-01 04:00:00,COMPLETED
ORD_006772,CUST_00452,2025-03-29 20:00:00,COMPLETED
ORD_006773,CUST_01232,2025-08-13 18:00:00,COMPLETED
ORD_006774,CUST_00268,2026-03-18 13:00:00,COMPLETED
ORD_006775,CUST_00257,2026-02-01 05:00:00,COMPLETED
ORD_006776,CUST_01771,2026-01-13 08:00:00,COMPLETED
ORD_006777,CUST_00986,2025-06-06 10:00:00,COMPLETED
ORD_006778,CUST_00903,2025-04-04 14:00:00,COMPLETED
ORD_006779,CUST_00363,2025-09-16 09:00:00,COMPLETED
ORD_006780,CUST_00913,2025-04-11 00:00:00,COMPLETED
ORD_006781,CUST_00725,2025-12-25 00:00:00,COMPLETED
ORD_006782,CUST_01349,2025-04-23 19:00:00,REFUNDED
ORD_006783,CUST_00096,2025-10-07 15:00:00,COMPLETED
ORD_006784,CUST_01991,2025-09-14 20:00:00,COMPLETED
ORD_006785,CUST_01317,2026-01-22 01:00:00,CANCELLED
ORD_006786,CUST_01043,2025-08-04 09:00:00,COMPLETED
ORD_006787,CUST_01755,2025-08-05 10:00:00,REFUNDED
ORD_006788,CUST_00374,2026-03-03 18:00:00,COMPLETED
ORD_006789,CUST_00200,2025-06-07 23:00:00,COMPLETED
ORD_006790,CUST_01852,2025-11-02 02:00:00,COMPLETED
ORD_006791,CUST_01053,2025-12-04 17:00:00,COMPLETED
ORD_006792,CUST_00864,2025-08-01 17:00:00,COMPLETED
ORD_006793,CUST_00070,2025-11-27 23:00:00,COMPLETED
ORD_006794,CUST_01422,2026-02-26 09:00:00,COMPLETED
ORD_006795,CUST_00380,2025-11-04 20:00:00,CANCELLED
ORD_006796,CUST_00461,2025-09-19 15:00:00,COMPLETED
ORD_006797,CUST_01655,2025-12-23 08:00:00,COMPLETED
ORD_006798,CUST_01424,2025-11-05 22:00:00,COMPLETED
ORD_006799,CUST_01069,2025-04-10 22:00:00,COMPLETED
ORD_006800,CUST_01085,2025-04-02 00:00:00,COMPLETED
ORD_006801,CUST_01011,2025-04-18 23:00:00,COMPLETED
ORD_006802,CUST_00596,2025-10-25 04:00:00,COMPLETED
ORD_006803,CUST_01623,2025-03-27 12:00:00,COMPLETED
ORD_006804,CUST_00032,2025-10-11 12:00:00,CANCELLED
ORD_006805,CUST_01497,2025-09-14 15:00:00,COMPLETED
ORD_006806,CUST_01335,2025-01-14 20:00:00,REFUNDED
ORD_006807,CUST_00925,2025-12-17 06:00:00,COMPLETED
ORD_006808,CUST_01801,2025-08-29 11:00:00,COMPLETED
ORD_006809,CUST_01252,2025-07-10 23:00:00,COMPLETED
ORD_006810,CUST_01769,2026-02-10 15:00:00,COMPLETED
ORD_006811,CUST_01544,2025-09-30 11:00:00,COMPLETED
ORD_006812,CUST_00494,2026-02-07 09:00:00,COMPLETED
ORD_006813,CUST_01327,2025-06-17 15:00:00,COMPLETED
ORD_006814,CUST_01584,2025-12-28 22:00:00,COMPLETED
ORD_006815,CUST_00623,2025-07-17 10:00:00,COMPLETED
ORD_006816,CUST_01506,2025-04-20 00:00:00,REFUNDED
ORD_006817,CUST_00112,2025-10-24 04:00:00,COMPLETED
ORD_006818,CUST_00767,2025-05-14 23:00:00,COMPLETED
ORD_006819,CUST_01404,2025-08-03 09:00:00,COMPLETED
ORD_006820,CUST_01445,2025-04-16 00:00:00,REFUNDED
ORD_006821,CUST_00489,2025-09-16 03:00:00,COMPLETED
ORD_006822,CUST_01180,2025-04-24 04:00:00,COMPLETED
ORD_006823,CUST_01053,2025-03-18 05:00:00,CANCELLED
ORD_006824,CUST_00483,2025-06-27 14:00:00,COMPLETED
ORD_006825,CUST_01291,2025-07-09 00:00:00,COMPLETED
ORD_006826,CUST_00110,2025-05-13 02:00:00,COMPLETED
ORD_006827,CUST_01982,2025-03-12 05:00:00,COMPLETED
ORD_006828,CUST_01868,2025-08-04 12:00:00,COMPLETED
ORD_006829,CUST_00621,2025-06-06 07:00:00,COMPLETED
ORD_006830,CUST_00163,2025-12-21 11:00:00,COMPLETED
ORD_006831,CUST_00840,2026-01-10 00:00:00,COMPLETED
ORD_006832,CUST_01331,2025-10-20 08:00:00,COMPLETED
ORD_006833,CUST_01291,2026-03-06 10:00:00,COMPLETED
ORD_006834,CUST_01185,2025-07-09 23:00:00,COMPLETED
ORD_006835,CUST_00580,2025-11-28 20:00:00,COMPLETED
ORD_006836,CUST_01493,2025-08-16 07:00:00,COMPLETED
ORD_006837,CUST_00891,2025-02-20 09:00:00,COMPLETED
ORD_006838,CUST_00905,2026-01-30 18:00:00,CANCELLED
ORD_006839,CUST_01330,2025-03-19 21:00:00,COMPLETED
ORD_006840,CUST_00137,2025-08-06 13:00:00,REFUNDED
ORD_006841,CUST_01988,2025-04-01 04:00:00,COMPLETED
ORD_006842,CUST_01140,2026-02-18 21:00:00,COMPLETED
ORD_006843,CUST_01575,2025-05-10 15:00:00,COMPLETED
ORD_006844,CUST_00431,2025-08-13 13:00:00,COMPLETED
ORD_006845,CUST_00829,2025-01-02 06:00:00,COMPLETED
ORD_006846,CUST_01840,2025-10-12 04:00:00,COMPLETED
ORD_006847,CUST_01747,2026-02-17 21:00:00,COMPLETED
ORD_006848,CUST_01740,2025-09-15 01:00:00,COMPLETED
ORD_006849,CUST_00652,2025-09-04 02:00:00,COMPLETED
ORD_006850,CUST_01438,2025-02-01 01:00:00,CANCELLED
ORD_006851,CUST_01561,2025-03-15 08:00:00,COMPLETED
ORD_006852,CUST_00657,2025-06-11 16:00:00,COMPLETED
ORD_006853,CUST_01571,2026-01-31 22:00:00,COMPLETED
ORD_006854,CUST_00271,2025-09-28 21:00:00,COMPLETED
ORD_006855,CUST_01945,2026-01-24 13:00:00,COMPLETED
ORD_006856,CUST_00230,2025-05-20 03:00:00,COMPLETED
ORD_006857,CUST_01121,2025-11-19 14:00:00,COMPLETED
ORD_006858,CUST_01497,2025-12-02 18:00:00,COMPLETED
ORD_006859,CUST_00346,2025-05-03 19:00:00,COMPLETED
ORD_006860,CUST_01906,2025-11-05 12:00:00,COMPLETED
ORD_006861,CUST_00665,2025-11-10 15:00:00,COMPLETED
ORD_006862,CUST_01261,2025-11-05 07:00:00,COMPLETED
ORD_006863,CUST_00175,2025-12-03 20:00:00,COMPLETED
ORD_006864,CUST_00562,2025-04-25 19:00:00,COMPLETED
ORD_006865,CUST_00428,2026-01-28 06:00:00,CANCELLED
ORD_006866,CUST_00975,2025-05-06 16:00:00,CANCELLED
ORD_006867,CUST_00846,2025-04-11 23:00:00,COMPLETED
ORD_006868,CUST_00803,2025-04-11 16:00:00,REFUNDED
ORD_006869,CUST_00394,2025-08-17 13:00:00,COMPLETED
ORD_006870,CUST_01831,2025-10-11 16:00:00,COMPLETED
ORD_006871,CUST_01167,2025-04-18 17:00:00,REFUNDED
ORD_006872,CUST_01767,2026-01-04 12:00:00,COMPLETED
ORD_006873,CUST_00707,2025-09-25 18:00:00,COMPLETED
ORD_006874,CUST_01532,2026-02-09 16:00:00,COMPLETED
ORD_006875,CUST_01126,2025-03-18 11:00:00,COMPLETED
ORD_006876,CUST_01245,2025-09-20 03:00:00,COMPLETED
ORD_006877,CUST_00987,2025-08-18 06:00:00,CANCELLED
ORD_006878,CUST_00930,2025-10-13 23:00:00,COMPLETED
ORD_006879,CUST_00172,2025-08-11 17:00:00,COMPLETED
ORD_006880,CUST_00958,2025-02-22 12:00:00,COMPLETED
ORD_006881,CUST_01255,2025-06-28 05:00:00,CANCELLED
ORD_006882,CUST_00308,2026-01-16 04:00:00,COMPLETED
ORD_006883,CUST_01731,2025-05-08 10:00:00,COMPLETED
ORD_006884,CUST_00271,2025-01-20 15:00:00,COMPLETED
ORD_006885,CUST_00088,2026-02-18 20:00:00,COMPLETED
ORD_006886,CUST_01437,2025-11-05 22:00:00,COMPLETED
ORD_006887,CUST_00247,2025-11-20 19:00:00,COMPLETED
ORD_006888,CUST_01578,2025-05-01 15:00:00,COMPLETED
ORD_006889,CUST_00195,2025-10-06 15:00:00,COMPLETED
ORD_006890,CUST_00512,2025-04-30 23:00:00,COMPLETED
ORD_006891,CUST_01010,2025-11-20 11:00:00,COMPLETED
ORD_006892,CUST_00816,2025-03-10 03:00:00,COMPLETED
ORD_006893,CUST_00833,2025-10-24 19:00:00,COMPLETED
ORD_006894,CUST_00116,2025-09-25 00:00:00,COMPLETED
ORD_006895,CUST_00365,2025-07-12 16:00:00,COMPLETED
ORD_006896,CUST_00172,2025-05-11 19:00:00,CANCELLED
ORD_006897,CUST_00977,2025-07-26 00:00:00,COMPLETED
ORD_006898,CUST_01173,2025-12-08 06:00:00,COMPLETED
ORD_006899,CUST_00216,2025-04-17 09:00:00,COMPLETED
ORD_006900,CUST_01735,2025-04-01 19:00:00,COMPLETED
ORD_006901,CUST_01535,2026-03-05 19:00:00,COMPLETED
ORD_006902,CUST_01523,2026-01-07 11:00:00,COMPLETED
ORD_006903,CUST_01131,2025-01-30 17:00:00,COMPLETED
ORD_006904,CUST_00796,2025-07-22 14:00:00,COMPLETED
ORD_006905,CUST_00197,2025-03-20 23:00:00,COMPLETED
ORD_006906,CUST_01395,2025-03-20 13:00:00,COMPLETED
ORD_006907,CUST_01342,2025-12-06 20:00:00,COMPLETED
ORD_006908,CUST_01610,2025-08-11 05:00:00,COMPLETED
ORD_006909,CUST_01328,2025-10-01 02:00:00,COMPLETED
ORD_006910,CUST_00016,2025-01-29 14:00:00,COMPLETED
ORD_006911,CUST_01427,2025-07-26 14:00:00,REFUNDED
ORD_006912,CUST_01263,2025-08-22 23:00:00,COMPLETED
ORD_006913,CUST_00707,2025-08-16 17:00:00,CANCELLED
ORD_006914,CUST_01390,2026-03-13 13:00:00,COMPLETED
ORD_006915,CUST_01801,2025-08-15 21:00:00,COMPLETED
ORD_006916,CUST_00546,2025-12-31 07:00:00,COMPLETED
ORD_006917,CUST_01318,2025-12-26 19:00:00,COMPLETED
ORD_006918,CUST_00968,2025-09-04 02:00:00,REFUNDED
ORD_006919,CUST_01347,2025-09-30 02:00:00,COMPLETED
ORD_006920,CUST_01283,2025-11-08 01:00:00,COMPLETED
ORD_006921,CUST_01754,2025-07-03 20:00:00,COMPLETED
ORD_006922,CUST_01442,2025-10-23 14:00:00,COMPLETED
ORD_006923,CUST_01179,2025-05-16 13:00:00,COMPLETED
ORD_006924,CUST_00789,2025-09-14 18:00:00,COMPLETED
ORD_006925,CUST_00700,2025-10-19 07:00:00,COMPLETED
ORD_006926,CUST_01319,2025-04-22 01:00:00,CANCELLED
ORD_006927,CUST_01239,2025-07-05 06:00:00,COMPLETED
ORD_006928,CUST_01633,2025-12-21 15:00:00,COMPLETED
ORD_006929,CUST_00397,2025-05-24 01:00:00,COMPLETED
ORD_006930,CUST_00090,2025-12-09 13:00:00,COMPLETED
ORD_006931,CUST_01989,2025-03-22 08:00:00,COMPLETED
ORD_006932,CUST_00230,2025-03-13 12:00:00,CANCELLED
ORD_006933,CUST_00249,2025-03-02 01:00:00,COMPLETED
ORD_006934,CUST_00930,2025-12-30 07:00:00,COMPLETED
ORD_006935,CUST_01486,2025-05-04 04:00:00,COMPLETED
ORD_006936,CUST_00128,2025-05-24 17:00:00,COMPLETED
ORD_006937,CUST_01306,2025-12-21 15:00:00,COMPLETED
ORD_006938,CUST_01730,2025-09-13 06:00:00,CANCELLED
ORD_006939,CUST_00513,2025-07-19 11:00:00,COMPLETED
ORD_006940,CUST_01518,2025-02-25 16:00:00,COMPLETED
ORD_006941,CUST_00471,2025-10-02 08:00:00,CANCELLED
ORD_006942,CUST_00465,2026-02-04 19:00:00,COMPLETED
ORD_006943,CUST_00865,2025-02-26 19:00:00,COMPLETED
ORD_006944,CUST_00747,2025-10-02 13:00:00,COMPLETED
ORD_006945,CUST_00895,2026-01-22 12:00:00,COMPLETED
ORD_006946,CUST_00969,2025-02-11 06:00:00,CANCELLED
ORD_006947,CUST_00889,2025-03-14 18:00:00,CANCELLED
ORD_006948,CUST_00502,2025-06-04 00:00:00,COMPLETED
ORD_006949,CUST_01445,2025-07-24 07:00:00,COMPLETED
ORD_006950,CUST_01642,2025-07-06 15:00:00,COMPLETED
ORD_006951,CUST_00777,2025-04-04 08:00:00,REFUNDED
ORD_006952,CUST_01666,2025-08-28 12:00:00,COMPLETED
ORD_006953,CUST_00670,2026-03-11 06:00:00,COMPLETED
ORD_006954,CUST_01709,2025-11-03 17:00:00,COMPLETED
ORD_006955,CUST_00646,2025-06-28 15:00:00,COMPLETED
ORD_006956,CUST_00414,2026-01-27 04:00:00,COMPLETED
ORD_006957,CUST_00140,2026-02-18 12:00:00,COMPLETED
ORD_006958,CUST_00600,2025-12-05 22:00:00,REFUNDED
ORD_006959,CUST_01295,2025-09-25 10:00:00,COMPLETED
ORD_006960,CUST_00876,2025-01-18 00:00:00,COMPLETED
ORD_006961,CUST_00185,2025-08-27 04:00:00,COMPLETED
ORD_006962,CUST_00003,2025-10-11 21:00:00,CANCELLED
ORD_006963,CUST_01825,2025-12-28 09:00:00,COMPLETED
ORD_006964,CUST_00151,2026-03-08 07:00:00,COMPLETED
ORD_006965,CUST_01791,2025-09-18 20:00:00,CANCELLED
ORD_006966,CUST_01256,2025-12-31 22:00:00,CANCELLED
ORD_006967,CUST_01735,2025-07-01 16:00:00,COMPLETED
ORD_006968,CUST_00060,2026-02-01 00:00:00,COMPLETED
ORD_006969,CUST_01577,2025-01-14 18:00:00,COMPLETED
ORD_006970,CUST_00171,2025-11-15 18:00:00,COMPLETED
ORD_006971,CUST_01321,2025-09-19 13:00:00,COMPLETED
ORD_006972,CUST_01153,2025-08-11 21:00:00,COMPLETED
ORD_006973,CUST_00071,2025-12-25 18:00:00,COMPLETED
ORD_006974,CUST_01685,2025-03-24 22:00:00,COMPLETED
ORD_006975,CUST_01993,2025-05-18 20:00:00,COMPLETED
ORD_006976,CUST_00787,2026-02-13 10:00:00,COMPLETED
ORD_006977,CUST_01416,2025-12-20 00:00:00,COMPLETED
ORD_006978,CUST_00825,2025-06-17 02:00:00,COMPLETED
ORD_006979,CUST_01526,2026-03-23 08:00:00,COMPLETED
ORD_006980,CUST_01666,2025-11-12 00:00:00,REFUNDED
ORD_006981,CUST_00546,2025-06-08 16:00:00,CANCELLED
ORD_006982,CUST_00304,2026-01-22 14:00:00,COMPLETED
ORD_006983,CUST_01690,2026-01-18 07:00:00,COMPLETED
ORD_006984,CUST_01834,2025-06-26 23:00:00,COMPLETED
ORD_006985,CUST_00181,2025-11-07 15:00:00,COMPLETED
ORD_006986,CUST_00240,2025-07-11 08:00:00,COMPLETED
ORD_006987,CUST_01872,2025-04-26 09:00:00,COMPLETED
ORD_006988,CUST_00580,2026-02-11 10:00:00,COMPLETED
ORD_006989,CUST_00461,2025-05-01 12:00:00,COMPLETED
ORD_006990,CUST_00781,2026-03-07 09:00:00,COMPLETED
ORD_006991,CUST_01001,2025-11-13 18:00:00,CANCELLED
ORD_006992,CUST_01620,2025-07-20 03:00:00,COMPLETED
ORD_006993,CUST_01566,2026-01-02 01:00:00,COMPLETED
ORD_006994,CUST_01471,2025-09-07 15:00:00,COMPLETED
ORD_006995,CUST_00437,2026-01-05 18:00:00,COMPLETED
ORD_006996,CUST_00697,2025-11-06 20:00:00,COMPLETED
ORD_006997,CUST_00395,2025-08-16 14:00:00,COMPLETED
ORD_006998,CUST_01861,2025-03-14 04:00:00,COMPLETED
ORD_006999,CUST_01696,2025-03-24 04:00:00,COMPLETED
ORD_007000,CUST_01146,2025-12-24 13:00:00,COMPLETED
ORD_007001,CUST_01431,2025-06-07 12:00:00,REFUNDED
ORD_007002,CUST_01768,2026-01-09 21:00:00,COMPLETED
ORD_007003,CUST_00652,2025-02-13 10:00:00,COMPLETED
ORD_007004,CUST_00891,2025-05-04 07:00:00,COMPLETED
ORD_007005,CUST_01472,2025-01-18 00:00:00,CANCELLED
ORD_007006,CUST_00760,2025-03-17 15:00:00,REFUNDED
ORD_007007,CUST_00414,2025-01-06 04:00:00,COMPLETED
ORD_007008,CUST_01459,2025-08-24 11:00:00,CANCELLED
ORD_007009,CUST_00950,2026-01-15 01:00:00,REFUNDED
ORD_007010,CUST_01121,2026-03-15 15:00:00,COMPLETED
ORD_007011,CUST_00188,2026-03-08 13:00:00,COMPLETED
ORD_007012,CUST_00111,2026-02-17 19:00:00,COMPLETED
ORD_007013,CUST_00999,2025-08-29 22:00:00,COMPLETED
ORD_007014,CUST_01046,2025-08-12 22:00:00,COMPLETED
ORD_007015,CUST_00448,2025-10-16 07:00:00,COMPLETED
ORD_007016,CUST_01191,2026-03-15 17:00:00,COMPLETED
ORD_007017,CUST_01624,2025-12-21 01:00:00,COMPLETED
ORD_007018,CUST_01683,2025-06-13 03:00:00,COMPLETED
ORD_007019,CUST_00537,2025-05-10 11:00:00,COMPLETED
ORD_007020,CUST_01453,2025-05-04 17:00:00,COMPLETED
ORD_007021,CUST_01499,2025-07-13 20:00:00,REFUNDED
ORD_007022,CUST_01931,2025-11-01 21:00:00,COMPLETED
ORD_007023,CUST_00144,2025-01-06 03:00:00,COMPLETED
ORD_007024,CUST_01360,2025-08-11 16:00:00,COMPLETED
ORD_007025,CUST_00177,2026-03-23 02:00:00,COMPLETED
ORD_007026,CUST_01219,2025-03-21 01:00:00,COMPLETED
ORD_007027,CUST_01279,2025-09-12 10:00:00,COMPLETED
ORD_007028,CUST_01215,2026-03-23 00:00:00,COMPLETED
ORD_007029,CUST_01313,2025-01-28 00:00:00,COMPLETED
ORD_007030,CUST_01341,2025-07-26 19:00:00,COMPLETED
ORD_007031,CUST_00474,2026-03-16 19:00:00,COMPLETED
ORD_007032,CUST_01542,2025-12-17 02:00:00,COMPLETED
ORD_007033,CUST_00790,2025-06-28 11:00:00,COMPLETED
ORD_007034,CUST_01722,2025-09-29 11:00:00,REFUNDED
ORD_007035,CUST_01834,2025-10-19 07:00:00,COMPLETED
ORD_007036,CUST_00668,2026-03-20 18:00:00,CANCELLED
ORD_007037,CUST_01397,2025-12-05 05:00:00,COMPLETED
ORD_007038,CUST_00512,2026-03-19 04:00:00,COMPLETED
ORD_007039,CUST_01161,2026-03-20 08:00:00,COMPLETED
ORD_007040,CUST_01525,2025-05-12 10:00:00,COMPLETED
ORD_007041,CUST_01167,2025-07-02 13:00:00,COMPLETED
ORD_007042,CUST_00128,2025-06-23 05:00:00,COMPLETED
ORD_007043,CUST_01211,2025-04-19 05:00:00,COMPLETED
ORD_007044,CUST_00674,2025-03-07 03:00:00,COMPLETED
ORD_007045,CUST_01778,2025-06-05 23:00:00,COMPLETED
ORD_007046,CUST_00802,2025-10-02 19:00:00,COMPLETED
ORD_007047,CUST_01998,2025-06-08 08:00:00,COMPLETED
ORD_007048,CUST_00124,2026-01-28 02:00:00,COMPLETED
ORD_007049,CUST_00788,2025-04-08 19:00:00,COMPLETED
ORD_007050,CUST_00781,2026-02-15 18:00:00,COMPLETED
ORD_007051,CUST_01423,2025-10-22 11:00:00,COMPLETED
ORD_007052,CUST_00237,2025-12-02 02:00:00,COMPLETED
ORD_007053,CUST_01982,2025-08-17 12:00:00,COMPLETED
ORD_007054,CUST_00718,2025-10-16 19:00:00,COMPLETED
ORD_007055,CUST_00155,2025-04-12 06:00:00,COMPLETED
ORD_007056,CUST_00518,2025-01-27 07:00:00,COMPLETED
ORD_007057,CUST_00891,2025-10-10 02:00:00,COMPLETED
ORD_007058,CUST_00925,2025-06-12 13:00:00,CANCELLED
ORD_007059,CUST_01482,2025-10-26 10:00:00,COMPLETED
ORD_007060,CUST_01921,2025-10-28 01:00:00,COMPLETED
ORD_007061,CUST_01425,2025-09-04 00:00:00,COMPLETED
ORD_007062,CUST_01296,2025-06-28 23:00:00,COMPLETED
ORD_007063,CUST_01743,2025-12-04 21:00:00,COMPLETED
ORD_007064,CUST_01679,2026-01-27 13:00:00,CANCELLED
ORD_007065,CUST_01003,2025-11-03 11:00:00,COMPLETED
ORD_007066,CUST_00181,2025-12-29 02:00:00,COMPLETED
ORD_007067,CUST_01482,2025-01-07 13:00:00,COMPLETED
ORD_007068,CUST_00728,2026-02-25 06:00:00,COMPLETED
ORD_007069,CUST_01728,2025-07-30 03:00:00,COMPLETED
ORD_007070,CUST_01508,2025-11-30 02:00:00,COMPLETED
ORD_007071,CUST_01748,2026-02-18 04:00:00,COMPLETED
ORD_007072,CUST_01376,2025-09-23 15:00:00,COMPLETED
ORD_007073,CUST_00953,2025-05-30 01:00:00,COMPLETED
ORD_007074,CUST_01264,2025-12-27 16:00:00,COMPLETED
ORD_007075,CUST_01342,2025-11-28 03:00:00,REFUNDED
ORD_007076,CUST_00493,2025-02-02 14:00:00,COMPLETED
ORD_007077,CUST_00832,2026-02-28 06:00:00,COMPLETED
ORD_007078,CUST_01863,2025-01-13 21:00:00,REFUNDED
ORD_007079,CUST_00966,2025-07-12 18:00:00,COMPLETED
ORD_007080,CUST_01258,2026-02-11 19:00:00,COMPLETED
ORD_007081,CUST_00327,2025-04-28 16:00:00,CANCELLED
ORD_007082,CUST_01604,2025-03-16 02:00:00,COMPLETED
ORD_007083,CUST_00634,2025-05-22 10:00:00,COMPLETED
ORD_007084,CUST_01499,2025-03-09 17:00:00,COMPLETED
ORD_007085,CUST_00786,2025-08-14 16:00:00,COMPLETED
ORD_007086,CUST_00922,2025-10-26 19:00:00,CANCELLED
ORD_007087,CUST_01394,2026-01-23 18:00:00,CANCELLED
ORD_007088,CUST_00670,2025-10-17 12:00:00,COMPLETED
ORD_007089,CUST_00597,2025-03-11 16:00:00,COMPLETED
ORD_007090,CUST_01186,2025-10-23 07:00:00,CANCELLED
ORD_007091,CUST_01429,2025-01-04 20:00:00,COMPLETED
ORD_007092,CUST_00074,2025-04-06 17:00:00,REFUNDED
ORD_007093,CUST_00179,2025-05-27 01:00:00,COMPLETED
ORD_007094,CUST_00365,2025-07-04 04:00:00,COMPLETED
ORD_007095,CUST_01176,2025-02-08 16:00:00,COMPLETED
ORD_007096,CUST_01211,2025-07-03 01:00:00,COMPLETED
ORD_007097,CUST_01218,2025-06-14 12:00:00,COMPLETED
ORD_007098,CUST_01203,2026-03-19 01:00:00,COMPLETED
ORD_007099,CUST_00193,2025-10-14 06:00:00,COMPLETED
ORD_007100,CUST_00585,2026-01-16 03:00:00,COMPLETED
ORD_007101,CUST_01099,2025-10-20 03:00:00,COMPLETED
ORD_007102,CUST_01948,2025-03-18 20:00:00,COMPLETED
ORD_007103,CUST_01882,2025-07-29 01:00:00,COMPLETED
ORD_007104,CUST_00019,2025-05-15 22:00:00,COMPLETED
ORD_007105,CUST_01314,2026-01-09 17:00:00,COMPLETED
ORD_007106,CUST_01148,2025-07-01 23:00:00,COMPLETED
ORD_007107,CUST_00434,2025-09-28 18:00:00,COMPLETED
ORD_007108,CUST_01391,2025-08-04 10:00:00,COMPLETED
ORD_007109,CUST_00210,2025-05-15 19:00:00,COMPLETED
ORD_007110,CUST_01962,2025-10-10 02:00:00,COMPLETED
ORD_007111,CUST_00783,2025-10-08 08:00:00,COMPLETED
ORD_007112,CUST_01144,2025-05-20 00:00:00,REFUNDED
ORD_007113,CUST_00942,2025-11-01 07:00:00,COMPLETED
ORD_007114,CUST_00524,2025-10-06 13:00:00,COMPLETED
ORD_007115,CUST_00040,2025-06-30 09:00:00,COMPLETED
ORD_007116,CUST_00129,2025-08-24 02:00:00,COMPLETED
ORD_007117,CUST_00870,2025-11-15 05:00:00,COMPLETED
ORD_007118,CUST_01091,2025-09-13 20:00:00,COMPLETED
ORD_007119,CUST_01072,2026-03-09 01:00:00,COMPLETED
ORD_007120,CUST_00152,2025-12-18 11:00:00,COMPLETED
ORD_007121,CUST_01000,2025-05-10 16:00:00,COMPLETED
ORD_007122,CUST_00168,2025-08-23 09:00:00,COMPLETED
ORD_007123,CUST_00271,2025-09-29 15:00:00,COMPLETED
ORD_007124,CUST_01216,2025-01-19 10:00:00,CANCELLED
ORD_007125,CUST_00135,2025-07-24 12:00:00,REFUNDED
ORD_007126,CUST_00532,2025-03-20 07:00:00,COMPLETED
ORD_007127,CUST_01401,2025-01-15 23:00:00,COMPLETED
ORD_007128,CUST_01293,2025-01-25 11:00:00,COMPLETED
ORD_007129,CUST_00127,2025-07-20 00:00:00,COMPLETED
ORD_007130,CUST_01181,2025-10-27 20:00:00,COMPLETED
ORD_007131,CUST_01593,2025-06-08 08:00:00,COMPLETED
ORD_007132,CUST_01506,2025-11-17 12:00:00,COMPLETED
ORD_007133,CUST_00946,2026-03-23 03:00:00,COMPLETED
ORD_007134,CUST_01333,2025-07-04 00:00:00,COMPLETED
ORD_007135,CUST_01815,2026-03-16 03:00:00,COMPLETED
ORD_007136,CUST_00672,2025-03-12 21:00:00,COMPLETED
ORD_007137,CUST_01201,2026-02-03 23:00:00,COMPLETED
ORD_007138,CUST_00311,2025-04-24 10:00:00,COMPLETED
ORD_007139,CUST_01386,2025-01-27 13:00:00,COMPLETED
ORD_007140,CUST_00724,2025-07-22 20:00:00,COMPLETED
ORD_007141,CUST_00260,2025-07-11 12:00:00,COMPLETED
ORD_007142,CUST_01094,2025-08-10 01:00:00,COMPLETED
ORD_007143,CUST_01113,2026-03-10 11:00:00,REFUNDED
ORD_007144,CUST_01337,2025-01-15 11:00:00,CANCELLED
ORD_007145,CUST_01740,2025-11-13 00:00:00,CANCELLED
ORD_007146,CUST_01797,2026-03-04 16:00:00,REFUNDED
ORD_007147,CUST_00390,2026-03-13 11:00:00,COMPLETED
ORD_007148,CUST_01568,2025-11-26 11:00:00,COMPLETED
ORD_007149,CUST_00303,2025-12-23 14:00:00,COMPLETED
ORD_007150,CUST_00296,2025-08-08 10:00:00,COMPLETED
ORD_007151,CUST_01557,2025-09-06 17:00:00,REFUNDED
ORD_007152,CUST_01427,2025-10-22 06:00:00,COMPLETED
ORD_007153,CUST_01217,2026-02-27 15:00:00,COMPLETED
ORD_007154,CUST_00446,2025-10-21 22:00:00,COMPLETED
ORD_007155,CUST_00472,2025-05-08 18:00:00,COMPLETED
ORD_007156,CUST_01902,2025-02-19 19:00:00,COMPLETED
ORD_007157,CUST_01087,2025-06-07 15:00:00,REFUNDED
ORD_007158,CUST_00878,2025-05-17 07:00:00,CANCELLED
ORD_007159,CUST_01225,2025-08-25 04:00:00,COMPLETED
ORD_007160,CUST_00208,2026-03-25 18:00:00,COMPLETED
ORD_007161,CUST_01453,2026-03-08 18:00:00,CANCELLED
ORD_007162,CUST_00388,2025-01-22 22:00:00,COMPLETED
ORD_007163,CUST_01606,2025-04-08 10:00:00,CANCELLED
ORD_007164,CUST_01198,2026-03-22 04:00:00,COMPLETED
ORD_007165,CUST_00820,2025-02-12 22:00:00,COMPLETED
ORD_007166,CUST_00969,2026-02-09 18:00:00,COMPLETED
ORD_007167,CUST_00314,2026-01-10 12:00:00,COMPLETED
ORD_007168,CUST_01053,2026-02-18 00:00:00,COMPLETED
ORD_007169,CUST_00620,2025-10-31 03:00:00,CANCELLED
ORD_007170,CUST_01476,2025-01-14 04:00:00,COMPLETED
ORD_007171,CUST_00533,2025-08-22 13:00:00,COMPLETED
ORD_007172,CUST_00554,2026-02-05 08:00:00,COMPLETED
ORD_007173,CUST_00720,2025-09-12 02:00:00,COMPLETED
ORD_007174,CUST_00068,2026-01-27 09:00:00,COMPLETED
ORD_007175,CUST_01369,2025-04-06 08:00:00,COMPLETED
ORD_007176,CUST_01794,2025-12-12 20:00:00,COMPLETED
ORD_007177,CUST_00491,2025-04-27 05:00:00,COMPLETED
ORD_007178,CUST_01517,2025-02-11 03:00:00,COMPLETED
ORD_007179,CUST_01847,2025-02-08 20:00:00,COMPLETED
ORD_007180,CUST_00246,2025-10-25 01:00:00,COMPLETED
ORD_007181,CUST_01102,2025-03-08 13:00:00,COMPLETED
ORD_007182,CUST_00707,2025-11-28 13:00:00,COMPLETED
ORD_007183,CUST_01369,2026-01-26 21:00:00,COMPLETED
ORD_007184,CUST_01053,2025-03-10 07:00:00,COMPLETED
ORD_007185,CUST_00099,2025-09-06 14:00:00,COMPLETED
ORD_007186,CUST_01080,2025-04-09 20:00:00,COMPLETED
ORD_007187,CUST_00633,2025-10-10 03:00:00,COMPLETED
ORD_007188,CUST_01481,2026-02-05 07:00:00,COMPLETED
ORD_007189,CUST_01638,2026-03-15 07:00:00,CANCELLED
ORD_007190,CUST_01884,2025-01-04 19:00:00,REFUNDED
ORD_007191,CUST_01501,2025-10-03 07:00:00,COMPLETED
ORD_007192,CUST_01495,2025-02-20 08:00:00,COMPLETED
ORD_007193,CUST_00677,2025-07-09 05:00:00,COMPLETED
ORD_007194,CUST_00223,2025-05-08 15:00:00,COMPLETED
ORD_007195,CUST_00024,2025-10-01 00:00:00,COMPLETED
ORD_007196,CUST_01060,2025-04-17 09:00:00,COMPLETED
ORD_007197,CUST_00218,2025-07-17 06:00:00,COMPLETED
ORD_007198,CUST_01125,2026-02-14 06:00:00,COMPLETED
ORD_007199,CUST_01284,2026-01-13 05:00:00,COMPLETED
ORD_007200,CUST_01780,2025-09-21 14:00:00,COMPLETED
ORD_007201,CUST_01648,2025-05-16 20:00:00,CANCELLED
ORD_007202,CUST_00973,2025-03-20 11:00:00,REFUNDED
ORD_007203,CUST_00984,2025-08-02 10:00:00,CANCELLED
ORD_007204,CUST_01933,2025-07-26 17:00:00,REFUNDED
ORD_007205,CUST_00508,2025-07-21 13:00:00,COMPLETED
ORD_007206,CUST_00871,2026-01-25 17:00:00,COMPLETED
ORD_007207,CUST_01177,2025-01-18 23:00:00,COMPLETED
ORD_007208,CUST_00894,2025-12-04 10:00:00,COMPLETED
ORD_007209,CUST_01623,2025-10-11 01:00:00,COMPLETED
ORD_007210,CUST_01460,2025-01-17 01:00:00,COMPLETED
ORD_007211,CUST_01910,2026-01-02 11:00:00,COMPLETED
ORD_007212,CUST_00754,2025-10-12 18:00:00,COMPLETED
ORD_007213,CUST_01661,2025-12-03 11:00:00,COMPLETED
ORD_007214,CUST_01572,2026-03-27 22:00:00,COMPLETED
ORD_007215,CUST_00592,2026-01-21 06:00:00,COMPLETED
ORD_007216,CUST_01526,2025-10-06 03:00:00,COMPLETED
ORD_007217,CUST_00485,2025-06-17 15:00:00,COMPLETED
ORD_007218,CUST_00439,2026-03-03 11:00:00,COMPLETED
ORD_007219,CUST_00601,2026-03-19 01:00:00,COMPLETED
ORD_007220,CUST_00889,2025-02-17 10:00:00,COMPLETED
ORD_007221,CUST_00554,2025-05-19 07:00:00,COMPLETED
ORD_007222,CUST_01149,2025-12-17 17:00:00,CANCELLED
ORD_007223,CUST_01949,2025-12-19 23:00:00,COMPLETED
ORD_007224,CUST_00398,2026-02-17 10:00:00,COMPLETED
ORD_007225,CUST_00960,2025-08-21 17:00:00,COMPLETED
ORD_007226,CUST_01789,2025-02-24 17:00:00,COMPLETED
ORD_007227,CUST_00296,2025-11-22 01:00:00,CANCELLED
ORD_007228,CUST_01587,2025-09-04 14:00:00,COMPLETED
ORD_007229,CUST_01863,2025-11-14 22:00:00,COMPLETED
ORD_007230,CUST_00861,2026-02-14 08:00:00,COMPLETED
ORD_007231,CUST_01786,2025-11-14 23:00:00,COMPLETED
ORD_007232,CUST_01004,2025-02-24 09:00:00,COMPLETED
ORD_007233,CUST_01233,2026-03-27 16:00:00,COMPLETED
ORD_007234,CUST_00149,2025-09-24 03:00:00,COMPLETED
ORD_007235,CUST_00002,2025-06-27 21:00:00,COMPLETED
ORD_007236,CUST_00438,2026-01-23 20:00:00,COMPLETED
ORD_007237,CUST_00581,2026-02-07 03:00:00,COMPLETED
ORD_007238,CUST_01099,2025-06-01 08:00:00,CANCELLED
ORD_007239,CUST_01278,2025-08-07 13:00:00,COMPLETED
ORD_007240,CUST_00490,2025-02-17 19:00:00,COMPLETED
ORD_007241,CUST_01974,2025-12-03 19:00:00,COMPLETED
ORD_007242,CUST_00101,2025-06-24 08:00:00,COMPLETED
ORD_007243,CUST_01928,2025-02-26 14:00:00,COMPLETED
ORD_007244,CUST_00231,2025-02-17 01:00:00,COMPLETED
ORD_007245,CUST_00580,2025-01-02 13:00:00,COMPLETED
ORD_007246,CUST_00639,2025-07-06 13:00:00,COMPLETED
ORD_007247,CUST_01267,2026-03-08 04:00:00,COMPLETED
ORD_007248,CUST_00505,2025-07-22 12:00:00,COMPLETED
ORD_007249,CUST_00262,2025-08-08 17:00:00,COMPLETED
ORD_007250,CUST_00834,2025-10-11 11:00:00,REFUNDED
ORD_007251,CUST_01249,2025-05-29 10:00:00,CANCELLED
ORD_007252,CUST_01729,2025-12-08 10:00:00,CANCELLED
ORD_007253,CUST_01284,2025-05-01 20:00:00,COMPLETED
ORD_007254,CUST_00855,2025-12-17 12:00:00,CANCELLED
ORD_007255,CUST_01191,2025-04-23 15:00:00,COMPLETED
ORD_007256,CUST_00540,2026-02-15 15:00:00,COMPLETED
ORD_007257,CUST_01899,2025-08-06 13:00:00,COMPLETED
ORD_007258,CUST_00974,2025-07-04 19:00:00,CANCELLED
ORD_007259,CUST_00473,2025-11-14 11:00:00,COMPLETED
ORD_007260,CUST_01941,2025-11-13 19:00:00,COMPLETED
ORD_007261,CUST_00756,2025-01-24 05:00:00,REFUNDED
ORD_007262,CUST_01145,2025-12-06 07:00:00,COMPLETED
ORD_007263,CUST_01503,2025-05-22 09:00:00,COMPLETED
ORD_007264,CUST_01872,2026-02-01 04:00:00,COMPLETED
ORD_007265,CUST_01162,2025-04-30 17:00:00,COMPLETED
ORD_007266,CUST_01213,2025-02-22 13:00:00,REFUNDED
ORD_007267,CUST_00187,2025-04-03 05:00:00,CANCELLED
ORD_007268,CUST_01503,2025-07-15 13:00:00,COMPLETED
ORD_007269,CUST_00970,2025-05-18 16:00:00,CANCELLED
ORD_007270,CUST_01442,2026-03-10 09:00:00,COMPLETED
ORD_007271,CUST_00778,2025-11-11 20:00:00,COMPLETED
ORD_007272,CUST_00730,2025-02-25 16:00:00,COMPLETED
ORD_007273,CUST_01228,2025-11-28 12:00:00,CANCELLED
ORD_007274,CUST_01292,2025-02-19 09:00:00,COMPLETED
ORD_007275,CUST_01055,2025-07-17 05:00:00,COMPLETED
ORD_007276,CUST_01048,2025-10-08 16:00:00,COMPLETED
ORD_007277,CUST_01613,2025-04-30 12:00:00,COMPLETED
ORD_007278,CUST_01012,2025-04-22 22:00:00,COMPLETED
ORD_007279,CUST_01192,2025-06-21 17:00:00,COMPLETED
ORD_007280,CUST_01360,2025-01-31 21:00:00,COMPLETED
ORD_007281,CUST_01807,2025-07-11 06:00:00,COMPLETED
ORD_007282,CUST_01745,2025-04-13 02:00:00,COMPLETED
ORD_007283,CUST_00906,2025-12-04 11:00:00,COMPLETED
ORD_007284,CUST_00490,2025-02-12 20:00:00,COMPLETED
ORD_007285,CUST_01600,2025-04-13 02:00:00,COMPLETED
ORD_007286,CUST_01225,2025-12-13 06:00:00,COMPLETED
ORD_007287,CUST_00507,2025-06-26 13:00:00,COMPLETED
ORD_007288,CUST_00525,2025-02-28 03:00:00,COMPLETED
ORD_007289,CUST_01917,2025-08-16 00:00:00,CANCELLED
ORD_007290,CUST_01446,2025-03-25 15:00:00,COMPLETED
ORD_007291,CUST_01866,2025-09-17 09:00:00,CANCELLED
ORD_007292,CUST_00130,2025-09-01 06:00:00,COMPLETED
ORD_007293,CUST_00871,2025-06-02 09:00:00,COMPLETED
ORD_007294,CUST_01689,2025-08-22 18:00:00,COMPLETED
ORD_007295,CUST_00641,2026-02-08 06:00:00,COMPLETED
ORD_007296,CUST_00678,2025-08-17 05:00:00,COMPLETED
ORD_007297,CUST_00502,2026-01-19 05:00:00,COMPLETED
ORD_007298,CUST_00954,2025-04-27 19:00:00,COMPLETED
ORD_007299,CUST_00556,2026-02-17 23:00:00,CANCELLED
ORD_007300,CUST_00878,2025-02-26 15:00:00,COMPLETED
ORD_007301,CUST_00316,2026-01-26 12:00:00,COMPLETED
ORD_007302,CUST_00284,2025-02-08 19:00:00,CANCELLED
ORD_007303,CUST_01016,2025-12-24 13:00:00,COMPLETED
ORD_007304,CUST_01031,2025-10-13 05:00:00,COMPLETED
ORD_007305,CUST_00889,2025-03-29 11:00:00,COMPLETED
ORD_007306,CUST_00767,2025-09-25 17:00:00,COMPLETED
ORD_007307,CUST_01630,2025-06-24 21:00:00,CANCELLED
ORD_007308,CUST_01571,2025-09-25 08:00:00,COMPLETED
ORD_007309,CUST_01835,2025-12-05 06:00:00,COMPLETED
ORD_007310,CUST_00163,2025-03-03 06:00:00,COMPLETED
ORD_007311,CUST_01097,2025-11-21 22:00:00,COMPLETED
ORD_007312,CUST_01126,2026-01-20 10:00:00,COMPLETED
ORD_007313,CUST_01039,2025-12-23 21:00:00,CANCELLED
ORD_007314,CUST_00665,2025-12-15 15:00:00,COMPLETED
ORD_007315,CUST_00986,2025-06-05 00:00:00,COMPLETED
ORD_007316,CUST_01741,2025-09-28 14:00:00,COMPLETED
ORD_007317,CUST_01076,2025-06-07 14:00:00,COMPLETED
ORD_007318,CUST_01947,2025-05-21 00:00:00,COMPLETED
ORD_007319,CUST_00254,2026-03-20 14:00:00,COMPLETED
ORD_007320,CUST_00375,2025-04-10 19:00:00,COMPLETED
ORD_007321,CUST_01190,2025-09-02 04:00:00,COMPLETED
ORD_007322,CUST_01279,2025-10-22 20:00:00,CANCELLED
ORD_007323,CUST_00057,2025-08-03 03:00:00,COMPLETED
ORD_007324,CUST_00120,2026-01-17 15:00:00,COMPLETED
ORD_007325,CUST_01179,2025-06-27 13:00:00,COMPLETED
ORD_007326,CUST_00640,2025-06-24 14:00:00,COMPLETED
ORD_007327,CUST_00702,2025-09-06 18:00:00,COMPLETED
ORD_007328,CUST_00227,2025-10-20 01:00:00,CANCELLED
ORD_007329,CUST_00461,2025-07-17 03:00:00,COMPLETED
ORD_007330,CUST_00645,2025-09-17 07:00:00,COMPLETED
ORD_007331,CUST_00729,2026-01-15 09:00:00,COMPLETED
ORD_007332,CUST_00065,2025-05-15 04:00:00,COMPLETED
ORD_007333,CUST_01459,2025-06-18 03:00:00,COMPLETED
ORD_007334,CUST_00135,2025-02-14 16:00:00,COMPLETED
ORD_007335,CUST_00449,2025-01-20 19:00:00,COMPLETED
ORD_007336,CUST_00606,2025-06-11 08:00:00,COMPLETED
ORD_007337,CUST_00370,2025-06-20 10:00:00,COMPLETED
ORD_007338,CUST_00818,2025-02-09 18:00:00,CANCELLED
ORD_007339,CUST_01720,2025-12-06 04:00:00,COMPLETED
ORD_007340,CUST_01479,2025-05-29 03:00:00,REFUNDED
ORD_007341,CUST_00939,2025-07-08 04:00:00,COMPLETED
ORD_007342,CUST_01962,2025-09-21 13:00:00,COMPLETED
ORD_007343,CUST_00377,2025-05-02 09:00:00,COMPLETED
ORD_007344,CUST_00469,2025-10-08 08:00:00,CANCELLED
ORD_007345,CUST_01876,2025-01-04 02:00:00,COMPLETED
ORD_007346,CUST_01821,2025-08-07 02:00:00,COMPLETED
ORD_007347,CUST_01550,2025-12-10 14:00:00,COMPLETED
ORD_007348,CUST_01527,2025-01-25 20:00:00,REFUNDED
ORD_007349,CUST_00673,2025-12-08 12:00:00,COMPLETED
ORD_007350,CUST_00405,2025-05-09 19:00:00,COMPLETED
ORD_007351,CUST_01755,2025-03-02 09:00:00,COMPLETED
ORD_007352,CUST_00390,2025-06-06 10:00:00,REFUNDED
ORD_007353,CUST_01428,2025-04-19 07:00:00,COMPLETED
ORD_007354,CUST_01226,2025-09-10 22:00:00,COMPLETED
ORD_007355,CUST_00945,2025-06-28 05:00:00,COMPLETED
ORD_007356,CUST_01866,2025-01-11 03:00:00,COMPLETED
ORD_007357,CUST_01643,2026-02-24 11:00:00,COMPLETED
ORD_007358,CUST_01342,2025-07-15 19:00:00,COMPLETED
ORD_007359,CUST_00041,2025-02-18 08:00:00,COMPLETED
ORD_007360,CUST_00792,2025-08-11 21:00:00,COMPLETED
ORD_007361,CUST_01622,2025-02-25 12:00:00,COMPLETED
ORD_007362,CUST_01008,2025-12-17 09:00:00,COMPLETED
ORD_007363,CUST_01461,2025-02-09 11:00:00,COMPLETED
ORD_007364,CUST_00241,2025-08-31 07:00:00,COMPLETED
ORD_007365,CUST_00807,2025-04-07 15:00:00,COMPLETED
ORD_007366,CUST_00001,2025-08-06 16:00:00,COMPLETED
ORD_007367,CUST_00981,2025-05-19 00:00:00,COMPLETED
ORD_007368,CUST_00978,2026-01-06 19:00:00,COMPLETED
ORD_007369,CUST_01259,2025-02-15 06:00:00,COMPLETED
ORD_007370,CUST_01266,2025-05-17 02:00:00,COMPLETED
ORD_007371,CUST_01009,2025-11-19 15:00:00,COMPLETED
ORD_007372,CUST_01720,2025-09-17 02:00:00,COMPLETED
ORD_007373,CUST_00293,2025-01-08 19:00:00,COMPLETED
ORD_007374,CUST_01404,2025-01-03 15:00:00,COMPLETED
ORD_007375,CUST_00953,2025-02-26 18:00:00,COMPLETED
ORD_007376,CUST_00381,2025-07-11 15:00:00,COMPLETED
ORD_007377,CUST_01704,2025-11-25 03:00:00,COMPLETED
ORD_007378,CUST_00850,2025-12-03 09:00:00,COMPLETED
ORD_007379,CUST_00095,2025-06-26 03:00:00,REFUNDED
ORD_007380,CUST_01864,2025-06-09 18:00:00,COMPLETED
ORD_007381,CUST_00912,2025-07-03 03:00:00,CANCELLED
ORD_007382,CUST_01163,2025-05-24 18:00:00,CANCELLED
ORD_007383,CUST_01626,2026-03-15 22:00:00,COMPLETED
ORD_007384,CUST_01450,2025-11-30 11:00:00,COMPLETED
ORD_007385,CUST_01736,2025-06-17 17:00:00,COMPLETED
ORD_007386,CUST_01692,2026-02-01 06:00:00,COMPLETED
ORD_007387,CUST_00824,2025-10-05 15:00:00,COMPLETED
ORD_007388,CUST_01139,2026-03-16 06:00:00,COMPLETED
ORD_007389,CUST_01315,2025-07-16 17:00:00,COMPLETED
ORD_007390,CUST_01992,2025-01-19 14:00:00,COMPLETED
ORD_007391,CUST_01007,2025-03-31 19:00:00,COMPLETED
ORD_007392,CUST_00652,2025-07-21 13:00:00,COMPLETED
ORD_007393,CUST_00670,2026-01-07 02:00:00,COMPLETED
ORD_007394,CUST_00023,2026-03-09 16:00:00,COMPLETED
ORD_007395,CUST_01759,2025-01-26 17:00:00,COMPLETED
ORD_007396,CUST_00111,2025-05-12 07:00:00,CANCELLED
ORD_007397,CUST_01286,2025-09-24 16:00:00,COMPLETED
ORD_007398,CUST_00555,2025-02-05 12:00:00,COMPLETED
ORD_007399,CUST_00728,2026-02-28 17:00:00,COMPLETED
ORD_007400,CUST_00093,2025-06-09 16:00:00,COMPLETED
ORD_007401,CUST_01409,2025-03-13 14:00:00,COMPLETED
ORD_007402,CUST_01202,2026-01-01 05:00:00,COMPLETED
ORD_007403,CUST_00315,2025-04-11 20:00:00,COMPLETED
ORD_007404,CUST_01220,2025-01-12 19:00:00,COMPLETED
ORD_007405,CUST_01947,2025-11-06 01:00:00,COMPLETED
ORD_007406,CUST_01980,2025-08-22 00:00:00,CANCELLED
ORD_007407,CUST_01547,2026-02-08 09:00:00,CANCELLED
ORD_007408,CUST_00055,2026-01-06 12:00:00,REFUNDED
ORD_007409,CUST_00164,2025-05-22 08:00:00,COMPLETED
ORD_007410,CUST_01859,2025-06-24 00:00:00,COMPLETED
ORD_007411,CUST_01225,2025-05-01 00:00:00,COMPLETED
ORD_007412,CUST_01422,2025-12-06 00:00:00,CANCELLED
ORD_007413,CUST_01380,2025-07-13 21:00:00,COMPLETED
ORD_007414,CUST_00296,2025-01-02 08:00:00,COMPLETED
ORD_007415,CUST_00712,2025-07-03 22:00:00,CANCELLED
ORD_007416,CUST_00898,2026-01-06 03:00:00,COMPLETED
ORD_007417,CUST_00317,2025-12-12 19:00:00,COMPLETED
ORD_007418,CUST_00580,2025-11-11 01:00:00,COMPLETED
ORD_007419,CUST_00476,2025-09-19 02:00:00,COMPLETED
ORD_007420,CUST_00666,2026-03-06 16:00:00,COMPLETED
ORD_007421,CUST_00609,2025-09-03 07:00:00,COMPLETED
ORD_007422,CUST_00157,2025-04-19 01:00:00,COMPLETED
ORD_007423,CUST_00703,2025-01-15 05:00:00,REFUNDED
ORD_007424,CUST_01000,2025-09-10 20:00:00,CANCELLED
ORD_007425,CUST_00136,2026-02-26 12:00:00,COMPLETED
ORD_007426,CUST_00885,2025-05-03 22:00:00,COMPLETED
ORD_007427,CUST_00407,2025-03-13 14:00:00,REFUNDED
ORD_007428,CUST_01103,2025-04-04 05:00:00,COMPLETED
ORD_007429,CUST_01542,2025-04-16 15:00:00,COMPLETED
ORD_007430,CUST_01451,2025-04-24 13:00:00,COMPLETED
ORD_007431,CUST_01577,2025-11-10 10:00:00,COMPLETED
ORD_007432,CUST_00330,2025-01-31 08:00:00,COMPLETED
ORD_007433,CUST_01604,2026-03-02 06:00:00,COMPLETED
ORD_007434,CUST_00632,2025-03-16 20:00:00,COMPLETED
ORD_007435,CUST_00182,2025-07-17 01:00:00,COMPLETED
ORD_007436,CUST_01759,2025-06-19 18:00:00,CANCELLED
ORD_007437,CUST_01574,2025-01-25 08:00:00,COMPLETED
ORD_007438,CUST_01695,2025-08-26 07:00:00,COMPLETED
ORD_007439,CUST_00921,2025-07-02 06:00:00,COMPLETED
ORD_007440,CUST_00069,2025-06-17 04:00:00,COMPLETED
ORD_007441,CUST_01013,2025-03-26 13:00:00,COMPLETED
ORD_007442,CUST_01002,2026-01-23 21:00:00,CANCELLED
ORD_007443,CUST_00015,2025-07-07 08:00:00,CANCELLED
ORD_007444,CUST_00659,2025-10-29 06:00:00,COMPLETED
ORD_007445,CUST_00631,2025-01-27 11:00:00,COMPLETED
ORD_007446,CUST_00401,2026-03-17 06:00:00,COMPLETED
ORD_007447,CUST_01102,2025-10-16 14:00:00,CANCELLED
ORD_007448,CUST_00005,2025-04-08 09:00:00,CANCELLED
ORD_007449,CUST_00392,2026-03-08 11:00:00,COMPLETED
ORD_007450,CUST_00784,2025-02-19 06:00:00,COMPLETED
ORD_007451,CUST_01238,2025-12-13 21:00:00,COMPLETED
ORD_007452,CUST_00955,2025-06-27 19:00:00,COMPLETED
ORD_007453,CUST_00875,2025-10-28 13:00:00,COMPLETED
ORD_007454,CUST_00434,2025-06-01 04:00:00,COMPLETED
ORD_007455,CUST_01239,2025-08-04 01:00:00,COMPLETED
ORD_007456,CUST_00742,2025-11-21 12:00:00,COMPLETED
ORD_007457,CUST_01539,2026-02-26 01:00:00,REFUNDED
ORD_007458,CUST_01482,2026-01-02 00:00:00,COMPLETED
ORD_007459,CUST_01948,2025-11-09 17:00:00,COMPLETED
ORD_007460,CUST_00699,2025-11-15 22:00:00,COMPLETED
ORD_007461,CUST_01596,2025-08-23 05:00:00,COMPLETED
ORD_007462,CUST_01705,2025-08-28 08:00:00,COMPLETED
ORD_007463,CUST_00818,2025-01-06 22:00:00,COMPLETED
ORD_007464,CUST_00831,2025-06-10 02:00:00,COMPLETED
ORD_007465,CUST_00364,2025-05-13 20:00:00,REFUNDED
ORD_007466,CUST_01559,2025-12-24 07:00:00,COMPLETED
ORD_007467,CUST_01070,2025-02-28 12:00:00,COMPLETED
ORD_007468,CUST_00636,2025-05-29 02:00:00,COMPLETED
ORD_007469,CUST_01096,2026-02-10 02:00:00,COMPLETED
ORD_007470,CUST_01106,2025-11-08 19:00:00,COMPLETED
ORD_007471,CUST_01563,2026-03-14 02:00:00,COMPLETED
ORD_007472,CUST_01656,2025-12-26 06:00:00,COMPLETED
ORD_007473,CUST_00367,2025-08-11 11:00:00,COMPLETED
ORD_007474,CUST_01731,2025-08-03 09:00:00,COMPLETED
ORD_007475,CUST_01042,2026-01-03 01:00:00,COMPLETED
ORD_007476,CUST_00668,2025-11-25 05:00:00,REFUNDED
ORD_007477,CUST_00900,2025-12-24 11:00:00,COMPLETED
ORD_007478,CUST_01755,2025-05-28 05:00:00,COMPLETED
ORD_007479,CUST_01114,2025-08-08 01:00:00,COMPLETED
ORD_007480,CUST_00312,2025-01-22 13:00:00,COMPLETED
ORD_007481,CUST_00578,2025-03-07 17:00:00,COMPLETED
ORD_007482,CUST_01921,2026-01-21 20:00:00,COMPLETED
ORD_007483,CUST_01148,2025-10-22 21:00:00,COMPLETED
ORD_007484,CUST_00621,2025-04-04 05:00:00,COMPLETED
ORD_007485,CUST_00446,2025-04-07 16:00:00,CANCELLED
ORD_007486,CUST_00207,2025-05-13 06:00:00,REFUNDED
ORD_007487,CUST_00483,2025-07-04 14:00:00,COMPLETED
ORD_007488,CUST_01742,2025-11-08 19:00:00,COMPLETED
ORD_007489,CUST_00853,2025-04-07 17:00:00,COMPLETED
ORD_007490,CUST_00385,2025-11-27 19:00:00,REFUNDED
ORD_007491,CUST_00071,2025-06-13 18:00:00,COMPLETED
ORD_007492,CUST_01915,2025-06-03 11:00:00,COMPLETED
ORD_007493,CUST_00744,2026-03-25 17:00:00,COMPLETED
ORD_007494,CUST_00432,2025-10-17 05:00:00,COMPLETED
ORD_007495,CUST_00816,2025-03-21 10:00:00,COMPLETED
ORD_007496,CUST_00522,2025-02-02 20:00:00,REFUNDED
ORD_007497,CUST_01843,2025-09-05 08:00:00,COMPLETED
ORD_007498,CUST_00409,2026-03-21 15:00:00,COMPLETED
ORD_007499,CUST_01721,2025-06-14 05:00:00,COMPLETED
ORD_007500,CUST_01557,2025-11-02 08:00:00,COMPLETED
ORD_007501,CUST_01526,2025-11-15 14:00:00,COMPLETED
ORD_007502,CUST_01858,2025-08-23 11:00:00,COMPLETED
ORD_007503,CUST_00847,2025-07-23 11:00:00,COMPLETED
ORD_007504,CUST_00324,2025-06-11 03:00:00,COMPLETED
ORD_007505,CUST_01072,2025-03-25 16:00:00,COMPLETED
ORD_007506,CUST_00852,2026-03-10 16:00:00,COMPLETED
ORD_007507,CUST_01334,2025-12-11 19:00:00,COMPLETED
ORD_007508,CUST_00092,2025-12-10 10:00:00,COMPLETED
ORD_007509,CUST_00799,2025-08-12 06:00:00,REFUNDED
ORD_007510,CUST_00962,2025-10-02 06:00:00,COMPLETED
ORD_007511,CUST_01992,2025-08-08 15:00:00,CANCELLED
ORD_007512,CUST_00700,2025-07-28 13:00:00,REFUNDED
ORD_007513,CUST_00712,2025-06-27 14:00:00,COMPLETED
ORD_007514,CUST_01570,2025-01-30 06:00:00,REFUNDED
ORD_007515,CUST_01471,2025-02-11 23:00:00,COMPLETED
ORD_007516,CUST_01507,2025-01-02 02:00:00,COMPLETED
ORD_007517,CUST_00655,2025-03-27 04:00:00,COMPLETED
ORD_007518,CUST_00201,2025-11-18 02:00:00,COMPLETED
ORD_007519,CUST_00007,2025-05-06 07:00:00,COMPLETED
ORD_007520,CUST_01887,2025-11-26 22:00:00,COMPLETED
ORD_007521,CUST_01515,2025-09-22 15:00:00,COMPLETED
ORD_007522,CUST_01339,2025-07-02 06:00:00,COMPLETED
ORD_007523,CUST_00884,2025-11-25 21:00:00,COMPLETED
ORD_007524,CUST_01801,2026-02-07 08:00:00,COMPLETED
ORD_007525,CUST_00262,2025-04-02 02:00:00,COMPLETED
ORD_007526,CUST_01955,2025-06-04 09:00:00,COMPLETED
ORD_007527,CUST_00588,2026-01-13 16:00:00,COMPLETED
ORD_007528,CUST_00358,2025-04-20 10:00:00,COMPLETED
ORD_007529,CUST_01377,2025-05-28 21:00:00,COMPLETED
ORD_007530,CUST_01607,2026-02-02 10:00:00,COMPLETED
ORD_007531,CUST_01067,2026-01-22 14:00:00,COMPLETED
ORD_007532,CUST_01230,2025-05-28 18:00:00,COMPLETED
ORD_007533,CUST_01005,2025-09-17 16:00:00,REFUNDED
ORD_007534,CUST_00130,2025-12-31 20:00:00,COMPLETED
ORD_007535,CUST_01257,2025-04-29 19:00:00,COMPLETED
ORD_007536,CUST_01824,2025-08-06 16:00:00,COMPLETED
ORD_007537,CUST_01612,2025-04-13 17:00:00,CANCELLED
ORD_007538,CUST_01058,2025-12-21 04:00:00,COMPLETED
ORD_007539,CUST_00303,2025-07-05 04:00:00,COMPLETED
ORD_007540,CUST_00686,2025-07-10 09:00:00,COMPLETED
ORD_007541,CUST_01008,2025-04-21 01:00:00,COMPLETED
ORD_007542,CUST_01513,2025-11-16 06:00:00,COMPLETED
ORD_007543,CUST_01569,2025-06-24 22:00:00,COMPLETED
ORD_007544,CUST_01259,2025-05-08 10:00:00,COMPLETED
ORD_007545,CUST_00093,2025-03-30 02:00:00,COMPLETED
ORD_007546,CUST_00043,2025-06-30 02:00:00,COMPLETED
ORD_007547,CUST_00577,2025-09-08 06:00:00,COMPLETED
ORD_007548,CUST_00229,2025-12-15 09:00:00,COMPLETED
ORD_007549,CUST_01586,2026-02-09 12:00:00,COMPLETED
ORD_007550,CUST_00172,2025-08-04 00:00:00,COMPLETED
ORD_007551,CUST_00119,2026-02-07 13:00:00,COMPLETED
ORD_007552,CUST_00934,2025-09-30 23:00:00,COMPLETED
ORD_007553,CUST_01900,2025-10-21 20:00:00,COMPLETED
ORD_007554,CUST_01526,2025-10-17 22:00:00,COMPLETED
ORD_007555,CUST_01160,2026-01-12 04:00:00,COMPLETED
ORD_007556,CUST_00234,2026-01-19 08:00:00,COMPLETED
ORD_007557,CUST_00758,2025-08-29 03:00:00,COMPLETED
ORD_007558,CUST_01046,2025-07-03 15:00:00,COMPLETED
ORD_007559,CUST_00238,2026-02-04 10:00:00,COMPLETED
ORD_007560,CUST_01534,2025-08-01 03:00:00,COMPLETED
ORD_007561,CUST_01645,2025-01-09 17:00:00,COMPLETED
ORD_007562,CUST_00172,2025-01-24 21:00:00,COMPLETED
ORD_007563,CUST_01271,2025-02-09 01:00:00,COMPLETED
ORD_007564,CUST_01260,2026-02-15 06:00:00,COMPLETED
ORD_007565,CUST_01939,2026-02-24 00:00:00,COMPLETED
ORD_007566,CUST_00179,2025-03-25 05:00:00,COMPLETED
ORD_007567,CUST_01296,2025-02-22 22:00:00,CANCELLED
ORD_007568,CUST_00034,2025-03-13 06:00:00,COMPLETED
ORD_007569,CUST_00551,2025-10-26 10:00:00,COMPLETED
ORD_007570,CUST_01328,2025-07-06 03:00:00,COMPLETED
ORD_007571,CUST_00713,2025-04-02 03:00:00,COMPLETED
ORD_007572,CUST_00085,2026-03-17 13:00:00,COMPLETED
ORD_007573,CUST_01744,2025-11-02 16:00:00,CANCELLED
ORD_007574,CUST_00624,2025-04-25 04:00:00,COMPLETED
ORD_007575,CUST_01104,2025-04-08 04:00:00,COMPLETED
ORD_007576,CUST_00068,2025-10-12 11:00:00,COMPLETED
ORD_007577,CUST_01282,2025-05-13 03:00:00,COMPLETED
ORD_007578,CUST_01175,2025-05-15 04:00:00,COMPLETED
ORD_007579,CUST_00261,2025-03-26 13:00:00,COMPLETED
ORD_007580,CUST_00956,2026-02-24 07:00:00,COMPLETED
ORD_007581,CUST_00813,2025-11-18 04:00:00,COMPLETED
ORD_007582,CUST_01784,2025-07-31 23:00:00,COMPLETED
ORD_007583,CUST_01246,2026-01-18 04:00:00,COMPLETED
ORD_007584,CUST_00075,2025-02-28 09:00:00,COMPLETED
ORD_007585,CUST_01302,2025-05-16 10:00:00,COMPLETED
ORD_007586,CUST_00621,2025-04-14 15:00:00,COMPLETED
ORD_007587,CUST_01580,2025-02-24 10:00:00,COMPLETED
ORD_007588,CUST_01248,2025-11-27 01:00:00,COMPLETED
ORD_007589,CUST_00665,2025-05-17 10:00:00,COMPLETED
ORD_007590,CUST_01299,2025-03-05 19:00:00,COMPLETED
ORD_007591,CUST_01479,2025-07-21 15:00:00,COMPLETED
ORD_007592,CUST_01705,2025-10-06 14:00:00,COMPLETED
ORD_007593,CUST_01299,2025-09-10 17:00:00,COMPLETED
ORD_007594,CUST_01013,2025-09-14 01:00:00,COMPLETED
ORD_007595,CUST_00082,2026-01-28 02:00:00,REFUNDED
ORD_007596,CUST_01356,2025-12-14 03:00:00,COMPLETED
ORD_007597,CUST_01578,2025-11-24 11:00:00,COMPLETED
ORD_007598,CUST_00788,2026-01-25 19:00:00,COMPLETED
ORD_007599,CUST_01125,2025-02-21 06:00:00,COMPLETED
ORD_007600,CUST_00807,2025-04-02 13:00:00,COMPLETED
ORD_007601,CUST_00975,2025-10-02 09:00:00,COMPLETED
ORD_007602,CUST_01742,2025-04-06 06:00:00,REFUNDED
ORD_007603,CUST_00609,2025-03-31 22:00:00,COMPLETED
ORD_007604,CUST_00651,2025-12-18 12:00:00,COMPLETED
ORD_007605,CUST_01020,2025-04-08 10:00:00,CANCELLED
ORD_007606,CUST_01488,2025-07-01 08:00:00,COMPLETED
ORD_007607,CUST_00970,2025-08-01 19:00:00,COMPLETED
ORD_007608,CUST_01048,2025-12-15 01:00:00,COMPLETED
ORD_007609,CUST_00442,2025-04-17 06:00:00,CANCELLED
ORD_007610,CUST_00699,2026-01-03 12:00:00,COMPLETED
ORD_007611,CUST_01565,2026-02-26 23:00:00,COMPLETED
ORD_007612,CUST_01546,2025-10-16 22:00:00,COMPLETED
ORD_007613,CUST_01743,2025-04-07 02:00:00,COMPLETED
ORD_007614,CUST_01336,2025-01-18 10:00:00,COMPLETED
ORD_007615,CUST_00522,2025-08-16 02:00:00,COMPLETED
ORD_007616,CUST_01294,2025-10-18 14:00:00,COMPLETED
ORD_007617,CUST_01744,2025-05-07 05:00:00,COMPLETED
ORD_007618,CUST_01226,2025-04-13 22:00:00,COMPLETED
ORD_007619,CUST_01660,2025-10-08 03:00:00,COMPLETED
ORD_007620,CUST_00814,2025-07-01 09:00:00,COMPLETED
ORD_007621,CUST_01405,2025-06-24 10:00:00,COMPLETED
ORD_007622,CUST_01343,2025-03-12 14:00:00,COMPLETED
ORD_007623,CUST_00071,2025-10-14 23:00:00,COMPLETED
ORD_007624,CUST_00082,2025-08-29 13:00:00,COMPLETED
ORD_007625,CUST_00070,2025-11-24 05:00:00,COMPLETED
ORD_007626,CUST_00714,2025-11-19 12:00:00,COMPLETED
ORD_007627,CUST_01184,2025-01-04 05:00:00,COMPLETED
ORD_007628,CUST_01897,2026-03-26 06:00:00,CANCELLED
ORD_007629,CUST_01098,2025-06-18 13:00:00,COMPLETED
ORD_007630,CUST_00547,2025-05-26 00:00:00,COMPLETED
ORD_007631,CUST_01946,2025-12-13 18:00:00,COMPLETED
ORD_007632,CUST_01805,2025-04-30 00:00:00,COMPLETED
ORD_007633,CUST_01101,2025-11-15 19:00:00,REFUNDED
ORD_007634,CUST_01522,2026-01-25 19:00:00,COMPLETED
ORD_007635,CUST_01599,2025-10-01 13:00:00,COMPLETED
ORD_007636,CUST_00835,2025-09-18 19:00:00,COMPLETED
ORD_007637,CUST_01264,2025-02-10 19:00:00,COMPLETED
ORD_007638,CUST_01685,2026-01-06 11:00:00,COMPLETED
ORD_007639,CUST_00209,2025-01-07 15:00:00,COMPLETED
ORD_007640,CUST_00021,2025-12-23 17:00:00,COMPLETED
ORD_007641,CUST_01151,2025-08-12 15:00:00,CANCELLED
ORD_007642,CUST_00219,2025-10-19 12:00:00,COMPLETED
ORD_007643,CUST_00876,2025-10-19 18:00:00,COMPLETED
ORD_007644,CUST_01130,2025-11-07 18:00:00,CANCELLED
ORD_007645,CUST_01004,2025-04-22 21:00:00,COMPLETED
ORD_007646,CUST_00896,2025-09-26 03:00:00,COMPLETED
ORD_007647,CUST_00148,2025-10-19 20:00:00,COMPLETED
ORD_007648,CUST_01650,2025-03-05 20:00:00,COMPLETED
ORD_007649,CUST_01905,2025-10-18 09:00:00,REFUNDED
ORD_007650,CUST_01003,2025-10-15 21:00:00,COMPLETED
ORD_007651,CUST_00232,2025-08-24 08:00:00,COMPLETED
ORD_007652,CUST_00796,2025-07-19 03:00:00,COMPLETED
ORD_007653,CUST_00813,2025-03-30 07:00:00,COMPLETED
ORD_007654,CUST_01067,2025-12-04 02:00:00,COMPLETED
ORD_007655,CUST_01122,2025-11-03 22:00:00,REFUNDED
ORD_007656,CUST_00446,2025-12-06 00:00:00,COMPLETED
ORD_007657,CUST_00036,2025-01-19 04:00:00,COMPLETED
ORD_007658,CUST_01716,2025-05-29 02:00:00,COMPLETED
ORD_007659,CUST_01092,2025-07-05 10:00:00,COMPLETED
ORD_007660,CUST_00760,2025-02-27 15:00:00,COMPLETED
ORD_007661,CUST_00218,2026-03-11 10:00:00,COMPLETED
ORD_007662,CUST_00362,2025-09-24 12:00:00,COMPLETED
ORD_007663,CUST_00192,2025-04-22 14:00:00,COMPLETED
ORD_007664,CUST_00110,2025-04-18 10:00:00,COMPLETED
ORD_007665,CUST_00763,2025-04-15 06:00:00,COMPLETED
ORD_007666,CUST_00652,2025-03-26 15:00:00,COMPLETED
ORD_007667,CUST_01855,2025-01-18 04:00:00,COMPLETED
ORD_007668,CUST_00771,2025-09-16 18:00:00,COMPLETED
ORD_007669,CUST_00307,2025-11-06 12:00:00,COMPLETED
ORD_007670,CUST_00879,2025-07-29 13:00:00,COMPLETED
ORD_007671,CUST_00224,2025-09-14 13:00:00,COMPLETED
ORD_007672,CUST_01733,2026-02-19 17:00:00,COMPLETED
ORD_007673,CUST_00439,2025-07-08 17:00:00,COMPLETED
ORD_007674,CUST_00217,2026-03-03 23:00:00,CANCELLED
ORD_007675,CUST_00883,2025-05-18 06:00:00,COMPLETED
ORD_007676,CUST_01188,2025-02-05 02:00:00,COMPLETED
ORD_007677,CUST_00905,2025-07-17 05:00:00,CANCELLED
ORD_007678,CUST_00345,2025-02-04 01:00:00,COMPLETED
ORD_007679,CUST_01734,2025-12-31 21:00:00,CANCELLED
ORD_007680,CUST_01574,2025-12-22 12:00:00,COMPLETED
ORD_007681,CUST_01889,2025-07-01 02:00:00,COMPLETED
ORD_007682,CUST_01169,2025-06-06 22:00:00,COMPLETED
ORD_007683,CUST_01856,2025-11-12 08:00:00,COMPLETED
ORD_007684,CUST_01584,2026-03-08 14:00:00,COMPLETED
ORD_007685,CUST_01278,2025-04-16 19:00:00,CANCELLED
ORD_007686,CUST_01884,2025-07-26 23:00:00,CANCELLED
ORD_007687,CUST_00977,2025-07-06 21:00:00,COMPLETED
ORD_007688,CUST_00728,2026-02-09 09:00:00,COMPLETED
ORD_007689,CUST_01111,2026-01-19 06:00:00,COMPLETED
ORD_007690,CUST_01262,2025-02-10 00:00:00,CANCELLED
ORD_007691,CUST_01296,2025-06-24 11:00:00,COMPLETED
ORD_007692,CUST_01234,2025-08-13 15:00:00,REFUNDED
ORD_007693,CUST_00903,2025-02-03 21:00:00,CANCELLED
ORD_007694,CUST_00933,2025-01-24 06:00:00,COMPLETED
ORD_007695,CUST_00464,2025-12-15 01:00:00,COMPLETED
ORD_007696,CUST_00441,2025-12-05 04:00:00,CANCELLED
ORD_007697,CUST_01517,2025-08-25 10:00:00,COMPLETED
ORD_007698,CUST_01549,2025-10-21 13:00:00,COMPLETED
ORD_007699,CUST_00189,2025-01-22 17:00:00,COMPLETED
ORD_007700,CUST_00849,2025-11-19 17:00:00,COMPLETED
ORD_007701,CUST_01788,2025-10-24 10:00:00,COMPLETED
ORD_007702,CUST_00345,2025-10-08 12:00:00,COMPLETED
ORD_007703,CUST_01876,2025-11-09 14:00:00,COMPLETED
ORD_007704,CUST_01654,2025-11-08 06:00:00,COMPLETED
ORD_007705,CUST_00531,2025-06-19 16:00:00,COMPLETED
ORD_007706,CUST_01817,2025-06-03 06:00:00,COMPLETED
ORD_007707,CUST_00505,2025-05-11 05:00:00,COMPLETED
ORD_007708,CUST_00176,2025-04-07 03:00:00,COMPLETED
ORD_007709,CUST_00835,2025-05-15 18:00:00,COMPLETED
ORD_007710,CUST_00074,2025-05-22 10:00:00,COMPLETED
ORD_007711,CUST_00530,2025-03-27 23:00:00,COMPLETED
ORD_007712,CUST_01533,2025-02-21 05:00:00,COMPLETED
ORD_007713,CUST_00740,2025-06-26 22:00:00,COMPLETED
ORD_007714,CUST_00861,2026-03-22 17:00:00,COMPLETED
ORD_007715,CUST_00568,2025-08-10 01:00:00,COMPLETED
ORD_007716,CUST_00691,2025-08-06 04:00:00,COMPLETED
ORD_007717,CUST_01320,2025-11-26 00:00:00,CANCELLED
ORD_007718,CUST_01480,2026-01-23 19:00:00,CANCELLED
ORD_007719,CUST_00287,2025-09-20 03:00:00,COMPLETED
ORD_007720,CUST_01806,2025-10-10 01:00:00,COMPLETED
ORD_007721,CUST_00829,2025-12-16 08:00:00,COMPLETED
ORD_007722,CUST_01193,2025-01-25 20:00:00,COMPLETED
ORD_007723,CUST_01457,2025-10-22 23:00:00,COMPLETED
ORD_007724,CUST_00739,2026-01-09 23:00:00,COMPLETED
ORD_007725,CUST_00173,2026-03-01 19:00:00,COMPLETED
ORD_007726,CUST_01347,2025-10-27 03:00:00,COMPLETED
ORD_007727,CUST_01147,2025-06-12 03:00:00,COMPLETED
ORD_007728,CUST_01767,2026-02-13 09:00:00,COMPLETED
ORD_007729,CUST_01671,2026-01-17 03:00:00,COMPLETED
ORD_007730,CUST_01865,2025-05-30 00:00:00,COMPLETED
ORD_007731,CUST_01636,2025-07-03 01:00:00,COMPLETED
ORD_007732,CUST_01116,2025-10-13 11:00:00,COMPLETED
ORD_007733,CUST_00509,2025-01-08 21:00:00,COMPLETED
ORD_007734,CUST_01012,2025-02-10 22:00:00,COMPLETED
ORD_007735,CUST_01657,2025-05-04 21:00:00,COMPLETED
ORD_007736,CUST_00271,2025-05-17 15:00:00,COMPLETED
ORD_007737,CUST_01206,2025-11-19 08:00:00,COMPLETED
ORD_007738,CUST_01622,2026-01-02 05:00:00,COMPLETED
ORD_007739,CUST_01616,2025-11-04 22:00:00,COMPLETED
ORD_007740,CUST_00889,2025-07-25 07:00:00,REFUNDED
ORD_007741,CUST_01189,2026-02-06 13:00:00,COMPLETED
ORD_007742,CUST_01862,2025-05-11 02:00:00,CANCELLED
ORD_007743,CUST_01472,2025-04-04 05:00:00,COMPLETED
ORD_007744,CUST_00625,2026-02-16 13:00:00,COMPLETED
ORD_007745,CUST_00348,2025-06-05 14:00:00,COMPLETED
ORD_007746,CUST_00951,2025-03-11 10:00:00,COMPLETED
ORD_007747,CUST_00834,2025-12-21 08:00:00,COMPLETED
ORD_007748,CUST_01411,2025-12-19 07:00:00,COMPLETED
ORD_007749,CUST_00972,2025-12-25 18:00:00,COMPLETED
ORD_007750,CUST_01320,2026-01-14 05:00:00,COMPLETED
ORD_007751,CUST_00243,2025-05-27 10:00:00,COMPLETED
ORD_007752,CUST_00874,2025-04-19 19:00:00,COMPLETED
ORD_007753,CUST_01690,2026-01-06 12:00:00,CANCELLED
ORD_007754,CUST_01788,2025-01-07 09:00:00,COMPLETED
ORD_007755,CUST_00007,2025-03-06 08:00:00,COMPLETED
ORD_007756,CUST_00341,2025-01-14 17:00:00,COMPLETED
ORD_007757,CUST_01388,2025-02-12 14:00:00,COMPLETED
ORD_007758,CUST_00381,2025-05-25 22:00:00,COMPLETED
ORD_007759,CUST_00383,2025-11-19 08:00:00,COMPLETED
ORD_007760,CUST_00310,2025-03-12 11:00:00,COMPLETED
ORD_007761,CUST_00707,2025-12-11 07:00:00,COMPLETED
ORD_007762,CUST_00771,2025-10-20 22:00:00,COMPLETED
ORD_007763,CUST_01114,2025-12-26 23:00:00,COMPLETED
ORD_007764,CUST_00287,2026-02-17 12:00:00,COMPLETED
ORD_007765,CUST_01890,2025-09-28 20:00:00,COMPLETED
ORD_007766,CUST_01440,2025-06-22 20:00:00,CANCELLED
ORD_007767,CUST_01663,2025-04-06 14:00:00,COMPLETED
ORD_007768,CUST_00416,2026-02-11 13:00:00,COMPLETED
ORD_007769,CUST_00512,2025-09-15 05:00:00,COMPLETED
ORD_007770,CUST_00246,2025-01-10 18:00:00,COMPLETED
ORD_007771,CUST_01376,2025-02-20 17:00:00,CANCELLED
ORD_007772,CUST_00690,2025-11-28 17:00:00,COMPLETED
ORD_007773,CUST_01685,2025-02-22 05:00:00,COMPLETED
ORD_007774,CUST_01152,2025-03-20 09:00:00,COMPLETED
ORD_007775,CUST_00704,2026-02-06 12:00:00,COMPLETED
ORD_007776,CUST_01860,2025-07-19 03:00:00,COMPLETED
ORD_007777,CUST_01742,2025-05-13 05:00:00,COMPLETED
ORD_007778,CUST_01257,2026-02-04 17:00:00,CANCELLED
ORD_007779,CUST_01546,2025-01-21 19:00:00,COMPLETED
ORD_007780,CUST_01733,2026-02-16 15:00:00,COMPLETED
ORD_007781,CUST_00679,2025-01-01 05:00:00,CANCELLED
ORD_007782,CUST_00736,2025-01-05 19:00:00,COMPLETED
ORD_007783,CUST_01806,2026-01-26 14:00:00,COMPLETED
ORD_007784,CUST_01007,2025-10-28 22:00:00,COMPLETED
ORD_007785,CUST_00124,2025-01-08 19:00:00,COMPLETED
ORD_007786,CUST_01810,2025-08-11 21:00:00,CANCELLED
ORD_007787,CUST_01295,2025-05-07 11:00:00,COMPLETED
ORD_007788,CUST_01052,2026-03-20 03:00:00,COMPLETED
ORD_007789,CUST_00344,2026-03-02 21:00:00,COMPLETED
ORD_007790,CUST_00027,2025-06-12 19:00:00,CANCELLED
ORD_007791,CUST_00313,2025-02-09 02:00:00,COMPLETED
ORD_007792,CUST_00144,2025-08-29 10:00:00,CANCELLED
ORD_007793,CUST_00783,2025-11-29 06:00:00,COMPLETED
ORD_007794,CUST_00412,2025-05-01 03:00:00,COMPLETED
ORD_007795,CUST_00066,2025-08-14 01:00:00,COMPLETED
ORD_007796,CUST_01328,2025-03-11 21:00:00,COMPLETED
ORD_007797,CUST_01314,2026-03-09 11:00:00,COMPLETED
ORD_007798,CUST_00424,2025-04-15 07:00:00,REFUNDED
ORD_007799,CUST_01059,2025-09-13 19:00:00,COMPLETED
ORD_007800,CUST_00211,2025-08-31 00:00:00,COMPLETED
ORD_007801,CUST_01567,2025-09-30 12:00:00,COMPLETED
ORD_007802,CUST_00303,2025-01-27 09:00:00,CANCELLED
ORD_007803,CUST_00940,2025-11-28 07:00:00,COMPLETED
ORD_007804,CUST_00903,2025-08-28 15:00:00,COMPLETED
ORD_007805,CUST_00488,2025-06-26 17:00:00,COMPLETED
ORD_007806,CUST_01757,2025-08-24 05:00:00,COMPLETED
ORD_007807,CUST_00251,2026-01-29 11:00:00,COMPLETED
ORD_007808,CUST_00895,2025-04-12 14:00:00,CANCELLED
ORD_007809,CUST_01443,2025-02-14 15:00:00,COMPLETED
ORD_007810,CUST_00878,2025-03-12 01:00:00,COMPLETED
ORD_007811,CUST_00869,2025-12-17 03:00:00,COMPLETED
ORD_007812,CUST_01229,2025-06-15 07:00:00,COMPLETED
ORD_007813,CUST_01824,2025-05-03 07:00:00,COMPLETED
ORD_007814,CUST_01587,2025-01-13 00:00:00,CANCELLED
ORD_007815,CUST_01720,2025-04-13 05:00:00,COMPLETED
ORD_007816,CUST_01162,2025-06-22 12:00:00,COMPLETED
ORD_007817,CUST_01690,2025-10-22 13:00:00,COMPLETED
ORD_007818,CUST_01525,2025-05-20 14:00:00,COMPLETED
ORD_007819,CUST_01075,2026-01-26 08:00:00,COMPLETED
ORD_007820,CUST_00893,2025-02-04 06:00:00,COMPLETED
ORD_007821,CUST_01413,2025-05-01 02:00:00,COMPLETED
ORD_007822,CUST_01506,2025-02-21 11:00:00,COMPLETED
ORD_007823,CUST_01168,2025-02-16 19:00:00,COMPLETED
ORD_007824,CUST_00303,2025-08-01 16:00:00,COMPLETED
ORD_007825,CUST_01151,2025-04-27 19:00:00,COMPLETED
ORD_007826,CUST_00537,2025-05-29 17:00:00,COMPLETED
ORD_007827,CUST_01222,2026-01-20 22:00:00,COMPLETED
ORD_007828,CUST_01575,2025-06-04 05:00:00,COMPLETED
ORD_007829,CUST_00403,2025-03-14 13:00:00,COMPLETED
ORD_007830,CUST_00978,2025-12-02 13:00:00,COMPLETED
ORD_007831,CUST_01275,2025-04-12 02:00:00,REFUNDED
ORD_007832,CUST_00990,2025-07-08 09:00:00,COMPLETED
ORD_007833,CUST_01977,2025-04-19 00:00:00,COMPLETED
ORD_007834,CUST_01659,2025-10-31 19:00:00,CANCELLED
ORD_007835,CUST_01501,2025-01-16 06:00:00,COMPLETED
ORD_007836,CUST_00807,2025-11-25 20:00:00,COMPLETED
ORD_007837,CUST_01010,2025-06-09 22:00:00,COMPLETED
ORD_007838,CUST_01419,2025-10-19 03:00:00,COMPLETED
ORD_007839,CUST_01208,2025-05-07 02:00:00,COMPLETED
ORD_007840,CUST_01754,2025-07-02 12:00:00,COMPLETED
ORD_007841,CUST_01820,2025-11-24 10:00:00,COMPLETED
ORD_007842,CUST_00661,2025-04-11 22:00:00,COMPLETED
ORD_007843,CUST_00809,2025-07-14 13:00:00,COMPLETED
ORD_007844,CUST_00846,2025-09-12 02:00:00,COMPLETED
ORD_007845,CUST_00879,2025-04-17 12:00:00,COMPLETED
ORD_007846,CUST_01003,2025-06-06 13:00:00,CANCELLED
ORD_007847,CUST_01527,2025-12-28 06:00:00,COMPLETED
ORD_007848,CUST_00064,2025-06-18 02:00:00,REFUNDED
ORD_007849,CUST_00152,2026-01-18 09:00:00,COMPLETED
ORD_007850,CUST_00247,2025-06-16 05:00:00,COMPLETED
ORD_007851,CUST_01427,2025-04-05 16:00:00,COMPLETED
ORD_007852,CUST_01555,2026-01-22 20:00:00,COMPLETED
ORD_007853,CUST_01749,2025-03-11 06:00:00,CANCELLED
ORD_007854,CUST_00968,2025-03-13 10:00:00,COMPLETED
ORD_007855,CUST_01194,2025-12-18 06:00:00,CANCELLED
ORD_007856,CUST_00684,2026-03-02 09:00:00,COMPLETED
ORD_007857,CUST_00605,2025-09-19 21:00:00,CANCELLED
ORD_007858,CUST_01831,2025-06-14 23:00:00,COMPLETED
ORD_007859,CUST_01110,2025-04-06 22:00:00,COMPLETED
ORD_007860,CUST_01069,2025-11-01 14:00:00,COMPLETED
ORD_007861,CUST_00379,2026-01-26 19:00:00,COMPLETED
ORD_007862,CUST_00204,2025-10-18 06:00:00,COMPLETED
ORD_007863,CUST_00638,2025-12-31 08:00:00,COMPLETED
ORD_007864,CUST_01946,2025-11-02 13:00:00,COMPLETED
ORD_007865,CUST_01883,2025-07-01 14:00:00,COMPLETED
ORD_007866,CUST_01457,2025-08-22 10:00:00,COMPLETED
ORD_007867,CUST_01025,2025-10-09 07:00:00,COMPLETED
ORD_007868,CUST_00211,2025-11-25 07:00:00,COMPLETED
ORD_007869,CUST_00806,2025-06-27 05:00:00,COMPLETED
ORD_007870,CUST_01082,2025-03-03 21:00:00,COMPLETED
ORD_007871,CUST_00023,2025-11-08 15:00:00,COMPLETED
ORD_007872,CUST_00500,2025-01-01 21:00:00,COMPLETED
ORD_007873,CUST_00271,2025-07-18 09:00:00,COMPLETED
ORD_007874,CUST_00117,2025-01-04 13:00:00,REFUNDED
ORD_007875,CUST_00239,2025-05-28 02:00:00,COMPLETED
ORD_007876,CUST_01194,2025-03-15 06:00:00,COMPLETED
ORD_007877,CUST_01002,2025-12-21 23:00:00,COMPLETED
ORD_007878,CUST_01674,2025-11-25 02:00:00,COMPLETED
ORD_007879,CUST_01476,2025-06-15 08:00:00,COMPLETED
ORD_007880,CUST_01230,2025-01-21 04:00:00,COMPLETED
ORD_007881,CUST_01747,2025-06-07 08:00:00,CANCELLED
ORD_007882,CUST_01911,2025-08-24 16:00:00,CANCELLED
ORD_007883,CUST_00144,2025-04-15 00:00:00,COMPLETED
ORD_007884,CUST_00708,2025-08-20 10:00:00,COMPLETED
ORD_007885,CUST_01550,2025-01-08 03:00:00,CANCELLED
ORD_007886,CUST_01337,2025-07-24 06:00:00,CANCELLED
ORD_007887,CUST_00482,2025-03-14 15:00:00,COMPLETED
ORD_007888,CUST_00969,2025-11-21 00:00:00,COMPLETED
ORD_007889,CUST_01819,2025-04-08 20:00:00,COMPLETED
ORD_007890,CUST_00719,2025-05-18 18:00:00,COMPLETED
ORD_007891,CUST_00493,2025-02-28 08:00:00,COMPLETED
ORD_007892,CUST_01619,2025-02-22 00:00:00,COMPLETED
ORD_007893,CUST_01721,2025-12-12 11:00:00,COMPLETED
ORD_007894,CUST_01160,2025-03-06 12:00:00,COMPLETED
ORD_007895,CUST_00169,2025-11-06 20:00:00,CANCELLED
ORD_007896,CUST_01348,2025-07-23 06:00:00,COMPLETED
ORD_007897,CUST_01550,2026-02-25 13:00:00,CANCELLED
ORD_007898,CUST_00025,2025-06-02 05:00:00,COMPLETED
ORD_007899,CUST_00841,2025-08-26 04:00:00,COMPLETED
ORD_007900,CUST_00367,2026-01-09 02:00:00,COMPLETED
ORD_007901,CUST_01432,2025-04-06 12:00:00,COMPLETED
ORD_007902,CUST_00707,2025-05-14 21:00:00,COMPLETED
ORD_007903,CUST_00580,2025-06-10 09:00:00,CANCELLED
ORD_007904,CUST_00076,2025-04-14 12:00:00,COMPLETED
ORD_007905,CUST_00283,2025-09-07 13:00:00,COMPLETED
ORD_007906,CUST_01826,2025-09-18 20:00:00,COMPLETED
ORD_007907,CUST_01307,2026-01-29 15:00:00,CANCELLED
ORD_007908,CUST_01620,2025-11-09 13:00:00,COMPLETED
ORD_007909,CUST_00622,2025-09-03 21:00:00,COMPLETED
ORD_007910,CUST_01904,2025-06-06 12:00:00,COMPLETED
ORD_007911,CUST_01105,2025-09-03 20:00:00,REFUNDED
ORD_007912,CUST_01211,2026-03-15 05:00:00,COMPLETED
ORD_007913,CUST_00290,2025-07-17 19:00:00,COMPLETED
ORD_007914,CUST_01848,2025-09-21 13:00:00,CANCELLED
ORD_007915,CUST_00674,2025-12-30 06:00:00,COMPLETED
ORD_007916,CUST_01277,2025-01-03 02:00:00,CANCELLED
ORD_007917,CUST_01101,2025-12-20 07:00:00,COMPLETED
ORD_007918,CUST_01393,2025-04-16 07:00:00,REFUNDED
ORD_007919,CUST_01738,2025-03-09 15:00:00,COMPLETED
ORD_007920,CUST_01788,2025-11-11 17:00:00,COMPLETED
ORD_007921,CUST_01924,2026-01-13 23:00:00,COMPLETED
ORD_007922,CUST_00199,2025-10-09 04:00:00,COMPLETED
ORD_007923,CUST_01585,2026-02-20 03:00:00,COMPLETED
ORD_007924,CUST_00490,2026-03-01 14:00:00,COMPLETED
ORD_007925,CUST_00087,2025-01-01 05:00:00,COMPLETED
ORD_007926,CUST_00832,2025-11-25 13:00:00,COMPLETED
ORD_007927,CUST_00131,2025-12-08 15:00:00,COMPLETED
ORD_007928,CUST_01059,2025-03-03 19:00:00,COMPLETED
ORD_007929,CUST_00067,2025-10-18 12:00:00,COMPLETED
ORD_007930,CUST_00647,2025-02-06 09:00:00,COMPLETED
ORD_007931,CUST_00961,2026-03-15 19:00:00,COMPLETED
ORD_007932,CUST_01228,2025-05-25 19:00:00,COMPLETED
ORD_007933,CUST_01164,2025-02-18 17:00:00,COMPLETED
ORD_007934,CUST_01847,2025-06-30 03:00:00,COMPLETED
ORD_007935,CUST_00036,2025-06-07 23:00:00,COMPLETED
ORD_007936,CUST_00272,2025-08-24 11:00:00,REFUNDED
ORD_007937,CUST_01231,2025-08-05 03:00:00,COMPLETED
ORD_007938,CUST_01047,2025-08-01 23:00:00,COMPLETED
ORD_007939,CUST_00075,2025-01-22 06:00:00,REFUNDED
ORD_007940,CUST_01998,2025-10-06 09:00:00,COMPLETED
ORD_007941,CUST_00956,2025-10-26 10:00:00,COMPLETED
ORD_007942,CUST_00708,2025-12-20 04:00:00,COMPLETED
ORD_007943,CUST_01735,2025-07-23 00:00:00,COMPLETED
ORD_007944,CUST_00846,2026-02-24 13:00:00,COMPLETED
ORD_007945,CUST_00792,2025-09-21 05:00:00,COMPLETED
ORD_007946,CUST_01866,2026-03-07 05:00:00,COMPLETED
ORD_007947,CUST_00100,2025-09-14 14:00:00,COMPLETED
ORD_007948,CUST_01067,2025-10-17 10:00:00,COMPLETED
ORD_007949,CUST_00838,2025-12-30 12:00:00,COMPLETED
ORD_007950,CUST_00186,2025-02-06 09:00:00,COMPLETED
ORD_007951,CUST_00783,2026-02-03 02:00:00,COMPLETED
ORD_007952,CUST_01860,2026-01-21 00:00:00,CANCELLED
ORD_007953,CUST_01348,2025-10-17 12:00:00,COMPLETED
ORD_007954,CUST_00328,2025-07-15 02:00:00,COMPLETED
ORD_007955,CUST_00582,2025-12-11 11:00:00,REFUNDED
ORD_007956,CUST_00886,2025-11-11 05:00:00,COMPLETED
ORD_007957,CUST_00453,2025-11-14 06:00:00,COMPLETED
ORD_007958,CUST_01972,2025-03-22 23:00:00,COMPLETED
ORD_007959,CUST_00108,2025-06-22 14:00:00,COMPLETED
ORD_007960,CUST_01372,2025-09-28 19:00:00,COMPLETED
ORD_007961,CUST_00907,2025-01-24 17:00:00,REFUNDED
ORD_007962,CUST_01848,2025-09-16 10:00:00,COMPLETED
ORD_007963,CUST_01509,2026-02-12 01:00:00,COMPLETED
ORD_007964,CUST_01158,2025-08-05 18:00:00,COMPLETED
ORD_007965,CUST_00391,2025-01-08 06:00:00,COMPLETED
ORD_007966,CUST_00021,2025-01-29 22:00:00,COMPLETED
ORD_007967,CUST_01788,2026-03-26 07:00:00,COMPLETED
ORD_007968,CUST_00311,2025-05-27 23:00:00,COMPLETED
ORD_007969,CUST_01827,2026-01-19 15:00:00,COMPLETED
ORD_007970,CUST_00683,2026-01-13 23:00:00,COMPLETED
ORD_007971,CUST_01581,2026-01-25 23:00:00,COMPLETED
ORD_007972,CUST_01330,2025-02-06 02:00:00,COMPLETED
ORD_007973,CUST_00355,2025-04-05 01:00:00,COMPLETED
ORD_007974,CUST_01593,2025-03-12 15:00:00,COMPLETED
ORD_007975,CUST_00965,2025-04-19 00:00:00,COMPLETED
ORD_007976,CUST_01265,2026-03-02 20:00:00,COMPLETED
ORD_007977,CUST_01970,2025-03-13 07:00:00,COMPLETED
ORD_007978,CUST_01872,2026-03-24 16:00:00,COMPLETED
ORD_007979,CUST_00985,2025-11-17 11:00:00,COMPLETED
ORD_007980,CUST_01028,2025-11-23 18:00:00,CANCELLED
ORD_007981,CUST_00653,2026-03-03 10:00:00,COMPLETED
ORD_007982,CUST_01307,2025-12-26 03:00:00,COMPLETED
ORD_007983,CUST_01248,2025-12-22 21:00:00,CANCELLED
ORD_007984,CUST_01433,2025-03-13 18:00:00,COMPLETED
ORD_007985,CUST_01687,2025-11-17 04:00:00,COMPLETED
ORD_007986,CUST_01233,2025-01-19 14:00:00,COMPLETED
ORD_007987,CUST_00127,2025-03-20 04:00:00,COMPLETED
ORD_007988,CUST_00337,2025-04-11 01:00:00,COMPLETED
ORD_007989,CUST_00457,2026-02-09 06:00:00,COMPLETED
ORD_007990,CUST_00235,2025-05-05 11:00:00,COMPLETED
ORD_007991,CUST_00661,2026-01-12 17:00:00,COMPLETED
ORD_007992,CUST_00349,2025-03-18 07:00:00,COMPLETED
ORD_007993,CUST_01193,2025-04-25 18:00:00,REFUNDED
ORD_007994,CUST_01653,2025-10-04 19:00:00,COMPLETED
ORD_007995,CUST_00346,2025-12-12 11:00:00,COMPLETED
ORD_007996,CUST_01150,2025-02-04 03:00:00,COMPLETED
ORD_007997,CUST_01342,2025-12-24 03:00:00,COMPLETED
ORD_007998,CUST_00350,2025-05-04 20:00:00,COMPLETED
ORD_007999,CUST_01542,2026-01-27 19:00:00,COMPLETED
ORD_008000,CUST_00512,2025-10-26 15:00:00,COMPLETED
ORD_008001,CUST_00225,2026-01-26 23:00:00,COMPLETED
ORD_008002,CUST_01186,2025-08-29 07:00:00,COMPLETED
ORD_008003,CUST_01707,2025-10-05 21:00:00,COMPLETED
ORD_008004,CUST_00498,2025-08-23 19:00:00,COMPLETED
ORD_008005,CUST_01368,2025-03-22 14:00:00,COMPLETED
ORD_008006,CUST_01692,2025-10-10 14:00:00,COMPLETED
ORD_008007,CUST_00592,2025-07-19 14:00:00,COMPLETED
ORD_008008,CUST_01542,2025-10-01 05:00:00,COMPLETED
ORD_008009,CUST_00736,2025-05-06 12:00:00,COMPLETED
ORD_008010,CUST_00470,2025-01-04 20:00:00,COMPLETED
ORD_008011,CUST_00171,2025-10-10 22:00:00,COMPLETED
ORD_008012,CUST_01075,2025-05-31 05:00:00,COMPLETED
ORD_008013,CUST_01575,2025-03-08 18:00:00,COMPLETED
ORD_008014,CUST_00723,2026-01-30 12:00:00,COMPLETED
ORD_008015,CUST_00537,2026-02-19 13:00:00,COMPLETED
ORD_008016,CUST_01093,2025-06-18 03:00:00,COMPLETED
ORD_008017,CUST_00115,2025-06-05 08:00:00,COMPLETED
ORD_008018,CUST_01628,2025-12-18 08:00:00,COMPLETED
ORD_008019,CUST_01663,2026-02-12 16:00:00,COMPLETED
ORD_008020,CUST_01148,2025-07-12 10:00:00,COMPLETED
ORD_008021,CUST_01473,2025-08-24 08:00:00,COMPLETED
ORD_008022,CUST_00540,2025-04-12 00:00:00,COMPLETED
ORD_008023,CUST_00858,2025-07-26 04:00:00,COMPLETED
ORD_008024,CUST_00800,2026-02-24 00:00:00,COMPLETED
ORD_008025,CUST_01974,2025-07-15 16:00:00,COMPLETED
ORD_008026,CUST_01672,2025-02-03 09:00:00,COMPLETED
ORD_008027,CUST_00485,2025-12-13 21:00:00,REFUNDED
ORD_008028,CUST_01685,2026-03-09 17:00:00,COMPLETED
ORD_008029,CUST_00719,2025-11-22 09:00:00,COMPLETED
ORD_008030,CUST_01278,2026-02-19 18:00:00,COMPLETED
ORD_008031,CUST_00732,2025-11-11 20:00:00,COMPLETED
ORD_008032,CUST_00035,2025-03-05 18:00:00,COMPLETED
ORD_008033,CUST_01664,2025-09-16 22:00:00,COMPLETED
ORD_008034,CUST_00673,2025-08-13 04:00:00,COMPLETED
ORD_008035,CUST_00489,2025-01-26 05:00:00,COMPLETED
ORD_008036,CUST_00986,2026-03-08 18:00:00,COMPLETED
ORD_008037,CUST_00078,2025-09-21 02:00:00,COMPLETED
ORD_008038,CUST_01750,2025-02-02 06:00:00,COMPLETED
ORD_008039,CUST_01000,2025-01-06 00:00:00,COMPLETED
ORD_008040,CUST_00930,2025-09-23 08:00:00,CANCELLED
ORD_008041,CUST_00063,2025-05-02 20:00:00,CANCELLED
ORD_008042,CUST_01163,2025-04-22 18:00:00,COMPLETED
ORD_008043,CUST_01464,2025-03-03 09:00:00,COMPLETED
ORD_008044,CUST_00232,2025-02-13 18:00:00,COMPLETED
ORD_008045,CUST_01580,2025-12-28 17:00:00,COMPLETED
ORD_008046,CUST_00190,2025-03-01 02:00:00,COMPLETED
ORD_008047,CUST_01758,2025-12-25 20:00:00,COMPLETED
ORD_008048,CUST_01588,2025-08-13 18:00:00,COMPLETED
ORD_008049,CUST_01532,2025-07-30 07:00:00,COMPLETED
ORD_008050,CUST_01983,2025-04-10 00:00:00,COMPLETED
ORD_008051,CUST_01414,2025-11-17 10:00:00,COMPLETED
ORD_008052,CUST_00005,2025-01-01 14:00:00,COMPLETED
ORD_008053,CUST_00386,2026-01-21 08:00:00,COMPLETED
ORD_008054,CUST_00473,2025-10-20 10:00:00,COMPLETED
ORD_008055,CUST_01613,2025-01-28 09:00:00,COMPLETED
ORD_008056,CUST_00750,2025-05-25 07:00:00,COMPLETED
ORD_008057,CUST_00842,2026-03-10 05:00:00,COMPLETED
ORD_008058,CUST_00842,2025-08-14 03:00:00,COMPLETED
ORD_008059,CUST_00037,2026-02-27 18:00:00,COMPLETED
ORD_008060,CUST_00098,2025-03-27 18:00:00,COMPLETED
ORD_008061,CUST_00625,2025-10-13 20:00:00,COMPLETED
ORD_008062,CUST_00062,2025-01-04 04:00:00,CANCELLED
ORD_008063,CUST_01774,2025-12-28 16:00:00,COMPLETED
ORD_008064,CUST_01355,2025-05-24 20:00:00,CANCELLED
ORD_008065,CUST_01978,2025-05-16 03:00:00,COMPLETED
ORD_008066,CUST_01838,2026-02-12 13:00:00,REFUNDED
ORD_008067,CUST_00654,2025-02-14 21:00:00,COMPLETED
ORD_008068,CUST_00015,2025-07-13 18:00:00,COMPLETED
ORD_008069,CUST_01872,2025-04-20 21:00:00,CANCELLED
ORD_008070,CUST_00333,2025-07-29 05:00:00,REFUNDED
ORD_008071,CUST_00349,2025-05-20 01:00:00,COMPLETED
ORD_008072,CUST_01944,2025-09-24 23:00:00,CANCELLED
ORD_008073,CUST_00110,2025-09-27 10:00:00,COMPLETED
ORD_008074,CUST_01135,2026-03-19 03:00:00,COMPLETED
ORD_008075,CUST_00155,2025-12-02 20:00:00,COMPLETED
ORD_008076,CUST_00776,2025-08-08 07:00:00,COMPLETED
ORD_008077,CUST_00553,2025-03-09 07:00:00,COMPLETED
ORD_008078,CUST_01522,2025-09-17 03:00:00,CANCELLED
ORD_008079,CUST_00798,2025-04-11 15:00:00,COMPLETED
ORD_008080,CUST_01874,2025-01-08 23:00:00,COMPLETED
ORD_008081,CUST_00463,2025-06-13 15:00:00,COMPLETED
ORD_008082,CUST_00759,2025-12-31 21:00:00,COMPLETED
ORD_008083,CUST_00586,2025-05-31 02:00:00,COMPLETED
ORD_008084,CUST_01809,2025-01-20 07:00:00,CANCELLED
ORD_008085,CUST_01907,2025-09-01 13:00:00,COMPLETED
ORD_008086,CUST_00381,2025-03-23 05:00:00,COMPLETED
ORD_008087,CUST_00016,2025-08-01 23:00:00,CANCELLED
ORD_008088,CUST_00951,2025-06-21 19:00:00,COMPLETED
ORD_008089,CUST_01383,2025-05-18 03:00:00,COMPLETED
ORD_008090,CUST_00243,2026-01-03 10:00:00,COMPLETED
ORD_008091,CUST_01588,2025-03-07 11:00:00,COMPLETED
ORD_008092,CUST_00591,2026-03-26 17:00:00,COMPLETED
ORD_008093,CUST_00931,2025-04-18 16:00:00,COMPLETED
ORD_008094,CUST_01477,2025-06-29 02:00:00,COMPLETED
ORD_008095,CUST_00093,2026-02-15 13:00:00,COMPLETED
ORD_008096,CUST_01525,2025-04-30 10:00:00,CANCELLED
ORD_008097,CUST_01208,2025-09-10 16:00:00,REFUNDED
ORD_008098,CUST_01274,2025-02-07 03:00:00,COMPLETED
ORD_008099,CUST_00724,2025-07-30 09:00:00,COMPLETED
ORD_008100,CUST_01109,2026-02-08 08:00:00,REFUNDED
ORD_008101,CUST_01197,2026-01-01 13:00:00,CANCELLED
ORD_008102,CUST_01420,2025-07-30 16:00:00,COMPLETED
ORD_008103,CUST_00012,2025-05-21 15:00:00,CANCELLED
ORD_008104,CUST_01661,2025-02-24 06:00:00,COMPLETED
ORD_008105,CUST_01628,2025-03-29 21:00:00,COMPLETED
ORD_008106,CUST_00827,2025-11-14 01:00:00,COMPLETED
ORD_008107,CUST_00882,2026-02-10 03:00:00,CANCELLED
ORD_008108,CUST_01618,2026-02-02 01:00:00,COMPLETED
ORD_008109,CUST_01276,2025-04-02 19:00:00,COMPLETED
ORD_008110,CUST_00315,2025-11-29 03:00:00,COMPLETED
ORD_008111,CUST_00835,2025-06-23 16:00:00,COMPLETED
ORD_008112,CUST_00452,2026-01-31 21:00:00,COMPLETED
ORD_008113,CUST_01197,2026-03-18 10:00:00,COMPLETED
ORD_008114,CUST_00175,2025-12-17 03:00:00,COMPLETED
ORD_008115,CUST_01600,2026-03-06 03:00:00,COMPLETED
ORD_008116,CUST_00478,2025-10-10 11:00:00,COMPLETED
ORD_008117,CUST_00365,2025-09-27 02:00:00,CANCELLED
ORD_008118,CUST_00219,2025-03-03 01:00:00,COMPLETED
ORD_008119,CUST_01305,2025-02-18 09:00:00,COMPLETED
ORD_008120,CUST_00057,2025-07-16 01:00:00,COMPLETED
ORD_008121,CUST_01410,2025-03-09 06:00:00,COMPLETED
ORD_008122,CUST_01613,2026-01-28 23:00:00,COMPLETED
ORD_008123,CUST_01946,2025-07-09 07:00:00,REFUNDED
ORD_008124,CUST_01567,2025-06-22 20:00:00,REFUNDED
ORD_008125,CUST_00753,2026-02-07 18:00:00,COMPLETED
ORD_008126,CUST_01989,2025-07-23 16:00:00,COMPLETED
ORD_008127,CUST_00109,2025-03-25 16:00:00,COMPLETED
ORD_008128,CUST_00829,2025-10-31 00:00:00,COMPLETED
ORD_008129,CUST_01485,2025-02-19 08:00:00,COMPLETED
ORD_008130,CUST_00044,2025-01-25 17:00:00,CANCELLED
ORD_008131,CUST_00590,2025-02-28 04:00:00,COMPLETED
ORD_008132,CUST_00336,2025-12-21 07:00:00,COMPLETED
ORD_008133,CUST_00387,2025-06-22 13:00:00,COMPLETED
ORD_008134,CUST_01768,2025-04-27 02:00:00,COMPLETED
ORD_008135,CUST_00881,2025-07-24 15:00:00,REFUNDED
ORD_008136,CUST_00576,2026-02-23 12:00:00,REFUNDED
ORD_008137,CUST_01329,2025-07-22 01:00:00,COMPLETED
ORD_008138,CUST_01160,2025-03-15 14:00:00,CANCELLED
ORD_008139,CUST_00735,2025-02-18 12:00:00,COMPLETED
ORD_008140,CUST_00171,2025-10-15 18:00:00,CANCELLED
ORD_008141,CUST_00675,2025-04-03 14:00:00,COMPLETED
ORD_008142,CUST_00303,2025-09-28 20:00:00,COMPLETED
ORD_008143,CUST_01427,2025-10-12 17:00:00,COMPLETED
ORD_008144,CUST_01728,2025-05-21 14:00:00,CANCELLED
ORD_008145,CUST_01249,2025-09-20 21:00:00,COMPLETED
ORD_008146,CUST_01237,2026-02-09 14:00:00,CANCELLED
ORD_008147,CUST_01672,2025-02-15 17:00:00,COMPLETED
ORD_008148,CUST_01389,2025-02-09 19:00:00,COMPLETED
ORD_008149,CUST_01356,2025-04-12 17:00:00,COMPLETED
ORD_008150,CUST_00696,2025-04-28 09:00:00,COMPLETED
ORD_008151,CUST_00788,2025-09-13 21:00:00,CANCELLED
ORD_008152,CUST_00245,2025-08-16 23:00:00,COMPLETED
ORD_008153,CUST_01054,2025-01-24 11:00:00,COMPLETED
ORD_008154,CUST_01888,2025-02-15 00:00:00,COMPLETED
ORD_008155,CUST_01046,2025-11-28 23:00:00,COMPLETED
ORD_008156,CUST_01407,2026-01-02 08:00:00,COMPLETED
ORD_008157,CUST_01688,2025-08-31 07:00:00,COMPLETED
ORD_008158,CUST_01049,2025-01-01 20:00:00,COMPLETED
ORD_008159,CUST_01615,2025-10-12 00:00:00,COMPLETED
ORD_008160,CUST_00231,2025-04-05 16:00:00,COMPLETED
ORD_008161,CUST_01632,2025-03-26 03:00:00,COMPLETED
ORD_008162,CUST_01108,2025-04-21 03:00:00,COMPLETED
ORD_008163,CUST_00499,2025-12-27 02:00:00,COMPLETED
ORD_008164,CUST_00955,2025-12-23 09:00:00,COMPLETED
ORD_008165,CUST_00212,2026-03-06 16:00:00,COMPLETED
ORD_008166,CUST_01732,2025-03-30 09:00:00,COMPLETED
ORD_008167,CUST_00227,2025-11-19 02:00:00,COMPLETED
ORD_008168,CUST_00134,2026-03-02 23:00:00,COMPLETED
ORD_008169,CUST_00325,2025-06-04 23:00:00,REFUNDED
ORD_008170,CUST_00527,2025-04-30 00:00:00,COMPLETED
ORD_008171,CUST_00315,2025-05-21 09:00:00,COMPLETED
ORD_008172,CUST_01404,2025-06-08 12:00:00,COMPLETED
ORD_008173,CUST_01002,2025-10-18 14:00:00,COMPLETED
ORD_008174,CUST_01989,2025-09-30 20:00:00,COMPLETED
ORD_008175,CUST_01774,2025-10-29 09:00:00,COMPLETED
ORD_008176,CUST_01933,2025-03-17 10:00:00,COMPLETED
ORD_008177,CUST_00880,2025-10-16 13:00:00,COMPLETED
ORD_008178,CUST_00149,2025-04-24 09:00:00,COMPLETED
ORD_008179,CUST_01346,2025-10-24 00:00:00,COMPLETED
ORD_008180,CUST_00408,2026-01-25 00:00:00,COMPLETED
ORD_008181,CUST_00149,2025-02-16 18:00:00,COMPLETED
ORD_008182,CUST_01483,2025-08-20 13:00:00,COMPLETED
ORD_008183,CUST_01792,2025-09-27 23:00:00,COMPLETED
ORD_008184,CUST_01770,2026-01-09 19:00:00,COMPLETED
ORD_008185,CUST_00528,2025-04-26 07:00:00,COMPLETED
ORD_008186,CUST_01147,2025-05-22 11:00:00,COMPLETED
ORD_008187,CUST_01845,2025-01-04 01:00:00,COMPLETED
ORD_008188,CUST_01365,2025-05-13 03:00:00,COMPLETED
ORD_008189,CUST_00805,2025-11-13 11:00:00,COMPLETED
ORD_008190,CUST_00643,2025-02-15 21:00:00,COMPLETED
ORD_008191,CUST_01810,2025-02-14 06:00:00,COMPLETED
ORD_008192,CUST_00635,2025-11-19 01:00:00,COMPLETED
ORD_008193,CUST_00108,2025-04-20 00:00:00,COMPLETED
ORD_008194,CUST_00704,2025-08-15 12:00:00,COMPLETED
ORD_008195,CUST_01481,2026-03-16 12:00:00,COMPLETED
ORD_008196,CUST_00010,2025-02-06 15:00:00,COMPLETED
ORD_008197,CUST_00509,2025-01-03 12:00:00,COMPLETED
ORD_008198,CUST_01786,2025-12-26 03:00:00,COMPLETED
ORD_008199,CUST_01300,2025-07-18 21:00:00,COMPLETED
ORD_008200,CUST_01591,2026-01-06 12:00:00,COMPLETED
ORD_008201,CUST_01867,2025-10-12 23:00:00,REFUNDED
ORD_008202,CUST_00807,2025-05-18 13:00:00,COMPLETED
ORD_008203,CUST_01813,2025-06-09 22:00:00,COMPLETED
ORD_008204,CUST_00924,2025-10-03 21:00:00,COMPLETED
ORD_008205,CUST_00774,2025-03-11 20:00:00,COMPLETED
ORD_008206,CUST_00413,2025-01-16 19:00:00,COMPLETED
ORD_008207,CUST_01754,2025-09-25 15:00:00,COMPLETED
ORD_008208,CUST_00227,2025-03-06 16:00:00,COMPLETED
ORD_008209,CUST_01345,2025-06-08 16:00:00,COMPLETED
ORD_008210,CUST_00904,2026-03-03 02:00:00,CANCELLED
ORD_008211,CUST_01065,2025-09-20 03:00:00,COMPLETED
ORD_008212,CUST_01715,2025-10-01 12:00:00,COMPLETED
ORD_008213,CUST_01330,2025-10-21 12:00:00,COMPLETED
ORD_008214,CUST_01045,2025-11-06 04:00:00,COMPLETED
ORD_008215,CUST_01657,2025-04-26 08:00:00,COMPLETED
ORD_008216,CUST_00176,2025-05-11 08:00:00,COMPLETED
ORD_008217,CUST_00325,2025-01-29 10:00:00,COMPLETED
ORD_008218,CUST_01876,2025-07-09 14:00:00,COMPLETED
ORD_008219,CUST_01930,2025-03-14 09:00:00,COMPLETED
ORD_008220,CUST_00941,2025-09-13 14:00:00,COMPLETED
ORD_008221,CUST_00762,2025-03-29 02:00:00,COMPLETED
ORD_008222,CUST_01911,2026-02-09 07:00:00,COMPLETED
ORD_008223,CUST_00844,2026-02-04 18:00:00,COMPLETED
ORD_008224,CUST_00025,2025-07-29 06:00:00,COMPLETED
ORD_008225,CUST_00128,2025-11-29 12:00:00,COMPLETED
ORD_008226,CUST_00128,2025-03-20 00:00:00,COMPLETED
ORD_008227,CUST_01550,2025-12-29 18:00:00,COMPLETED
ORD_008228,CUST_01300,2025-02-08 13:00:00,COMPLETED
ORD_008229,CUST_01472,2025-01-04 21:00:00,COMPLETED
ORD_008230,CUST_00635,2025-05-20 18:00:00,COMPLETED
ORD_008231,CUST_01712,2025-12-13 09:00:00,COMPLETED
ORD_008232,CUST_01563,2025-02-26 15:00:00,COMPLETED
ORD_008233,CUST_01446,2026-01-12 22:00:00,REFUNDED
ORD_008234,CUST_01420,2025-03-22 06:00:00,COMPLETED
ORD_008235,CUST_01747,2025-02-04 19:00:00,COMPLETED
ORD_008236,CUST_01106,2025-01-15 02:00:00,COMPLETED
ORD_008237,CUST_01919,2025-08-13 01:00:00,COMPLETED
ORD_008238,CUST_01704,2025-12-24 12:00:00,REFUNDED
ORD_008239,CUST_00151,2025-08-05 16:00:00,COMPLETED
ORD_008240,CUST_00843,2025-07-12 07:00:00,COMPLETED
ORD_008241,CUST_00561,2026-02-23 14:00:00,COMPLETED
ORD_008242,CUST_00543,2025-03-10 03:00:00,COMPLETED
ORD_008243,CUST_01377,2025-12-24 17:00:00,COMPLETED
ORD_008244,CUST_00606,2026-02-11 11:00:00,COMPLETED
ORD_008245,CUST_01322,2026-02-07 17:00:00,COMPLETED
ORD_008246,CUST_01974,2025-10-22 06:00:00,CANCELLED
ORD_008247,CUST_00140,2026-03-08 11:00:00,COMPLETED
ORD_008248,CUST_00245,2025-09-20 08:00:00,COMPLETED
ORD_008249,CUST_01758,2026-01-08 23:00:00,COMPLETED
ORD_008250,CUST_00947,2026-01-20 20:00:00,COMPLETED
ORD_008251,CUST_01756,2025-01-27 09:00:00,COMPLETED
ORD_008252,CUST_01318,2025-09-04 01:00:00,COMPLETED
ORD_008253,CUST_01886,2026-02-03 11:00:00,CANCELLED
ORD_008254,CUST_00289,2025-12-22 14:00:00,COMPLETED
ORD_008255,CUST_01820,2025-02-15 05:00:00,REFUNDED
ORD_008256,CUST_01057,2026-03-02 13:00:00,COMPLETED
ORD_008257,CUST_00254,2025-06-12 12:00:00,COMPLETED
ORD_008258,CUST_01905,2025-06-27 12:00:00,COMPLETED
ORD_008259,CUST_00125,2026-03-15 22:00:00,COMPLETED
ORD_008260,CUST_00851,2025-05-23 03:00:00,COMPLETED
ORD_008261,CUST_01986,2025-12-15 13:00:00,COMPLETED
ORD_008262,CUST_00588,2025-06-11 12:00:00,COMPLETED
ORD_008263,CUST_01485,2025-07-19 13:00:00,COMPLETED
ORD_008264,CUST_01594,2025-08-23 03:00:00,CANCELLED
ORD_008265,CUST_00846,2025-06-21 14:00:00,COMPLETED
ORD_008266,CUST_01023,2026-01-31 03:00:00,CANCELLED
ORD_008267,CUST_00801,2025-02-12 03:00:00,COMPLETED
ORD_008268,CUST_00449,2025-03-13 01:00:00,COMPLETED
ORD_008269,CUST_01614,2025-09-11 00:00:00,COMPLETED
ORD_008270,CUST_01883,2025-02-23 16:00:00,COMPLETED
ORD_008271,CUST_01618,2025-12-19 21:00:00,COMPLETED
ORD_008272,CUST_00196,2025-01-10 22:00:00,COMPLETED
ORD_008273,CUST_01404,2025-06-22 20:00:00,COMPLETED
ORD_008274,CUST_01227,2025-09-27 18:00:00,COMPLETED
ORD_008275,CUST_00477,2025-04-09 11:00:00,COMPLETED
ORD_008276,CUST_01839,2025-10-19 13:00:00,COMPLETED
ORD_008277,CUST_00846,2025-09-09 20:00:00,CANCELLED
ORD_008278,CUST_00638,2025-10-29 05:00:00,REFUNDED
ORD_008279,CUST_00130,2026-02-16 13:00:00,COMPLETED
ORD_008280,CUST_01508,2025-04-04 11:00:00,COMPLETED
ORD_008281,CUST_00574,2026-01-05 10:00:00,COMPLETED
ORD_008282,CUST_00515,2025-03-12 11:00:00,COMPLETED
ORD_008283,CUST_00377,2025-08-24 13:00:00,COMPLETED
ORD_008284,CUST_01851,2025-02-10 11:00:00,COMPLETED
ORD_008285,CUST_00198,2025-01-15 22:00:00,CANCELLED
ORD_008286,CUST_00867,2025-12-31 07:00:00,CANCELLED
ORD_008287,CUST_01733,2025-04-07 11:00:00,COMPLETED
ORD_008288,CUST_01161,2026-03-23 19:00:00,COMPLETED
ORD_008289,CUST_00629,2026-02-13 20:00:00,COMPLETED
ORD_008290,CUST_00861,2025-09-20 20:00:00,COMPLETED
ORD_008291,CUST_01559,2025-05-13 17:00:00,COMPLETED
ORD_008292,CUST_01292,2025-01-25 16:00:00,COMPLETED
ORD_008293,CUST_00576,2025-08-02 02:00:00,COMPLETED
ORD_008294,CUST_00193,2025-09-16 13:00:00,COMPLETED
ORD_008295,CUST_01764,2025-12-11 21:00:00,COMPLETED
ORD_008296,CUST_00952,2025-12-20 20:00:00,COMPLETED
ORD_008297,CUST_01999,2025-09-22 23:00:00,COMPLETED
ORD_008298,CUST_01307,2025-04-08 00:00:00,COMPLETED
ORD_008299,CUST_01863,2026-02-24 08:00:00,COMPLETED
ORD_008300,CUST_01284,2025-04-15 08:00:00,REFUNDED
ORD_008301,CUST_00582,2025-03-16 05:00:00,COMPLETED
ORD_008302,CUST_00851,2025-10-31 19:00:00,COMPLETED
ORD_008303,CUST_01770,2026-03-24 21:00:00,COMPLETED
ORD_008304,CUST_00485,2026-03-07 15:00:00,COMPLETED
ORD_008305,CUST_00211,2025-10-04 11:00:00,COMPLETED
ORD_008306,CUST_01368,2025-04-22 04:00:00,CANCELLED
ORD_008307,CUST_01893,2026-02-28 03:00:00,COMPLETED
ORD_008308,CUST_01087,2025-12-20 22:00:00,REFUNDED
ORD_008309,CUST_01696,2025-01-02 02:00:00,COMPLETED
ORD_008310,CUST_00092,2025-12-31 07:00:00,COMPLETED
ORD_008311,CUST_00968,2025-04-23 18:00:00,CANCELLED
ORD_008312,CUST_00857,2025-10-06 18:00:00,COMPLETED
ORD_008313,CUST_01672,2026-02-28 06:00:00,COMPLETED
ORD_008314,CUST_01499,2025-01-05 18:00:00,COMPLETED
ORD_008315,CUST_00906,2025-01-08 08:00:00,COMPLETED
ORD_008316,CUST_00752,2025-01-04 01:00:00,COMPLETED
ORD_008317,CUST_00223,2025-05-07 15:00:00,COMPLETED
ORD_008318,CUST_01602,2026-02-21 13:00:00,REFUNDED
ORD_008319,CUST_01054,2025-06-26 17:00:00,COMPLETED
ORD_008320,CUST_01968,2025-06-08 23:00:00,COMPLETED
ORD_008321,CUST_00549,2025-12-03 18:00:00,COMPLETED
ORD_008322,CUST_01391,2025-12-05 00:00:00,COMPLETED
ORD_008323,CUST_00646,2025-02-24 09:00:00,COMPLETED
ORD_008324,CUST_01718,2025-01-22 10:00:00,COMPLETED
ORD_008325,CUST_00557,2025-08-10 10:00:00,COMPLETED
ORD_008326,CUST_00567,2026-01-12 00:00:00,COMPLETED
ORD_008327,CUST_00613,2025-03-17 11:00:00,COMPLETED
ORD_008328,CUST_00997,2025-08-19 17:00:00,CANCELLED
ORD_008329,CUST_00477,2025-09-08 01:00:00,CANCELLED
ORD_008330,CUST_01405,2025-12-11 23:00:00,COMPLETED
ORD_008331,CUST_00743,2026-02-23 19:00:00,COMPLETED
ORD_008332,CUST_01309,2025-01-24 19:00:00,REFUNDED
ORD_008333,CUST_01307,2025-06-16 19:00:00,COMPLETED
ORD_008334,CUST_01218,2025-01-29 04:00:00,COMPLETED
ORD_008335,CUST_00498,2025-12-16 14:00:00,COMPLETED
ORD_008336,CUST_01519,2026-01-12 19:00:00,COMPLETED
ORD_008337,CUST_00956,2025-10-16 00:00:00,COMPLETED
ORD_008338,CUST_00188,2025-05-19 12:00:00,COMPLETED
ORD_008339,CUST_00854,2025-04-09 12:00:00,COMPLETED
ORD_008340,CUST_01544,2025-11-06 02:00:00,COMPLETED
ORD_008341,CUST_00313,2026-02-03 19:00:00,COMPLETED
ORD_008342,CUST_01903,2026-01-26 18:00:00,REFUNDED
ORD_008343,CUST_01674,2025-02-27 16:00:00,COMPLETED
ORD_008344,CUST_00154,2026-01-27 06:00:00,COMPLETED
ORD_008345,CUST_01618,2026-01-29 16:00:00,COMPLETED
ORD_008346,CUST_01405,2025-08-04 08:00:00,REFUNDED
ORD_008347,CUST_01595,2025-09-29 17:00:00,COMPLETED
ORD_008348,CUST_00640,2025-04-07 12:00:00,COMPLETED
ORD_008349,CUST_00509,2025-03-10 13:00:00,COMPLETED
ORD_008350,CUST_00009,2025-10-28 13:00:00,COMPLETED
ORD_008351,CUST_01128,2025-02-10 13:00:00,COMPLETED
ORD_008352,CUST_00948,2025-12-25 06:00:00,COMPLETED
ORD_008353,CUST_00166,2025-07-19 14:00:00,COMPLETED
ORD_008354,CUST_01496,2025-12-10 15:00:00,COMPLETED
ORD_008355,CUST_01037,2025-02-04 14:00:00,COMPLETED
ORD_008356,CUST_01243,2025-12-30 14:00:00,COMPLETED
ORD_008357,CUST_01115,2025-06-12 05:00:00,COMPLETED
ORD_008358,CUST_01394,2025-11-03 13:00:00,REFUNDED
ORD_008359,CUST_00538,2026-01-02 21:00:00,COMPLETED
ORD_008360,CUST_00036,2025-10-20 22:00:00,COMPLETED
ORD_008361,CUST_01241,2025-06-03 21:00:00,COMPLETED
ORD_008362,CUST_00339,2026-02-08 05:00:00,COMPLETED
ORD_008363,CUST_00043,2025-12-19 12:00:00,COMPLETED
ORD_008364,CUST_01449,2025-11-15 03:00:00,CANCELLED
ORD_008365,CUST_01315,2025-07-03 08:00:00,COMPLETED
ORD_008366,CUST_00709,2025-12-29 17:00:00,COMPLETED
ORD_008367,CUST_01198,2025-11-20 19:00:00,CANCELLED
ORD_008368,CUST_00967,2025-08-25 17:00:00,COMPLETED
ORD_008369,CUST_01142,2025-10-06 23:00:00,COMPLETED
ORD_008370,CUST_01005,2025-02-15 21:00:00,COMPLETED
ORD_008371,CUST_01062,2025-11-22 08:00:00,COMPLETED
ORD_008372,CUST_00894,2025-02-19 22:00:00,CANCELLED
ORD_008373,CUST_00307,2025-03-12 08:00:00,COMPLETED
ORD_008374,CUST_00797,2025-06-17 05:00:00,COMPLETED
ORD_008375,CUST_00100,2026-02-12 14:00:00,COMPLETED
ORD_008376,CUST_01893,2026-01-21 15:00:00,CANCELLED
ORD_008377,CUST_01483,2025-01-19 11:00:00,COMPLETED
ORD_008378,CUST_01213,2025-01-20 17:00:00,COMPLETED
ORD_008379,CUST_01271,2026-02-16 15:00:00,COMPLETED
ORD_008380,CUST_00344,2025-06-22 10:00:00,COMPLETED
ORD_008381,CUST_00154,2025-01-21 10:00:00,COMPLETED
ORD_008382,CUST_01880,2025-08-09 05:00:00,COMPLETED
ORD_008383,CUST_00190,2025-05-16 09:00:00,COMPLETED
ORD_008384,CUST_01194,2026-03-08 17:00:00,COMPLETED
ORD_008385,CUST_01724,2025-02-11 17:00:00,COMPLETED
ORD_008386,CUST_00071,2026-01-16 23:00:00,COMPLETED
ORD_008387,CUST_01380,2026-03-24 23:00:00,COMPLETED
ORD_008388,CUST_01448,2025-10-02 17:00:00,COMPLETED
ORD_008389,CUST_01798,2025-12-04 12:00:00,COMPLETED
ORD_008390,CUST_01659,2025-08-15 16:00:00,COMPLETED
ORD_008391,CUST_01579,2025-10-30 22:00:00,COMPLETED
ORD_008392,CUST_00356,2025-07-08 00:00:00,COMPLETED
ORD_008393,CUST_00976,2025-02-21 07:00:00,COMPLETED
ORD_008394,CUST_01293,2025-10-21 03:00:00,COMPLETED
ORD_008395,CUST_01785,2025-10-23 06:00:00,CANCELLED
ORD_008396,CUST_00052,2025-09-27 14:00:00,COMPLETED
ORD_008397,CUST_01955,2025-02-01 14:00:00,COMPLETED
ORD_008398,CUST_01994,2025-05-23 22:00:00,CANCELLED
ORD_008399,CUST_01491,2025-02-11 09:00:00,REFUNDED
ORD_008400,CUST_00108,2026-03-25 05:00:00,COMPLETED
ORD_008401,CUST_01005,2025-01-12 03:00:00,COMPLETED
ORD_008402,CUST_00403,2025-05-04 08:00:00,COMPLETED
ORD_008403,CUST_01525,2026-03-05 19:00:00,COMPLETED
ORD_008404,CUST_00301,2026-02-22 21:00:00,COMPLETED
ORD_008405,CUST_01336,2026-02-09 17:00:00,COMPLETED
ORD_008406,CUST_00236,2026-03-16 09:00:00,COMPLETED
ORD_008407,CUST_01874,2025-04-19 17:00:00,COMPLETED
ORD_008408,CUST_00665,2026-01-18 05:00:00,COMPLETED
ORD_008409,CUST_00280,2025-10-07 21:00:00,COMPLETED
ORD_008410,CUST_01109,2026-01-27 02:00:00,COMPLETED
ORD_008411,CUST_01558,2025-06-09 00:00:00,COMPLETED
ORD_008412,CUST_01762,2025-05-30 12:00:00,COMPLETED
ORD_008413,CUST_00420,2025-04-01 09:00:00,COMPLETED
ORD_008414,CUST_01912,2025-09-01 17:00:00,COMPLETED
ORD_008415,CUST_00371,2025-08-12 21:00:00,COMPLETED
ORD_008416,CUST_00781,2026-01-08 06:00:00,COMPLETED
ORD_008417,CUST_00997,2026-02-12 11:00:00,COMPLETED
ORD_008418,CUST_00693,2026-03-07 14:00:00,COMPLETED
ORD_008419,CUST_01650,2026-01-21 05:00:00,CANCELLED
ORD_008420,CUST_01417,2025-04-21 13:00:00,COMPLETED
ORD_008421,CUST_00429,2025-12-06 05:00:00,COMPLETED
ORD_008422,CUST_01703,2025-09-04 07:00:00,COMPLETED
ORD_008423,CUST_01886,2025-04-30 01:00:00,COMPLETED
ORD_008424,CUST_01784,2025-09-14 21:00:00,COMPLETED
ORD_008425,CUST_00247,2025-10-20 00:00:00,COMPLETED
ORD_008426,CUST_00350,2025-05-04 09:00:00,COMPLETED
ORD_008427,CUST_00921,2025-06-13 09:00:00,CANCELLED
ORD_008428,CUST_00233,2025-06-08 12:00:00,COMPLETED
ORD_008429,CUST_01930,2025-12-02 16:00:00,COMPLETED
ORD_008430,CUST_00184,2025-05-26 07:00:00,COMPLETED
ORD_008431,CUST_00559,2026-01-25 05:00:00,REFUNDED
ORD_008432,CUST_00349,2026-03-04 02:00:00,COMPLETED
ORD_008433,CUST_01306,2026-01-18 01:00:00,COMPLETED
ORD_008434,CUST_00990,2026-03-20 19:00:00,COMPLETED
ORD_008435,CUST_00288,2025-06-14 09:00:00,COMPLETED
ORD_008436,CUST_00632,2025-11-04 12:00:00,COMPLETED
ORD_008437,CUST_00984,2025-10-15 13:00:00,COMPLETED
ORD_008438,CUST_01400,2025-02-22 15:00:00,COMPLETED
ORD_008439,CUST_01726,2025-08-24 22:00:00,COMPLETED
ORD_008440,CUST_00360,2025-12-07 06:00:00,COMPLETED
ORD_008441,CUST_01569,2025-01-30 15:00:00,COMPLETED
ORD_008442,CUST_01353,2025-10-17 00:00:00,COMPLETED
ORD_008443,CUST_00620,2025-10-21 19:00:00,COMPLETED
ORD_008444,CUST_00303,2025-02-08 22:00:00,COMPLETED
ORD_008445,CUST_01219,2026-03-22 23:00:00,COMPLETED
ORD_008446,CUST_00371,2025-10-20 19:00:00,COMPLETED
ORD_008447,CUST_00879,2025-11-25 20:00:00,COMPLETED
ORD_008448,CUST_00477,2025-11-30 16:00:00,CANCELLED
ORD_008449,CUST_00963,2026-03-09 08:00:00,COMPLETED
ORD_008450,CUST_00224,2025-07-23 14:00:00,COMPLETED
ORD_008451,CUST_01299,2025-08-03 02:00:00,COMPLETED
ORD_008452,CUST_00911,2025-08-27 00:00:00,COMPLETED
ORD_008453,CUST_01236,2025-11-02 18:00:00,CANCELLED
ORD_008454,CUST_01233,2025-07-10 03:00:00,REFUNDED
ORD_008455,CUST_00287,2025-02-17 01:00:00,COMPLETED
ORD_008456,CUST_00101,2025-04-21 22:00:00,COMPLETED
ORD_008457,CUST_01719,2026-03-07 11:00:00,COMPLETED
ORD_008458,CUST_00659,2025-07-26 23:00:00,CANCELLED
ORD_008459,CUST_01134,2025-03-25 10:00:00,COMPLETED
ORD_008460,CUST_01327,2025-09-05 22:00:00,COMPLETED
ORD_008461,CUST_01694,2025-07-23 04:00:00,COMPLETED
ORD_008462,CUST_00661,2025-02-05 01:00:00,COMPLETED
ORD_008463,CUST_01905,2026-01-07 20:00:00,COMPLETED
ORD_008464,CUST_01808,2025-11-01 01:00:00,COMPLETED
ORD_008465,CUST_01614,2025-03-14 16:00:00,COMPLETED
ORD_008466,CUST_00005,2025-01-14 11:00:00,COMPLETED
ORD_008467,CUST_01533,2025-08-21 18:00:00,CANCELLED
ORD_008468,CUST_00729,2025-12-26 10:00:00,COMPLETED
ORD_008469,CUST_01379,2025-07-11 00:00:00,COMPLETED
ORD_008470,CUST_01479,2025-01-13 01:00:00,COMPLETED
ORD_008471,CUST_01095,2026-01-27 08:00:00,COMPLETED
ORD_008472,CUST_00989,2025-06-02 08:00:00,COMPLETED
ORD_008473,CUST_01602,2025-02-07 11:00:00,COMPLETED
ORD_008474,CUST_01413,2025-08-07 12:00:00,COMPLETED
ORD_008475,CUST_00448,2025-12-15 07:00:00,COMPLETED
ORD_008476,CUST_00591,2025-01-22 11:00:00,COMPLETED
ORD_008477,CUST_01568,2026-01-08 14:00:00,COMPLETED
ORD_008478,CUST_00978,2025-03-22 15:00:00,COMPLETED
ORD_008479,CUST_00921,2025-07-10 13:00:00,COMPLETED
ORD_008480,CUST_00697,2025-03-21 05:00:00,COMPLETED
ORD_008481,CUST_00298,2025-01-12 05:00:00,COMPLETED
ORD_008482,CUST_01042,2025-02-28 14:00:00,COMPLETED
ORD_008483,CUST_01254,2025-06-13 17:00:00,REFUNDED
ORD_008484,CUST_00845,2025-10-18 05:00:00,COMPLETED
ORD_008485,CUST_01363,2026-02-26 17:00:00,COMPLETED
ORD_008486,CUST_01809,2025-04-19 18:00:00,COMPLETED
ORD_008487,CUST_00256,2025-12-25 00:00:00,REFUNDED
ORD_008488,CUST_00298,2025-06-14 06:00:00,COMPLETED
ORD_008489,CUST_00479,2025-08-24 00:00:00,COMPLETED
ORD_008490,CUST_00208,2025-03-02 23:00:00,COMPLETED
ORD_008491,CUST_01320,2025-04-27 20:00:00,COMPLETED
ORD_008492,CUST_01274,2025-09-02 22:00:00,COMPLETED
ORD_008493,CUST_00479,2025-07-20 22:00:00,COMPLETED
ORD_008494,CUST_00415,2026-01-15 00:00:00,COMPLETED
ORD_008495,CUST_00214,2025-12-07 14:00:00,COMPLETED
ORD_008496,CUST_00951,2025-04-05 00:00:00,COMPLETED
ORD_008497,CUST_00376,2025-12-10 06:00:00,COMPLETED
ORD_008498,CUST_01892,2025-03-20 23:00:00,COMPLETED
ORD_008499,CUST_01353,2025-05-23 16:00:00,COMPLETED
ORD_008500,CUST_00357,2025-11-08 06:00:00,COMPLETED
ORD_008501,CUST_00521,2026-03-02 04:00:00,REFUNDED
ORD_008502,CUST_01949,2025-04-27 20:00:00,COMPLETED
ORD_008503,CUST_00558,2025-08-27 15:00:00,COMPLETED
ORD_008504,CUST_01051,2025-07-07 13:00:00,COMPLETED
ORD_008505,CUST_01553,2025-09-09 15:00:00,CANCELLED
ORD_008506,CUST_00577,2025-11-10 08:00:00,COMPLETED
ORD_008507,CUST_01464,2025-07-12 12:00:00,COMPLETED
ORD_008508,CUST_00208,2026-03-20 17:00:00,COMPLETED
ORD_008509,CUST_00423,2025-06-16 06:00:00,COMPLETED
ORD_008510,CUST_01646,2026-03-02 05:00:00,COMPLETED
ORD_008511,CUST_00253,2025-05-22 03:00:00,COMPLETED
ORD_008512,CUST_00457,2026-01-26 09:00:00,COMPLETED
ORD_008513,CUST_00341,2025-09-16 09:00:00,COMPLETED
ORD_008514,CUST_00067,2025-03-21 13:00:00,REFUNDED
ORD_008515,CUST_00969,2025-11-29 17:00:00,COMPLETED
ORD_008516,CUST_00499,2025-11-06 16:00:00,COMPLETED
ORD_008517,CUST_01506,2025-10-09 23:00:00,COMPLETED
ORD_008518,CUST_01773,2025-01-19 15:00:00,COMPLETED
ORD_008519,CUST_01721,2025-08-14 11:00:00,COMPLETED
ORD_008520,CUST_00950,2025-09-01 20:00:00,COMPLETED
ORD_008521,CUST_01883,2025-05-27 13:00:00,COMPLETED
ORD_008522,CUST_01514,2026-02-11 11:00:00,COMPLETED
ORD_008523,CUST_01440,2025-09-29 10:00:00,COMPLETED
ORD_008524,CUST_00609,2025-12-13 23:00:00,COMPLETED
ORD_008525,CUST_01170,2025-08-13 17:00:00,REFUNDED
ORD_008526,CUST_01668,2025-07-10 12:00:00,CANCELLED
ORD_008527,CUST_00498,2026-02-25 09:00:00,CANCELLED
ORD_008528,CUST_00024,2025-07-07 02:00:00,COMPLETED
ORD_008529,CUST_01054,2026-02-02 22:00:00,COMPLETED
ORD_008530,CUST_00707,2025-10-25 05:00:00,CANCELLED
ORD_008531,CUST_01756,2025-05-22 04:00:00,COMPLETED
ORD_008532,CUST_01918,2025-08-18 18:00:00,COMPLETED
ORD_008533,CUST_00411,2025-05-04 08:00:00,COMPLETED
ORD_008534,CUST_01236,2025-07-17 17:00:00,COMPLETED
ORD_008535,CUST_00248,2025-12-15 04:00:00,COMPLETED
ORD_008536,CUST_01900,2026-03-10 20:00:00,COMPLETED
ORD_008537,CUST_00224,2025-11-12 21:00:00,REFUNDED
ORD_008538,CUST_01632,2025-10-14 11:00:00,COMPLETED
ORD_008539,CUST_01482,2025-02-16 12:00:00,COMPLETED
ORD_008540,CUST_00372,2025-06-27 04:00:00,COMPLETED
ORD_008541,CUST_00752,2025-04-04 21:00:00,COMPLETED
ORD_008542,CUST_00109,2025-09-24 15:00:00,COMPLETED
ORD_008543,CUST_00014,2025-04-17 10:00:00,COMPLETED
ORD_008544,CUST_01992,2025-02-25 02:00:00,COMPLETED
ORD_008545,CUST_01193,2025-10-09 14:00:00,COMPLETED
ORD_008546,CUST_00893,2025-09-04 16:00:00,COMPLETED
ORD_008547,CUST_00745,2025-07-21 07:00:00,COMPLETED
ORD_008548,CUST_01250,2025-05-13 20:00:00,COMPLETED
ORD_008549,CUST_00150,2025-02-04 08:00:00,COMPLETED
ORD_008550,CUST_00899,2025-05-26 17:00:00,REFUNDED
ORD_008551,CUST_01087,2025-09-02 21:00:00,COMPLETED
ORD_008552,CUST_00540,2025-09-06 14:00:00,COMPLETED
ORD_008553,CUST_01198,2025-06-03 14:00:00,COMPLETED
ORD_008554,CUST_01119,2025-07-28 06:00:00,COMPLETED
ORD_008555,CUST_01546,2025-10-27 14:00:00,COMPLETED
ORD_008556,CUST_00493,2025-12-04 23:00:00,COMPLETED
ORD_008557,CUST_00007,2025-02-09 00:00:00,COMPLETED
ORD_008558,CUST_00889,2025-04-09 02:00:00,REFUNDED
ORD_008559,CUST_00557,2025-09-26 17:00:00,COMPLETED
ORD_008560,CUST_01301,2025-08-13 05:00:00,COMPLETED
ORD_008561,CUST_01776,2025-09-12 15:00:00,COMPLETED
ORD_008562,CUST_01608,2026-03-24 18:00:00,COMPLETED
ORD_008563,CUST_01088,2025-08-03 01:00:00,COMPLETED
ORD_008564,CUST_00192,2026-03-24 13:00:00,COMPLETED
ORD_008565,CUST_01586,2025-12-08 17:00:00,COMPLETED
ORD_008566,CUST_00891,2025-09-16 16:00:00,CANCELLED
ORD_008567,CUST_01343,2025-12-09 12:00:00,COMPLETED
ORD_008568,CUST_01150,2025-08-13 21:00:00,COMPLETED
ORD_008569,CUST_00792,2026-01-01 09:00:00,CANCELLED
ORD_008570,CUST_00613,2026-01-09 05:00:00,COMPLETED
ORD_008571,CUST_00733,2025-01-05 10:00:00,COMPLETED
ORD_008572,CUST_00618,2025-12-18 22:00:00,COMPLETED
ORD_008573,CUST_00880,2025-01-16 21:00:00,COMPLETED
ORD_008574,CUST_00977,2026-02-25 10:00:00,COMPLETED
ORD_008575,CUST_01968,2025-08-29 17:00:00,COMPLETED
ORD_008576,CUST_00032,2025-06-01 12:00:00,COMPLETED
ORD_008577,CUST_01828,2025-03-31 04:00:00,CANCELLED
ORD_008578,CUST_01837,2026-02-26 02:00:00,COMPLETED
ORD_008579,CUST_00644,2025-07-27 06:00:00,COMPLETED
ORD_008580,CUST_01887,2025-05-15 13:00:00,COMPLETED
ORD_008581,CUST_01038,2025-06-19 02:00:00,COMPLETED
ORD_008582,CUST_01709,2025-09-30 23:00:00,COMPLETED
ORD_008583,CUST_01835,2025-07-27 10:00:00,COMPLETED
ORD_008584,CUST_01104,2026-01-31 03:00:00,COMPLETED
ORD_008585,CUST_00203,2025-06-27 07:00:00,COMPLETED
ORD_008586,CUST_00249,2025-02-13 04:00:00,COMPLETED
ORD_008587,CUST_01023,2025-02-02 09:00:00,COMPLETED
ORD_008588,CUST_01336,2025-02-06 21:00:00,CANCELLED
ORD_008589,CUST_01623,2026-03-16 07:00:00,COMPLETED
ORD_008590,CUST_01130,2025-12-31 16:00:00,CANCELLED
ORD_008591,CUST_01493,2025-03-06 20:00:00,COMPLETED
ORD_008592,CUST_01035,2025-11-12 16:00:00,COMPLETED
ORD_008593,CUST_00645,2025-11-25 15:00:00,COMPLETED
ORD_008594,CUST_01612,2025-11-16 01:00:00,REFUNDED
ORD_008595,CUST_00273,2025-09-30 23:00:00,COMPLETED
ORD_008596,CUST_01822,2026-03-02 23:00:00,COMPLETED
ORD_008597,CUST_00561,2025-08-09 21:00:00,COMPLETED
ORD_008598,CUST_00963,2025-09-18 13:00:00,CANCELLED
ORD_008599,CUST_01951,2025-06-11 03:00:00,REFUNDED
ORD_008600,CUST_01528,2025-11-24 08:00:00,COMPLETED
ORD_008601,CUST_01924,2025-08-12 13:00:00,COMPLETED
ORD_008602,CUST_01031,2026-02-18 01:00:00,COMPLETED
ORD_008603,CUST_01473,2026-02-06 03:00:00,REFUNDED
ORD_008604,CUST_00439,2025-09-11 00:00:00,COMPLETED
ORD_008605,CUST_00141,2026-02-14 23:00:00,COMPLETED
ORD_008606,CUST_00743,2025-06-29 18:00:00,COMPLETED
ORD_008607,CUST_01541,2025-05-02 19:00:00,COMPLETED
ORD_008608,CUST_00201,2025-08-01 14:00:00,COMPLETED
ORD_008609,CUST_01769,2025-01-19 03:00:00,COMPLETED
ORD_008610,CUST_01614,2026-02-22 22:00:00,COMPLETED
ORD_008611,CUST_00470,2025-06-21 11:00:00,COMPLETED
ORD_008612,CUST_01488,2025-12-21 05:00:00,COMPLETED
ORD_008613,CUST_00893,2025-04-05 12:00:00,COMPLETED
ORD_008614,CUST_00033,2025-06-07 02:00:00,COMPLETED
ORD_008615,CUST_00822,2026-01-13 04:00:00,COMPLETED
ORD_008616,CUST_01363,2025-05-15 12:00:00,COMPLETED
ORD_008617,CUST_00987,2025-07-11 10:00:00,COMPLETED
ORD_008618,CUST_01290,2025-03-20 22:00:00,COMPLETED
ORD_008619,CUST_01326,2025-12-03 23:00:00,COMPLETED
ORD_008620,CUST_00804,2025-11-04 11:00:00,COMPLETED
ORD_008621,CUST_01532,2026-01-03 15:00:00,COMPLETED
ORD_008622,CUST_00466,2025-10-15 14:00:00,COMPLETED
ORD_008623,CUST_00200,2026-02-11 06:00:00,COMPLETED
ORD_008624,CUST_01578,2025-06-12 03:00:00,COMPLETED
ORD_008625,CUST_00139,2025-07-14 17:00:00,COMPLETED
ORD_008626,CUST_00862,2025-05-03 04:00:00,COMPLETED
ORD_008627,CUST_00187,2025-01-03 05:00:00,COMPLETED
ORD_008628,CUST_00209,2025-03-23 14:00:00,COMPLETED
ORD_008629,CUST_01927,2026-01-02 03:00:00,COMPLETED
ORD_008630,CUST_00665,2025-02-12 06:00:00,COMPLETED
ORD_008631,CUST_01488,2025-12-01 02:00:00,COMPLETED
ORD_008632,CUST_00052,2025-09-14 01:00:00,COMPLETED
ORD_008633,CUST_00490,2025-01-31 04:00:00,COMPLETED
ORD_008634,CUST_00412,2025-02-12 23:00:00,CANCELLED
ORD_008635,CUST_00229,2025-05-23 19:00:00,COMPLETED
ORD_008636,CUST_00381,2025-09-23 01:00:00,COMPLETED
ORD_008637,CUST_01371,2025-01-17 23:00:00,COMPLETED
ORD_008638,CUST_00461,2026-01-27 17:00:00,CANCELLED
ORD_008639,CUST_00986,2025-05-11 14:00:00,COMPLETED
ORD_008640,CUST_00155,2025-12-18 10:00:00,COMPLETED
ORD_008641,CUST_00934,2026-02-22 10:00:00,COMPLETED
ORD_008642,CUST_01548,2025-07-04 14:00:00,COMPLETED
ORD_008643,CUST_00430,2025-12-17 15:00:00,COMPLETED
ORD_008644,CUST_01145,2025-05-07 09:00:00,COMPLETED
ORD_008645,CUST_01305,2025-12-18 20:00:00,COMPLETED
ORD_008646,CUST_00055,2025-04-21 04:00:00,COMPLETED
ORD_008647,CUST_00196,2025-10-14 05:00:00,COMPLETED
ORD_008648,CUST_01077,2025-04-28 19:00:00,COMPLETED
ORD_008649,CUST_00275,2025-02-04 06:00:00,COMPLETED
ORD_008650,CUST_00102,2025-03-07 21:00:00,COMPLETED
ORD_008651,CUST_00030,2025-12-28 02:00:00,REFUNDED
ORD_008652,CUST_01970,2025-10-09 20:00:00,COMPLETED
ORD_008653,CUST_00743,2025-05-04 13:00:00,REFUNDED
ORD_008654,CUST_00260,2025-07-19 18:00:00,CANCELLED
ORD_008655,CUST_00954,2026-02-20 23:00:00,COMPLETED
ORD_008656,CUST_01613,2025-05-15 19:00:00,COMPLETED
ORD_008657,CUST_00783,2025-09-22 07:00:00,COMPLETED
ORD_008658,CUST_01657,2025-07-03 18:00:00,COMPLETED
ORD_008659,CUST_00898,2025-09-20 20:00:00,COMPLETED
ORD_008660,CUST_01386,2025-01-06 16:00:00,COMPLETED
ORD_008661,CUST_00254,2025-05-20 12:00:00,REFUNDED
ORD_008662,CUST_00864,2025-11-04 16:00:00,COMPLETED
ORD_008663,CUST_00541,2026-02-21 15:00:00,COMPLETED
ORD_008664,CUST_00957,2025-04-16 04:00:00,COMPLETED
ORD_008665,CUST_00295,2025-10-23 14:00:00,COMPLETED
ORD_008666,CUST_01759,2025-06-11 16:00:00,CANCELLED
ORD_008667,CUST_01842,2025-05-20 10:00:00,COMPLETED
ORD_008668,CUST_00122,2025-08-07 04:00:00,COMPLETED
ORD_008669,CUST_00850,2025-08-31 03:00:00,COMPLETED
ORD_008670,CUST_00657,2025-11-28 06:00:00,COMPLETED
ORD_008671,CUST_00269,2025-08-27 01:00:00,COMPLETED
ORD_008672,CUST_01322,2025-11-17 04:00:00,REFUNDED
ORD_008673,CUST_00049,2025-05-13 09:00:00,CANCELLED
ORD_008674,CUST_01434,2025-07-20 19:00:00,COMPLETED
ORD_008675,CUST_00438,2025-09-26 08:00:00,CANCELLED
ORD_008676,CUST_01615,2025-06-28 18:00:00,COMPLETED
ORD_008677,CUST_01881,2025-10-05 19:00:00,COMPLETED
ORD_008678,CUST_01249,2026-01-07 00:00:00,COMPLETED
ORD_008679,CUST_00240,2025-11-05 01:00:00,COMPLETED
ORD_008680,CUST_00049,2025-07-14 12:00:00,CANCELLED
ORD_008681,CUST_00901,2026-02-21 00:00:00,COMPLETED
ORD_008682,CUST_00318,2025-10-21 09:00:00,COMPLETED
ORD_008683,CUST_01795,2025-08-28 16:00:00,COMPLETED
ORD_008684,CUST_01457,2025-04-12 01:00:00,COMPLETED
ORD_008685,CUST_01243,2026-02-22 13:00:00,COMPLETED
ORD_008686,CUST_00954,2025-03-17 13:00:00,REFUNDED
ORD_008687,CUST_01626,2025-05-29 12:00:00,COMPLETED
ORD_008688,CUST_01940,2026-01-04 10:00:00,COMPLETED
ORD_008689,CUST_00046,2025-09-15 17:00:00,COMPLETED
ORD_008690,CUST_00469,2025-10-17 18:00:00,COMPLETED
ORD_008691,CUST_01391,2025-10-11 15:00:00,COMPLETED
ORD_008692,CUST_01404,2025-04-01 08:00:00,COMPLETED
ORD_008693,CUST_00023,2025-05-18 09:00:00,COMPLETED
ORD_008694,CUST_01958,2025-07-19 07:00:00,COMPLETED
ORD_008695,CUST_00198,2025-02-12 04:00:00,COMPLETED
ORD_008696,CUST_01209,2026-01-08 16:00:00,COMPLETED
ORD_008697,CUST_01605,2025-12-17 08:00:00,COMPLETED
ORD_008698,CUST_01935,2026-02-12 04:00:00,COMPLETED
ORD_008699,CUST_00829,2025-12-18 01:00:00,COMPLETED
ORD_008700,CUST_01720,2025-10-24 05:00:00,COMPLETED
ORD_008701,CUST_01876,2025-08-23 09:00:00,COMPLETED
ORD_008702,CUST_01495,2025-10-27 07:00:00,COMPLETED
ORD_008703,CUST_00556,2025-12-17 18:00:00,COMPLETED
ORD_008704,CUST_00871,2026-02-28 01:00:00,COMPLETED
ORD_008705,CUST_01903,2025-10-29 16:00:00,COMPLETED
ORD_008706,CUST_00894,2025-02-17 21:00:00,COMPLETED
ORD_008707,CUST_01994,2025-02-10 04:00:00,COMPLETED
ORD_008708,CUST_01395,2025-03-12 01:00:00,COMPLETED
ORD_008709,CUST_01078,2025-04-04 02:00:00,COMPLETED
ORD_008710,CUST_00159,2025-06-24 20:00:00,COMPLETED
ORD_008711,CUST_01459,2025-02-19 04:00:00,COMPLETED
ORD_008712,CUST_00528,2025-11-27 21:00:00,COMPLETED
ORD_008713,CUST_01993,2025-09-17 11:00:00,COMPLETED
ORD_008714,CUST_00068,2025-02-10 06:00:00,COMPLETED
ORD_008715,CUST_00630,2025-07-16 16:00:00,COMPLETED
ORD_008716,CUST_00112,2025-05-23 01:00:00,COMPLETED
ORD_008717,CUST_01916,2025-06-16 09:00:00,COMPLETED
ORD_008718,CUST_00724,2026-03-07 03:00:00,COMPLETED
ORD_008719,CUST_00170,2026-01-02 12:00:00,COMPLETED
ORD_008720,CUST_01788,2025-12-09 10:00:00,COMPLETED
ORD_008721,CUST_00740,2025-03-26 07:00:00,COMPLETED
ORD_008722,CUST_01382,2025-09-08 00:00:00,COMPLETED
ORD_008723,CUST_00652,2025-01-01 17:00:00,CANCELLED
ORD_008724,CUST_00969,2026-03-17 14:00:00,COMPLETED
ORD_008725,CUST_01974,2025-09-13 15:00:00,COMPLETED
ORD_008726,CUST_00020,2025-07-10 02:00:00,REFUNDED
ORD_008727,CUST_01575,2025-11-11 01:00:00,COMPLETED
ORD_008728,CUST_00098,2026-01-20 01:00:00,COMPLETED
ORD_008729,CUST_01459,2025-04-16 05:00:00,COMPLETED
ORD_008730,CUST_01292,2025-03-23 23:00:00,COMPLETED
ORD_008731,CUST_01598,2025-08-09 00:00:00,COMPLETED
ORD_008732,CUST_01203,2025-09-01 07:00:00,COMPLETED
ORD_008733,CUST_01194,2025-05-27 14:00:00,CANCELLED
ORD_008734,CUST_00486,2025-09-18 23:00:00,COMPLETED
ORD_008735,CUST_01850,2025-05-27 07:00:00,COMPLETED
ORD_008736,CUST_00049,2025-03-24 13:00:00,CANCELLED
ORD_008737,CUST_00449,2025-08-28 08:00:00,COMPLETED
ORD_008738,CUST_00515,2026-03-27 17:00:00,CANCELLED
ORD_008739,CUST_01256,2025-06-08 13:00:00,COMPLETED
ORD_008740,CUST_00607,2025-05-20 20:00:00,COMPLETED
ORD_008741,CUST_00067,2025-04-23 02:00:00,COMPLETED
ORD_008742,CUST_01476,2026-02-02 01:00:00,CANCELLED
ORD_008743,CUST_01078,2026-02-23 06:00:00,COMPLETED
ORD_008744,CUST_00776,2025-03-13 06:00:00,COMPLETED
ORD_008745,CUST_00958,2025-04-29 17:00:00,COMPLETED
ORD_008746,CUST_01142,2025-12-06 11:00:00,COMPLETED
ORD_008747,CUST_01686,2026-02-20 08:00:00,COMPLETED
ORD_008748,CUST_01567,2025-05-05 14:00:00,COMPLETED
ORD_008749,CUST_00544,2026-01-02 13:00:00,COMPLETED
ORD_008750,CUST_00867,2025-09-04 07:00:00,COMPLETED
ORD_008751,CUST_00619,2025-01-29 23:00:00,COMPLETED
ORD_008752,CUST_00515,2025-07-02 17:00:00,COMPLETED
ORD_008753,CUST_01953,2025-06-25 17:00:00,CANCELLED
ORD_008754,CUST_00028,2025-03-31 02:00:00,CANCELLED
ORD_008755,CUST_01779,2025-11-14 13:00:00,COMPLETED
ORD_008756,CUST_00075,2026-01-16 08:00:00,COMPLETED
ORD_008757,CUST_00586,2026-01-26 10:00:00,COMPLETED
ORD_008758,CUST_00825,2025-11-05 19:00:00,COMPLETED
ORD_008759,CUST_01699,2025-08-03 17:00:00,COMPLETED
ORD_008760,CUST_00504,2025-03-18 04:00:00,COMPLETED
ORD_008761,CUST_00924,2025-05-19 06:00:00,COMPLETED
ORD_008762,CUST_01057,2025-02-17 04:00:00,COMPLETED
ORD_008763,CUST_00423,2025-12-15 21:00:00,REFUNDED
ORD_008764,CUST_01464,2026-03-27 02:00:00,CANCELLED
ORD_008765,CUST_01071,2025-03-18 11:00:00,COMPLETED
ORD_008766,CUST_00882,2025-07-07 16:00:00,COMPLETED
ORD_008767,CUST_00341,2025-09-14 19:00:00,COMPLETED
ORD_008768,CUST_00813,2025-09-24 06:00:00,COMPLETED
ORD_008769,CUST_00565,2026-01-12 19:00:00,COMPLETED
ORD_008770,CUST_01791,2025-03-28 22:00:00,COMPLETED
ORD_008771,CUST_01162,2025-04-16 00:00:00,COMPLETED
ORD_008772,CUST_00284,2025-09-02 17:00:00,COMPLETED
ORD_008773,CUST_00565,2025-03-03 08:00:00,COMPLETED
ORD_008774,CUST_00850,2025-02-26 04:00:00,COMPLETED
ORD_008775,CUST_00633,2026-02-02 10:00:00,CANCELLED
ORD_008776,CUST_00845,2025-08-28 00:00:00,COMPLETED
ORD_008777,CUST_00167,2025-12-06 13:00:00,CANCELLED
ORD_008778,CUST_00385,2025-08-19 01:00:00,COMPLETED
ORD_008779,CUST_00080,2025-08-23 15:00:00,COMPLETED
ORD_008780,CUST_00942,2026-03-02 19:00:00,COMPLETED
ORD_008781,CUST_00663,2025-12-27 21:00:00,COMPLETED
ORD_008782,CUST_00159,2026-01-10 23:00:00,COMPLETED
ORD_008783,CUST_01976,2025-11-30 20:00:00,COMPLETED
ORD_008784,CUST_00225,2025-04-06 09:00:00,COMPLETED
ORD_008785,CUST_01336,2025-05-10 22:00:00,COMPLETED
ORD_008786,CUST_00214,2026-02-23 10:00:00,REFUNDED
ORD_008787,CUST_01629,2025-06-03 23:00:00,COMPLETED
ORD_008788,CUST_00706,2026-02-27 15:00:00,COMPLETED
ORD_008789,CUST_01363,2025-06-16 20:00:00,COMPLETED
ORD_008790,CUST_00746,2025-11-05 14:00:00,COMPLETED
ORD_008791,CUST_01114,2025-02-05 03:00:00,COMPLETED
ORD_008792,CUST_00236,2025-04-29 03:00:00,COMPLETED
ORD_008793,CUST_01133,2025-07-11 22:00:00,CANCELLED
ORD_008794,CUST_01204,2025-08-01 16:00:00,COMPLETED
ORD_008795,CUST_00617,2026-03-03 15:00:00,COMPLETED
ORD_008796,CUST_00218,2025-04-18 03:00:00,COMPLETED
ORD_008797,CUST_01881,2025-12-11 01:00:00,COMPLETED
ORD_008798,CUST_00879,2025-03-08 09:00:00,COMPLETED
ORD_008799,CUST_01677,2025-03-22 12:00:00,CANCELLED
ORD_008800,CUST_01701,2026-02-16 09:00:00,REFUNDED
ORD_008801,CUST_01552,2025-06-12 19:00:00,COMPLETED
ORD_008802,CUST_00514,2026-01-07 13:00:00,COMPLETED
ORD_008803,CUST_01264,2025-04-29 18:00:00,COMPLETED
ORD_008804,CUST_01368,2025-05-24 13:00:00,COMPLETED
ORD_008805,CUST_00963,2025-09-28 09:00:00,COMPLETED
ORD_008806,CUST_01608,2025-07-10 16:00:00,CANCELLED
ORD_008807,CUST_01714,2025-04-20 22:00:00,COMPLETED
ORD_008808,CUST_01942,2025-02-20 00:00:00,COMPLETED
ORD_008809,CUST_01323,2026-02-14 18:00:00,REFUNDED
ORD_008810,CUST_01757,2025-01-08 06:00:00,CANCELLED
ORD_008811,CUST_01638,2026-03-15 11:00:00,COMPLETED
ORD_008812,CUST_01667,2025-10-12 21:00:00,COMPLETED
ORD_008813,CUST_00204,2025-06-26 16:00:00,COMPLETED
ORD_008814,CUST_00080,2025-12-31 15:00:00,CANCELLED
ORD_008815,CUST_01925,2025-03-11 12:00:00,COMPLETED
ORD_008816,CUST_00458,2025-04-08 21:00:00,COMPLETED
ORD_008817,CUST_01646,2025-04-06 22:00:00,COMPLETED
ORD_008818,CUST_01402,2026-02-16 15:00:00,COMPLETED
ORD_008819,CUST_00244,2025-06-29 01:00:00,COMPLETED
ORD_008820,CUST_00918,2026-03-06 05:00:00,COMPLETED
ORD_008821,CUST_00944,2025-09-09 20:00:00,COMPLETED
ORD_008822,CUST_00325,2025-02-06 19:00:00,COMPLETED
ORD_008823,CUST_00615,2025-03-21 12:00:00,COMPLETED
ORD_008824,CUST_00752,2025-06-06 05:00:00,COMPLETED
ORD_008825,CUST_00827,2025-02-26 23:00:00,COMPLETED
ORD_008826,CUST_00508,2025-01-04 05:00:00,COMPLETED
ORD_008827,CUST_00586,2025-05-01 17:00:00,COMPLETED
ORD_008828,CUST_00760,2026-02-04 14:00:00,CANCELLED
ORD_008829,CUST_00839,2026-02-21 05:00:00,COMPLETED
ORD_008830,CUST_00731,2026-03-14 16:00:00,COMPLETED
ORD_008831,CUST_01897,2026-03-07 17:00:00,COMPLETED
ORD_008832,CUST_01011,2025-01-16 15:00:00,COMPLETED
ORD_008833,CUST_01806,2025-05-08 13:00:00,COMPLETED
ORD_008834,CUST_00361,2025-08-01 23:00:00,COMPLETED
ORD_008835,CUST_01367,2026-02-02 22:00:00,COMPLETED
ORD_008836,CUST_00168,2025-11-23 09:00:00,COMPLETED
ORD_008837,CUST_01329,2025-10-19 15:00:00,COMPLETED
ORD_008838,CUST_00456,2025-01-22 12:00:00,COMPLETED
ORD_008839,CUST_01017,2025-11-29 19:00:00,COMPLETED
ORD_008840,CUST_01546,2026-02-27 10:00:00,COMPLETED
ORD_008841,CUST_01734,2025-10-24 22:00:00,COMPLETED
ORD_008842,CUST_01713,2025-11-14 00:00:00,COMPLETED
ORD_008843,CUST_01591,2026-01-08 23:00:00,COMPLETED
ORD_008844,CUST_01728,2025-12-16 20:00:00,CANCELLED
ORD_008845,CUST_01266,2025-03-01 18:00:00,COMPLETED
ORD_008846,CUST_00544,2026-02-25 12:00:00,COMPLETED
ORD_008847,CUST_01492,2025-12-06 20:00:00,COMPLETED
ORD_008848,CUST_01362,2026-02-23 08:00:00,COMPLETED
ORD_008849,CUST_01535,2025-04-23 23:00:00,COMPLETED
ORD_008850,CUST_01868,2025-12-05 22:00:00,COMPLETED
ORD_008851,CUST_01192,2025-05-03 11:00:00,COMPLETED
ORD_008852,CUST_01421,2025-07-31 04:00:00,COMPLETED
ORD_008853,CUST_01563,2025-04-07 18:00:00,COMPLETED
ORD_008854,CUST_00916,2025-06-20 00:00:00,CANCELLED
ORD_008855,CUST_01435,2025-03-30 02:00:00,COMPLETED
ORD_008856,CUST_01959,2025-02-09 03:00:00,COMPLETED
ORD_008857,CUST_00185,2025-09-18 15:00:00,COMPLETED
ORD_008858,CUST_01719,2025-01-03 21:00:00,COMPLETED
ORD_008859,CUST_01831,2025-01-23 00:00:00,COMPLETED
ORD_008860,CUST_00599,2025-01-21 17:00:00,COMPLETED
ORD_008861,CUST_01061,2026-03-23 04:00:00,COMPLETED
ORD_008862,CUST_01842,2025-04-02 04:00:00,COMPLETED
ORD_008863,CUST_01985,2025-01-29 11:00:00,COMPLETED
ORD_008864,CUST_00041,2025-05-01 04:00:00,COMPLETED
ORD_008865,CUST_00010,2026-01-19 05:00:00,COMPLETED
ORD_008866,CUST_01322,2025-01-22 17:00:00,COMPLETED
ORD_008867,CUST_00769,2025-10-28 07:00:00,COMPLETED
ORD_008868,CUST_01702,2025-10-22 22:00:00,COMPLETED
ORD_008869,CUST_01728,2025-07-03 12:00:00,COMPLETED
ORD_008870,CUST_00511,2026-01-28 01:00:00,COMPLETED
ORD_008871,CUST_00811,2025-09-28 18:00:00,COMPLETED
ORD_008872,CUST_01764,2025-09-28 00:00:00,COMPLETED
ORD_008873,CUST_01592,2025-05-30 13:00:00,COMPLETED
ORD_008874,CUST_00310,2025-07-16 02:00:00,COMPLETED
ORD_008875,CUST_01498,2026-03-11 14:00:00,COMPLETED
ORD_008876,CUST_01121,2025-03-01 00:00:00,COMPLETED
ORD_008877,CUST_01687,2026-03-19 02:00:00,COMPLETED
ORD_008878,CUST_01007,2025-05-27 15:00:00,COMPLETED
ORD_008879,CUST_01121,2026-03-19 17:00:00,COMPLETED
ORD_008880,CUST_01289,2025-04-03 08:00:00,COMPLETED
ORD_008881,CUST_00954,2026-02-19 14:00:00,REFUNDED
ORD_008882,CUST_00488,2026-02-27 11:00:00,REFUNDED
ORD_008883,CUST_00795,2025-10-17 19:00:00,COMPLETED
ORD_008884,CUST_01278,2026-01-05 03:00:00,CANCELLED
ORD_008885,CUST_01612,2026-01-29 03:00:00,COMPLETED
ORD_008886,CUST_00837,2025-09-07 06:00:00,COMPLETED
ORD_008887,CUST_00510,2025-10-18 01:00:00,COMPLETED
ORD_008888,CUST_01145,2026-02-09 12:00:00,COMPLETED
ORD_008889,CUST_01851,2025-08-03 10:00:00,COMPLETED
ORD_008890,CUST_00906,2025-01-30 23:00:00,COMPLETED
ORD_008891,CUST_00091,2025-07-26 16:00:00,COMPLETED
ORD_008892,CUST_00497,2025-09-29 20:00:00,COMPLETED
ORD_008893,CUST_01713,2026-01-08 16:00:00,COMPLETED
ORD_008894,CUST_00702,2025-07-06 14:00:00,COMPLETED
ORD_008895,CUST_01126,2026-01-03 13:00:00,REFUNDED
ORD_008896,CUST_01711,2026-02-03 01:00:00,COMPLETED
ORD_008897,CUST_00910,2025-04-04 14:00:00,COMPLETED
ORD_008898,CUST_00847,2025-04-11 03:00:00,COMPLETED
ORD_008899,CUST_01694,2025-08-06 00:00:00,COMPLETED
ORD_008900,CUST_01144,2025-05-03 11:00:00,COMPLETED
ORD_008901,CUST_00614,2025-01-28 04:00:00,COMPLETED
ORD_008902,CUST_00871,2025-12-19 09:00:00,COMPLETED
ORD_008903,CUST_00916,2026-03-22 10:00:00,COMPLETED
ORD_008904,CUST_00851,2025-01-08 12:00:00,COMPLETED
ORD_008905,CUST_01901,2026-02-26 06:00:00,COMPLETED
ORD_008906,CUST_01508,2025-03-06 23:00:00,REFUNDED
ORD_008907,CUST_01385,2025-08-26 01:00:00,COMPLETED
ORD_008908,CUST_00164,2025-12-20 22:00:00,COMPLETED
ORD_008909,CUST_00241,2025-12-11 11:00:00,COMPLETED
ORD_008910,CUST_00380,2025-03-21 08:00:00,COMPLETED
ORD_008911,CUST_00730,2025-02-15 21:00:00,COMPLETED
ORD_008912,CUST_00762,2025-08-07 19:00:00,COMPLETED
ORD_008913,CUST_00507,2026-02-21 08:00:00,COMPLETED
ORD_008914,CUST_00686,2026-02-03 20:00:00,COMPLETED
ORD_008915,CUST_01316,2026-01-16 10:00:00,COMPLETED
ORD_008916,CUST_01223,2025-08-09 09:00:00,COMPLETED
ORD_008917,CUST_00227,2025-07-15 17:00:00,REFUNDED
ORD_008918,CUST_00871,2025-08-01 12:00:00,COMPLETED
ORD_008919,CUST_01159,2025-08-28 12:00:00,CANCELLED
ORD_008920,CUST_01691,2026-01-31 20:00:00,COMPLETED
ORD_008921,CUST_01694,2025-12-04 23:00:00,COMPLETED
ORD_008922,CUST_01062,2025-12-31 08:00:00,COMPLETED
ORD_008923,CUST_00711,2025-07-30 19:00:00,COMPLETED
ORD_008924,CUST_01505,2026-03-15 03:00:00,REFUNDED
ORD_008925,CUST_00895,2025-05-23 05:00:00,COMPLETED
ORD_008926,CUST_01151,2026-01-01 16:00:00,COMPLETED
ORD_008927,CUST_00053,2025-06-06 00:00:00,COMPLETED
ORD_008928,CUST_00750,2025-01-09 00:00:00,REFUNDED
ORD_008929,CUST_01306,2026-03-04 00:00:00,COMPLETED
ORD_008930,CUST_01468,2026-03-05 22:00:00,COMPLETED
ORD_008931,CUST_00426,2025-02-26 06:00:00,CANCELLED
ORD_008932,CUST_01783,2026-01-25 14:00:00,COMPLETED
ORD_008933,CUST_01183,2025-05-15 06:00:00,COMPLETED
ORD_008934,CUST_01342,2025-08-18 16:00:00,COMPLETED
ORD_008935,CUST_01961,2025-05-19 15:00:00,COMPLETED
ORD_008936,CUST_00970,2026-01-10 03:00:00,COMPLETED
ORD_008937,CUST_01324,2025-01-09 15:00:00,COMPLETED
ORD_008938,CUST_01712,2025-05-04 16:00:00,REFUNDED
ORD_008939,CUST_01571,2026-02-20 05:00:00,COMPLETED
ORD_008940,CUST_00955,2025-04-08 05:00:00,CANCELLED
ORD_008941,CUST_00963,2025-03-17 10:00:00,COMPLETED
ORD_008942,CUST_01650,2026-03-10 23:00:00,CANCELLED
ORD_008943,CUST_00222,2025-12-06 21:00:00,COMPLETED
ORD_008944,CUST_00069,2025-10-05 22:00:00,CANCELLED
ORD_008945,CUST_01610,2025-04-25 07:00:00,CANCELLED
ORD_008946,CUST_01692,2025-09-04 13:00:00,CANCELLED
ORD_008947,CUST_00937,2026-02-04 05:00:00,COMPLETED
ORD_008948,CUST_01851,2025-11-25 23:00:00,COMPLETED
ORD_008949,CUST_00270,2025-03-14 06:00:00,CANCELLED
ORD_008950,CUST_00731,2026-01-04 07:00:00,COMPLETED
ORD_008951,CUST_01904,2025-05-18 10:00:00,COMPLETED
ORD_008952,CUST_00037,2025-01-23 03:00:00,COMPLETED
ORD_008953,CUST_00172,2025-06-25 08:00:00,COMPLETED
ORD_008954,CUST_00738,2025-03-02 15:00:00,COMPLETED
ORD_008955,CUST_00565,2025-09-10 12:00:00,CANCELLED
ORD_008956,CUST_01236,2025-07-08 14:00:00,REFUNDED
ORD_008957,CUST_00072,2025-10-03 13:00:00,COMPLETED
ORD_008958,CUST_01662,2026-02-22 13:00:00,COMPLETED
ORD_008959,CUST_01242,2025-02-10 01:00:00,COMPLETED
ORD_008960,CUST_01246,2025-12-24 20:00:00,COMPLETED
ORD_008961,CUST_01077,2025-01-26 01:00:00,COMPLETED
ORD_008962,CUST_00917,2025-01-10 11:00:00,CANCELLED
ORD_008963,CUST_00648,2025-11-03 02:00:00,CANCELLED
ORD_008964,CUST_00741,2026-03-13 03:00:00,REFUNDED
ORD_008965,CUST_01987,2025-09-29 12:00:00,COMPLETED
ORD_008966,CUST_00433,2025-03-25 20:00:00,COMPLETED
ORD_008967,CUST_00517,2026-01-10 08:00:00,COMPLETED
ORD_008968,CUST_01813,2025-09-13 19:00:00,COMPLETED
ORD_008969,CUST_01868,2026-01-21 07:00:00,COMPLETED
ORD_008970,CUST_01100,2025-11-16 06:00:00,COMPLETED
ORD_008971,CUST_00714,2025-11-17 06:00:00,REFUNDED
ORD_008972,CUST_01466,2025-06-04 16:00:00,COMPLETED
ORD_008973,CUST_01420,2025-12-07 18:00:00,COMPLETED
ORD_008974,CUST_01309,2025-02-13 09:00:00,COMPLETED
ORD_008975,CUST_00781,2025-01-29 04:00:00,COMPLETED
ORD_008976,CUST_01667,2025-07-22 18:00:00,REFUNDED
ORD_008977,CUST_01506,2025-11-25 21:00:00,COMPLETED
ORD_008978,CUST_00821,2025-07-19 07:00:00,CANCELLED
ORD_008979,CUST_00485,2025-02-14 10:00:00,COMPLETED
ORD_008980,CUST_00677,2025-12-25 11:00:00,COMPLETED
ORD_008981,CUST_00543,2025-11-21 11:00:00,COMPLETED
ORD_008982,CUST_00368,2025-12-13 16:00:00,COMPLETED
ORD_008983,CUST_01418,2025-01-25 20:00:00,COMPLETED
ORD_008984,CUST_01966,2025-01-10 16:00:00,COMPLETED
ORD_008985,CUST_00053,2025-09-04 11:00:00,COMPLETED
ORD_008986,CUST_01131,2025-09-13 10:00:00,COMPLETED
ORD_008987,CUST_00683,2025-08-24 10:00:00,COMPLETED
ORD_008988,CUST_00432,2025-02-20 22:00:00,CANCELLED
ORD_008989,CUST_00020,2025-04-19 03:00:00,COMPLETED
ORD_008990,CUST_00899,2025-09-18 07:00:00,COMPLETED
ORD_008991,CUST_00941,2026-01-12 23:00:00,COMPLETED
ORD_008992,CUST_01468,2025-10-10 04:00:00,COMPLETED
ORD_008993,CUST_00262,2025-04-09 15:00:00,COMPLETED
ORD_008994,CUST_01251,2025-01-28 21:00:00,CANCELLED
ORD_008995,CUST_01392,2026-01-15 17:00:00,COMPLETED
ORD_008996,CUST_00286,2025-05-24 08:00:00,COMPLETED
ORD_008997,CUST_00779,2025-05-12 12:00:00,COMPLETED
ORD_008998,CUST_00654,2025-10-02 20:00:00,COMPLETED
ORD_008999,CUST_01016,2025-06-13 00:00:00,COMPLETED
ORD_009000,CUST_01113,2025-02-23 21:00:00,COMPLETED
ORD_009001,CUST_00121,2025-04-12 20:00:00,COMPLETED
ORD_009002,CUST_01435,2025-10-05 02:00:00,COMPLETED
ORD_009003,CUST_01163,2025-05-06 16:00:00,COMPLETED
ORD_009004,CUST_00546,2025-07-07 22:00:00,COMPLETED
ORD_009005,CUST_01877,2025-12-13 09:00:00,COMPLETED
ORD_009006,CUST_00316,2026-03-13 03:00:00,COMPLETED
ORD_009007,CUST_01763,2025-10-09 09:00:00,COMPLETED
ORD_009008,CUST_01966,2025-04-01 19:00:00,REFUNDED
ORD_009009,CUST_01634,2025-04-26 05:00:00,COMPLETED
ORD_009010,CUST_00046,2025-07-26 23:00:00,COMPLETED
ORD_009011,CUST_00820,2025-05-24 10:00:00,COMPLETED
ORD_009012,CUST_00848,2025-08-21 01:00:00,COMPLETED
ORD_009013,CUST_01221,2025-02-03 15:00:00,COMPLETED
ORD_009014,CUST_00063,2026-03-18 14:00:00,COMPLETED
ORD_009015,CUST_01273,2025-05-08 07:00:00,COMPLETED
ORD_009016,CUST_01556,2026-03-07 15:00:00,COMPLETED
ORD_009017,CUST_00871,2025-12-05 01:00:00,CANCELLED
ORD_009018,CUST_01751,2025-02-04 01:00:00,COMPLETED
ORD_009019,CUST_00529,2025-08-05 11:00:00,COMPLETED
ORD_009020,CUST_00345,2025-04-09 12:00:00,COMPLETED
ORD_009021,CUST_01809,2025-01-23 11:00:00,COMPLETED
ORD_009022,CUST_01201,2025-05-31 23:00:00,CANCELLED
ORD_009023,CUST_01648,2026-02-28 18:00:00,CANCELLED
ORD_009024,CUST_01977,2025-09-07 02:00:00,CANCELLED
ORD_009025,CUST_00394,2025-04-05 15:00:00,CANCELLED
ORD_009026,CUST_00721,2025-10-23 07:00:00,REFUNDED
ORD_009027,CUST_00114,2025-02-10 20:00:00,CANCELLED
ORD_009028,CUST_00964,2025-01-20 17:00:00,CANCELLED
ORD_009029,CUST_01663,2025-03-21 12:00:00,COMPLETED
ORD_009030,CUST_01604,2025-03-26 20:00:00,COMPLETED
ORD_009031,CUST_00865,2025-11-28 15:00:00,COMPLETED
ORD_009032,CUST_00448,2025-08-28 10:00:00,COMPLETED
ORD_009033,CUST_00992,2025-08-03 23:00:00,COMPLETED
ORD_009034,CUST_01562,2025-11-03 19:00:00,COMPLETED
ORD_009035,CUST_01362,2025-12-27 19:00:00,COMPLETED
ORD_009036,CUST_00513,2026-01-19 00:00:00,COMPLETED
ORD_009037,CUST_00557,2025-08-11 22:00:00,COMPLETED
ORD_009038,CUST_00213,2025-01-12 09:00:00,COMPLETED
ORD_009039,CUST_01988,2025-03-01 16:00:00,COMPLETED
ORD_009040,CUST_01129,2025-08-11 19:00:00,COMPLETED
ORD_009041,CUST_00130,2026-02-25 12:00:00,COMPLETED
ORD_009042,CUST_00224,2025-01-06 19:00:00,COMPLETED
ORD_009043,CUST_00387,2025-07-04 12:00:00,COMPLETED
ORD_009044,CUST_01361,2025-07-26 03:00:00,CANCELLED
ORD_009045,CUST_01164,2025-02-13 23:00:00,COMPLETED
ORD_009046,CUST_00044,2026-03-17 17:00:00,REFUNDED
ORD_009047,CUST_01673,2025-04-06 17:00:00,REFUNDED
ORD_009048,CUST_00942,2025-10-23 04:00:00,COMPLETED
ORD_009049,CUST_00348,2026-03-19 02:00:00,COMPLETED
ORD_009050,CUST_01215,2025-12-28 00:00:00,COMPLETED
ORD_009051,CUST_00689,2025-09-04 10:00:00,COMPLETED
ORD_009052,CUST_00199,2025-09-15 13:00:00,COMPLETED
ORD_009053,CUST_01213,2025-06-05 07:00:00,CANCELLED
ORD_009054,CUST_00698,2025-07-04 17:00:00,COMPLETED
ORD_009055,CUST_01227,2026-02-19 07:00:00,COMPLETED
ORD_009056,CUST_01061,2025-01-12 18:00:00,COMPLETED
ORD_009057,CUST_00961,2025-09-10 10:00:00,COMPLETED
ORD_009058,CUST_01020,2025-04-25 06:00:00,CANCELLED
ORD_009059,CUST_00417,2025-12-20 12:00:00,COMPLETED
ORD_009060,CUST_00957,2025-04-12 03:00:00,COMPLETED
ORD_009061,CUST_00093,2025-05-15 18:00:00,COMPLETED
ORD_009062,CUST_01048,2026-03-19 04:00:00,REFUNDED
ORD_009063,CUST_00394,2025-09-14 20:00:00,COMPLETED
ORD_009064,CUST_01509,2025-10-30 13:00:00,CANCELLED
ORD_009065,CUST_01500,2025-10-24 03:00:00,COMPLETED
ORD_009066,CUST_01650,2025-09-22 21:00:00,COMPLETED
ORD_009067,CUST_01160,2025-07-26 03:00:00,COMPLETED
ORD_009068,CUST_00283,2025-12-04 15:00:00,COMPLETED
ORD_009069,CUST_01894,2025-06-13 20:00:00,COMPLETED
ORD_009070,CUST_00961,2025-07-22 17:00:00,COMPLETED
ORD_009071,CUST_00464,2025-08-10 06:00:00,COMPLETED
ORD_009072,CUST_01663,2025-05-09 10:00:00,COMPLETED
ORD_009073,CUST_00865,2025-12-04 08:00:00,COMPLETED
ORD_009074,CUST_01721,2026-02-13 18:00:00,COMPLETED
ORD_009075,CUST_00352,2025-07-15 08:00:00,COMPLETED
ORD_009076,CUST_01561,2025-12-08 21:00:00,COMPLETED
ORD_009077,CUST_01248,2025-03-28 05:00:00,COMPLETED
ORD_009078,CUST_00196,2025-01-15 13:00:00,COMPLETED
ORD_009079,CUST_00008,2026-02-19 18:00:00,COMPLETED
ORD_009080,CUST_01394,2026-01-25 18:00:00,COMPLETED
ORD_009081,CUST_01346,2025-12-07 04:00:00,COMPLETED
ORD_009082,CUST_01278,2025-06-23 10:00:00,COMPLETED
ORD_009083,CUST_01816,2025-09-28 07:00:00,CANCELLED
ORD_009084,CUST_01227,2025-01-28 00:00:00,COMPLETED
ORD_009085,CUST_00236,2025-04-12 11:00:00,COMPLETED
ORD_009086,CUST_01389,2025-10-01 01:00:00,COMPLETED
ORD_009087,CUST_01145,2025-12-06 22:00:00,CANCELLED
ORD_009088,CUST_00602,2025-12-29 17:00:00,COMPLETED
ORD_009089,CUST_01803,2026-02-02 14:00:00,COMPLETED
ORD_009090,CUST_00079,2025-07-08 12:00:00,COMPLETED
ORD_009091,CUST_00137,2025-11-17 07:00:00,COMPLETED
ORD_009092,CUST_00214,2025-05-11 23:00:00,CANCELLED
ORD_009093,CUST_00312,2025-05-29 19:00:00,COMPLETED
ORD_009094,CUST_00925,2025-02-19 23:00:00,COMPLETED
ORD_009095,CUST_01200,2026-03-15 01:00:00,CANCELLED
ORD_009096,CUST_00189,2025-09-17 16:00:00,COMPLETED
ORD_009097,CUST_00870,2025-06-28 07:00:00,COMPLETED
ORD_009098,CUST_00715,2025-05-29 17:00:00,COMPLETED
ORD_009099,CUST_00698,2025-10-07 07:00:00,COMPLETED
ORD_009100,CUST_01955,2025-02-13 19:00:00,COMPLETED
ORD_009101,CUST_01308,2026-03-03 05:00:00,COMPLETED
ORD_009102,CUST_00055,2025-08-14 23:00:00,COMPLETED
ORD_009103,CUST_00378,2025-03-25 14:00:00,COMPLETED
ORD_009104,CUST_00461,2026-03-09 14:00:00,COMPLETED
ORD_009105,CUST_01628,2025-09-17 06:00:00,COMPLETED
ORD_009106,CUST_01499,2025-05-28 01:00:00,COMPLETED
ORD_009107,CUST_00120,2025-09-12 18:00:00,COMPLETED
ORD_009108,CUST_00735,2026-03-04 21:00:00,COMPLETED
ORD_009109,CUST_01905,2025-11-17 06:00:00,COMPLETED
ORD_009110,CUST_01968,2025-03-12 16:00:00,COMPLETED
ORD_009111,CUST_01360,2025-02-10 17:00:00,COMPLETED
ORD_009112,CUST_01293,2025-02-15 12:00:00,COMPLETED
ORD_009113,CUST_00508,2025-12-06 15:00:00,COMPLETED
ORD_009114,CUST_00434,2025-02-14 15:00:00,COMPLETED
ORD_009115,CUST_01895,2025-08-20 21:00:00,CANCELLED
ORD_009116,CUST_00581,2025-02-18 03:00:00,COMPLETED
ORD_009117,CUST_00378,2025-01-04 07:00:00,COMPLETED
ORD_009118,CUST_01352,2025-05-26 01:00:00,COMPLETED
ORD_009119,CUST_01443,2025-03-31 01:00:00,COMPLETED
ORD_009120,CUST_00715,2025-09-09 07:00:00,COMPLETED
ORD_009121,CUST_01724,2025-08-12 02:00:00,COMPLETED
ORD_009122,CUST_01492,2025-09-13 09:00:00,COMPLETED
ORD_009123,CUST_01995,2025-06-13 14:00:00,COMPLETED
ORD_009124,CUST_01774,2026-01-23 08:00:00,COMPLETED
ORD_009125,CUST_01060,2025-02-24 15:00:00,COMPLETED
ORD_009126,CUST_00600,2025-11-17 19:00:00,REFUNDED
ORD_009127,CUST_00485,2025-02-03 16:00:00,COMPLETED
ORD_009128,CUST_01440,2025-05-20 20:00:00,COMPLETED
ORD_009129,CUST_00483,2025-09-28 00:00:00,COMPLETED
ORD_009130,CUST_01256,2025-01-10 01:00:00,COMPLETED
ORD_009131,CUST_01260,2025-01-15 00:00:00,COMPLETED
ORD_009132,CUST_00650,2026-03-25 02:00:00,COMPLETED
ORD_009133,CUST_01471,2025-04-27 07:00:00,COMPLETED
ORD_009134,CUST_00020,2025-01-31 21:00:00,COMPLETED
ORD_009135,CUST_01963,2025-11-23 05:00:00,COMPLETED
ORD_009136,CUST_00359,2026-01-05 03:00:00,COMPLETED
ORD_009137,CUST_00898,2025-05-22 17:00:00,COMPLETED
ORD_009138,CUST_01581,2025-10-29 00:00:00,COMPLETED
ORD_009139,CUST_01368,2025-05-11 00:00:00,COMPLETED
ORD_009140,CUST_00159,2025-02-10 02:00:00,COMPLETED
ORD_009141,CUST_00908,2026-01-08 07:00:00,COMPLETED
ORD_009142,CUST_00409,2026-03-04 20:00:00,COMPLETED
ORD_009143,CUST_00150,2025-10-20 05:00:00,COMPLETED
ORD_009144,CUST_00317,2025-02-25 11:00:00,COMPLETED
ORD_009145,CUST_00094,2025-12-05 20:00:00,COMPLETED
ORD_009146,CUST_01683,2025-10-13 23:00:00,COMPLETED
ORD_009147,CUST_00706,2026-03-27 02:00:00,COMPLETED
ORD_009148,CUST_00316,2025-10-25 04:00:00,COMPLETED
ORD_009149,CUST_00888,2025-08-27 15:00:00,COMPLETED
ORD_009150,CUST_01213,2025-03-17 08:00:00,REFUNDED
ORD_009151,CUST_00556,2025-05-28 07:00:00,COMPLETED
ORD_009152,CUST_01684,2025-11-27 14:00:00,COMPLETED
ORD_009153,CUST_01268,2025-12-30 13:00:00,COMPLETED
ORD_009154,CUST_01352,2025-05-28 10:00:00,CANCELLED
ORD_009155,CUST_01406,2025-07-13 02:00:00,COMPLETED
ORD_009156,CUST_00493,2025-09-23 23:00:00,COMPLETED
ORD_009157,CUST_00932,2026-01-15 09:00:00,COMPLETED
ORD_009158,CUST_00790,2025-08-07 17:00:00,CANCELLED
ORD_009159,CUST_01117,2025-10-21 03:00:00,COMPLETED
ORD_009160,CUST_00923,2025-07-11 22:00:00,COMPLETED
ORD_009161,CUST_01415,2025-11-22 17:00:00,CANCELLED
ORD_009162,CUST_01179,2026-01-17 06:00:00,COMPLETED
ORD_009163,CUST_00482,2025-04-16 12:00:00,COMPLETED
ORD_009164,CUST_01021,2025-06-18 19:00:00,COMPLETED
ORD_009165,CUST_01333,2026-01-25 14:00:00,COMPLETED
ORD_009166,CUST_01139,2025-06-08 15:00:00,COMPLETED
ORD_009167,CUST_00537,2025-01-23 20:00:00,REFUNDED
ORD_009168,CUST_01190,2025-10-30 03:00:00,COMPLETED
ORD_009169,CUST_01603,2025-05-30 16:00:00,COMPLETED
ORD_009170,CUST_01711,2025-08-25 23:00:00,CANCELLED
ORD_009171,CUST_01936,2025-12-19 03:00:00,COMPLETED
ORD_009172,CUST_00885,2025-11-05 05:00:00,COMPLETED
ORD_009173,CUST_01013,2025-12-24 21:00:00,COMPLETED
ORD_009174,CUST_00961,2025-11-08 00:00:00,COMPLETED
ORD_009175,CUST_00996,2026-03-20 16:00:00,COMPLETED
ORD_009176,CUST_01077,2026-02-08 07:00:00,COMPLETED
ORD_009177,CUST_01839,2025-04-25 16:00:00,CANCELLED
ORD_009178,CUST_00167,2025-03-09 23:00:00,COMPLETED
ORD_009179,CUST_00590,2025-07-12 11:00:00,COMPLETED
ORD_009180,CUST_00887,2025-08-05 03:00:00,COMPLETED
ORD_009181,CUST_01410,2025-10-18 15:00:00,REFUNDED
ORD_009182,CUST_01714,2025-10-01 20:00:00,COMPLETED
ORD_009183,CUST_00331,2026-02-16 18:00:00,COMPLETED
ORD_009184,CUST_00755,2025-07-13 17:00:00,COMPLETED
ORD_009185,CUST_01241,2025-02-06 04:00:00,COMPLETED
ORD_009186,CUST_01589,2025-07-13 12:00:00,CANCELLED
ORD_009187,CUST_00627,2025-07-30 21:00:00,COMPLETED
ORD_009188,CUST_01670,2025-11-12 18:00:00,COMPLETED
ORD_009189,CUST_00564,2025-03-02 12:00:00,COMPLETED
ORD_009190,CUST_01488,2026-01-09 18:00:00,CANCELLED
ORD_009191,CUST_00973,2026-03-09 18:00:00,COMPLETED
ORD_009192,CUST_00149,2026-03-23 05:00:00,COMPLETED
ORD_009193,CUST_01028,2026-01-09 22:00:00,COMPLETED
ORD_009194,CUST_00282,2025-08-23 14:00:00,COMPLETED
ORD_009195,CUST_00572,2025-12-12 00:00:00,COMPLETED
ORD_009196,CUST_00528,2025-12-12 16:00:00,COMPLETED
ORD_009197,CUST_01409,2026-02-20 20:00:00,COMPLETED
ORD_009198,CUST_00016,2025-08-06 22:00:00,COMPLETED
ORD_009199,CUST_01612,2026-02-06 12:00:00,REFUNDED
ORD_009200,CUST_01134,2025-07-01 14:00:00,COMPLETED
ORD_009201,CUST_00270,2026-02-10 09:00:00,COMPLETED
ORD_009202,CUST_01552,2025-10-03 23:00:00,COMPLETED
ORD_009203,CUST_00560,2025-08-06 11:00:00,COMPLETED
ORD_009204,CUST_01574,2026-03-07 19:00:00,COMPLETED
ORD_009205,CUST_00497,2025-08-19 14:00:00,COMPLETED
ORD_009206,CUST_00113,2025-12-06 10:00:00,COMPLETED
ORD_009207,CUST_01852,2025-11-04 14:00:00,COMPLETED
ORD_009208,CUST_00845,2025-09-09 13:00:00,COMPLETED
ORD_009209,CUST_00876,2025-09-04 06:00:00,COMPLETED
ORD_009210,CUST_01847,2025-12-21 21:00:00,COMPLETED
ORD_009211,CUST_00583,2026-02-10 20:00:00,COMPLETED
ORD_009212,CUST_00792,2025-09-17 00:00:00,CANCELLED
ORD_009213,CUST_01601,2025-01-21 14:00:00,COMPLETED
ORD_009214,CUST_00636,2025-06-12 01:00:00,COMPLETED
ORD_009215,CUST_00158,2026-01-10 13:00:00,COMPLETED
ORD_009216,CUST_00420,2025-09-26 04:00:00,CANCELLED
ORD_009217,CUST_00419,2025-04-09 20:00:00,COMPLETED
ORD_009218,CUST_00127,2026-01-10 07:00:00,COMPLETED
ORD_009219,CUST_00159,2026-02-04 15:00:00,COMPLETED
ORD_009220,CUST_01765,2025-05-01 07:00:00,COMPLETED
ORD_009221,CUST_01439,2025-10-17 07:00:00,COMPLETED
ORD_009222,CUST_01023,2025-05-23 14:00:00,COMPLETED
ORD_009223,CUST_00739,2026-01-31 09:00:00,COMPLETED
ORD_009224,CUST_00886,2025-12-20 02:00:00,COMPLETED
ORD_009225,CUST_00451,2025-12-07 23:00:00,COMPLETED
ORD_009226,CUST_01751,2025-03-31 13:00:00,COMPLETED
ORD_009227,CUST_01626,2025-09-13 17:00:00,COMPLETED
ORD_009228,CUST_00955,2025-09-14 12:00:00,COMPLETED
ORD_009229,CUST_01389,2026-02-22 10:00:00,COMPLETED
ORD_009230,CUST_01448,2025-08-18 01:00:00,COMPLETED
ORD_009231,CUST_01432,2025-08-17 07:00:00,COMPLETED
ORD_009232,CUST_01975,2025-11-27 17:00:00,COMPLETED
ORD_009233,CUST_01387,2025-07-08 08:00:00,REFUNDED
ORD_009234,CUST_00551,2026-03-07 12:00:00,COMPLETED
ORD_009235,CUST_00382,2025-01-02 23:00:00,COMPLETED
ORD_009236,CUST_01811,2026-01-16 11:00:00,COMPLETED
ORD_009237,CUST_00903,2025-03-21 02:00:00,COMPLETED
ORD_009238,CUST_00830,2025-08-24 06:00:00,COMPLETED
ORD_009239,CUST_00056,2025-03-11 02:00:00,COMPLETED
ORD_009240,CUST_01000,2025-05-08 06:00:00,COMPLETED
ORD_009241,CUST_00467,2025-01-02 20:00:00,COMPLETED
ORD_009242,CUST_00370,2025-06-20 16:00:00,COMPLETED
ORD_009243,CUST_00208,2026-02-13 14:00:00,REFUNDED
ORD_009244,CUST_01867,2025-12-15 17:00:00,COMPLETED
ORD_009245,CUST_01997,2025-10-26 05:00:00,COMPLETED
ORD_009246,CUST_01700,2026-02-14 20:00:00,COMPLETED
ORD_009247,CUST_00891,2025-09-18 16:00:00,COMPLETED
ORD_009248,CUST_00907,2025-01-08 05:00:00,COMPLETED
ORD_009249,CUST_00473,2026-01-01 21:00:00,COMPLETED
ORD_009250,CUST_01192,2025-03-22 18:00:00,COMPLETED
ORD_009251,CUST_01623,2025-12-03 11:00:00,COMPLETED
ORD_009252,CUST_01318,2025-06-20 15:00:00,COMPLETED
ORD_009253,CUST_00167,2025-07-23 19:00:00,COMPLETED
ORD_009254,CUST_01772,2026-01-23 06:00:00,COMPLETED
ORD_009255,CUST_00012,2025-01-29 16:00:00,COMPLETED
ORD_009256,CUST_01322,2025-09-25 17:00:00,COMPLETED
ORD_009257,CUST_01889,2025-04-21 15:00:00,COMPLETED
ORD_009258,CUST_01132,2026-02-21 21:00:00,COMPLETED
ORD_009259,CUST_00828,2025-01-17 14:00:00,COMPLETED
ORD_009260,CUST_00154,2025-11-03 23:00:00,COMPLETED
ORD_009261,CUST_01598,2025-10-26 23:00:00,COMPLETED
ORD_009262,CUST_01104,2025-02-05 22:00:00,CANCELLED
ORD_009263,CUST_01706,2025-12-11 19:00:00,COMPLETED
ORD_009264,CUST_01839,2026-02-06 23:00:00,COMPLETED
ORD_009265,CUST_00319,2025-01-06 13:00:00,COMPLETED
ORD_009266,CUST_01452,2025-03-07 06:00:00,COMPLETED
ORD_009267,CUST_01793,2025-12-17 21:00:00,COMPLETED
ORD_009268,CUST_00032,2025-11-29 02:00:00,COMPLETED
ORD_009269,CUST_00001,2025-06-27 23:00:00,COMPLETED
ORD_009270,CUST_00155,2025-05-25 07:00:00,COMPLETED
ORD_009271,CUST_01049,2026-01-31 09:00:00,COMPLETED
ORD_009272,CUST_00670,2025-05-31 19:00:00,COMPLETED
ORD_009273,CUST_01693,2025-02-10 18:00:00,REFUNDED
ORD_009274,CUST_01188,2026-02-28 15:00:00,COMPLETED
ORD_009275,CUST_01854,2025-06-08 14:00:00,COMPLETED
ORD_009276,CUST_00107,2025-01-02 20:00:00,COMPLETED
ORD_009277,CUST_01832,2025-10-07 09:00:00,CANCELLED
ORD_009278,CUST_00627,2025-10-05 23:00:00,COMPLETED
ORD_009279,CUST_00171,2025-07-23 15:00:00,COMPLETED
ORD_009280,CUST_01901,2025-03-05 03:00:00,COMPLETED
ORD_009281,CUST_00500,2025-12-27 14:00:00,COMPLETED
ORD_009282,CUST_01085,2026-01-22 05:00:00,COMPLETED
ORD_009283,CUST_00083,2025-05-31 19:00:00,COMPLETED
ORD_009284,CUST_00554,2025-09-28 20:00:00,CANCELLED
ORD_009285,CUST_00942,2025-06-11 18:00:00,COMPLETED
ORD_009286,CUST_00129,2025-07-13 07:00:00,COMPLETED
ORD_009287,CUST_01115,2025-05-12 06:00:00,COMPLETED
ORD_009288,CUST_01707,2025-08-05 11:00:00,COMPLETED
ORD_009289,CUST_01988,2026-03-02 23:00:00,COMPLETED
ORD_009290,CUST_00066,2026-03-16 01:00:00,COMPLETED
ORD_009291,CUST_00606,2025-11-12 08:00:00,COMPLETED
ORD_009292,CUST_00106,2025-02-23 13:00:00,COMPLETED
ORD_009293,CUST_01789,2025-03-14 20:00:00,COMPLETED
ORD_009294,CUST_01493,2025-12-23 22:00:00,COMPLETED
ORD_009295,CUST_01846,2026-01-31 12:00:00,COMPLETED
ORD_009296,CUST_01416,2025-08-22 05:00:00,CANCELLED
ORD_009297,CUST_01145,2025-05-17 00:00:00,COMPLETED
ORD_009298,CUST_00656,2025-09-16 19:00:00,COMPLETED
ORD_009299,CUST_01935,2025-07-14 05:00:00,COMPLETED
ORD_009300,CUST_01789,2025-10-14 21:00:00,COMPLETED
ORD_009301,CUST_01843,2025-09-10 01:00:00,COMPLETED
ORD_009302,CUST_01255,2025-02-12 22:00:00,CANCELLED
ORD_009303,CUST_00117,2025-05-07 04:00:00,COMPLETED
ORD_009304,CUST_01929,2026-03-10 03:00:00,COMPLETED
ORD_009305,CUST_00964,2025-07-10 12:00:00,COMPLETED
ORD_009306,CUST_01201,2025-08-06 14:00:00,COMPLETED
ORD_009307,CUST_00382,2025-02-01 02:00:00,COMPLETED
ORD_009308,CUST_01778,2025-12-13 19:00:00,COMPLETED
ORD_009309,CUST_01725,2025-02-09 16:00:00,CANCELLED
ORD_009310,CUST_01594,2025-08-27 03:00:00,COMPLETED
ORD_009311,CUST_01963,2025-08-26 03:00:00,COMPLETED
ORD_009312,CUST_00989,2025-01-04 08:00:00,COMPLETED
ORD_009313,CUST_00970,2026-02-07 10:00:00,COMPLETED
ORD_009314,CUST_00875,2026-01-02 19:00:00,COMPLETED
ORD_009315,CUST_00100,2025-10-21 19:00:00,COMPLETED
ORD_009316,CUST_00655,2025-03-23 22:00:00,COMPLETED
ORD_009317,CUST_01826,2025-01-24 15:00:00,COMPLETED
ORD_009318,CUST_01686,2026-02-19 02:00:00,COMPLETED
ORD_009319,CUST_00665,2025-09-22 19:00:00,COMPLETED
ORD_009320,CUST_00300,2025-10-09 21:00:00,COMPLETED
ORD_009321,CUST_00945,2025-01-12 04:00:00,COMPLETED
ORD_009322,CUST_00017,2025-03-30 02:00:00,COMPLETED
ORD_009323,CUST_00547,2025-05-05 03:00:00,COMPLETED
ORD_009324,CUST_00359,2025-10-12 18:00:00,CANCELLED
ORD_009325,CUST_00802,2025-11-28 12:00:00,COMPLETED
ORD_009326,CUST_00522,2025-01-17 10:00:00,COMPLETED
ORD_009327,CUST_00114,2025-01-18 06:00:00,COMPLETED
ORD_009328,CUST_01182,2025-06-09 12:00:00,COMPLETED
ORD_009329,CUST_00527,2025-02-25 20:00:00,COMPLETED
ORD_009330,CUST_01493,2025-02-16 15:00:00,COMPLETED
ORD_009331,CUST_01001,2025-05-02 09:00:00,COMPLETED
ORD_009332,CUST_01514,2025-02-16 15:00:00,COMPLETED
ORD_009333,CUST_01561,2025-12-28 08:00:00,COMPLETED
ORD_009334,CUST_01521,2025-02-15 08:00:00,CANCELLED
ORD_009335,CUST_00676,2025-07-28 11:00:00,COMPLETED
ORD_009336,CUST_00516,2025-07-06 09:00:00,COMPLETED
ORD_009337,CUST_00212,2025-06-17 02:00:00,COMPLETED
ORD_009338,CUST_01037,2026-02-17 05:00:00,COMPLETED
ORD_009339,CUST_00998,2025-05-07 06:00:00,COMPLETED
ORD_009340,CUST_00998,2025-06-24 11:00:00,COMPLETED
ORD_009341,CUST_01587,2025-10-28 02:00:00,CANCELLED
ORD_009342,CUST_00601,2025-08-01 09:00:00,COMPLETED
ORD_009343,CUST_01117,2026-01-17 19:00:00,COMPLETED
ORD_009344,CUST_01578,2025-02-14 11:00:00,COMPLETED
ORD_009345,CUST_00766,2025-12-02 13:00:00,COMPLETED
ORD_009346,CUST_00739,2025-07-27 06:00:00,COMPLETED
ORD_009347,CUST_01113,2025-01-13 22:00:00,COMPLETED
ORD_009348,CUST_01895,2025-04-11 12:00:00,COMPLETED
ORD_009349,CUST_01136,2025-04-13 07:00:00,REFUNDED
ORD_009350,CUST_01343,2025-09-20 13:00:00,COMPLETED
ORD_009351,CUST_01726,2026-01-02 09:00:00,COMPLETED
ORD_009352,CUST_00709,2025-09-18 12:00:00,COMPLETED
ORD_009353,CUST_00981,2025-06-20 00:00:00,COMPLETED
ORD_009354,CUST_01114,2025-01-28 14:00:00,REFUNDED
ORD_009355,CUST_00803,2025-05-31 08:00:00,COMPLETED
ORD_009356,CUST_01477,2025-04-17 10:00:00,COMPLETED
ORD_009357,CUST_00763,2025-04-02 10:00:00,COMPLETED
ORD_009358,CUST_01915,2026-03-10 20:00:00,COMPLETED
ORD_009359,CUST_01776,2025-01-01 02:00:00,COMPLETED
ORD_009360,CUST_00526,2025-10-18 02:00:00,COMPLETED
ORD_009361,CUST_01469,2025-07-31 11:00:00,COMPLETED
ORD_009362,CUST_00183,2025-04-29 12:00:00,COMPLETED
ORD_009363,CUST_00598,2025-05-13 14:00:00,COMPLETED
ORD_009364,CUST_01968,2025-01-11 12:00:00,COMPLETED
ORD_009365,CUST_01494,2025-11-30 13:00:00,COMPLETED
ORD_009366,CUST_01249,2025-11-11 13:00:00,COMPLETED
ORD_009367,CUST_01849,2026-03-09 20:00:00,CANCELLED
ORD_009368,CUST_01532,2026-02-04 21:00:00,CANCELLED
ORD_009369,CUST_01498,2025-09-03 15:00:00,COMPLETED
ORD_009370,CUST_00988,2025-09-17 20:00:00,COMPLETED
ORD_009371,CUST_01259,2025-02-20 06:00:00,CANCELLED
ORD_009372,CUST_01061,2025-05-16 02:00:00,CANCELLED
ORD_009373,CUST_00122,2025-06-08 10:00:00,COMPLETED
ORD_009374,CUST_00694,2025-03-18 08:00:00,CANCELLED
ORD_009375,CUST_00088,2026-03-15 08:00:00,COMPLETED
ORD_009376,CUST_00657,2025-10-08 13:00:00,COMPLETED
ORD_009377,CUST_00248,2025-05-21 18:00:00,COMPLETED
ORD_009378,CUST_00877,2025-02-03 21:00:00,COMPLETED
ORD_009379,CUST_01024,2026-02-25 10:00:00,COMPLETED
ORD_009380,CUST_00831,2025-04-21 11:00:00,COMPLETED
ORD_009381,CUST_01542,2025-01-13 18:00:00,COMPLETED
ORD_009382,CUST_00354,2025-01-09 21:00:00,COMPLETED
ORD_009383,CUST_01020,2025-05-16 06:00:00,COMPLETED
ORD_009384,CUST_01756,2025-06-29 23:00:00,COMPLETED
ORD_009385,CUST_01895,2026-01-23 02:00:00,COMPLETED
ORD_009386,CUST_00889,2026-03-03 16:00:00,COMPLETED
ORD_009387,CUST_00587,2025-05-22 01:00:00,COMPLETED
ORD_009388,CUST_00510,2025-07-13 06:00:00,COMPLETED
ORD_009389,CUST_00822,2025-11-03 04:00:00,COMPLETED
ORD_009390,CUST_01127,2025-11-04 22:00:00,COMPLETED
ORD_009391,CUST_01010,2025-05-12 20:00:00,CANCELLED
ORD_009392,CUST_00590,2026-01-10 12:00:00,COMPLETED
ORD_009393,CUST_01749,2025-07-06 03:00:00,COMPLETED
ORD_009394,CUST_01854,2026-02-04 06:00:00,COMPLETED
ORD_009395,CUST_00891,2025-03-16 14:00:00,CANCELLED
ORD_009396,CUST_00765,2025-02-13 01:00:00,COMPLETED
ORD_009397,CUST_01078,2025-01-18 09:00:00,COMPLETED
ORD_009398,CUST_00879,2025-11-13 20:00:00,COMPLETED
ORD_009399,CUST_00022,2025-10-26 03:00:00,COMPLETED
ORD_009400,CUST_00859,2026-03-20 05:00:00,COMPLETED
ORD_009401,CUST_00156,2025-08-08 08:00:00,COMPLETED
ORD_009402,CUST_00530,2026-01-21 07:00:00,COMPLETED
ORD_009403,CUST_00852,2025-09-22 08:00:00,COMPLETED
ORD_009404,CUST_01154,2026-01-23 15:00:00,REFUNDED
ORD_009405,CUST_00309,2025-12-31 00:00:00,COMPLETED
ORD_009406,CUST_01864,2026-01-11 19:00:00,CANCELLED
ORD_009407,CUST_01192,2025-10-15 03:00:00,CANCELLED
ORD_009408,CUST_01302,2025-10-22 05:00:00,COMPLETED
ORD_009409,CUST_00936,2025-11-28 00:00:00,COMPLETED
ORD_009410,CUST_00823,2025-07-05 01:00:00,COMPLETED
ORD_009411,CUST_00210,2025-11-07 03:00:00,COMPLETED
ORD_009412,CUST_00095,2025-07-16 06:00:00,COMPLETED
ORD_009413,CUST_00504,2025-05-03 18:00:00,CANCELLED
ORD_009414,CUST_01732,2025-12-13 23:00:00,COMPLETED
ORD_009415,CUST_01567,2025-03-19 21:00:00,COMPLETED
ORD_009416,CUST_00645,2025-05-05 12:00:00,REFUNDED
ORD_009417,CUST_00059,2025-03-07 10:00:00,CANCELLED
ORD_009418,CUST_00989,2025-10-26 07:00:00,COMPLETED
ORD_009419,CUST_00028,2025-03-10 17:00:00,COMPLETED
ORD_009420,CUST_01376,2025-08-08 11:00:00,COMPLETED
ORD_009421,CUST_01742,2025-09-08 23:00:00,REFUNDED
ORD_009422,CUST_00696,2026-02-07 03:00:00,COMPLETED
ORD_009423,CUST_01924,2025-02-26 22:00:00,COMPLETED
ORD_009424,CUST_01421,2026-03-18 19:00:00,COMPLETED
ORD_009425,CUST_01074,2025-03-28 22:00:00,COMPLETED
ORD_009426,CUST_00012,2025-05-31 18:00:00,COMPLETED
ORD_009427,CUST_01799,2026-01-16 03:00:00,COMPLETED
ORD_009428,CUST_01826,2025-03-13 16:00:00,COMPLETED
ORD_009429,CUST_01108,2026-01-29 23:00:00,COMPLETED
ORD_009430,CUST_00359,2026-01-31 06:00:00,COMPLETED
ORD_009431,CUST_00568,2025-01-02 00:00:00,COMPLETED
ORD_009432,CUST_00736,2025-08-07 05:00:00,COMPLETED
ORD_009433,CUST_00914,2026-03-22 07:00:00,CANCELLED
ORD_009434,CUST_00206,2026-01-24 17:00:00,REFUNDED
ORD_009435,CUST_01251,2025-02-27 16:00:00,COMPLETED
ORD_009436,CUST_01842,2025-04-19 20:00:00,COMPLETED
ORD_009437,CUST_00965,2025-11-15 05:00:00,COMPLETED
ORD_009438,CUST_00092,2025-05-18 11:00:00,COMPLETED
ORD_009439,CUST_00856,2025-03-01 13:00:00,COMPLETED
ORD_009440,CUST_00263,2025-09-10 18:00:00,COMPLETED
ORD_009441,CUST_00185,2025-02-15 15:00:00,COMPLETED
ORD_009442,CUST_01453,2025-08-19 12:00:00,REFUNDED
ORD_009443,CUST_01597,2025-03-04 21:00:00,COMPLETED
ORD_009444,CUST_00354,2026-01-02 18:00:00,COMPLETED
ORD_009445,CUST_01520,2025-08-12 00:00:00,COMPLETED
ORD_009446,CUST_00599,2025-09-09 19:00:00,COMPLETED
ORD_009447,CUST_01729,2026-02-19 02:00:00,COMPLETED
ORD_009448,CUST_00518,2025-02-18 15:00:00,COMPLETED
ORD_009449,CUST_00022,2025-03-14 19:00:00,REFUNDED
ORD_009450,CUST_01271,2026-03-20 04:00:00,COMPLETED
ORD_009451,CUST_01592,2025-05-02 07:00:00,COMPLETED
ORD_009452,CUST_00222,2025-12-27 10:00:00,CANCELLED
ORD_009453,CUST_00317,2025-10-17 03:00:00,COMPLETED
ORD_009454,CUST_01905,2025-05-08 23:00:00,COMPLETED
ORD_009455,CUST_01491,2025-04-18 11:00:00,COMPLETED
ORD_009456,CUST_01245,2025-04-16 02:00:00,COMPLETED
ORD_009457,CUST_01070,2025-07-11 07:00:00,COMPLETED
ORD_009458,CUST_00393,2025-06-30 13:00:00,COMPLETED
ORD_009459,CUST_01908,2025-03-27 22:00:00,CANCELLED
ORD_009460,CUST_00928,2026-01-22 17:00:00,COMPLETED
ORD_009461,CUST_01946,2026-03-16 14:00:00,REFUNDED
ORD_009462,CUST_01571,2026-01-04 04:00:00,COMPLETED
ORD_009463,CUST_00109,2026-01-03 09:00:00,COMPLETED
ORD_009464,CUST_01048,2025-07-01 22:00:00,COMPLETED
ORD_009465,CUST_01153,2026-03-01 20:00:00,COMPLETED
ORD_009466,CUST_00342,2025-01-12 08:00:00,CANCELLED
ORD_009467,CUST_01541,2026-01-03 22:00:00,COMPLETED
ORD_009468,CUST_00691,2025-01-15 18:00:00,COMPLETED
ORD_009469,CUST_01168,2025-05-10 03:00:00,COMPLETED
ORD_009470,CUST_00536,2025-05-17 14:00:00,COMPLETED
ORD_009471,CUST_00574,2025-12-07 15:00:00,COMPLETED
ORD_009472,CUST_00931,2025-02-16 13:00:00,COMPLETED
ORD_009473,CUST_01757,2025-10-09 05:00:00,COMPLETED
ORD_009474,CUST_00783,2025-09-30 21:00:00,COMPLETED
ORD_009475,CUST_01470,2025-11-09 17:00:00,COMPLETED
ORD_009476,CUST_01067,2025-03-30 02:00:00,COMPLETED
ORD_009477,CUST_01722,2025-10-02 20:00:00,COMPLETED
ORD_009478,CUST_00059,2025-03-07 09:00:00,COMPLETED
ORD_009479,CUST_00353,2025-05-27 12:00:00,CANCELLED
ORD_009480,CUST_01549,2025-10-08 05:00:00,COMPLETED
ORD_009481,CUST_00685,2026-02-21 03:00:00,COMPLETED
ORD_009482,CUST_00811,2025-07-24 06:00:00,COMPLETED
ORD_009483,CUST_00259,2025-07-12 04:00:00,COMPLETED
ORD_009484,CUST_01065,2025-11-03 15:00:00,COMPLETED
ORD_009485,CUST_00830,2025-01-03 06:00:00,CANCELLED
ORD_009486,CUST_01486,2025-09-25 13:00:00,COMPLETED
ORD_009487,CUST_01720,2026-03-13 20:00:00,COMPLETED
ORD_009488,CUST_01080,2025-05-26 20:00:00,COMPLETED
ORD_009489,CUST_00298,2026-03-20 22:00:00,COMPLETED
ORD_009490,CUST_00982,2025-12-04 20:00:00,COMPLETED
ORD_009491,CUST_01317,2025-11-25 14:00:00,COMPLETED
ORD_009492,CUST_01585,2026-03-26 07:00:00,COMPLETED
ORD_009493,CUST_01700,2025-03-14 22:00:00,COMPLETED
ORD_009494,CUST_01750,2025-03-25 06:00:00,COMPLETED
ORD_009495,CUST_00337,2025-03-13 04:00:00,COMPLETED
ORD_009496,CUST_00095,2025-05-10 05:00:00,CANCELLED
ORD_009497,CUST_01308,2026-03-15 13:00:00,CANCELLED
ORD_009498,CUST_01437,2025-04-13 14:00:00,REFUNDED
ORD_009499,CUST_00916,2026-03-22 17:00:00,COMPLETED
ORD_009500,CUST_00453,2026-01-07 06:00:00,COMPLETED
ORD_009501,CUST_00744,2025-07-21 16:00:00,COMPLETED
ORD_009502,CUST_00675,2026-01-18 02:00:00,COMPLETED
ORD_009503,CUST_00704,2025-03-23 10:00:00,CANCELLED
ORD_009504,CUST_01766,2025-05-09 03:00:00,COMPLETED
ORD_009505,CUST_00212,2025-05-31 10:00:00,COMPLETED
ORD_009506,CUST_00247,2025-03-11 16:00:00,COMPLETED
ORD_009507,CUST_00877,2026-02-03 15:00:00,COMPLETED
ORD_009508,CUST_00758,2026-02-21 17:00:00,COMPLETED
ORD_009509,CUST_00154,2025-05-24 15:00:00,COMPLETED
ORD_009510,CUST_01411,2025-06-27 19:00:00,COMPLETED
ORD_009511,CUST_00304,2025-01-04 08:00:00,COMPLETED
ORD_009512,CUST_01146,2025-05-13 14:00:00,COMPLETED
ORD_009513,CUST_01752,2025-05-25 22:00:00,CANCELLED
ORD_009514,CUST_01937,2025-02-16 14:00:00,COMPLETED
ORD_009515,CUST_01084,2025-08-06 09:00:00,COMPLETED
ORD_009516,CUST_00794,2025-04-20 08:00:00,REFUNDED
ORD_009517,CUST_01747,2025-05-18 02:00:00,COMPLETED
ORD_009518,CUST_00386,2025-01-02 11:00:00,COMPLETED
ORD_009519,CUST_01712,2025-08-23 18:00:00,COMPLETED
ORD_009520,CUST_00109,2025-06-03 21:00:00,CANCELLED
ORD_009521,CUST_01562,2026-01-10 01:00:00,CANCELLED
ORD_009522,CUST_00487,2025-07-17 22:00:00,COMPLETED
ORD_009523,CUST_01724,2025-06-14 05:00:00,COMPLETED
ORD_009524,CUST_01027,2026-01-22 11:00:00,CANCELLED
ORD_009525,CUST_00377,2025-04-22 05:00:00,COMPLETED
ORD_009526,CUST_00289,2025-10-24 07:00:00,COMPLETED
ORD_009527,CUST_00122,2025-11-20 04:00:00,COMPLETED
ORD_009528,CUST_00297,2025-05-18 09:00:00,COMPLETED
ORD_009529,CUST_00653,2026-03-04 08:00:00,COMPLETED
ORD_009530,CUST_00552,2025-12-06 17:00:00,COMPLETED
ORD_009531,CUST_00093,2026-01-22 07:00:00,COMPLETED
ORD_009532,CUST_01100,2025-05-23 23:00:00,COMPLETED
ORD_009533,CUST_01891,2025-07-11 03:00:00,REFUNDED
ORD_009534,CUST_00040,2025-10-23 18:00:00,COMPLETED
ORD_009535,CUST_01229,2025-07-08 10:00:00,COMPLETED
ORD_009536,CUST_00037,2025-01-03 17:00:00,COMPLETED
ORD_009537,CUST_00879,2025-11-30 22:00:00,COMPLETED
ORD_009538,CUST_01602,2025-11-06 14:00:00,COMPLETED
ORD_009539,CUST_00927,2025-09-05 10:00:00,COMPLETED
ORD_009540,CUST_00409,2026-02-19 08:00:00,COMPLETED
ORD_009541,CUST_01918,2025-09-10 04:00:00,COMPLETED
ORD_009542,CUST_01299,2026-01-03 17:00:00,COMPLETED
ORD_009543,CUST_01118,2026-02-06 03:00:00,COMPLETED
ORD_009544,CUST_01823,2026-01-16 10:00:00,COMPLETED
ORD_009545,CUST_01635,2025-12-09 14:00:00,COMPLETED
ORD_009546,CUST_01072,2025-01-15 13:00:00,COMPLETED
ORD_009547,CUST_00401,2025-08-05 05:00:00,COMPLETED
ORD_009548,CUST_01778,2025-06-27 22:00:00,COMPLETED
ORD_009549,CUST_01785,2025-01-01 03:00:00,COMPLETED
ORD_009550,CUST_01510,2025-12-28 13:00:00,COMPLETED
ORD_009551,CUST_01965,2025-03-30 05:00:00,CANCELLED
ORD_009552,CUST_01280,2025-01-14 09:00:00,COMPLETED
ORD_009553,CUST_00875,2025-04-10 21:00:00,CANCELLED
ORD_009554,CUST_00646,2026-03-03 14:00:00,CANCELLED
ORD_009555,CUST_00586,2025-08-16 03:00:00,COMPLETED
ORD_009556,CUST_00575,2025-05-13 19:00:00,CANCELLED
ORD_009557,CUST_01921,2026-03-20 09:00:00,COMPLETED
ORD_009558,CUST_01925,2025-10-08 15:00:00,COMPLETED
ORD_009559,CUST_01704,2025-03-26 09:00:00,COMPLETED
ORD_009560,CUST_01511,2025-09-23 08:00:00,COMPLETED
ORD_009561,CUST_01581,2025-10-27 04:00:00,CANCELLED
ORD_009562,CUST_00463,2025-08-08 03:00:00,COMPLETED
ORD_009563,CUST_00055,2025-06-28 05:00:00,COMPLETED
ORD_009564,CUST_00012,2025-09-23 21:00:00,REFUNDED
ORD_009565,CUST_00862,2025-12-14 07:00:00,COMPLETED
ORD_009566,CUST_00451,2025-01-03 10:00:00,COMPLETED
ORD_009567,CUST_01624,2026-01-20 13:00:00,COMPLETED
ORD_009568,CUST_01674,2025-10-09 04:00:00,COMPLETED
ORD_009569,CUST_01430,2026-01-08 01:00:00,COMPLETED
ORD_009570,CUST_00003,2026-03-17 17:00:00,COMPLETED
ORD_009571,CUST_01068,2026-03-14 01:00:00,CANCELLED
ORD_009572,CUST_01393,2025-09-18 05:00:00,COMPLETED
ORD_009573,CUST_01904,2025-01-11 23:00:00,COMPLETED
ORD_009574,CUST_00993,2025-08-31 20:00:00,COMPLETED
ORD_009575,CUST_00077,2025-09-15 00:00:00,COMPLETED
ORD_009576,CUST_00552,2025-11-01 16:00:00,COMPLETED
ORD_009577,CUST_01725,2025-09-21 05:00:00,REFUNDED
ORD_009578,CUST_01367,2025-03-29 01:00:00,COMPLETED
ORD_009579,CUST_00941,2025-10-25 04:00:00,COMPLETED
ORD_009580,CUST_01248,2025-07-02 05:00:00,COMPLETED
ORD_009581,CUST_00011,2025-11-17 03:00:00,COMPLETED
ORD_009582,CUST_00566,2025-01-03 20:00:00,CANCELLED
ORD_009583,CUST_01768,2025-12-27 18:00:00,COMPLETED
ORD_009584,CUST_01956,2025-05-21 04:00:00,COMPLETED
ORD_009585,CUST_01271,2025-04-11 20:00:00,COMPLETED
ORD_009586,CUST_01895,2025-06-26 21:00:00,COMPLETED
ORD_009587,CUST_01496,2025-05-13 15:00:00,COMPLETED
ORD_009588,CUST_01643,2025-10-17 02:00:00,COMPLETED
ORD_009589,CUST_00116,2025-04-19 01:00:00,COMPLETED
ORD_009590,CUST_00940,2026-01-09 05:00:00,COMPLETED
ORD_009591,CUST_00253,2025-09-08 18:00:00,COMPLETED
ORD_009592,CUST_01310,2025-03-08 18:00:00,CANCELLED
ORD_009593,CUST_01154,2026-03-10 18:00:00,COMPLETED
ORD_009594,CUST_00320,2025-01-06 05:00:00,COMPLETED
ORD_009595,CUST_00911,2025-06-11 02:00:00,COMPLETED
ORD_009596,CUST_00526,2025-01-12 00:00:00,COMPLETED
ORD_009597,CUST_00228,2026-02-12 21:00:00,COMPLETED
ORD_009598,CUST_00377,2025-03-27 05:00:00,COMPLETED
ORD_009599,CUST_01372,2025-09-03 19:00:00,COMPLETED
ORD_009600,CUST_01536,2025-10-15 04:00:00,COMPLETED
ORD_009601,CUST_00642,2026-03-09 11:00:00,COMPLETED
ORD_009602,CUST_01262,2026-03-05 14:00:00,COMPLETED
ORD_009603,CUST_00100,2025-10-20 18:00:00,COMPLETED
ORD_009604,CUST_01709,2026-03-01 16:00:00,COMPLETED
ORD_009605,CUST_01791,2025-09-27 07:00:00,COMPLETED
ORD_009606,CUST_01091,2025-06-20 19:00:00,COMPLETED
ORD_009607,CUST_01902,2025-12-20 23:00:00,COMPLETED
ORD_009608,CUST_01832,2025-12-08 08:00:00,COMPLETED
ORD_009609,CUST_00657,2025-04-19 05:00:00,COMPLETED
ORD_009610,CUST_00965,2025-08-09 01:00:00,CANCELLED
ORD_009611,CUST_01806,2025-04-29 05:00:00,COMPLETED
ORD_009612,CUST_01016,2026-03-07 05:00:00,COMPLETED
ORD_009613,CUST_00001,2025-06-03 01:00:00,COMPLETED
ORD_009614,CUST_00566,2025-10-10 00:00:00,COMPLETED
ORD_009615,CUST_00970,2026-03-15 20:00:00,COMPLETED
ORD_009616,CUST_00049,2025-08-28 15:00:00,COMPLETED
ORD_009617,CUST_00320,2025-11-25 01:00:00,COMPLETED
ORD_009618,CUST_00330,2025-01-07 07:00:00,COMPLETED
ORD_009619,CUST_00652,2025-09-04 17:00:00,COMPLETED
ORD_009620,CUST_00006,2025-02-23 15:00:00,COMPLETED
ORD_009621,CUST_00328,2025-02-24 11:00:00,COMPLETED
ORD_009622,CUST_00630,2025-01-26 12:00:00,COMPLETED
ORD_009623,CUST_00368,2025-10-05 10:00:00,COMPLETED
ORD_009624,CUST_00741,2025-03-17 09:00:00,COMPLETED
ORD_009625,CUST_00281,2025-07-15 00:00:00,COMPLETED
ORD_009626,CUST_01073,2025-09-17 16:00:00,COMPLETED
ORD_009627,CUST_00146,2025-10-15 18:00:00,CANCELLED
ORD_009628,CUST_01685,2025-07-09 18:00:00,COMPLETED
ORD_009629,CUST_01797,2025-03-24 21:00:00,COMPLETED
ORD_009630,CUST_00235,2025-01-26 17:00:00,COMPLETED
ORD_009631,CUST_00659,2025-06-17 03:00:00,COMPLETED
ORD_009632,CUST_00506,2025-07-03 02:00:00,REFUNDED
ORD_009633,CUST_00162,2026-02-04 05:00:00,COMPLETED
ORD_009634,CUST_01602,2025-03-13 20:00:00,COMPLETED
ORD_009635,CUST_01106,2026-03-17 16:00:00,COMPLETED
ORD_009636,CUST_00948,2025-08-02 12:00:00,COMPLETED
ORD_009637,CUST_01522,2025-01-24 00:00:00,CANCELLED
ORD_009638,CUST_01550,2025-10-21 18:00:00,COMPLETED
ORD_009639,CUST_00027,2025-11-16 22:00:00,COMPLETED
ORD_009640,CUST_00723,2025-08-22 22:00:00,COMPLETED
ORD_009641,CUST_00417,2025-05-29 18:00:00,COMPLETED
ORD_009642,CUST_01731,2025-05-24 03:00:00,COMPLETED
ORD_009643,CUST_01493,2025-02-22 14:00:00,CANCELLED
ORD_009644,CUST_00241,2025-02-26 11:00:00,COMPLETED
ORD_009645,CUST_01062,2025-10-26 01:00:00,COMPLETED
ORD_009646,CUST_00535,2025-05-01 12:00:00,COMPLETED
ORD_009647,CUST_01026,2025-06-01 16:00:00,COMPLETED
ORD_009648,CUST_00718,2026-01-04 15:00:00,COMPLETED
ORD_009649,CUST_00186,2025-05-08 15:00:00,COMPLETED
ORD_009650,CUST_00579,2025-03-06 22:00:00,COMPLETED
ORD_009651,CUST_00255,2025-06-26 19:00:00,REFUNDED
ORD_009652,CUST_01936,2025-12-11 21:00:00,COMPLETED
ORD_009653,CUST_01873,2026-02-02 00:00:00,COMPLETED
ORD_009654,CUST_00007,2026-01-22 03:00:00,COMPLETED
ORD_009655,CUST_00517,2025-03-16 10:00:00,COMPLETED
ORD_009656,CUST_01851,2025-11-05 18:00:00,COMPLETED
ORD_009657,CUST_01956,2025-08-07 16:00:00,COMPLETED
ORD_009658,CUST_01470,2025-05-23 16:00:00,COMPLETED
ORD_009659,CUST_00748,2025-12-20 06:00:00,COMPLETED
ORD_009660,CUST_00663,2025-05-18 07:00:00,REFUNDED
ORD_009661,CUST_01161,2025-12-24 04:00:00,COMPLETED
ORD_009662,CUST_01829,2025-10-16 21:00:00,COMPLETED
ORD_009663,CUST_00426,2025-12-19 14:00:00,COMPLETED
ORD_009664,CUST_01605,2025-10-04 21:00:00,COMPLETED
ORD_009665,CUST_00309,2025-08-07 20:00:00,COMPLETED
ORD_009666,CUST_00815,2025-09-09 02:00:00,COMPLETED
ORD_009667,CUST_01250,2025-06-21 09:00:00,COMPLETED
ORD_009668,CUST_01570,2025-12-03 05:00:00,COMPLETED
ORD_009669,CUST_00766,2026-02-19 23:00:00,COMPLETED
ORD_009670,CUST_01144,2026-02-25 18:00:00,COMPLETED
ORD_009671,CUST_01835,2025-12-20 10:00:00,REFUNDED
ORD_009672,CUST_00531,2025-12-11 19:00:00,COMPLETED
ORD_009673,CUST_00453,2025-11-01 10:00:00,COMPLETED
ORD_009674,CUST_00931,2026-02-16 15:00:00,COMPLETED
ORD_009675,CUST_01224,2025-02-11 18:00:00,COMPLETED
ORD_009676,CUST_00085,2025-06-04 14:00:00,COMPLETED
ORD_009677,CUST_01872,2025-12-10 20:00:00,COMPLETED
ORD_009678,CUST_01349,2025-09-12 01:00:00,COMPLETED
ORD_009679,CUST_00357,2025-01-23 14:00:00,COMPLETED
ORD_009680,CUST_00408,2025-02-15 19:00:00,COMPLETED
ORD_009681,CUST_00097,2026-02-20 02:00:00,COMPLETED
ORD_009682,CUST_01958,2026-01-15 20:00:00,COMPLETED
ORD_009683,CUST_00734,2025-12-27 23:00:00,REFUNDED
ORD_009684,CUST_00398,2025-01-25 07:00:00,CANCELLED
ORD_009685,CUST_01623,2025-07-07 06:00:00,CANCELLED
ORD_009686,CUST_00878,2025-04-23 12:00:00,COMPLETED
ORD_009687,CUST_00298,2026-02-22 07:00:00,COMPLETED
ORD_009688,CUST_01659,2025-06-28 19:00:00,CANCELLED
ORD_009689,CUST_01696,2025-03-18 03:00:00,COMPLETED
ORD_009690,CUST_00408,2025-11-17 15:00:00,COMPLETED
ORD_009691,CUST_00411,2025-04-02 06:00:00,COMPLETED
ORD_009692,CUST_01691,2025-05-17 00:00:00,COMPLETED
ORD_009693,CUST_01232,2025-06-23 20:00:00,COMPLETED
ORD_009694,CUST_00274,2025-02-14 11:00:00,COMPLETED
ORD_009695,CUST_00626,2025-06-14 17:00:00,COMPLETED
ORD_009696,CUST_01977,2026-01-05 17:00:00,COMPLETED
ORD_009697,CUST_00140,2025-11-27 13:00:00,COMPLETED
ORD_009698,CUST_00444,2025-08-04 07:00:00,COMPLETED
ORD_009699,CUST_00861,2026-02-23 03:00:00,COMPLETED
ORD_009700,CUST_01158,2025-12-04 20:00:00,CANCELLED
ORD_009701,CUST_01740,2025-05-20 21:00:00,COMPLETED
ORD_009702,CUST_00862,2025-04-24 17:00:00,COMPLETED
ORD_009703,CUST_00416,2025-08-27 01:00:00,COMPLETED
ORD_009704,CUST_00856,2025-07-12 03:00:00,COMPLETED
ORD_009705,CUST_01356,2025-02-02 10:00:00,COMPLETED
ORD_009706,CUST_00390,2025-06-05 04:00:00,COMPLETED
ORD_009707,CUST_01316,2026-03-16 03:00:00,COMPLETED
ORD_009708,CUST_01803,2025-02-27 22:00:00,COMPLETED
ORD_009709,CUST_01938,2025-09-25 16:00:00,COMPLETED
ORD_009710,CUST_01386,2025-11-14 10:00:00,COMPLETED
ORD_009711,CUST_01193,2025-11-10 08:00:00,COMPLETED
ORD_009712,CUST_01585,2025-11-02 22:00:00,COMPLETED
ORD_009713,CUST_00746,2025-02-28 19:00:00,COMPLETED
ORD_009714,CUST_00842,2025-03-17 23:00:00,COMPLETED
ORD_009715,CUST_01522,2025-12-30 12:00:00,CANCELLED
ORD_009716,CUST_00737,2025-06-16 21:00:00,COMPLETED
ORD_009717,CUST_01509,2025-10-25 10:00:00,COMPLETED
ORD_009718,CUST_01168,2025-03-02 15:00:00,COMPLETED
ORD_009719,CUST_01985,2025-04-16 07:00:00,COMPLETED
ORD_009720,CUST_01833,2025-07-21 20:00:00,CANCELLED
ORD_009721,CUST_00763,2025-07-19 13:00:00,REFUNDED
ORD_009722,CUST_00466,2025-06-06 17:00:00,COMPLETED
ORD_009723,CUST_01307,2025-03-03 08:00:00,COMPLETED
ORD_009724,CUST_01958,2025-04-25 02:00:00,COMPLETED
ORD_009725,CUST_01069,2025-04-22 14:00:00,COMPLETED
ORD_009726,CUST_01235,2025-05-16 00:00:00,COMPLETED
ORD_009727,CUST_01158,2026-01-27 23:00:00,COMPLETED
ORD_009728,CUST_01755,2025-01-01 22:00:00,COMPLETED
ORD_009729,CUST_01563,2025-02-17 18:00:00,COMPLETED
ORD_009730,CUST_00480,2025-10-07 01:00:00,COMPLETED
ORD_009731,CUST_01348,2025-03-01 03:00:00,COMPLETED
ORD_009732,CUST_00093,2025-01-03 13:00:00,COMPLETED
ORD_009733,CUST_00397,2025-05-07 17:00:00,COMPLETED
ORD_009734,CUST_00563,2025-03-26 05:00:00,COMPLETED
ORD_009735,CUST_01621,2025-05-21 08:00:00,REFUNDED
ORD_009736,CUST_00421,2025-05-01 05:00:00,COMPLETED
ORD_009737,CUST_01626,2025-07-16 11:00:00,REFUNDED
ORD_009738,CUST_01384,2026-01-31 08:00:00,COMPLETED
ORD_009739,CUST_01051,2025-10-19 23:00:00,COMPLETED
ORD_009740,CUST_01518,2025-06-10 02:00:00,CANCELLED
ORD_009741,CUST_00208,2025-12-08 16:00:00,COMPLETED
ORD_009742,CUST_01140,2025-11-08 20:00:00,COMPLETED
ORD_009743,CUST_00009,2025-12-03 16:00:00,COMPLETED
ORD_009744,CUST_00291,2025-03-03 20:00:00,REFUNDED
ORD_009745,CUST_00055,2025-10-24 15:00:00,COMPLETED
ORD_009746,CUST_01453,2025-09-14 20:00:00,COMPLETED
ORD_009747,CUST_01318,2025-12-06 10:00:00,COMPLETED
ORD_009748,CUST_00992,2026-03-16 10:00:00,COMPLETED
ORD_009749,CUST_00518,2025-02-03 14:00:00,COMPLETED
ORD_009750,CUST_00049,2025-11-03 03:00:00,COMPLETED
ORD_009751,CUST_00621,2025-06-27 09:00:00,CANCELLED
ORD_009752,CUST_01550,2026-03-23 07:00:00,COMPLETED
ORD_009753,CUST_01093,2025-07-25 18:00:00,COMPLETED
ORD_009754,CUST_00872,2025-10-13 01:00:00,COMPLETED
ORD_009755,CUST_00760,2025-11-25 06:00:00,COMPLETED
ORD_009756,CUST_01031,2025-05-19 11:00:00,COMPLETED
ORD_009757,CUST_00935,2025-11-05 22:00:00,REFUNDED
ORD_009758,CUST_01624,2025-05-12 17:00:00,COMPLETED
ORD_009759,CUST_01305,2025-11-01 06:00:00,COMPLETED
ORD_009760,CUST_00778,2025-01-15 09:00:00,COMPLETED
ORD_009761,CUST_01477,2025-11-12 08:00:00,REFUNDED
ORD_009762,CUST_00929,2025-01-26 16:00:00,COMPLETED
ORD_009763,CUST_00954,2025-01-24 19:00:00,REFUNDED
ORD_009764,CUST_01013,2026-03-26 02:00:00,COMPLETED
ORD_009765,CUST_00837,2025-01-18 00:00:00,COMPLETED
ORD_009766,CUST_00854,2025-08-02 18:00:00,COMPLETED
ORD_009767,CUST_00827,2025-06-16 12:00:00,COMPLETED
ORD_009768,CUST_00058,2025-11-10 17:00:00,COMPLETED
ORD_009769,CUST_00411,2025-02-17 19:00:00,COMPLETED
ORD_009770,CUST_01992,2025-10-02 22:00:00,COMPLETED
ORD_009771,CUST_00388,2025-04-21 06:00:00,REFUNDED
ORD_009772,CUST_00116,2025-04-08 02:00:00,COMPLETED
ORD_009773,CUST_01110,2025-07-23 15:00:00,COMPLETED
ORD_009774,CUST_01052,2025-10-29 05:00:00,COMPLETED
ORD_009775,CUST_01923,2025-07-19 12:00:00,COMPLETED
ORD_009776,CUST_00403,2025-05-28 00:00:00,COMPLETED
ORD_009777,CUST_01766,2026-01-26 22:00:00,COMPLETED
ORD_009778,CUST_00087,2025-05-02 22:00:00,COMPLETED
ORD_009779,CUST_00921,2025-01-25 14:00:00,COMPLETED
ORD_009780,CUST_00187,2025-06-27 00:00:00,COMPLETED
ORD_009781,CUST_01595,2025-06-22 18:00:00,COMPLETED
ORD_009782,CUST_01162,2026-02-24 18:00:00,COMPLETED
ORD_009783,CUST_00340,2025-10-18 00:00:00,COMPLETED
ORD_009784,CUST_00929,2025-12-02 13:00:00,COMPLETED
ORD_009785,CUST_00101,2025-05-23 00:00:00,COMPLETED
ORD_009786,CUST_01375,2025-09-22 03:00:00,COMPLETED
ORD_009787,CUST_00724,2025-01-31 12:00:00,COMPLETED
ORD_009788,CUST_01048,2025-08-18 03:00:00,COMPLETED
ORD_009789,CUST_01845,2025-01-30 18:00:00,COMPLETED
ORD_009790,CUST_00278,2025-02-23 14:00:00,COMPLETED
ORD_009791,CUST_00007,2025-11-16 12:00:00,COMPLETED
ORD_009792,CUST_01015,2025-07-09 03:00:00,COMPLETED
ORD_009793,CUST_01251,2025-01-10 10:00:00,COMPLETED
ORD_009794,CUST_01593,2025-11-06 05:00:00,COMPLETED
ORD_009795,CUST_01659,2026-03-01 00:00:00,COMPLETED
ORD_009796,CUST_00829,2025-10-04 12:00:00,COMPLETED
ORD_009797,CUST_00377,2025-06-18 06:00:00,COMPLETED
ORD_009798,CUST_00921,2026-01-06 15:00:00,COMPLETED
ORD_009799,CUST_01870,2025-05-29 18:00:00,COMPLETED
ORD_009800,CUST_01372,2025-05-20 11:00:00,COMPLETED
ORD_009801,CUST_01011,2025-12-20 11:00:00,COMPLETED
ORD_009802,CUST_01301,2025-12-31 17:00:00,COMPLETED
ORD_009803,CUST_01759,2025-04-11 19:00:00,COMPLETED
ORD_009804,CUST_01089,2025-04-07 02:00:00,COMPLETED
ORD_009805,CUST_01148,2025-09-26 11:00:00,COMPLETED
ORD_009806,CUST_00023,2026-03-21 23:00:00,COMPLETED
ORD_009807,CUST_00757,2025-08-11 12:00:00,COMPLETED
ORD_009808,CUST_01769,2026-01-11 22:00:00,COMPLETED
ORD_009809,CUST_00798,2025-06-20 08:00:00,COMPLETED
ORD_009810,CUST_01586,2025-10-17 07:00:00,COMPLETED
ORD_009811,CUST_01362,2025-05-11 14:00:00,COMPLETED
ORD_009812,CUST_01048,2025-09-19 03:00:00,COMPLETED
ORD_009813,CUST_01751,2026-02-11 04:00:00,COMPLETED
ORD_009814,CUST_00320,2026-01-29 13:00:00,COMPLETED
ORD_009815,CUST_01176,2025-09-22 17:00:00,COMPLETED
ORD_009816,CUST_00624,2025-09-21 23:00:00,COMPLETED
ORD_009817,CUST_01732,2025-03-05 00:00:00,COMPLETED
ORD_009818,CUST_00739,2025-08-29 20:00:00,CANCELLED
ORD_009819,CUST_01089,2026-02-13 20:00:00,COMPLETED
ORD_009820,CUST_00533,2026-01-15 17:00:00,COMPLETED
ORD_009821,CUST_00646,2026-03-24 12:00:00,COMPLETED
ORD_009822,CUST_01858,2025-12-27 20:00:00,COMPLETED
ORD_009823,CUST_00845,2025-12-10 07:00:00,COMPLETED
ORD_009824,CUST_01553,2025-04-01 01:00:00,COMPLETED
ORD_009825,CUST_01356,2025-02-11 19:00:00,COMPLETED
ORD_009826,CUST_01194,2025-08-26 01:00:00,COMPLETED
ORD_009827,CUST_00314,2025-11-18 06:00:00,COMPLETED
ORD_009828,CUST_00571,2025-01-12 15:00:00,COMPLETED
ORD_009829,CUST_01332,2025-11-18 16:00:00,CANCELLED
ORD_009830,CUST_01220,2025-03-03 14:00:00,COMPLETED
ORD_009831,CUST_00913,2026-01-14 13:00:00,COMPLETED
ORD_009832,CUST_01210,2025-03-07 07:00:00,COMPLETED
ORD_009833,CUST_00017,2026-01-03 05:00:00,COMPLETED
ORD_009834,CUST_00247,2025-06-17 10:00:00,COMPLETED
ORD_009835,CUST_01116,2025-09-29 17:00:00,CANCELLED
ORD_009836,CUST_01063,2025-02-28 02:00:00,COMPLETED
ORD_009837,CUST_00529,2025-11-28 23:00:00,COMPLETED
ORD_009838,CUST_01450,2026-01-02 19:00:00,COMPLETED
ORD_009839,CUST_01236,2025-11-29 03:00:00,COMPLETED
ORD_009840,CUST_01829,2025-03-26 23:00:00,COMPLETED
ORD_009841,CUST_00692,2025-08-14 14:00:00,COMPLETED
ORD_009842,CUST_01451,2025-08-03 03:00:00,CANCELLED
ORD_009843,CUST_00515,2025-07-05 03:00:00,COMPLETED
ORD_009844,CUST_01062,2025-10-07 00:00:00,COMPLETED
ORD_009845,CUST_00913,2025-08-19 16:00:00,COMPLETED
ORD_009846,CUST_01148,2026-03-17 08:00:00,COMPLETED
ORD_009847,CUST_01889,2025-06-09 04:00:00,CANCELLED
ORD_009848,CUST_01597,2025-05-15 12:00:00,COMPLETED
ORD_009849,CUST_00544,2025-08-28 13:00:00,COMPLETED
ORD_009850,CUST_01889,2026-02-05 22:00:00,COMPLETED
ORD_009851,CUST_00494,2026-02-12 00:00:00,REFUNDED
ORD_009852,CUST_00510,2025-02-01 08:00:00,COMPLETED
ORD_009853,CUST_01801,2026-03-22 21:00:00,COMPLETED
ORD_009854,CUST_00637,2025-03-13 11:00:00,COMPLETED
ORD_009855,CUST_00755,2025-11-08 14:00:00,COMPLETED
ORD_009856,CUST_01385,2025-07-30 10:00:00,COMPLETED
ORD_009857,CUST_01832,2025-09-12 02:00:00,COMPLETED
ORD_009858,CUST_01269,2025-04-05 10:00:00,COMPLETED
ORD_009859,CUST_00774,2025-05-12 09:00:00,COMPLETED
ORD_009860,CUST_00366,2026-03-24 11:00:00,COMPLETED
ORD_009861,CUST_00434,2025-10-07 09:00:00,COMPLETED
ORD_009862,CUST_01340,2026-02-13 14:00:00,CANCELLED
ORD_009863,CUST_01009,2025-10-18 21:00:00,COMPLETED
ORD_009864,CUST_00060,2026-02-13 11:00:00,COMPLETED
ORD_009865,CUST_01407,2025-02-14 19:00:00,COMPLETED
ORD_009866,CUST_01496,2025-07-20 02:00:00,COMPLETED
ORD_009867,CUST_00831,2025-05-11 18:00:00,CANCELLED
ORD_009868,CUST_00113,2026-03-14 19:00:00,COMPLETED
ORD_009869,CUST_01844,2025-01-10 02:00:00,REFUNDED
ORD_009870,CUST_01212,2026-03-01 21:00:00,COMPLETED
ORD_009871,CUST_01156,2025-12-27 08:00:00,COMPLETED
ORD_009872,CUST_01271,2025-01-15 22:00:00,COMPLETED
ORD_009873,CUST_00608,2026-03-26 18:00:00,CANCELLED
ORD_009874,CUST_01281,2025-01-11 10:00:00,COMPLETED
ORD_009875,CUST_01063,2025-06-05 20:00:00,CANCELLED
ORD_009876,CUST_01450,2025-06-03 09:00:00,CANCELLED
ORD_009877,CUST_00018,2026-03-15 18:00:00,COMPLETED
ORD_009878,CUST_01406,2025-08-05 05:00:00,COMPLETED
ORD_009879,CUST_00891,2025-11-29 23:00:00,COMPLETED
ORD_009880,CUST_00346,2025-07-11 04:00:00,COMPLETED
ORD_009881,CUST_01952,2026-03-01 03:00:00,COMPLETED
ORD_009882,CUST_01552,2025-08-04 11:00:00,COMPLETED
ORD_009883,CUST_01413,2025-05-07 17:00:00,COMPLETED
ORD_009884,CUST_01682,2026-02-27 19:00:00,COMPLETED
ORD_009885,CUST_00878,2025-08-22 23:00:00,REFUNDED
ORD_009886,CUST_00254,2025-04-22 18:00:00,COMPLETED
ORD_009887,CUST_01470,2026-02-11 21:00:00,COMPLETED
ORD_009888,CUST_01749,2025-01-25 14:00:00,COMPLETED
ORD_009889,CUST_01056,2025-07-26 12:00:00,COMPLETED
ORD_009890,CUST_00047,2026-01-16 12:00:00,COMPLETED
ORD_009891,CUST_01986,2025-09-06 11:00:00,COMPLETED
ORD_009892,CUST_00161,2025-12-26 04:00:00,COMPLETED
ORD_009893,CUST_01574,2026-03-10 08:00:00,COMPLETED
ORD_009894,CUST_00641,2025-11-26 09:00:00,COMPLETED
ORD_009895,CUST_01082,2025-04-04 00:00:00,COMPLETED
ORD_009896,CUST_01274,2026-03-08 07:00:00,COMPLETED
ORD_009897,CUST_00470,2025-02-23 10:00:00,COMPLETED
ORD_009898,CUST_01468,2025-09-04 18:00:00,COMPLETED
ORD_009899,CUST_00401,2025-10-31 15:00:00,COMPLETED
ORD_009900,CUST_00156,2025-01-05 12:00:00,COMPLETED
ORD_009901,CUST_01638,2025-06-27 17:00:00,COMPLETED
ORD_009902,CUST_01947,2025-02-03 03:00:00,COMPLETED
ORD_009903,CUST_00239,2025-03-09 08:00:00,COMPLETED
ORD_009904,CUST_00957,2025-07-08 01:00:00,REFUNDED
ORD_009905,CUST_00677,2026-02-12 15:00:00,COMPLETED
ORD_009906,CUST_01965,2025-08-13 17:00:00,COMPLETED
ORD_009907,CUST_00541,2025-04-30 13:00:00,CANCELLED
ORD_009908,CUST_01189,2025-04-25 10:00:00,CANCELLED
ORD_009909,CUST_00552,2025-01-22 21:00:00,REFUNDED
ORD_009910,CUST_01446,2026-02-13 19:00:00,COMPLETED
ORD_009911,CUST_00493,2025-08-04 23:00:00,COMPLETED
ORD_009912,CUST_01671,2025-09-19 01:00:00,CANCELLED
ORD_009913,CUST_00994,2026-03-24 03:00:00,COMPLETED
ORD_009914,CUST_01090,2025-10-19 04:00:00,COMPLETED
ORD_009915,CUST_00900,2025-03-16 14:00:00,REFUNDED
ORD_009916,CUST_01445,2025-03-03 13:00:00,COMPLETED
ORD_009917,CUST_00079,2025-08-01 05:00:00,COMPLETED
ORD_009918,CUST_01299,2025-04-16 19:00:00,COMPLETED
ORD_009919,CUST_01234,2025-11-27 07:00:00,COMPLETED
ORD_009920,CUST_00818,2025-07-03 05:00:00,CANCELLED
ORD_009921,CUST_00270,2025-08-03 00:00:00,COMPLETED
ORD_009922,CUST_01056,2025-02-13 14:00:00,COMPLETED
ORD_009923,CUST_01650,2025-11-19 14:00:00,COMPLETED
ORD_009924,CUST_01844,2025-03-30 13:00:00,COMPLETED
ORD_009925,CUST_00882,2025-06-25 10:00:00,COMPLETED
ORD_009926,CUST_00549,2025-09-16 02:00:00,REFUNDED
ORD_009927,CUST_01831,2026-03-05 06:00:00,COMPLETED
ORD_009928,CUST_00507,2025-03-07 13:00:00,COMPLETED
ORD_009929,CUST_00028,2025-02-20 06:00:00,COMPLETED
ORD_009930,CUST_00230,2025-06-21 20:00:00,CANCELLED
ORD_009931,CUST_00885,2026-02-11 08:00:00,COMPLETED
ORD_009932,CUST_00589,2025-03-11 14:00:00,COMPLETED
ORD_009933,CUST_01942,2026-03-09 00:00:00,CANCELLED
ORD_009934,CUST_00278,2025-02-12 21:00:00,COMPLETED
ORD_009935,CUST_01200,2026-03-07 17:00:00,COMPLETED
ORD_009936,CUST_01396,2025-03-07 06:00:00,CANCELLED
ORD_009937,CUST_01022,2025-04-14 20:00:00,COMPLETED
ORD_009938,CUST_00634,2026-02-01 04:00:00,COMPLETED
ORD_009939,CUST_00855,2025-11-26 20:00:00,COMPLETED
ORD_009940,CUST_01263,2025-01-30 01:00:00,COMPLETED
ORD_009941,CUST_00633,2025-03-27 10:00:00,COMPLETED
ORD_009942,CUST_00688,2026-03-18 21:00:00,REFUNDED
ORD_009943,CUST_01709,2025-04-25 01:00:00,COMPLETED
ORD_009944,CUST_00300,2025-05-22 23:00:00,REFUNDED
ORD_009945,CUST_00669,2025-07-24 15:00:00,COMPLETED
ORD_009946,CUST_01577,2026-01-11 09:00:00,COMPLETED
ORD_009947,CUST_00804,2025-01-09 14:00:00,COMPLETED
ORD_009948,CUST_00350,2025-02-18 17:00:00,COMPLETED
ORD_009949,CUST_00358,2026-01-30 22:00:00,REFUNDED
ORD_009950,CUST_01215,2026-02-12 11:00:00,COMPLETED
ORD_009951,CUST_01988,2025-04-23 07:00:00,COMPLETED
ORD_009952,CUST_00325,2025-02-27 02:00:00,COMPLETED
ORD_009953,CUST_01966,2025-06-24 12:00:00,COMPLETED
ORD_009954,CUST_00841,2025-06-01 22:00:00,COMPLETED
ORD_009955,CUST_01232,2025-09-17 07:00:00,COMPLETED
ORD_009956,CUST_00088,2025-06-15 13:00:00,COMPLETED
ORD_009957,CUST_01333,2025-04-01 23:00:00,COMPLETED
ORD_009958,CUST_00198,2025-10-12 14:00:00,COMPLETED
ORD_009959,CUST_01979,2025-06-23 06:00:00,COMPLETED
ORD_009960,CUST_00520,2025-12-18 03:00:00,COMPLETED
ORD_009961,CUST_00456,2026-02-02 16:00:00,REFUNDED
ORD_009962,CUST_00328,2025-05-13 17:00:00,COMPLETED
ORD_009963,CUST_01435,2026-03-11 07:00:00,CANCELLED
ORD_009964,CUST_01856,2025-05-02 12:00:00,COMPLETED
ORD_009965,CUST_01115,2025-05-28 18:00:00,COMPLETED
ORD_009966,CUST_01342,2025-03-19 03:00:00,COMPLETED
ORD_009967,CUST_01052,2025-06-26 04:00:00,COMPLETED
ORD_009968,CUST_01979,2026-02-25 22:00:00,COMPLETED
ORD_009969,CUST_01233,2026-03-22 18:00:00,COMPLETED
ORD_009970,CUST_01607,2025-08-01 08:00:00,COMPLETED
ORD_009971,CUST_01669,2025-07-06 16:00:00,COMPLETED
ORD_009972,CUST_01333,2025-08-28 02:00:00,COMPLETED
ORD_009973,CUST_01212,2025-07-13 12:00:00,CANCELLED
ORD_009974,CUST_00781,2025-04-10 20:00:00,COMPLETED
ORD_009975,CUST_00311,2025-11-10 06:00:00,COMPLETED
ORD_009976,CUST_01294,2026-01-03 01:00:00,COMPLETED
ORD_009977,CUST_00506,2025-04-17 04:00:00,COMPLETED
ORD_009978,CUST_01299,2025-03-24 03:00:00,COMPLETED
ORD_009979,CUST_01480,2025-08-11 17:00:00,COMPLETED
ORD_009980,CUST_00374,2026-01-01 16:00:00,COMPLETED
ORD_009981,CUST_00825,2025-01-24 14:00:00,CANCELLED
ORD_009982,CUST_00862,2025-01-02 03:00:00,COMPLETED
ORD_009983,CUST_00174,2025-09-20 04:00:00,CANCELLED
ORD_009984,CUST_00454,2026-03-22 02:00:00,COMPLETED
ORD_009985,CUST_00803,2026-03-02 22:00:00,COMPLETED
ORD_009986,CUST_00995,2026-02-26 10:00:00,COMPLETED
ORD_009987,CUST_01283,2025-06-22 15:00:00,COMPLETED
ORD_009988,CUST_00104,2025-05-15 21:00:00,COMPLETED
ORD_009989,CUST_01828,2025-02-14 04:00:00,COMPLETED
ORD_009990,CUST_00402,2026-02-17 11:00:00,COMPLETED
ORD_009991,CUST_01304,2025-02-21 05:00:00,COMPLETED
ORD_009992,CUST_00159,2025-02-23 17:00:00,COMPLETED
ORD_009993,CUST_00611,2025-10-07 06:00:00,COMPLETED
ORD_009994,CUST_01545,2025-12-21 06:00:00,COMPLETED
ORD_009995,CUST_00322,2025-05-29 00:00:00,COMPLETED
ORD_009996,CUST_00292,2026-03-14 20:00:00,COMPLETED
ORD_009997,CUST_00464,2025-02-09 15:00:00,COMPLETED
ORD_009998,CUST_00732,2025-10-22 22:00:00,COMPLETED
ORD_009999,CUST_01296,2025-02-07 18:00:00,COMPLETED
ORD_010000,CUST_00063,2025-06-05 08:00:00,CANCELLED
