order_id,payment_method,payment_value
ORD_000001,bank_transfer,208.6
ORD_000002,credit_card,131.87
ORD_000003,credit_card,287.58
ORD_000004,e_wallet,610.02
ORD_000005,e_wallet,745.0
ORD_000006,cod,708.66
ORD_000007,credit_card,184.49
ORD_000008,credit_card,265.06
ORD_000009,bank_transfer,564.71
ORD_000010,bank_transfer,414.13
ORD_000011,bank_transfer,115.15
ORD_000012,e_wallet,736.69
ORD_000013,e_wallet,573.81
ORD_000014,credit_card,360.74
ORD_000015,credit_card,415.02
ORD_000016,e_wallet,115.56
ORD_000017,e_wallet,751.81
ORD_000018,credit_card,205.8
ORD_000019,e_wallet,766.76
ORD_000020,credit_card,667.42
ORD_000021,credit_card,271.33
ORD_000022,credit_card,683.03
ORD_000023,credit_card,258.1
ORD_000024,credit_card,610.81
ORD_000025,credit_card,362.71
ORD_000026,bank_transfer,761.69
ORD_000027,cod,149.45
ORD_000028,credit_card,492.69
ORD_000029,e_wallet,26.81
ORD_000030,bank_transfer,361.67
ORD_000031,e_wallet,588.97
ORD_000032,credit_card,693.79
ORD_000033,bank_transfer,722.95
ORD_000034,bank_transfer,31.59
ORD_000035,e_wallet,450.99
ORD_000036,e_wallet,181.66
ORD_000037,credit_card,608.09
ORD_000038,bank_transfer,774.73
ORD_000039,credit_card,172.8
ORD_000040,credit_card,587.92
ORD_000041,credit_card,616.44
ORD_000042,e_wallet,68.42
ORD_000043,e_wallet,123.85
ORD_000044,credit_card,38.4
ORD_000045,bank_transfer,45.91
ORD_000046,bank_transfer,596.3
ORD_000047,credit_card,521.61
ORD_000048,credit_card,101.12
ORD_000049,e_wallet,357.06
ORD_000050,bank_transfer,228.32
ORD_000051,credit_card,131.29
ORD_000052,e_wallet,536.48
ORD_000053,e_wallet,631.57
ORD_000054,e_wallet,473.52
ORD_000055,e_wallet,309.3
ORD_000056,credit_card,90.13
ORD_000057,bank_transfer,671.99
ORD_000058,cod,778.44
ORD_000059,credit_card,729.29
ORD_000060,e_wallet,425.44
ORD_000061,credit_card,151.71
ORD_000062,cod,149.5
ORD_000063,bank_transfer,683.85
ORD_000064,e_wallet,624.51
ORD_000065,e_wallet,721.78
ORD_000066,bank_transfer,166.27
ORD_000067,e_wallet,215.16
ORD_000068,e_wallet,622.64
ORD_000069,e_wallet,638.87
ORD_000070,credit_card,267.94
ORD_000071,e_wallet,283.45
ORD_000072,cod,726.47
ORD_000073,credit_card,734.4
ORD_000074,credit_card,339.18
ORD_000075,credit_card,698.11
ORD_000076,bank_transfer,698.35
ORD_000077,e_wallet,403.05
ORD_000078,credit_card,100.8
ORD_000079,e_wallet,736.63
ORD_000080,e_wallet,730.42
ORD_000081,credit_card,711.64
ORD_000082,e_wallet,138.15
ORD_000083,bank_transfer,39.79
ORD_000084,credit_card,659.06
ORD_000085,e_wallet,368.57
ORD_000086,credit_card,149.2
ORD_000087,e_wallet,607.76
ORD_000088,cod,779.31
ORD_000089,credit_card,148.7
ORD_000090,bank_transfer,723.29
ORD_000091,credit_card,84.38
ORD_000092,credit_card,440.86
ORD_000093,e_wallet,548.46
ORD_000094,e_wallet,699.37
ORD_000095,e_wallet,165.69
ORD_000096,credit_card,567.47
ORD_000097,credit_card,747.96
ORD_000098,cod,381.27
ORD_000099,bank_transfer,743.03
ORD_000100,credit_card,124.39
ORD_000101,credit_card,556.27
ORD_000102,bank_transfer,713.61
ORD_000103,cod,291.09
ORD_000104,credit_card,765.92
ORD_000105,bank_transfer,551.59
ORD_000106,e_wallet,748.43
ORD_000107,bank_transfer,52.18
ORD_000108,bank_transfer,494.05
ORD_000109,e_wallet,315.04
ORD_000110,credit_card,693.15
ORD_000111,credit_card,387.6
ORD_000112,credit_card,81.44
ORD_000113,credit_card,796.74
ORD_000114,bank_transfer,531.33
ORD_000115,e_wallet,214.1
ORD_000116,cod,286.64
ORD_000117,credit_card,171.38
ORD_000118,credit_card,246.41
ORD_000119,bank_transfer,108.03
ORD_000120,e_wallet,599.98
ORD_000121,credit_card,112.22
ORD_000122,credit_card,466.86
ORD_000123,e_wallet,192.36
ORD_000124,credit_card,615.38
ORD_000125,bank_transfer,763.87
ORD_000126,e_wallet,792.62
ORD_000127,e_wallet,159.97
ORD_000128,e_wallet,351.77
ORD_000129,credit_card,552.47
ORD_000130,credit_card,183.33
ORD_000131,bank_transfer,454.43
ORD_000132,bank_transfer,241.11
ORD_000133,credit_card,431.72
ORD_000134,credit_card,278.52
ORD_000135,e_wallet,428.61
ORD_000136,bank_transfer,100.98
ORD_000137,e_wallet,182.65
ORD_000138,credit_card,33.66
ORD_000139,cod,386.83
ORD_000140,credit_card,372.44
ORD_000141,e_wallet,545.26
ORD_000142,credit_card,76.27
ORD_000143,bank_transfer,49.65
ORD_000144,bank_transfer,295.44
ORD_000145,e_wallet,709.96
ORD_000146,e_wallet,560.88
ORD_000147,credit_card,29.91
ORD_000148,e_wallet,487.9
ORD_000149,e_wallet,405.03
ORD_000150,credit_card,222.78
ORD_000151,credit_card,25.14
ORD_000152,credit_card,494.58
ORD_000153,bank_transfer,148.3
ORD_000154,bank_transfer,275.96
ORD_000155,e_wallet,723.5
ORD_000156,e_wallet,212.27
ORD_000157,cod,232.22
ORD_000158,e_wallet,504.9
ORD_000159,credit_card,564.22
ORD_000160,e_wallet,67.57
ORD_000161,bank_transfer,603.45
ORD_000162,credit_card,392.03
ORD_000163,e_wallet,705.08
ORD_000164,bank_transfer,376.86
ORD_000165,credit_card,288.99
ORD_000166,credit_card,135.09
ORD_000167,e_wallet,106.92
ORD_000168,e_wallet,664.85
ORD_000169,e_wallet,158.55
ORD_000170,bank_transfer,584.17
ORD_000171,cod,671.32
ORD_000172,e_wallet,219.14
ORD_000173,e_wallet,651.28
ORD_000174,e_wallet,678.98
ORD_000175,credit_card,790.73
ORD_000176,e_wallet,301.09
ORD_000177,credit_card,596.07
ORD_000178,credit_card,488.29
ORD_000179,e_wallet,301.9
ORD_000180,e_wallet,188.41
ORD_000181,e_wallet,603.77
ORD_000182,credit_card,697.1
ORD_000183,credit_card,327.44
ORD_000184,cod,742.93
ORD_000185,credit_card,316.62
ORD_000186,bank_transfer,709.78
ORD_000187,cod,66.84
ORD_000188,credit_card,526.91
ORD_000189,credit_card,713.49
ORD_000190,e_wallet,602.32
ORD_000191,credit_card,447.7
ORD_000192,bank_transfer,204.07
ORD_000193,e_wallet,354.14
ORD_000194,credit_card,474.71
ORD_000195,credit_card,224.78
ORD_000196,cod,638.23
ORD_000197,credit_card,120.31
ORD_000198,e_wallet,358.68
ORD_000199,e_wallet,574.33
ORD_000200,e_wallet,323.04
ORD_000201,credit_card,537.46
ORD_000202,cod,446.03
ORD_000203,credit_card,52.23
ORD_000204,credit_card,513.94
ORD_000205,e_wallet,659.66
ORD_000206,e_wallet,61.33
ORD_000207,e_wallet,218.03
ORD_000208,credit_card,177.97
ORD_000209,e_wallet,468.99
ORD_000210,credit_card,739.03
ORD_000211,credit_card,507.7
ORD_000212,bank_transfer,659.33
ORD_000213,bank_transfer,484.66
ORD_000214,cod,534.25
ORD_000215,e_wallet,569.54
ORD_000216,credit_card,199.85
ORD_000217,e_wallet,511.33
ORD_000218,bank_transfer,698.66
ORD_000219,e_wallet,664.74
ORD_000220,credit_card,792.61
ORD_000221,e_wallet,571.49
ORD_000222,e_wallet,180.2
ORD_000223,e_wallet,511.18
ORD_000224,credit_card,357.97
ORD_000225,credit_card,412.57
ORD_000226,credit_card,564.99
ORD_000227,bank_transfer,239.99
ORD_000228,e_wallet,29.1
ORD_000229,credit_card,527.99
ORD_000230,credit_card,52.3
ORD_000231,e_wallet,762.62
ORD_000232,e_wallet,193.81
ORD_000233,cod,358.64
ORD_000234,bank_transfer,782.01
ORD_000235,bank_transfer,115.77
ORD_000236,bank_transfer,141.98
ORD_000237,e_wallet,543.3
ORD_000238,cod,544.18
ORD_000239,credit_card,582.64
ORD_000240,e_wallet,548.06
ORD_000241,credit_card,605.51
ORD_000242,bank_transfer,187.79
ORD_000243,bank_transfer,528.31
ORD_000244,credit_card,197.15
ORD_000245,credit_card,352.69
ORD_000246,credit_card,306.36
ORD_000247,cod,701.84
ORD_000248,bank_transfer,236.22
ORD_000249,e_wallet,183.69
ORD_000250,e_wallet,322.51
ORD_000251,cod,345.18
ORD_000252,bank_transfer,701.04
ORD_000253,e_wallet,210.97
ORD_000254,credit_card,541.65
ORD_000255,bank_transfer,747.53
ORD_000256,credit_card,282.34
ORD_000257,bank_transfer,63.97
ORD_000258,e_wallet,702.82
ORD_000259,bank_transfer,774.62
ORD_000260,cod,166.26
ORD_000261,e_wallet,336.96
ORD_000262,e_wallet,150.49
ORD_000263,credit_card,169.86
ORD_000264,credit_card,100.59
ORD_000265,credit_card,71.47
ORD_000266,credit_card,202.28
ORD_000267,e_wallet,36.62
ORD_000268,credit_card,731.38
ORD_000269,credit_card,786.99
ORD_000270,credit_card,42.49
ORD_000271,credit_card,705.57
ORD_000272,e_wallet,675.8
ORD_000273,e_wallet,644.57
ORD_000274,credit_card,728.59
ORD_000275,bank_transfer,54.16
ORD_000276,bank_transfer,429.35
ORD_000277,bank_transfer,546.49
ORD_000278,bank_transfer,511.92
ORD_000279,credit_card,300.28
ORD_000280,bank_transfer,555.31
ORD_000281,credit_card,349.46
ORD_000282,bank_transfer,291.57
ORD_000283,credit_card,571.1
ORD_000284,credit_card,743.91
ORD_000285,credit_card,319.49
ORD_000286,credit_card,48.28
ORD_000287,e_wallet,678.85
ORD_000288,credit_card,367.08
ORD_000289,bank_transfer,252.81
ORD_000290,credit_card,747.95
ORD_000291,e_wallet,552.38
ORD_000292,bank_transfer,23.42
ORD_000293,e_wallet,369.83
ORD_000294,credit_card,342.46
ORD_000295,credit_card,709.31
ORD_000296,credit_card,454.05
ORD_000297,e_wallet,24.86
ORD_000298,e_wallet,101.95
ORD_000299,e_wallet,639.05
ORD_000300,e_wallet,280.68
ORD_000301,bank_transfer,269.14
ORD_000302,e_wallet,148.46
ORD_000303,cod,373.22
ORD_000304,cod,582.78
ORD_000305,e_wallet,792.28
ORD_000306,credit_card,651.66
ORD_000307,credit_card,363.86
ORD_000308,bank_transfer,446.53
ORD_000309,e_wallet,534.54
ORD_000310,credit_card,678.83
ORD_000311,credit_card,509.77
ORD_000312,credit_card,469.71
ORD_000313,bank_transfer,572.84
ORD_000314,e_wallet,690.0
ORD_000315,credit_card,163.26
ORD_000316,e_wallet,168.01
ORD_000317,credit_card,303.28
ORD_000318,credit_card,784.23
ORD_000319,e_wallet,493.5
ORD_000320,e_wallet,640.55
ORD_000321,credit_card,345.36
ORD_000322,credit_card,665.26
ORD_000323,credit_card,149.88
ORD_000324,credit_card,57.36
ORD_000325,credit_card,271.21
ORD_000326,bank_transfer,328.19
ORD_000327,cod,411.62
ORD_000328,credit_card,701.01
ORD_000329,credit_card,690.59
ORD_000330,bank_transfer,167.88
ORD_000331,bank_transfer,181.42
ORD_000332,e_wallet,327.15
ORD_000333,e_wallet,484.87
ORD_000334,bank_transfer,745.81
ORD_000335,credit_card,586.5
ORD_000336,credit_card,66.97
ORD_000337,e_wallet,47.49
ORD_000338,cod,454.06
ORD_000339,credit_card,222.56
ORD_000340,e_wallet,607.88
ORD_000341,credit_card,384.18
ORD_000342,e_wallet,646.44
ORD_000343,bank_transfer,153.22
ORD_000344,credit_card,675.37
ORD_000345,credit_card,340.41
ORD_000346,e_wallet,576.55
ORD_000347,credit_card,357.81
ORD_000348,credit_card,478.79
ORD_000349,bank_transfer,721.01
ORD_000350,credit_card,585.21
ORD_000351,credit_card,376.98
ORD_000352,bank_transfer,668.84
ORD_000353,e_wallet,395.05
ORD_000354,cod,713.7
ORD_000355,bank_transfer,734.13
ORD_000356,bank_transfer,652.61
ORD_000357,e_wallet,243.49
ORD_000358,cod,473.88
ORD_000359,credit_card,44.92
ORD_000360,credit_card,606.96
ORD_000361,bank_transfer,75.44
ORD_000362,credit_card,629.15
ORD_000363,e_wallet,520.67
ORD_000364,cod,175.27
ORD_000365,credit_card,742.34
ORD_000366,e_wallet,617.14
ORD_000367,credit_card,750.46
ORD_000368,cod,126.23
ORD_000369,credit_card,247.69
ORD_000370,credit_card,399.12
ORD_000371,cod,44.17
ORD_000372,credit_card,578.7
ORD_000373,e_wallet,422.22
ORD_000374,e_wallet,573.01
ORD_000375,e_wallet,501.57
ORD_000376,credit_card,694.54
ORD_000377,e_wallet,459.01
ORD_000378,cod,248.75
ORD_000379,credit_card,155.23
ORD_000380,bank_transfer,35.95
ORD_000381,credit_card,525.38
ORD_000382,bank_transfer,290.12
ORD_000383,credit_card,786.49
ORD_000384,credit_card,317.62
ORD_000385,credit_card,552.03
ORD_000386,bank_transfer,618.48
ORD_000387,e_wallet,334.29
ORD_000388,e_wallet,339.78
ORD_000389,bank_transfer,789.42
ORD_000390,credit_card,535.37
ORD_000391,bank_transfer,747.26
ORD_000392,bank_transfer,145.52
ORD_000393,credit_card,771.67
ORD_000394,credit_card,285.18
ORD_000395,credit_card,550.08
ORD_000396,credit_card,632.3
ORD_000397,credit_card,235.31
ORD_000398,credit_card,206.43
ORD_000399,e_wallet,249.85
ORD_000400,credit_card,443.35
ORD_000401,credit_card,185.35
ORD_000402,bank_transfer,650.15
ORD_000403,credit_card,330.46
ORD_000404,e_wallet,639.04
ORD_000405,credit_card,642.26
ORD_000406,credit_card,361.78
ORD_000407,bank_transfer,431.39
ORD_000408,credit_card,396.49
ORD_000409,bank_transfer,84.9
ORD_000410,cod,40.42
ORD_000411,e_wallet,769.23
ORD_000412,cod,259.86
ORD_000413,cod,610.39
ORD_000414,bank_transfer,191.16
ORD_000415,credit_card,651.51
ORD_000416,credit_card,74.38
ORD_000417,cod,129.36
ORD_000418,cod,631.04
ORD_000419,credit_card,54.88
ORD_000420,e_wallet,364.23
ORD_000421,credit_card,77.81
ORD_000422,credit_card,785.94
ORD_000423,e_wallet,695.91
ORD_000424,cod,223.6
ORD_000425,credit_card,343.69
ORD_000426,bank_transfer,790.63
ORD_000427,e_wallet,429.62
ORD_000428,bank_transfer,255.61
ORD_000429,credit_card,355.07
ORD_000430,bank_transfer,208.58
ORD_000431,cod,494.61
ORD_000432,bank_transfer,437.92
ORD_000433,e_wallet,134.21
ORD_000434,credit_card,176.23
ORD_000435,credit_card,740.69
ORD_000436,e_wallet,777.16
ORD_000437,credit_card,163.59
ORD_000438,credit_card,45.04
ORD_000439,cod,319.89
ORD_000440,e_wallet,263.14
ORD_000441,bank_transfer,175.56
ORD_000442,e_wallet,441.06
ORD_000443,credit_card,644.81
ORD_000444,cod,682.59
ORD_000445,e_wallet,393.33
ORD_000446,cod,189.18
ORD_000447,credit_card,654.84
ORD_000448,e_wallet,487.01
ORD_000449,credit_card,61.43
ORD_000450,e_wallet,274.37
ORD_000451,credit_card,546.78
ORD_000452,e_wallet,87.32
ORD_000453,credit_card,223.39
ORD_000454,credit_card,689.07
ORD_000455,e_wallet,240.83
ORD_000456,credit_card,67.42
ORD_000457,cod,432.1
ORD_000458,credit_card,460.56
ORD_000459,e_wallet,158.34
ORD_000460,credit_card,745.67
ORD_000461,e_wallet,393.33
ORD_000462,credit_card,248.41
ORD_000463,credit_card,715.73
ORD_000464,credit_card,639.95
ORD_000465,e_wallet,527.41
ORD_000466,e_wallet,346.54
ORD_000467,credit_card,137.95
ORD_000468,credit_card,733.67
ORD_000469,cod,618.58
ORD_000470,e_wallet,76.97
ORD_000471,credit_card,544.69
ORD_000472,bank_transfer,530.22
ORD_000473,credit_card,436.09
ORD_000474,cod,769.62
ORD_000475,credit_card,676.8
ORD_000476,bank_transfer,760.07
ORD_000477,e_wallet,211.95
ORD_000478,bank_transfer,791.47
ORD_000479,cod,113.48
ORD_000480,credit_card,507.43
ORD_000481,credit_card,55.83
ORD_000482,bank_transfer,354.04
ORD_000483,credit_card,512.12
ORD_000484,credit_card,308.99
ORD_000485,credit_card,702.98
ORD_000486,credit_card,308.38
ORD_000487,bank_transfer,273.24
ORD_000488,bank_transfer,71.94
ORD_000489,e_wallet,45.54
ORD_000490,cod,201.18
ORD_000491,credit_card,615.89
ORD_000492,e_wallet,67.74
ORD_000493,credit_card,583.8
ORD_000494,credit_card,545.38
ORD_000495,credit_card,788.34
ORD_000496,credit_card,397.43
ORD_000497,credit_card,629.69
ORD_000498,e_wallet,579.32
ORD_000499,credit_card,235.47
ORD_000500,credit_card,155.62
ORD_000501,bank_transfer,680.67
ORD_000502,e_wallet,167.26
ORD_000503,credit_card,778.02
ORD_000504,credit_card,428.75
ORD_000505,credit_card,282.1
ORD_000506,e_wallet,133.35
ORD_000507,credit_card,230.05
ORD_000508,e_wallet,529.7
ORD_000509,bank_transfer,702.66
ORD_000510,credit_card,642.46
ORD_000511,cod,259.6
ORD_000512,credit_card,547.64
ORD_000513,credit_card,71.5
ORD_000514,cod,22.99
ORD_000515,credit_card,496.89
ORD_000516,e_wallet,224.74
ORD_000517,bank_transfer,490.86
ORD_000518,e_wallet,530.32
ORD_000519,credit_card,223.57
ORD_000520,e_wallet,33.16
ORD_000521,bank_transfer,349.64
ORD_000522,credit_card,428.04
ORD_000523,e_wallet,194.56
ORD_000524,credit_card,608.08
ORD_000525,credit_card,710.57
ORD_000526,bank_transfer,711.53
ORD_000527,e_wallet,416.23
ORD_000528,credit_card,437.73
ORD_000529,e_wallet,413.68
ORD_000530,credit_card,507.4
ORD_000531,credit_card,249.83
ORD_000532,e_wallet,253.54
ORD_000533,cod,539.58
ORD_000534,bank_transfer,580.51
ORD_000535,cod,741.96
ORD_000536,cod,347.13
ORD_000537,e_wallet,446.18
ORD_000538,credit_card,479.53
ORD_000539,cod,690.1
ORD_000540,credit_card,790.29
ORD_000541,credit_card,759.04
ORD_000542,credit_card,638.58
ORD_000543,e_wallet,176.26
ORD_000544,credit_card,165.17
ORD_000545,bank_transfer,776.72
ORD_000546,bank_transfer,34.05
ORD_000547,e_wallet,94.77
ORD_000548,credit_card,278.13
ORD_000549,credit_card,750.89
ORD_000550,bank_transfer,643.96
ORD_000551,bank_transfer,645.51
ORD_000552,credit_card,220.23
ORD_000553,bank_transfer,752.62
ORD_000554,e_wallet,230.97
ORD_000555,e_wallet,189.74
ORD_000556,e_wallet,533.38
ORD_000557,bank_transfer,693.98
ORD_000558,credit_card,123.05
ORD_000559,credit_card,415.84
ORD_000560,credit_card,591.93
ORD_000561,credit_card,596.19
ORD_000562,cod,632.85
ORD_000563,e_wallet,598.76
ORD_000564,bank_transfer,307.04
ORD_000565,cod,252.1
ORD_000566,credit_card,37.43
ORD_000567,e_wallet,458.58
ORD_000568,e_wallet,324.96
ORD_000569,bank_transfer,129.6
ORD_000570,e_wallet,504.28
ORD_000571,credit_card,730.38
ORD_000572,e_wallet,453.88
ORD_000573,cod,360.02
ORD_000574,credit_card,461.25
ORD_000575,bank_transfer,620.63
ORD_000576,e_wallet,654.46
ORD_000577,e_wallet,773.1
ORD_000578,e_wallet,352.24
ORD_000579,credit_card,296.05
ORD_000580,e_wallet,525.81
ORD_000581,credit_card,108.7
ORD_000582,cod,276.82
ORD_000583,bank_transfer,111.25
ORD_000584,e_wallet,460.69
ORD_000585,bank_transfer,123.68
ORD_000586,bank_transfer,551.31
ORD_000587,cod,775.87
ORD_000588,credit_card,100.14
ORD_000589,credit_card,499.86
ORD_000590,credit_card,472.14
ORD_000591,cod,460.82
ORD_000592,e_wallet,665.8
ORD_000593,credit_card,527.52
ORD_000594,credit_card,572.36
ORD_000595,bank_transfer,573.62
ORD_000596,bank_transfer,457.8
ORD_000597,credit_card,93.48
ORD_000598,e_wallet,542.39
ORD_000599,e_wallet,72.45
ORD_000600,e_wallet,308.33
ORD_000601,e_wallet,36.86
ORD_000602,e_wallet,582.75
ORD_000603,credit_card,626.29
ORD_000604,credit_card,248.43
ORD_000605,bank_transfer,435.29
ORD_000606,bank_transfer,29.23
ORD_000607,e_wallet,586.06
ORD_000608,e_wallet,117.61
ORD_000609,credit_card,533.87
ORD_000610,e_wallet,620.72
ORD_000611,bank_transfer,525.57
ORD_000612,bank_transfer,214.75
ORD_000613,credit_card,301.88
ORD_000614,credit_card,773.69
ORD_000615,credit_card,41.42
ORD_000616,e_wallet,379.68
ORD_000617,credit_card,798.59
ORD_000618,credit_card,145.62
ORD_000619,credit_card,215.29
ORD_000620,bank_transfer,247.19
ORD_000621,e_wallet,349.79
ORD_000622,bank_transfer,589.36
ORD_000623,e_wallet,585.41
ORD_000624,credit_card,771.31
ORD_000625,e_wallet,796.18
ORD_000626,e_wallet,535.65
ORD_000627,credit_card,89.36
ORD_000628,cod,341.95
ORD_000629,bank_transfer,404.72
ORD_000630,e_wallet,126.89
ORD_000631,e_wallet,480.82
ORD_000632,credit_card,77.39
ORD_000633,credit_card,153.54
ORD_000634,e_wallet,570.74
ORD_000635,e_wallet,246.8
ORD_000636,e_wallet,31.28
ORD_000637,bank_transfer,755.08
ORD_000638,credit_card,347.15
ORD_000639,credit_card,124.44
ORD_000640,credit_card,490.08
ORD_000641,bank_transfer,551.12
ORD_000642,credit_card,703.43
ORD_000643,bank_transfer,132.67
ORD_000644,bank_transfer,631.63
ORD_000645,bank_transfer,86.91
ORD_000646,cod,174.02
ORD_000647,e_wallet,395.33
ORD_000648,credit_card,155.47
ORD_000649,credit_card,163.83
ORD_000650,cod,240.62
ORD_000651,credit_card,27.98
ORD_000652,e_wallet,72.57
ORD_000653,credit_card,31.23
ORD_000654,bank_transfer,37.24
ORD_000655,e_wallet,120.71
ORD_000656,credit_card,731.85
ORD_000657,e_wallet,326.04
ORD_000658,e_wallet,204.36
ORD_000659,bank_transfer,508.38
ORD_000660,bank_transfer,62.33
ORD_000661,credit_card,399.37
ORD_000662,bank_transfer,454.84
ORD_000663,credit_card,43.76
ORD_000664,credit_card,186.42
ORD_000665,bank_transfer,345.61
ORD_000666,e_wallet,737.2
ORD_000667,bank_transfer,63.88
ORD_000668,credit_card,747.01
ORD_000669,e_wallet,30.99
ORD_000670,e_wallet,572.92
ORD_000671,e_wallet,459.18
ORD_000672,credit_card,572.42
ORD_000673,credit_card,621.94
ORD_000674,credit_card,376.27
ORD_000675,e_wallet,767.77
ORD_000676,e_wallet,774.1
ORD_000677,credit_card,79.36
ORD_000678,e_wallet,617.86
ORD_000679,credit_card,123.12
ORD_000680,bank_transfer,423.12
ORD_000681,cod,614.39
ORD_000682,e_wallet,41.67
ORD_000683,e_wallet,134.23
ORD_000684,credit_card,367.16
ORD_000685,e_wallet,777.79
ORD_000686,e_wallet,132.65
ORD_000687,credit_card,281.93
ORD_000688,bank_transfer,770.05
ORD_000689,e_wallet,623.64
ORD_000690,credit_card,790.52
ORD_000691,e_wallet,283.23
ORD_000692,credit_card,600.63
ORD_000693,credit_card,747.5
ORD_000694,credit_card,656.72
ORD_000695,bank_transfer,44.32
ORD_000696,credit_card,332.81
ORD_000697,e_wallet,440.81
ORD_000698,bank_transfer,440.36
ORD_000699,cod,455.38
ORD_000700,credit_card,161.0
ORD_000701,cod,269.63
ORD_000702,bank_transfer,292.57
ORD_000703,e_wallet,315.44
ORD_000704,credit_card,413.3
ORD_000705,e_wallet,156.13
ORD_000706,e_wallet,761.89
ORD_000707,bank_transfer,62.96
ORD_000708,e_wallet,225.79
ORD_000709,bank_transfer,35.38
ORD_000710,credit_card,681.83
ORD_000711,e_wallet,749.81
ORD_000712,credit_card,156.35
ORD_000713,credit_card,685.56
ORD_000714,cod,120.88
ORD_000715,credit_card,583.52
ORD_000716,credit_card,122.18
ORD_000717,credit_card,237.14
ORD_000718,credit_card,34.52
ORD_000719,e_wallet,331.19
ORD_000720,credit_card,755.19
ORD_000721,credit_card,455.93
ORD_000722,credit_card,459.15
ORD_000723,credit_card,536.23
ORD_000724,credit_card,46.31
ORD_000725,credit_card,313.83
ORD_000726,bank_transfer,247.04
ORD_000727,credit_card,367.09
ORD_000728,credit_card,531.81
ORD_000729,bank_transfer,136.26
ORD_000730,bank_transfer,214.0
ORD_000731,e_wallet,557.87
ORD_000732,e_wallet,538.06
ORD_000733,credit_card,131.17
ORD_000734,e_wallet,792.74
ORD_000735,credit_card,619.28
ORD_000736,credit_card,129.59
ORD_000737,e_wallet,782.68
ORD_000738,e_wallet,723.84
ORD_000739,bank_transfer,520.78
ORD_000740,cod,797.06
ORD_000741,credit_card,286.94
ORD_000742,credit_card,444.74
ORD_000743,e_wallet,638.07
ORD_000744,e_wallet,192.98
ORD_000745,credit_card,640.1
ORD_000746,credit_card,665.6
ORD_000747,cod,146.63
ORD_000748,bank_transfer,618.54
ORD_000749,bank_transfer,561.77
ORD_000750,bank_transfer,565.19
ORD_000751,credit_card,377.09
ORD_000752,bank_transfer,679.08
ORD_000753,credit_card,472.59
ORD_000754,credit_card,96.14
ORD_000755,bank_transfer,758.13
ORD_000756,credit_card,727.41
ORD_000757,e_wallet,99.09
ORD_000758,cod,583.37
ORD_000759,bank_transfer,686.9
ORD_000760,e_wallet,231.82
ORD_000761,bank_transfer,766.35
ORD_000762,credit_card,106.21
ORD_000763,bank_transfer,64.71
ORD_000764,credit_card,487.02
ORD_000765,bank_transfer,239.94
ORD_000766,e_wallet,133.38
ORD_000767,bank_transfer,243.7
ORD_000768,credit_card,137.5
ORD_000769,credit_card,637.97
ORD_000770,e_wallet,305.59
ORD_000771,credit_card,794.79
ORD_000772,credit_card,689.56
ORD_000773,credit_card,184.73
ORD_000774,bank_transfer,753.85
ORD_000775,e_wallet,781.39
ORD_000776,e_wallet,795.73
ORD_000777,credit_card,720.33
ORD_000778,credit_card,152.88
ORD_000779,e_wallet,467.22
ORD_000780,cod,238.49
ORD_000781,credit_card,762.94
ORD_000782,bank_transfer,590.13
ORD_000783,e_wallet,233.01
ORD_000784,e_wallet,122.44
ORD_000785,credit_card,351.67
ORD_000786,bank_transfer,102.01
ORD_000787,credit_card,234.69
ORD_000788,bank_transfer,752.43
ORD_000789,credit_card,360.31
ORD_000790,credit_card,155.17
ORD_000791,e_wallet,195.47
ORD_000792,credit_card,338.27
ORD_000793,bank_transfer,718.96
ORD_000794,e_wallet,273.45
ORD_000795,credit_card,354.52
ORD_000796,e_wallet,75.5
ORD_000797,cod,611.88
ORD_000798,credit_card,418.46
ORD_000799,credit_card,422.9
ORD_000800,credit_card,295.84
ORD_000801,e_wallet,47.12
ORD_000802,e_wallet,503.64
ORD_000803,e_wallet,756.75
ORD_000804,cod,765.28
ORD_000805,e_wallet,748.36
ORD_000806,credit_card,730.73
ORD_000807,bank_transfer,345.35
ORD_000808,e_wallet,541.04
ORD_000809,credit_card,190.53
ORD_000810,e_wallet,572.37
ORD_000811,credit_card,419.38
ORD_000812,credit_card,49.1
ORD_000813,credit_card,633.9
ORD_000814,bank_transfer,663.44
ORD_000815,bank_transfer,741.65
ORD_000816,bank_transfer,626.23
ORD_000817,credit_card,767.33
ORD_000818,e_wallet,382.66
ORD_000819,credit_card,418.75
ORD_000820,credit_card,362.05
ORD_000821,e_wallet,261.47
ORD_000822,cod,251.9
ORD_000823,e_wallet,56.19
ORD_000824,credit_card,258.05
ORD_000825,credit_card,34.53
ORD_000826,cod,626.3
ORD_000827,credit_card,787.28
ORD_000828,credit_card,543.24
ORD_000829,credit_card,712.41
ORD_000830,cod,744.18
ORD_000831,credit_card,69.33
ORD_000832,e_wallet,445.2
ORD_000833,credit_card,29.13
ORD_000834,e_wallet,32.35
ORD_000835,e_wallet,788.9
ORD_000836,e_wallet,280.44
ORD_000837,cod,28.25
ORD_000838,e_wallet,326.14
ORD_000839,bank_transfer,453.8
ORD_000840,credit_card,635.31
ORD_000841,bank_transfer,244.4
ORD_000842,credit_card,517.95
ORD_000843,credit_card,376.79
ORD_000844,bank_transfer,552.67
ORD_000845,e_wallet,428.96
ORD_000846,credit_card,517.05
ORD_000847,credit_card,479.95
ORD_000848,bank_transfer,598.42
ORD_000849,cod,724.9
ORD_000850,e_wallet,643.71
ORD_000851,credit_card,584.53
ORD_000852,e_wallet,749.39
ORD_000853,e_wallet,701.31
ORD_000854,credit_card,537.65
ORD_000855,e_wallet,434.6
ORD_000856,credit_card,462.7
ORD_000857,bank_transfer,74.12
ORD_000858,credit_card,537.67
ORD_000859,cod,159.38
ORD_000860,credit_card,788.3
ORD_000861,cod,200.56
ORD_000862,cod,614.54
ORD_000863,bank_transfer,289.86
ORD_000864,cod,53.78
ORD_000865,bank_transfer,72.9
ORD_000866,cod,718.87
ORD_000867,e_wallet,486.55
ORD_000868,e_wallet,293.9
ORD_000869,credit_card,211.07
ORD_000870,credit_card,553.99
ORD_000871,e_wallet,338.73
ORD_000872,credit_card,405.38
ORD_000873,e_wallet,258.87
ORD_000874,e_wallet,795.67
ORD_000875,e_wallet,519.03
ORD_000876,e_wallet,460.63
ORD_000877,credit_card,619.59
ORD_000878,bank_transfer,171.59
ORD_000879,e_wallet,150.19
ORD_000880,cod,380.79
ORD_000881,credit_card,466.22
ORD_000882,credit_card,424.39
ORD_000883,credit_card,317.95
ORD_000884,bank_transfer,681.76
ORD_000885,e_wallet,585.81
ORD_000886,bank_transfer,291.66
ORD_000887,bank_transfer,494.34
ORD_000888,e_wallet,423.25
ORD_000889,e_wallet,764.78
ORD_000890,credit_card,494.16
ORD_000891,credit_card,130.63
ORD_000892,credit_card,372.56
ORD_000893,credit_card,482.26
ORD_000894,credit_card,747.38
ORD_000895,credit_card,74.22
ORD_000896,bank_transfer,510.0
ORD_000897,e_wallet,598.89
ORD_000898,credit_card,683.71
ORD_000899,e_wallet,515.18
ORD_000900,credit_card,465.46
ORD_000901,e_wallet,583.03
ORD_000902,e_wallet,332.8
ORD_000903,bank_transfer,661.31
ORD_000904,credit_card,394.24
ORD_000905,credit_card,760.75
ORD_000906,credit_card,778.57
ORD_000907,credit_card,703.13
ORD_000908,credit_card,200.48
ORD_000909,cod,171.02
ORD_000910,e_wallet,790.91
ORD_000911,credit_card,429.11
ORD_000912,credit_card,563.94
ORD_000913,e_wallet,652.18
ORD_000914,credit_card,659.65
ORD_000915,credit_card,158.13
ORD_000916,credit_card,264.54
ORD_000917,e_wallet,363.24
ORD_000918,credit_card,630.65
ORD_000919,credit_card,730.68
ORD_000920,credit_card,198.65
ORD_000921,credit_card,422.87
ORD_000922,bank_transfer,287.17
ORD_000923,cod,207.37
ORD_000924,bank_transfer,119.12
ORD_000925,e_wallet,391.89
ORD_000926,credit_card,756.98
ORD_000927,credit_card,300.18
ORD_000928,credit_card,279.19
ORD_000929,credit_card,380.04
ORD_000930,e_wallet,134.45
ORD_000931,bank_transfer,89.23
ORD_000932,credit_card,401.1
ORD_000933,e_wallet,254.38
ORD_000934,e_wallet,298.84
ORD_000935,bank_transfer,281.39
ORD_000936,credit_card,693.02
ORD_000937,bank_transfer,633.15
ORD_000938,e_wallet,28.78
ORD_000939,e_wallet,344.45
ORD_000940,bank_transfer,262.49
ORD_000941,credit_card,459.89
ORD_000942,e_wallet,285.14
ORD_000943,credit_card,27.32
ORD_000944,credit_card,468.65
ORD_000945,credit_card,554.61
ORD_000946,credit_card,201.48
ORD_000947,credit_card,601.46
ORD_000948,cod,482.04
ORD_000949,bank_transfer,178.68
ORD_000950,credit_card,325.02
ORD_000951,e_wallet,227.92
ORD_000952,bank_transfer,525.79
ORD_000953,e_wallet,124.15
ORD_000954,cod,654.02
ORD_000955,e_wallet,791.45
ORD_000956,e_wallet,547.33
ORD_000957,credit_card,759.41
ORD_000958,credit_card,432.4
ORD_000959,credit_card,376.3
ORD_000960,credit_card,449.39
ORD_000961,credit_card,315.27
ORD_000962,credit_card,47.0
ORD_000963,credit_card,643.26
ORD_000964,bank_transfer,580.08
ORD_000965,credit_card,355.1
ORD_000966,e_wallet,536.36
ORD_000967,bank_transfer,434.37
ORD_000968,bank_transfer,533.65
ORD_000969,e_wallet,161.25
ORD_000970,e_wallet,581.51
ORD_000971,bank_transfer,339.57
ORD_000972,credit_card,76.38
ORD_000973,credit_card,662.09
ORD_000974,credit_card,294.22
ORD_000975,credit_card,409.81
ORD_000976,bank_transfer,444.52
ORD_000977,e_wallet,629.85
ORD_000978,bank_transfer,643.71
ORD_000979,cod,606.82
ORD_000980,e_wallet,103.26
ORD_000981,cod,362.44
ORD_000982,bank_transfer,152.75
ORD_000983,bank_transfer,422.11
ORD_000984,credit_card,381.59
ORD_000985,credit_card,422.53
ORD_000986,credit_card,636.95
ORD_000987,bank_transfer,584.47
ORD_000988,bank_transfer,441.52
ORD_000989,e_wallet,528.78
ORD_000990,bank_transfer,149.38
ORD_000991,credit_card,329.8
ORD_000992,credit_card,247.48
ORD_000993,credit_card,773.87
ORD_000994,credit_card,86.91
ORD_000995,e_wallet,567.86
ORD_000996,e_wallet,432.26
ORD_000997,bank_transfer,273.26
ORD_000998,bank_transfer,108.02
ORD_000999,credit_card,613.2
ORD_001000,bank_transfer,147.38
ORD_001001,credit_card,101.55
ORD_001002,credit_card,339.83
ORD_001003,credit_card,172.46
ORD_001004,e_wallet,119.53
ORD_001005,credit_card,366.61
ORD_001006,e_wallet,430.44
ORD_001007,e_wallet,233.36
ORD_001008,e_wallet,109.37
ORD_001009,bank_transfer,142.57
ORD_001010,bank_transfer,374.54
ORD_001011,credit_card,563.18
ORD_001012,e_wallet,655.56
ORD_001013,bank_transfer,489.6
ORD_001014,e_wallet,57.17
ORD_001015,credit_card,66.51
ORD_001016,credit_card,597.82
ORD_001017,credit_card,152.16
ORD_001018,cod,459.38
ORD_001019,bank_transfer,558.29
ORD_001020,credit_card,507.08
ORD_001021,credit_card,203.28
ORD_001022,e_wallet,428.48
ORD_001023,bank_transfer,20.28
ORD_001024,e_wallet,522.24
ORD_001025,credit_card,541.31
ORD_001026,credit_card,416.56
ORD_001027,e_wallet,282.33
ORD_001028,cod,434.25
ORD_001029,bank_transfer,743.39
ORD_001030,bank_transfer,613.93
ORD_001031,bank_transfer,415.13
ORD_001032,e_wallet,564.9
ORD_001033,bank_transfer,554.85
ORD_001034,e_wallet,482.51
ORD_001035,e_wallet,246.77
ORD_001036,bank_transfer,648.5
ORD_001037,credit_card,88.04
ORD_001038,e_wallet,213.21
ORD_001039,credit_card,153.84
ORD_001040,credit_card,651.54
ORD_001041,credit_card,191.73
ORD_001042,credit_card,296.5
ORD_001043,credit_card,778.23
ORD_001044,bank_transfer,634.95
ORD_001045,e_wallet,387.16
ORD_001046,e_wallet,420.53
ORD_001047,e_wallet,55.63
ORD_001048,credit_card,261.28
ORD_001049,credit_card,507.15
ORD_001050,bank_transfer,678.91
ORD_001051,e_wallet,176.87
ORD_001052,e_wallet,662.04
ORD_001053,e_wallet,76.14
ORD_001054,credit_card,389.8
ORD_001055,bank_transfer,664.12
ORD_001056,e_wallet,32.77
ORD_001057,e_wallet,768.07
ORD_001058,bank_transfer,124.89
ORD_001059,credit_card,759.03
ORD_001060,credit_card,595.41
ORD_001061,credit_card,36.13
ORD_001062,e_wallet,417.43
ORD_001063,bank_transfer,457.26
ORD_001064,credit_card,149.84
ORD_001065,e_wallet,702.29
ORD_001066,credit_card,426.52
ORD_001067,e_wallet,269.89
ORD_001068,cod,229.51
ORD_001069,e_wallet,452.39
ORD_001070,e_wallet,300.38
ORD_001071,credit_card,288.46
ORD_001072,credit_card,152.58
ORD_001073,bank_transfer,747.74
ORD_001074,bank_transfer,370.2
ORD_001075,e_wallet,233.69
ORD_001076,bank_transfer,232.46
ORD_001077,cod,559.3
ORD_001078,credit_card,595.11
ORD_001079,bank_transfer,576.31
ORD_001080,e_wallet,758.21
ORD_001081,bank_transfer,698.37
ORD_001082,e_wallet,253.97
ORD_001083,bank_transfer,170.82
ORD_001084,bank_transfer,762.98
ORD_001085,credit_card,529.82
ORD_001086,e_wallet,741.77
ORD_001087,credit_card,625.07
ORD_001088,bank_transfer,453.39
ORD_001089,credit_card,585.34
ORD_001090,credit_card,91.51
ORD_001091,e_wallet,112.2
ORD_001092,e_wallet,738.43
ORD_001093,e_wallet,496.46
ORD_001094,cod,235.07
ORD_001095,e_wallet,135.48
ORD_001096,credit_card,433.25
ORD_001097,e_wallet,197.1
ORD_001098,credit_card,719.79
ORD_001099,bank_transfer,298.04
ORD_001100,e_wallet,359.34
ORD_001101,bank_transfer,635.17
ORD_001102,credit_card,738.3
ORD_001103,bank_transfer,489.61
ORD_001104,credit_card,106.29
ORD_001105,credit_card,681.35
ORD_001106,e_wallet,581.48
ORD_001107,cod,407.14
ORD_001108,cod,47.24
ORD_001109,credit_card,389.91
ORD_001110,cod,363.66
ORD_001111,credit_card,666.47
ORD_001112,e_wallet,92.14
ORD_001113,bank_transfer,33.12
ORD_001114,e_wallet,214.63
ORD_001115,e_wallet,105.45
ORD_001116,cod,126.8
ORD_001117,credit_card,80.81
ORD_001118,bank_transfer,446.58
ORD_001119,e_wallet,249.2
ORD_001120,credit_card,751.49
ORD_001121,bank_transfer,650.4
ORD_001122,e_wallet,592.65
ORD_001123,e_wallet,503.92
ORD_001124,bank_transfer,408.04
ORD_001125,bank_transfer,204.0
ORD_001126,bank_transfer,419.89
ORD_001127,cod,665.93
ORD_001128,e_wallet,344.5
ORD_001129,credit_card,87.99
ORD_001130,credit_card,168.89
ORD_001131,bank_transfer,58.52
ORD_001132,e_wallet,380.7
ORD_001133,cod,180.14
ORD_001134,e_wallet,244.35
ORD_001135,credit_card,473.14
ORD_001136,credit_card,228.95
ORD_001137,e_wallet,655.18
ORD_001138,credit_card,787.62
ORD_001139,e_wallet,442.74
ORD_001140,bank_transfer,724.61
ORD_001141,e_wallet,615.59
ORD_001142,credit_card,163.95
ORD_001143,credit_card,169.49
ORD_001144,bank_transfer,550.32
ORD_001145,credit_card,305.33
ORD_001146,e_wallet,91.05
ORD_001147,credit_card,37.82
ORD_001148,bank_transfer,399.68
ORD_001149,credit_card,328.25
ORD_001150,e_wallet,514.39
ORD_001151,credit_card,496.38
ORD_001152,credit_card,474.56
ORD_001153,e_wallet,521.29
ORD_001154,cod,467.54
ORD_001155,e_wallet,77.03
ORD_001156,credit_card,676.53
ORD_001157,cod,765.26
ORD_001158,credit_card,776.71
ORD_001159,e_wallet,500.29
ORD_001160,e_wallet,157.49
ORD_001161,e_wallet,139.43
ORD_001162,e_wallet,127.81
ORD_001163,credit_card,723.46
ORD_001164,e_wallet,519.17
ORD_001165,e_wallet,631.21
ORD_001166,bank_transfer,76.61
ORD_001167,credit_card,764.88
ORD_001168,e_wallet,543.44
ORD_001169,credit_card,745.1
ORD_001170,credit_card,566.68
ORD_001171,credit_card,646.29
ORD_001172,credit_card,648.85
ORD_001173,bank_transfer,503.81
ORD_001174,cod,375.78
ORD_001175,credit_card,572.39
ORD_001176,credit_card,724.7
ORD_001177,credit_card,331.74
ORD_001178,credit_card,557.41
ORD_001179,e_wallet,178.72
ORD_001180,e_wallet,389.05
ORD_001181,bank_transfer,646.39
ORD_001182,bank_transfer,110.85
ORD_001183,credit_card,755.72
ORD_001184,e_wallet,755.04
ORD_001185,credit_card,251.3
ORD_001186,e_wallet,527.42
ORD_001187,bank_transfer,236.99
ORD_001188,bank_transfer,355.09
ORD_001189,e_wallet,200.34
ORD_001190,credit_card,442.8
ORD_001191,e_wallet,30.38
ORD_001192,e_wallet,544.46
ORD_001193,credit_card,504.02
ORD_001194,e_wallet,639.62
ORD_001195,e_wallet,190.86
ORD_001196,credit_card,491.92
ORD_001197,e_wallet,649.66
ORD_001198,e_wallet,86.62
ORD_001199,credit_card,513.28
ORD_001200,e_wallet,709.76
ORD_001201,credit_card,724.21
ORD_001202,credit_card,455.86
ORD_001203,e_wallet,647.37
ORD_001204,e_wallet,78.59
ORD_001205,e_wallet,603.09
ORD_001206,bank_transfer,433.19
ORD_001207,credit_card,652.6
ORD_001208,bank_transfer,339.18
ORD_001209,e_wallet,340.31
ORD_001210,bank_transfer,715.14
ORD_001211,e_wallet,594.99
ORD_001212,cod,385.47
ORD_001213,credit_card,265.72
ORD_001214,credit_card,74.43
ORD_001215,credit_card,759.26
ORD_001216,e_wallet,483.4
ORD_001217,bank_transfer,796.28
ORD_001218,credit_card,675.41
ORD_001219,credit_card,557.26
ORD_001220,e_wallet,661.79
ORD_001221,credit_card,275.19
ORD_001222,credit_card,782.32
ORD_001223,credit_card,733.94
ORD_001224,credit_card,794.36
ORD_001225,e_wallet,506.65
ORD_001226,credit_card,125.4
ORD_001227,credit_card,483.64
ORD_001228,bank_transfer,597.52
ORD_001229,e_wallet,202.38
ORD_001230,credit_card,78.93
ORD_001231,credit_card,475.38
ORD_001232,bank_transfer,747.54
ORD_001233,e_wallet,131.06
ORD_001234,credit_card,752.63
ORD_001235,credit_card,234.38
ORD_001236,credit_card,493.31
ORD_001237,cod,131.36
ORD_001238,credit_card,624.07
ORD_001239,credit_card,408.71
ORD_001240,e_wallet,649.63
ORD_001241,credit_card,513.52
ORD_001242,credit_card,651.47
ORD_001243,e_wallet,135.69
ORD_001244,credit_card,249.44
ORD_001245,credit_card,347.15
ORD_001246,e_wallet,201.83
ORD_001247,e_wallet,731.15
ORD_001248,bank_transfer,85.19
ORD_001249,bank_transfer,187.6
ORD_001250,e_wallet,562.29
ORD_001251,credit_card,379.16
ORD_001252,credit_card,682.08
ORD_001253,credit_card,629.41
ORD_001254,bank_transfer,456.54
ORD_001255,e_wallet,609.51
ORD_001256,e_wallet,188.77
ORD_001257,bank_transfer,593.7
ORD_001258,credit_card,327.51
ORD_001259,credit_card,286.48
ORD_001260,e_wallet,247.69
ORD_001261,e_wallet,506.76
ORD_001262,bank_transfer,701.59
ORD_001263,cod,589.4
ORD_001264,cod,341.78
ORD_001265,e_wallet,792.63
ORD_001266,credit_card,158.93
ORD_001267,credit_card,416.46
ORD_001268,e_wallet,490.27
ORD_001269,e_wallet,166.63
ORD_001270,credit_card,245.5
ORD_001271,e_wallet,157.63
ORD_001272,e_wallet,389.78
ORD_001273,credit_card,356.04
ORD_001274,credit_card,737.15
ORD_001275,bank_transfer,89.81
ORD_001276,credit_card,771.31
ORD_001277,bank_transfer,139.86
ORD_001278,cod,43.68
ORD_001279,e_wallet,139.64
ORD_001280,e_wallet,302.74
ORD_001281,credit_card,622.77
ORD_001282,e_wallet,541.91
ORD_001283,credit_card,75.49
ORD_001284,cod,111.54
ORD_001285,cod,572.41
ORD_001286,credit_card,557.12
ORD_001287,credit_card,430.41
ORD_001288,credit_card,711.59
ORD_001289,bank_transfer,271.89
ORD_001290,e_wallet,214.8
ORD_001291,e_wallet,354.44
ORD_001292,bank_transfer,373.02
ORD_001293,credit_card,44.92
ORD_001294,credit_card,195.04
ORD_001295,credit_card,149.27
ORD_001296,e_wallet,439.75
ORD_001297,credit_card,533.32
ORD_001298,credit_card,614.07
ORD_001299,e_wallet,776.64
ORD_001300,e_wallet,647.99
ORD_001301,e_wallet,516.77
ORD_001302,credit_card,45.67
ORD_001303,cod,360.99
ORD_001304,cod,753.62
ORD_001305,cod,315.51
ORD_001306,e_wallet,768.11
ORD_001307,cod,208.19
ORD_001308,credit_card,274.08
ORD_001309,cod,37.32
ORD_001310,credit_card,549.18
ORD_001311,cod,429.61
ORD_001312,bank_transfer,476.51
ORD_001313,credit_card,461.52
ORD_001314,credit_card,765.55
ORD_001315,e_wallet,152.25
ORD_001316,credit_card,114.8
ORD_001317,credit_card,162.1
ORD_001318,credit_card,149.89
ORD_001319,credit_card,272.57
ORD_001320,e_wallet,47.52
ORD_001321,bank_transfer,306.85
ORD_001322,e_wallet,173.87
ORD_001323,credit_card,631.42
ORD_001324,bank_transfer,603.34
ORD_001325,e_wallet,92.12
ORD_001326,e_wallet,493.74
ORD_001327,e_wallet,773.89
ORD_001328,credit_card,76.53
ORD_001329,e_wallet,37.01
ORD_001330,e_wallet,714.89
ORD_001331,bank_transfer,721.25
ORD_001332,e_wallet,684.36
ORD_001333,bank_transfer,71.62
ORD_001334,cod,420.1
ORD_001335,bank_transfer,499.92
ORD_001336,cod,708.44
ORD_001337,credit_card,246.3
ORD_001338,credit_card,276.59
ORD_001339,e_wallet,561.49
ORD_001340,credit_card,558.96
ORD_001341,credit_card,562.31
ORD_001342,cod,73.76
ORD_001343,credit_card,55.45
ORD_001344,cod,428.49
ORD_001345,credit_card,468.52
ORD_001346,credit_card,770.17
ORD_001347,credit_card,113.32
ORD_001348,bank_transfer,302.85
ORD_001349,credit_card,43.27
ORD_001350,e_wallet,256.25
ORD_001351,e_wallet,691.92
ORD_001352,credit_card,206.07
ORD_001353,credit_card,257.64
ORD_001354,credit_card,191.73
ORD_001355,e_wallet,306.74
ORD_001356,e_wallet,176.24
ORD_001357,bank_transfer,536.8
ORD_001358,bank_transfer,483.3
ORD_001359,e_wallet,245.54
ORD_001360,cod,421.28
ORD_001361,credit_card,246.94
ORD_001362,e_wallet,464.95
ORD_001363,credit_card,230.24
ORD_001364,e_wallet,351.04
ORD_001365,bank_transfer,234.14
ORD_001366,bank_transfer,729.44
ORD_001367,e_wallet,24.15
ORD_001368,credit_card,132.35
ORD_001369,cod,745.76
ORD_001370,credit_card,80.49
ORD_001371,e_wallet,350.24
ORD_001372,credit_card,268.35
ORD_001373,e_wallet,131.72
ORD_001374,credit_card,778.65
ORD_001375,credit_card,248.88
ORD_001376,credit_card,102.57
ORD_001377,credit_card,516.67
ORD_001378,bank_transfer,289.78
ORD_001379,credit_card,184.67
ORD_001380,credit_card,115.42
ORD_001381,e_wallet,303.92
ORD_001382,cod,513.81
ORD_001383,e_wallet,438.24
ORD_001384,bank_transfer,252.53
ORD_001385,credit_card,143.4
ORD_001386,credit_card,705.87
ORD_001387,credit_card,452.43
ORD_001388,cod,698.46
ORD_001389,credit_card,621.7
ORD_001390,credit_card,363.58
ORD_001391,bank_transfer,58.85
ORD_001392,e_wallet,26.61
ORD_001393,credit_card,728.14
ORD_001394,cod,394.74
ORD_001395,credit_card,215.28
ORD_001396,credit_card,436.77
ORD_001397,credit_card,693.9
ORD_001398,bank_transfer,294.52
ORD_001399,e_wallet,71.42
ORD_001400,bank_transfer,560.49
ORD_001401,bank_transfer,640.6
ORD_001402,bank_transfer,760.8
ORD_001403,credit_card,307.16
ORD_001404,credit_card,665.2
ORD_001405,bank_transfer,68.43
ORD_001406,e_wallet,383.67
ORD_001407,e_wallet,129.15
ORD_001408,credit_card,567.19
ORD_001409,bank_transfer,491.36
ORD_001410,e_wallet,57.81
ORD_001411,credit_card,382.71
ORD_001412,credit_card,413.43
ORD_001413,e_wallet,722.23
ORD_001414,credit_card,605.1
ORD_001415,credit_card,59.64
ORD_001416,bank_transfer,665.83
ORD_001417,cod,509.23
ORD_001418,credit_card,597.91
ORD_001419,credit_card,397.19
ORD_001420,bank_transfer,555.36
ORD_001421,credit_card,73.41
ORD_001422,bank_transfer,249.99
ORD_001423,credit_card,409.01
ORD_001424,cod,301.89
ORD_001425,bank_transfer,341.17
ORD_001426,e_wallet,31.0
ORD_001427,cod,712.24
ORD_001428,bank_transfer,703.38
ORD_001429,e_wallet,744.38
ORD_001430,cod,559.42
ORD_001431,e_wallet,478.26
ORD_001432,credit_card,541.18
ORD_001433,credit_card,787.63
ORD_001434,bank_transfer,345.19
ORD_001435,credit_card,688.17
ORD_001436,e_wallet,359.86
ORD_001437,bank_transfer,155.92
ORD_001438,bank_transfer,641.73
ORD_001439,e_wallet,412.26
ORD_001440,credit_card,359.11
ORD_001441,credit_card,203.82
ORD_001442,e_wallet,751.68
ORD_001443,e_wallet,614.08
ORD_001444,credit_card,624.01
ORD_001445,e_wallet,520.41
ORD_001446,bank_transfer,397.6
ORD_001447,credit_card,357.26
ORD_001448,bank_transfer,99.5
ORD_001449,cod,400.05
ORD_001450,e_wallet,54.36
ORD_001451,e_wallet,570.88
ORD_001452,cod,524.94
ORD_001453,bank_transfer,589.32
ORD_001454,e_wallet,513.42
ORD_001455,e_wallet,688.92
ORD_001456,credit_card,768.87
ORD_001457,bank_transfer,692.37
ORD_001458,bank_transfer,233.83
ORD_001459,cod,585.99
ORD_001460,bank_transfer,458.15
ORD_001461,e_wallet,398.16
ORD_001462,bank_transfer,153.3
ORD_001463,cod,762.31
ORD_001464,bank_transfer,318.65
ORD_001465,e_wallet,355.32
ORD_001466,bank_transfer,766.0
ORD_001467,credit_card,238.28
ORD_001468,credit_card,473.55
ORD_001469,credit_card,618.47
ORD_001470,e_wallet,32.42
ORD_001471,credit_card,752.11
ORD_001472,credit_card,105.4
ORD_001473,e_wallet,183.97
ORD_001474,bank_transfer,659.85
ORD_001475,bank_transfer,561.06
ORD_001476,credit_card,708.24
ORD_001477,credit_card,247.29
ORD_001478,bank_transfer,190.82
ORD_001479,credit_card,650.47
ORD_001480,credit_card,60.89
ORD_001481,credit_card,491.86
ORD_001482,credit_card,326.68
ORD_001483,bank_transfer,493.06
ORD_001484,credit_card,766.16
ORD_001485,credit_card,778.58
ORD_001486,e_wallet,452.33
ORD_001487,e_wallet,612.04
ORD_001488,e_wallet,677.66
ORD_001489,credit_card,231.19
ORD_001490,bank_transfer,471.63
ORD_001491,cod,704.41
ORD_001492,e_wallet,111.15
ORD_001493,credit_card,543.78
ORD_001494,bank_transfer,608.87
ORD_001495,credit_card,621.22
ORD_001496,e_wallet,146.15
ORD_001497,credit_card,799.08
ORD_001498,e_wallet,492.61
ORD_001499,credit_card,774.52
ORD_001500,credit_card,242.14
ORD_001501,credit_card,299.97
ORD_001502,credit_card,302.33
ORD_001503,bank_transfer,156.61
ORD_001504,credit_card,633.61
ORD_001505,bank_transfer,470.96
ORD_001506,e_wallet,457.28
ORD_001507,bank_transfer,47.98
ORD_001508,e_wallet,26.87
ORD_001509,credit_card,219.93
ORD_001510,bank_transfer,759.06
ORD_001511,cod,364.49
ORD_001512,e_wallet,672.62
ORD_001513,credit_card,656.59
ORD_001514,bank_transfer,244.16
ORD_001515,credit_card,24.71
ORD_001516,e_wallet,766.67
ORD_001517,credit_card,266.43
ORD_001518,credit_card,123.8
ORD_001519,bank_transfer,198.48
ORD_001520,e_wallet,554.32
ORD_001521,cod,654.57
ORD_001522,e_wallet,711.28
ORD_001523,bank_transfer,530.99
ORD_001524,bank_transfer,23.79
ORD_001525,bank_transfer,622.64
ORD_001526,bank_transfer,587.72
ORD_001527,e_wallet,785.91
ORD_001528,credit_card,33.96
ORD_001529,bank_transfer,439.25
ORD_001530,credit_card,455.6
ORD_001531,e_wallet,546.9
ORD_001532,credit_card,282.17
ORD_001533,bank_transfer,207.42
ORD_001534,e_wallet,738.35
ORD_001535,credit_card,487.33
ORD_001536,e_wallet,535.68
ORD_001537,credit_card,61.69
ORD_001538,credit_card,47.84
ORD_001539,bank_transfer,118.87
ORD_001540,credit_card,625.82
ORD_001541,credit_card,784.91
ORD_001542,credit_card,210.33
ORD_001543,credit_card,37.38
ORD_001544,bank_transfer,402.19
ORD_001545,cod,266.02
ORD_001546,e_wallet,196.78
ORD_001547,bank_transfer,45.13
ORD_001548,cod,492.49
ORD_001549,credit_card,288.13
ORD_001550,credit_card,632.97
ORD_001551,e_wallet,466.49
ORD_001552,bank_transfer,179.8
ORD_001553,e_wallet,681.68
ORD_001554,bank_transfer,100.23
ORD_001555,credit_card,772.1
ORD_001556,credit_card,115.6
ORD_001557,bank_transfer,73.17
ORD_001558,bank_transfer,103.77
ORD_001559,credit_card,320.02
ORD_001560,e_wallet,318.91
ORD_001561,credit_card,210.23
ORD_001562,e_wallet,143.22
ORD_001563,bank_transfer,702.73
ORD_001564,e_wallet,162.18
ORD_001565,cod,500.76
ORD_001566,credit_card,553.3
ORD_001567,credit_card,183.02
ORD_001568,bank_transfer,189.59
ORD_001569,e_wallet,361.02
ORD_001570,credit_card,732.11
ORD_001571,credit_card,197.14
ORD_001572,e_wallet,466.01
ORD_001573,credit_card,617.58
ORD_001574,credit_card,672.71
ORD_001575,e_wallet,479.55
ORD_001576,e_wallet,420.14
ORD_001577,credit_card,149.25
ORD_001578,e_wallet,798.3
ORD_001579,bank_transfer,156.44
ORD_001580,bank_transfer,673.49
ORD_001581,credit_card,132.49
ORD_001582,bank_transfer,27.82
ORD_001583,bank_transfer,403.43
ORD_001584,cod,177.22
ORD_001585,e_wallet,432.39
ORD_001586,credit_card,388.46
ORD_001587,credit_card,430.71
ORD_001588,cod,139.8
ORD_001589,cod,401.66
ORD_001590,credit_card,314.59
ORD_001591,credit_card,74.49
ORD_001592,e_wallet,79.72
ORD_001593,e_wallet,620.48
ORD_001594,e_wallet,217.33
ORD_001595,e_wallet,720.61
ORD_001596,e_wallet,749.3
ORD_001597,bank_transfer,210.2
ORD_001598,credit_card,771.57
ORD_001599,e_wallet,387.0
ORD_001600,e_wallet,499.33
ORD_001601,e_wallet,220.72
ORD_001602,bank_transfer,357.26
ORD_001603,credit_card,134.78
ORD_001604,bank_transfer,163.98
ORD_001605,credit_card,101.81
ORD_001606,bank_transfer,796.84
ORD_001607,bank_transfer,609.11
ORD_001608,credit_card,252.43
ORD_001609,credit_card,724.07
ORD_001610,credit_card,355.5
ORD_001611,e_wallet,771.06
ORD_001612,e_wallet,136.07
ORD_001613,e_wallet,240.04
ORD_001614,credit_card,433.34
ORD_001615,credit_card,794.47
ORD_001616,cod,772.73
ORD_001617,credit_card,117.1
ORD_001618,credit_card,762.55
ORD_001619,bank_transfer,500.58
ORD_001620,e_wallet,385.06
ORD_001621,e_wallet,747.82
ORD_001622,e_wallet,228.65
ORD_001623,e_wallet,304.11
ORD_001624,bank_transfer,762.28
ORD_001625,credit_card,459.03
ORD_001626,e_wallet,256.58
ORD_001627,credit_card,693.47
ORD_001628,e_wallet,241.57
ORD_001629,e_wallet,100.17
ORD_001630,bank_transfer,379.65
ORD_001631,cod,652.15
ORD_001632,bank_transfer,197.78
ORD_001633,cod,775.27
ORD_001634,credit_card,159.7
ORD_001635,bank_transfer,799.72
ORD_001636,e_wallet,34.21
ORD_001637,e_wallet,337.27
ORD_001638,bank_transfer,404.23
ORD_001639,credit_card,790.2
ORD_001640,bank_transfer,745.13
ORD_001641,e_wallet,139.01
ORD_001642,credit_card,632.0
ORD_001643,bank_transfer,578.93
ORD_001644,credit_card,726.65
ORD_001645,cod,613.74
ORD_001646,bank_transfer,365.39
ORD_001647,credit_card,371.5
ORD_001648,e_wallet,450.8
ORD_001649,credit_card,287.12
ORD_001650,e_wallet,211.67
ORD_001651,cod,93.52
ORD_001652,bank_transfer,760.14
ORD_001653,bank_transfer,638.69
ORD_001654,cod,328.76
ORD_001655,cod,177.96
ORD_001656,bank_transfer,225.64
ORD_001657,bank_transfer,297.54
ORD_001658,e_wallet,421.14
ORD_001659,e_wallet,503.82
ORD_001660,credit_card,261.79
ORD_001661,credit_card,139.82
ORD_001662,bank_transfer,443.74
ORD_001663,credit_card,448.59
ORD_001664,bank_transfer,449.76
ORD_001665,bank_transfer,295.92
ORD_001666,credit_card,68.34
ORD_001667,bank_transfer,285.4
ORD_001668,e_wallet,208.71
ORD_001669,bank_transfer,115.5
ORD_001670,credit_card,176.14
ORD_001671,e_wallet,253.99
ORD_001672,credit_card,120.09
ORD_001673,e_wallet,444.79
ORD_001674,credit_card,136.37
ORD_001675,credit_card,44.72
ORD_001676,e_wallet,265.31
ORD_001677,cod,39.22
ORD_001678,credit_card,790.31
ORD_001679,e_wallet,86.23
ORD_001680,credit_card,272.5
ORD_001681,credit_card,505.18
ORD_001682,bank_transfer,70.81
ORD_001683,credit_card,41.95
ORD_001684,cod,125.33
ORD_001685,bank_transfer,91.64
ORD_001686,bank_transfer,90.72
ORD_001687,bank_transfer,546.25
ORD_001688,e_wallet,391.28
ORD_001689,e_wallet,208.65
ORD_001690,bank_transfer,549.28
ORD_001691,e_wallet,527.79
ORD_001692,bank_transfer,472.03
ORD_001693,credit_card,716.83
ORD_001694,e_wallet,47.01
ORD_001695,e_wallet,87.14
ORD_001696,bank_transfer,776.54
ORD_001697,cod,556.4
ORD_001698,e_wallet,417.75
ORD_001699,credit_card,93.29
ORD_001700,credit_card,447.16
ORD_001701,e_wallet,627.68
ORD_001702,credit_card,99.04
ORD_001703,e_wallet,270.47
ORD_001704,credit_card,158.45
ORD_001705,e_wallet,718.67
ORD_001706,cod,681.12
ORD_001707,credit_card,660.29
ORD_001708,e_wallet,345.03
ORD_001709,credit_card,357.19
ORD_001710,cod,399.77
ORD_001711,cod,428.28
ORD_001712,credit_card,596.4
ORD_001713,bank_transfer,401.02
ORD_001714,cod,480.15
ORD_001715,e_wallet,211.79
ORD_001716,e_wallet,173.38
ORD_001717,credit_card,656.69
ORD_001718,e_wallet,462.18
ORD_001719,bank_transfer,243.26
ORD_001720,e_wallet,674.77
ORD_001721,credit_card,33.32
ORD_001722,credit_card,103.94
ORD_001723,credit_card,665.71
ORD_001724,credit_card,236.89
ORD_001725,e_wallet,415.2
ORD_001726,e_wallet,76.89
ORD_001727,credit_card,630.17
ORD_001728,credit_card,280.75
ORD_001729,cod,684.55
ORD_001730,credit_card,209.73
ORD_001731,e_wallet,770.29
ORD_001732,bank_transfer,537.22
ORD_001733,bank_transfer,568.21
ORD_001734,credit_card,779.51
ORD_001735,bank_transfer,44.05
ORD_001736,bank_transfer,646.26
ORD_001737,credit_card,591.94
ORD_001738,credit_card,783.66
ORD_001739,credit_card,345.22
ORD_001740,credit_card,335.09
ORD_001741,cod,192.42
ORD_001742,e_wallet,603.09
ORD_001743,e_wallet,540.79
ORD_001744,bank_transfer,349.05
ORD_001745,e_wallet,144.39
ORD_001746,e_wallet,98.41
ORD_001747,credit_card,635.91
ORD_001748,credit_card,530.65
ORD_001749,cod,84.07
ORD_001750,credit_card,726.97
ORD_001751,e_wallet,418.8
ORD_001752,cod,553.91
ORD_001753,credit_card,560.68
ORD_001754,e_wallet,713.03
ORD_001755,cod,789.28
ORD_001756,credit_card,428.18
ORD_001757,cod,733.71
ORD_001758,credit_card,494.57
ORD_001759,cod,319.52
ORD_001760,credit_card,32.78
ORD_001761,credit_card,254.61
ORD_001762,credit_card,664.66
ORD_001763,cod,384.71
ORD_001764,e_wallet,571.72
ORD_001765,bank_transfer,96.4
ORD_001766,credit_card,29.31
ORD_001767,cod,164.59
ORD_001768,credit_card,384.04
ORD_001769,credit_card,352.0
ORD_001770,bank_transfer,164.84
ORD_001771,e_wallet,59.05
ORD_001772,credit_card,275.36
ORD_001773,credit_card,331.34
ORD_001774,e_wallet,181.64
ORD_001775,credit_card,524.32
ORD_001776,e_wallet,535.23
ORD_001777,bank_transfer,246.7
ORD_001778,e_wallet,438.5
ORD_001779,bank_transfer,326.51
ORD_001780,credit_card,237.15
ORD_001781,credit_card,591.86
ORD_001782,e_wallet,35.48
ORD_001783,e_wallet,407.94
ORD_001784,e_wallet,786.24
ORD_001785,credit_card,663.21
ORD_001786,credit_card,217.01
ORD_001787,e_wallet,495.25
ORD_001788,credit_card,467.45
ORD_001789,bank_transfer,132.07
ORD_001790,cod,114.39
ORD_001791,e_wallet,102.16
ORD_001792,e_wallet,221.11
ORD_001793,e_wallet,771.12
ORD_001794,credit_card,346.26
ORD_001795,credit_card,614.17
ORD_001796,credit_card,170.27
ORD_001797,credit_card,250.14
ORD_001798,credit_card,74.26
ORD_001799,cod,530.55
ORD_001800,e_wallet,765.65
ORD_001801,cod,739.81
ORD_001802,credit_card,781.27
ORD_001803,e_wallet,276.39
ORD_001804,credit_card,558.01
ORD_001805,credit_card,595.47
ORD_001806,bank_transfer,579.21
ORD_001807,e_wallet,196.97
ORD_001808,credit_card,406.45
ORD_001809,cod,418.91
ORD_001810,credit_card,327.75
ORD_001811,credit_card,495.21
ORD_001812,e_wallet,123.27
ORD_001813,credit_card,244.76
ORD_001814,credit_card,517.1
ORD_001815,e_wallet,44.98
ORD_001816,bank_transfer,702.83
ORD_001817,e_wallet,167.91
ORD_001818,cod,146.58
ORD_001819,bank_transfer,305.45
ORD_001820,e_wallet,654.84
ORD_001821,e_wallet,201.66
ORD_001822,credit_card,354.64
ORD_001823,bank_transfer,689.6
ORD_001824,credit_card,450.34
ORD_001825,bank_transfer,691.75
ORD_001826,e_wallet,278.76
ORD_001827,credit_card,781.18
ORD_001828,credit_card,46.45
ORD_001829,credit_card,218.53
ORD_001830,credit_card,449.61
ORD_001831,credit_card,523.25
ORD_001832,bank_transfer,744.43
ORD_001833,e_wallet,356.06
ORD_001834,bank_transfer,537.51
ORD_001835,credit_card,166.31
ORD_001836,credit_card,531.85
ORD_001837,credit_card,453.78
ORD_001838,credit_card,296.23
ORD_001839,credit_card,193.41
ORD_001840,credit_card,56.99
ORD_001841,credit_card,541.99
ORD_001842,credit_card,629.12
ORD_001843,bank_transfer,86.8
ORD_001844,cod,580.34
ORD_001845,bank_transfer,327.47
ORD_001846,e_wallet,470.56
ORD_001847,credit_card,619.62
ORD_001848,cod,637.24
ORD_001849,bank_transfer,656.97
ORD_001850,e_wallet,291.89
ORD_001851,e_wallet,232.16
ORD_001852,credit_card,395.79
ORD_001853,credit_card,682.7
ORD_001854,bank_transfer,399.38
ORD_001855,e_wallet,517.71
ORD_001856,e_wallet,660.48
ORD_001857,bank_transfer,761.14
ORD_001858,credit_card,150.99
ORD_001859,e_wallet,671.32
ORD_001860,e_wallet,473.8
ORD_001861,credit_card,85.28
ORD_001862,bank_transfer,763.45
ORD_001863,e_wallet,243.02
ORD_001864,cod,295.7
ORD_001865,cod,695.49
ORD_001866,credit_card,475.52
ORD_001867,bank_transfer,184.19
ORD_001868,e_wallet,103.8
ORD_001869,credit_card,240.61
ORD_001870,e_wallet,313.44
ORD_001871,cod,611.98
ORD_001872,e_wallet,689.53
ORD_001873,bank_transfer,557.51
ORD_001874,e_wallet,332.31
ORD_001875,cod,752.75
ORD_001876,e_wallet,248.47
ORD_001877,e_wallet,260.49
ORD_001878,credit_card,678.51
ORD_001879,credit_card,369.1
ORD_001880,bank_transfer,90.92
ORD_001881,bank_transfer,408.37
ORD_001882,bank_transfer,513.47
ORD_001883,bank_transfer,105.83
ORD_001884,bank_transfer,612.02
ORD_001885,e_wallet,571.56
ORD_001886,cod,748.91
ORD_001887,e_wallet,367.65
ORD_001888,credit_card,735.25
ORD_001889,bank_transfer,154.45
ORD_001890,bank_transfer,41.2
ORD_001891,bank_transfer,449.79
ORD_001892,e_wallet,211.13
ORD_001893,credit_card,633.84
ORD_001894,credit_card,517.45
ORD_001895,e_wallet,218.12
ORD_001896,credit_card,420.89
ORD_001897,e_wallet,751.15
ORD_001898,e_wallet,430.55
ORD_001899,credit_card,296.08
ORD_001900,credit_card,399.91
ORD_001901,credit_card,282.62
ORD_001902,e_wallet,374.82
ORD_001903,credit_card,167.78
ORD_001904,credit_card,567.83
ORD_001905,credit_card,71.41
ORD_001906,e_wallet,31.24
ORD_001907,cod,773.6
ORD_001908,cod,72.17
ORD_001909,credit_card,648.5
ORD_001910,e_wallet,311.5
ORD_001911,credit_card,156.33
ORD_001912,credit_card,384.52
ORD_001913,bank_transfer,124.8
ORD_001914,bank_transfer,287.57
ORD_001915,credit_card,559.59
ORD_001916,credit_card,414.51
ORD_001917,bank_transfer,665.86
ORD_001918,e_wallet,719.95
ORD_001919,credit_card,657.54
ORD_001920,cod,493.66
ORD_001921,e_wallet,632.8
ORD_001922,credit_card,44.77
ORD_001923,credit_card,747.19
ORD_001924,cod,365.67
ORD_001925,credit_card,437.01
ORD_001926,credit_card,166.14
ORD_001927,credit_card,691.13
ORD_001928,credit_card,709.1
ORD_001929,credit_card,219.43
ORD_001930,e_wallet,257.88
ORD_001931,e_wallet,369.7
ORD_001932,bank_transfer,263.6
ORD_001933,cod,198.37
ORD_001934,e_wallet,723.15
ORD_001935,e_wallet,787.48
ORD_001936,credit_card,721.05
ORD_001937,e_wallet,548.07
ORD_001938,e_wallet,176.09
ORD_001939,e_wallet,507.78
ORD_001940,cod,94.2
ORD_001941,e_wallet,222.1
ORD_001942,credit_card,735.49
ORD_001943,credit_card,317.44
ORD_001944,credit_card,325.65
ORD_001945,bank_transfer,352.33
ORD_001946,e_wallet,190.1
ORD_001947,e_wallet,245.6
ORD_001948,credit_card,516.48
ORD_001949,credit_card,433.86
ORD_001950,credit_card,200.31
ORD_001951,bank_transfer,196.24
ORD_001952,e_wallet,127.64
ORD_001953,e_wallet,340.8
ORD_001954,e_wallet,690.53
ORD_001955,credit_card,669.7
ORD_001956,e_wallet,332.8
ORD_001957,credit_card,26.4
ORD_001958,credit_card,116.92
ORD_001959,e_wallet,786.93
ORD_001960,credit_card,691.72
ORD_001961,credit_card,96.22
ORD_001962,credit_card,61.96
ORD_001963,credit_card,574.97
ORD_001964,credit_card,300.45
ORD_001965,e_wallet,693.48
ORD_001966,bank_transfer,173.15
ORD_001967,e_wallet,782.39
ORD_001968,e_wallet,682.25
ORD_001969,credit_card,364.25
ORD_001970,credit_card,706.16
ORD_001971,e_wallet,297.21
ORD_001972,credit_card,97.13
ORD_001973,credit_card,474.47
ORD_001974,e_wallet,207.92
ORD_001975,bank_transfer,720.54
ORD_001976,credit_card,600.27
ORD_001977,credit_card,470.23
ORD_001978,cod,361.18
ORD_001979,credit_card,515.78
ORD_001980,credit_card,572.72
ORD_001981,cod,350.74
ORD_001982,credit_card,457.97
ORD_001983,credit_card,39.31
ORD_001984,credit_card,519.36
ORD_001985,credit_card,115.63
ORD_001986,bank_transfer,792.99
ORD_001987,bank_transfer,359.3
ORD_001988,e_wallet,788.44
ORD_001989,credit_card,53.85
ORD_001990,e_wallet,44.43
ORD_001991,cod,115.97
ORD_001992,bank_transfer,120.41
ORD_001993,credit_card,151.75
ORD_001994,credit_card,265.12
ORD_001995,e_wallet,448.65
ORD_001996,bank_transfer,233.6
ORD_001997,e_wallet,112.87
ORD_001998,credit_card,753.62
ORD_001999,credit_card,636.18
ORD_002000,e_wallet,258.96
ORD_002001,credit_card,673.6
ORD_002002,bank_transfer,656.68
ORD_002003,cod,59.83
ORD_002004,bank_transfer,415.23
ORD_002005,credit_card,753.39
ORD_002006,e_wallet,204.78
ORD_002007,credit_card,575.4
ORD_002008,credit_card,758.49
ORD_002009,cod,201.11
ORD_002010,credit_card,410.92
ORD_002011,cod,515.93
ORD_002012,e_wallet,699.51
ORD_002013,e_wallet,291.32
ORD_002014,bank_transfer,284.85
ORD_002015,e_wallet,575.58
ORD_002016,credit_card,103.41
ORD_002017,e_wallet,143.14
ORD_002018,e_wallet,399.54
ORD_002019,e_wallet,53.76
ORD_002020,bank_transfer,567.81
ORD_002021,credit_card,61.35
ORD_002022,credit_card,771.62
ORD_002023,cod,588.89
ORD_002024,bank_transfer,309.89
ORD_002025,bank_transfer,753.11
ORD_002026,bank_transfer,785.22
ORD_002027,cod,559.64
ORD_002028,credit_card,61.45
ORD_002029,bank_transfer,772.89
ORD_002030,e_wallet,114.21
ORD_002031,cod,791.54
ORD_002032,e_wallet,269.19
ORD_002033,credit_card,248.08
ORD_002034,e_wallet,498.79
ORD_002035,cod,695.15
ORD_002036,e_wallet,174.95
ORD_002037,bank_transfer,556.23
ORD_002038,e_wallet,329.75
ORD_002039,e_wallet,541.69
ORD_002040,bank_transfer,597.68
ORD_002041,cod,512.03
ORD_002042,e_wallet,152.24
ORD_002043,cod,346.27
ORD_002044,credit_card,388.51
ORD_002045,bank_transfer,162.1
ORD_002046,cod,243.89
ORD_002047,bank_transfer,52.76
ORD_002048,cod,97.84
ORD_002049,credit_card,564.38
ORD_002050,credit_card,437.37
ORD_002051,e_wallet,444.84
ORD_002052,e_wallet,427.13
ORD_002053,bank_transfer,158.37
ORD_002054,e_wallet,551.91
ORD_002055,credit_card,280.91
ORD_002056,cod,56.94
ORD_002057,credit_card,400.27
ORD_002058,e_wallet,86.03
ORD_002059,e_wallet,532.97
ORD_002060,bank_transfer,452.95
ORD_002061,credit_card,227.22
ORD_002062,e_wallet,626.74
ORD_002063,credit_card,134.82
ORD_002064,e_wallet,111.87
ORD_002065,cod,127.14
ORD_002066,e_wallet,45.24
ORD_002067,e_wallet,637.86
ORD_002068,bank_transfer,650.71
ORD_002069,e_wallet,82.32
ORD_002070,bank_transfer,210.46
ORD_002071,credit_card,35.69
ORD_002072,e_wallet,773.17
ORD_002073,e_wallet,135.64
ORD_002074,e_wallet,726.1
ORD_002075,bank_transfer,32.47
ORD_002076,e_wallet,377.52
ORD_002077,bank_transfer,363.92
ORD_002078,cod,731.37
ORD_002079,credit_card,254.28
ORD_002080,bank_transfer,661.21
ORD_002081,credit_card,321.22
ORD_002082,e_wallet,263.65
ORD_002083,cod,334.43
ORD_002084,bank_transfer,715.57
ORD_002085,e_wallet,161.69
ORD_002086,credit_card,425.21
ORD_002087,e_wallet,459.59
ORD_002088,e_wallet,242.47
ORD_002089,e_wallet,315.89
ORD_002090,bank_transfer,188.83
ORD_002091,e_wallet,355.87
ORD_002092,credit_card,310.05
ORD_002093,credit_card,564.33
ORD_002094,credit_card,556.59
ORD_002095,credit_card,480.36
ORD_002096,bank_transfer,457.06
ORD_002097,cod,273.7
ORD_002098,bank_transfer,619.45
ORD_002099,cod,431.33
ORD_002100,bank_transfer,639.64
ORD_002101,cod,580.7
ORD_002102,credit_card,183.99
ORD_002103,credit_card,777.4
ORD_002104,credit_card,307.31
ORD_002105,e_wallet,211.16
ORD_002106,bank_transfer,749.81
ORD_002107,bank_transfer,388.08
ORD_002108,bank_transfer,520.28
ORD_002109,credit_card,435.66
ORD_002110,e_wallet,434.54
ORD_002111,bank_transfer,672.08
ORD_002112,credit_card,164.17
ORD_002113,bank_transfer,585.88
ORD_002114,credit_card,446.0
ORD_002115,cod,48.85
ORD_002116,credit_card,543.11
ORD_002117,bank_transfer,83.43
ORD_002118,e_wallet,607.58
ORD_002119,credit_card,375.59
ORD_002120,e_wallet,650.11
ORD_002121,e_wallet,679.65
ORD_002122,e_wallet,60.75
ORD_002123,credit_card,367.65
ORD_002124,credit_card,789.2
ORD_002125,e_wallet,194.96
ORD_002126,e_wallet,291.61
ORD_002127,e_wallet,576.89
ORD_002128,bank_transfer,56.59
ORD_002129,credit_card,530.22
ORD_002130,cod,197.78
ORD_002131,credit_card,227.23
ORD_002132,e_wallet,100.43
ORD_002133,bank_transfer,521.29
ORD_002134,e_wallet,387.43
ORD_002135,e_wallet,244.82
ORD_002136,e_wallet,634.47
ORD_002137,credit_card,186.39
ORD_002138,credit_card,627.6
ORD_002139,e_wallet,38.85
ORD_002140,cod,224.27
ORD_002141,bank_transfer,654.53
ORD_002142,cod,723.53
ORD_002143,credit_card,641.07
ORD_002144,credit_card,266.67
ORD_002145,cod,539.05
ORD_002146,credit_card,606.52
ORD_002147,bank_transfer,179.23
ORD_002148,cod,768.87
ORD_002149,credit_card,589.59
ORD_002150,cod,249.62
ORD_002151,credit_card,706.17
ORD_002152,credit_card,180.47
ORD_002153,credit_card,74.87
ORD_002154,bank_transfer,562.85
ORD_002155,cod,784.23
ORD_002156,e_wallet,94.65
ORD_002157,e_wallet,139.56
ORD_002158,credit_card,605.8
ORD_002159,credit_card,286.06
ORD_002160,bank_transfer,641.61
ORD_002161,bank_transfer,631.64
ORD_002162,e_wallet,128.56
ORD_002163,e_wallet,588.27
ORD_002164,credit_card,242.87
ORD_002165,e_wallet,796.16
ORD_002166,e_wallet,577.86
ORD_002167,credit_card,341.49
ORD_002168,e_wallet,509.73
ORD_002169,credit_card,127.01
ORD_002170,e_wallet,464.01
ORD_002171,credit_card,130.07
ORD_002172,credit_card,221.11
ORD_002173,bank_transfer,249.69
ORD_002174,credit_card,600.86
ORD_002175,credit_card,504.32
ORD_002176,credit_card,761.06
ORD_002177,e_wallet,247.06
ORD_002178,cod,448.15
ORD_002179,e_wallet,69.74
ORD_002180,credit_card,402.56
ORD_002181,credit_card,260.14
ORD_002182,cod,614.54
ORD_002183,e_wallet,447.83
ORD_002184,e_wallet,763.99
ORD_002185,credit_card,195.4
ORD_002186,credit_card,649.71
ORD_002187,credit_card,480.38
ORD_002188,e_wallet,418.61
ORD_002189,bank_transfer,784.61
ORD_002190,e_wallet,745.59
ORD_002191,e_wallet,100.24
ORD_002192,credit_card,506.55
ORD_002193,e_wallet,523.81
ORD_002194,bank_transfer,708.57
ORD_002195,credit_card,736.67
ORD_002196,e_wallet,604.65
ORD_002197,credit_card,528.78
ORD_002198,e_wallet,567.81
ORD_002199,e_wallet,122.91
ORD_002200,e_wallet,691.9
ORD_002201,bank_transfer,432.58
ORD_002202,credit_card,593.76
ORD_002203,e_wallet,222.66
ORD_002204,e_wallet,614.46
ORD_002205,e_wallet,697.09
ORD_002206,e_wallet,513.32
ORD_002207,cod,146.83
ORD_002208,credit_card,480.39
ORD_002209,e_wallet,394.12
ORD_002210,e_wallet,63.84
ORD_002211,e_wallet,228.15
ORD_002212,credit_card,24.32
ORD_002213,credit_card,304.55
ORD_002214,e_wallet,315.73
ORD_002215,e_wallet,787.05
ORD_002216,credit_card,618.88
ORD_002217,e_wallet,500.77
ORD_002218,credit_card,547.54
ORD_002219,e_wallet,562.45
ORD_002220,credit_card,701.39
ORD_002221,bank_transfer,352.33
ORD_002222,e_wallet,469.93
ORD_002223,bank_transfer,227.48
ORD_002224,credit_card,203.17
ORD_002225,e_wallet,616.67
ORD_002226,e_wallet,317.35
ORD_002227,bank_transfer,536.04
ORD_002228,cod,530.92
ORD_002229,e_wallet,119.54
ORD_002230,credit_card,553.08
ORD_002231,credit_card,594.02
ORD_002232,cod,682.92
ORD_002233,e_wallet,176.57
ORD_002234,credit_card,110.68
ORD_002235,credit_card,730.04
ORD_002236,credit_card,118.73
ORD_002237,bank_transfer,149.85
ORD_002238,bank_transfer,45.24
ORD_002239,credit_card,172.35
ORD_002240,credit_card,731.88
ORD_002241,bank_transfer,139.11
ORD_002242,credit_card,602.48
ORD_002243,credit_card,707.91
ORD_002244,e_wallet,506.72
ORD_002245,e_wallet,744.3
ORD_002246,credit_card,760.55
ORD_002247,credit_card,514.17
ORD_002248,e_wallet,658.12
ORD_002249,bank_transfer,181.52
ORD_002250,bank_transfer,714.71
ORD_002251,e_wallet,755.75
ORD_002252,bank_transfer,364.64
ORD_002253,bank_transfer,62.22
ORD_002254,e_wallet,654.82
ORD_002255,credit_card,401.28
ORD_002256,e_wallet,618.78
ORD_002257,credit_card,617.72
ORD_002258,bank_transfer,318.56
ORD_002259,credit_card,699.69
ORD_002260,e_wallet,131.83
ORD_002261,credit_card,37.23
ORD_002262,cod,176.38
ORD_002263,bank_transfer,173.62
ORD_002264,credit_card,334.06
ORD_002265,cod,203.43
ORD_002266,e_wallet,394.03
ORD_002267,e_wallet,314.22
ORD_002268,cod,293.15
ORD_002269,e_wallet,496.81
ORD_002270,cod,570.57
ORD_002271,e_wallet,253.34
ORD_002272,bank_transfer,352.99
ORD_002273,e_wallet,410.29
ORD_002274,credit_card,337.02
ORD_002275,e_wallet,161.98
ORD_002276,e_wallet,342.48
ORD_002277,credit_card,282.22
ORD_002278,e_wallet,655.74
ORD_002279,e_wallet,468.9
ORD_002280,e_wallet,400.64
ORD_002281,e_wallet,728.62
ORD_002282,e_wallet,639.57
ORD_002283,bank_transfer,147.97
ORD_002284,bank_transfer,785.51
ORD_002285,credit_card,162.01
ORD_002286,e_wallet,198.95
ORD_002287,credit_card,647.18
ORD_002288,cod,562.89
ORD_002289,credit_card,391.3
ORD_002290,e_wallet,452.93
ORD_002291,credit_card,191.21
ORD_002292,cod,697.81
ORD_002293,credit_card,216.57
ORD_002294,credit_card,646.18
ORD_002295,e_wallet,705.98
ORD_002296,bank_transfer,746.03
ORD_002297,cod,267.68
ORD_002298,cod,413.5
ORD_002299,bank_transfer,460.55
ORD_002300,cod,437.04
ORD_002301,cod,677.44
ORD_002302,e_wallet,653.09
ORD_002303,cod,728.48
ORD_002304,cod,187.78
ORD_002305,cod,477.59
ORD_002306,bank_transfer,464.28
ORD_002307,credit_card,348.66
ORD_002308,bank_transfer,169.18
ORD_002309,credit_card,708.63
ORD_002310,credit_card,64.44
ORD_002311,e_wallet,392.6
ORD_002312,credit_card,347.74
ORD_002313,e_wallet,780.05
ORD_002314,credit_card,626.92
ORD_002315,credit_card,165.55
ORD_002316,bank_transfer,589.67
ORD_002317,e_wallet,759.69
ORD_002318,credit_card,777.06
ORD_002319,cod,521.56
ORD_002320,credit_card,384.01
ORD_002321,credit_card,544.57
ORD_002322,e_wallet,483.65
ORD_002323,bank_transfer,246.18
ORD_002324,credit_card,442.69
ORD_002325,e_wallet,721.05
ORD_002326,e_wallet,46.44
ORD_002327,cod,245.89
ORD_002328,credit_card,93.49
ORD_002329,e_wallet,240.17
ORD_002330,e_wallet,590.08
ORD_002331,bank_transfer,386.67
ORD_002332,credit_card,396.76
ORD_002333,e_wallet,49.55
ORD_002334,e_wallet,635.59
ORD_002335,cod,166.77
ORD_002336,e_wallet,24.65
ORD_002337,cod,391.38
ORD_002338,bank_transfer,174.46
ORD_002339,credit_card,487.34
ORD_002340,credit_card,783.97
ORD_002341,e_wallet,532.1
ORD_002342,credit_card,41.5
ORD_002343,e_wallet,463.74
ORD_002344,bank_transfer,390.32
ORD_002345,credit_card,699.07
ORD_002346,credit_card,328.84
ORD_002347,credit_card,495.74
ORD_002348,bank_transfer,54.91
ORD_002349,e_wallet,145.01
ORD_002350,e_wallet,57.0
ORD_002351,credit_card,507.0
ORD_002352,bank_transfer,158.44
ORD_002353,e_wallet,397.8
ORD_002354,bank_transfer,540.03
ORD_002355,bank_transfer,522.52
ORD_002356,e_wallet,226.96
ORD_002357,e_wallet,699.56
ORD_002358,e_wallet,760.56
ORD_002359,credit_card,286.53
ORD_002360,e_wallet,435.99
ORD_002361,credit_card,63.12
ORD_002362,e_wallet,74.62
ORD_002363,bank_transfer,695.17
ORD_002364,credit_card,783.47
ORD_002365,bank_transfer,95.49
ORD_002366,credit_card,613.84
ORD_002367,cod,80.47
ORD_002368,credit_card,592.83
ORD_002369,e_wallet,234.46
ORD_002370,credit_card,405.74
ORD_002371,e_wallet,342.19
ORD_002372,credit_card,318.67
ORD_002373,credit_card,729.24
ORD_002374,e_wallet,783.89
ORD_002375,credit_card,150.42
ORD_002376,e_wallet,304.3
ORD_002377,cod,326.45
ORD_002378,credit_card,313.31
ORD_002379,credit_card,706.02
ORD_002380,credit_card,580.06
ORD_002381,e_wallet,454.07
ORD_002382,credit_card,132.59
ORD_002383,credit_card,692.14
ORD_002384,cod,510.4
ORD_002385,e_wallet,134.04
ORD_002386,cod,336.23
ORD_002387,e_wallet,538.23
ORD_002388,bank_transfer,692.45
ORD_002389,credit_card,476.81
ORD_002390,credit_card,677.76
ORD_002391,credit_card,132.12
ORD_002392,e_wallet,325.41
ORD_002393,bank_transfer,579.98
ORD_002394,e_wallet,547.91
ORD_002395,e_wallet,196.13
ORD_002396,e_wallet,155.06
ORD_002397,credit_card,108.62
ORD_002398,credit_card,722.08
ORD_002399,bank_transfer,139.44
ORD_002400,e_wallet,114.19
ORD_002401,e_wallet,150.05
ORD_002402,credit_card,540.81
ORD_002403,e_wallet,458.44
ORD_002404,cod,659.97
ORD_002405,credit_card,550.64
ORD_002406,credit_card,234.23
ORD_002407,credit_card,240.04
ORD_002408,cod,141.29
ORD_002409,e_wallet,300.19
ORD_002410,cod,78.63
ORD_002411,credit_card,60.66
ORD_002412,e_wallet,119.25
ORD_002413,credit_card,612.16
ORD_002414,bank_transfer,750.9
ORD_002415,cod,678.22
ORD_002416,e_wallet,143.91
ORD_002417,credit_card,28.92
ORD_002418,bank_transfer,218.95
ORD_002419,credit_card,533.57
ORD_002420,credit_card,95.58
ORD_002421,credit_card,470.12
ORD_002422,bank_transfer,544.14
ORD_002423,credit_card,530.06
ORD_002424,e_wallet,300.61
ORD_002425,e_wallet,440.24
ORD_002426,e_wallet,421.5
ORD_002427,credit_card,144.83
ORD_002428,bank_transfer,776.53
ORD_002429,cod,792.96
ORD_002430,credit_card,164.05
ORD_002431,credit_card,435.74
ORD_002432,credit_card,456.74
ORD_002433,e_wallet,213.92
ORD_002434,credit_card,248.95
ORD_002435,credit_card,287.55
ORD_002436,cod,580.52
ORD_002437,credit_card,490.17
ORD_002438,credit_card,402.78
ORD_002439,e_wallet,371.8
ORD_002440,bank_transfer,723.23
ORD_002441,credit_card,148.74
ORD_002442,cod,471.38
ORD_002443,credit_card,675.87
ORD_002444,bank_transfer,505.96
ORD_002445,credit_card,492.9
ORD_002446,credit_card,354.6
ORD_002447,credit_card,484.44
ORD_002448,e_wallet,168.24
ORD_002449,bank_transfer,380.05
ORD_002450,credit_card,674.78
ORD_002451,e_wallet,40.24
ORD_002452,bank_transfer,273.89
ORD_002453,credit_card,376.37
ORD_002454,e_wallet,249.79
ORD_002455,cod,503.78
ORD_002456,credit_card,169.89
ORD_002457,e_wallet,392.93
ORD_002458,bank_transfer,23.22
ORD_002459,bank_transfer,481.1
ORD_002460,bank_transfer,296.35
ORD_002461,bank_transfer,77.84
ORD_002462,e_wallet,293.07
ORD_002463,e_wallet,208.09
ORD_002464,e_wallet,524.94
ORD_002465,credit_card,453.22
ORD_002466,credit_card,53.48
ORD_002467,credit_card,420.75
ORD_002468,credit_card,49.56
ORD_002469,e_wallet,632.9
ORD_002470,e_wallet,227.31
ORD_002471,cod,38.38
ORD_002472,e_wallet,714.06
ORD_002473,e_wallet,150.93
ORD_002474,e_wallet,649.97
ORD_002475,e_wallet,759.11
ORD_002476,cod,347.14
ORD_002477,bank_transfer,136.16
ORD_002478,credit_card,702.54
ORD_002479,credit_card,631.43
ORD_002480,cod,620.86
ORD_002481,credit_card,760.46
ORD_002482,bank_transfer,796.68
ORD_002483,credit_card,115.51
ORD_002484,credit_card,701.17
ORD_002485,cod,681.12
ORD_002486,e_wallet,406.05
ORD_002487,credit_card,385.68
ORD_002488,credit_card,697.5
ORD_002489,bank_transfer,324.91
ORD_002490,e_wallet,161.73
ORD_002491,e_wallet,91.11
ORD_002492,e_wallet,336.21
ORD_002493,bank_transfer,428.34
ORD_002494,credit_card,524.57
ORD_002495,e_wallet,154.25
ORD_002496,credit_card,405.14
ORD_002497,credit_card,411.53
ORD_002498,bank_transfer,768.25
ORD_002499,credit_card,143.47
ORD_002500,bank_transfer,465.91
ORD_002501,credit_card,410.65
ORD_002502,credit_card,596.39
ORD_002503,cod,304.47
ORD_002504,e_wallet,788.15
ORD_002505,credit_card,210.11
ORD_002506,e_wallet,466.7
ORD_002507,credit_card,538.86
ORD_002508,cod,703.53
ORD_002509,cod,222.86
ORD_002510,bank_transfer,34.14
ORD_002511,e_wallet,345.79
ORD_002512,credit_card,794.31
ORD_002513,bank_transfer,136.63
ORD_002514,e_wallet,456.03
ORD_002515,credit_card,497.35
ORD_002516,e_wallet,798.29
ORD_002517,bank_transfer,199.02
ORD_002518,e_wallet,281.39
ORD_002519,credit_card,303.29
ORD_002520,credit_card,166.58
ORD_002521,bank_transfer,27.57
ORD_002522,bank_transfer,319.1
ORD_002523,credit_card,304.49
ORD_002524,credit_card,682.96
ORD_002525,e_wallet,470.14
ORD_002526,e_wallet,523.2
ORD_002527,credit_card,433.62
ORD_002528,bank_transfer,670.62
ORD_002529,credit_card,79.64
ORD_002530,credit_card,530.11
ORD_002531,bank_transfer,40.92
ORD_002532,cod,259.91
ORD_002533,bank_transfer,678.3
ORD_002534,credit_card,689.32
ORD_002535,e_wallet,624.93
ORD_002536,e_wallet,93.93
ORD_002537,e_wallet,67.8
ORD_002538,bank_transfer,332.05
ORD_002539,cod,772.7
ORD_002540,credit_card,60.28
ORD_002541,credit_card,324.0
ORD_002542,e_wallet,251.23
ORD_002543,credit_card,92.78
ORD_002544,bank_transfer,705.22
ORD_002545,bank_transfer,391.64
ORD_002546,bank_transfer,458.66
ORD_002547,bank_transfer,689.9
ORD_002548,credit_card,754.28
ORD_002549,e_wallet,260.21
ORD_002550,credit_card,133.19
ORD_002551,e_wallet,309.15
ORD_002552,credit_card,247.76
ORD_002553,credit_card,577.8
ORD_002554,e_wallet,618.82
ORD_002555,e_wallet,164.3
ORD_002556,e_wallet,664.09
ORD_002557,bank_transfer,59.41
ORD_002558,credit_card,454.23
ORD_002559,credit_card,215.93
ORD_002560,credit_card,670.12
ORD_002561,bank_transfer,783.83
ORD_002562,credit_card,438.71
ORD_002563,credit_card,443.8
ORD_002564,cod,162.97
ORD_002565,credit_card,362.19
ORD_002566,credit_card,77.26
ORD_002567,credit_card,23.04
ORD_002568,credit_card,329.84
ORD_002569,e_wallet,242.56
ORD_002570,bank_transfer,152.81
ORD_002571,e_wallet,318.3
ORD_002572,credit_card,299.3
ORD_002573,e_wallet,622.99
ORD_002574,bank_transfer,331.56
ORD_002575,bank_transfer,421.34
ORD_002576,credit_card,564.69
ORD_002577,e_wallet,162.88
ORD_002578,cod,695.47
ORD_002579,bank_transfer,133.51
ORD_002580,e_wallet,677.43
ORD_002581,cod,160.71
ORD_002582,bank_transfer,205.6
ORD_002583,bank_transfer,184.22
ORD_002584,credit_card,338.16
ORD_002585,e_wallet,677.4
ORD_002586,bank_transfer,111.3
ORD_002587,e_wallet,685.43
ORD_002588,bank_transfer,330.72
ORD_002589,credit_card,556.83
ORD_002590,e_wallet,44.32
ORD_002591,cod,486.85
ORD_002592,e_wallet,694.43
ORD_002593,credit_card,476.62
ORD_002594,credit_card,140.18
ORD_002595,credit_card,26.29
ORD_002596,credit_card,141.3
ORD_002597,credit_card,521.15
ORD_002598,bank_transfer,510.78
ORD_002599,credit_card,797.79
ORD_002600,credit_card,343.74
ORD_002601,bank_transfer,467.38
ORD_002602,cod,208.07
ORD_002603,bank_transfer,689.12
ORD_002604,bank_transfer,595.47
ORD_002605,credit_card,727.62
ORD_002606,credit_card,650.19
ORD_002607,e_wallet,432.56
ORD_002608,e_wallet,239.05
ORD_002609,credit_card,223.82
ORD_002610,e_wallet,90.32
ORD_002611,cod,696.6
ORD_002612,bank_transfer,25.35
ORD_002613,e_wallet,151.29
ORD_002614,credit_card,581.0
ORD_002615,e_wallet,327.94
ORD_002616,credit_card,204.73
ORD_002617,e_wallet,702.4
ORD_002618,cod,647.15
ORD_002619,bank_transfer,60.11
ORD_002620,e_wallet,524.71
ORD_002621,bank_transfer,572.03
ORD_002622,credit_card,21.0
ORD_002623,cod,331.28
ORD_002624,credit_card,303.69
ORD_002625,credit_card,347.13
ORD_002626,e_wallet,92.33
ORD_002627,credit_card,205.89
ORD_002628,bank_transfer,386.35
ORD_002629,bank_transfer,467.92
ORD_002630,cod,222.42
ORD_002631,credit_card,753.49
ORD_002632,e_wallet,720.07
ORD_002633,credit_card,40.99
ORD_002634,credit_card,578.94
ORD_002635,credit_card,541.22
ORD_002636,credit_card,226.83
ORD_002637,cod,742.58
ORD_002638,credit_card,323.42
ORD_002639,credit_card,548.77
ORD_002640,credit_card,124.42
ORD_002641,e_wallet,20.13
ORD_002642,cod,714.59
ORD_002643,e_wallet,315.17
ORD_002644,e_wallet,634.98
ORD_002645,bank_transfer,420.16
ORD_002646,e_wallet,494.55
ORD_002647,bank_transfer,634.9
ORD_002648,cod,717.11
ORD_002649,e_wallet,621.77
ORD_002650,cod,472.44
ORD_002651,e_wallet,514.9
ORD_002652,credit_card,703.27
ORD_002653,credit_card,134.31
ORD_002654,bank_transfer,161.81
ORD_002655,credit_card,158.39
ORD_002656,bank_transfer,612.29
ORD_002657,cod,488.91
ORD_002658,e_wallet,40.61
ORD_002659,e_wallet,611.45
ORD_002660,cod,585.08
ORD_002661,e_wallet,716.99
ORD_002662,credit_card,705.4
ORD_002663,credit_card,331.6
ORD_002664,bank_transfer,300.0
ORD_002665,bank_transfer,109.0
ORD_002666,credit_card,508.41
ORD_002667,bank_transfer,439.72
ORD_002668,e_wallet,526.97
ORD_002669,credit_card,621.47
ORD_002670,bank_transfer,410.04
ORD_002671,credit_card,578.87
ORD_002672,cod,132.34
ORD_002673,e_wallet,769.28
ORD_002674,cod,475.81
ORD_002675,e_wallet,570.4
ORD_002676,credit_card,473.12
ORD_002677,credit_card,197.11
ORD_002678,e_wallet,677.08
ORD_002679,e_wallet,378.23
ORD_002680,credit_card,520.21
ORD_002681,e_wallet,450.52
ORD_002682,e_wallet,584.25
ORD_002683,e_wallet,663.98
ORD_002684,e_wallet,465.46
ORD_002685,credit_card,177.35
ORD_002686,credit_card,692.8
ORD_002687,credit_card,757.8
ORD_002688,cod,278.73
ORD_002689,e_wallet,300.94
ORD_002690,bank_transfer,321.4
ORD_002691,bank_transfer,756.07
ORD_002692,credit_card,309.92
ORD_002693,cod,196.5
ORD_002694,credit_card,548.46
ORD_002695,credit_card,662.37
ORD_002696,cod,391.31
ORD_002697,bank_transfer,701.74
ORD_002698,credit_card,312.9
ORD_002699,bank_transfer,111.51
ORD_002700,credit_card,779.22
ORD_002701,credit_card,339.48
ORD_002702,e_wallet,132.93
ORD_002703,credit_card,632.78
ORD_002704,credit_card,596.23
ORD_002705,e_wallet,669.86
ORD_002706,e_wallet,702.37
ORD_002707,credit_card,701.7
ORD_002708,e_wallet,661.27
ORD_002709,credit_card,744.84
ORD_002710,credit_card,133.94
ORD_002711,credit_card,494.12
ORD_002712,credit_card,240.99
ORD_002713,credit_card,765.27
ORD_002714,e_wallet,527.79
ORD_002715,e_wallet,558.21
ORD_002716,bank_transfer,779.05
ORD_002717,credit_card,453.38
ORD_002718,cod,267.09
ORD_002719,credit_card,218.61
ORD_002720,bank_transfer,23.99
ORD_002721,bank_transfer,374.92
ORD_002722,credit_card,649.37
ORD_002723,credit_card,465.85
ORD_002724,bank_transfer,410.33
ORD_002725,credit_card,653.63
ORD_002726,credit_card,586.33
ORD_002727,credit_card,359.44
ORD_002728,credit_card,434.14
ORD_002729,e_wallet,76.14
ORD_002730,e_wallet,106.84
ORD_002731,bank_transfer,238.93
ORD_002732,credit_card,780.73
ORD_002733,credit_card,495.08
ORD_002734,e_wallet,130.04
ORD_002735,e_wallet,507.06
ORD_002736,credit_card,339.14
ORD_002737,credit_card,92.55
ORD_002738,e_wallet,30.54
ORD_002739,cod,159.71
ORD_002740,credit_card,725.53
ORD_002741,credit_card,572.04
ORD_002742,bank_transfer,682.9
ORD_002743,cod,355.42
ORD_002744,bank_transfer,199.85
ORD_002745,credit_card,649.83
ORD_002746,credit_card,586.84
ORD_002747,credit_card,537.11
ORD_002748,e_wallet,214.17
ORD_002749,e_wallet,294.03
ORD_002750,credit_card,389.6
ORD_002751,bank_transfer,653.7
ORD_002752,credit_card,262.95
ORD_002753,bank_transfer,576.43
ORD_002754,credit_card,412.43
ORD_002755,credit_card,229.54
ORD_002756,e_wallet,680.77
ORD_002757,bank_transfer,191.17
ORD_002758,credit_card,520.41
ORD_002759,e_wallet,585.83
ORD_002760,credit_card,177.0
ORD_002761,bank_transfer,86.89
ORD_002762,cod,680.7
ORD_002763,credit_card,611.3
ORD_002764,credit_card,611.89
ORD_002765,bank_transfer,349.5
ORD_002766,bank_transfer,221.98
ORD_002767,cod,376.93
ORD_002768,e_wallet,320.44
ORD_002769,e_wallet,464.71
ORD_002770,credit_card,206.32
ORD_002771,credit_card,611.81
ORD_002772,e_wallet,335.92
ORD_002773,e_wallet,598.85
ORD_002774,e_wallet,645.0
ORD_002775,e_wallet,609.73
ORD_002776,cod,544.43
ORD_002777,cod,757.31
ORD_002778,bank_transfer,633.01
ORD_002779,bank_transfer,547.2
ORD_002780,credit_card,608.89
ORD_002781,credit_card,286.39
ORD_002782,e_wallet,774.21
ORD_002783,credit_card,151.35
ORD_002784,credit_card,479.14
ORD_002785,bank_transfer,551.87
ORD_002786,credit_card,719.54
ORD_002787,e_wallet,544.51
ORD_002788,e_wallet,246.68
ORD_002789,cod,666.5
ORD_002790,bank_transfer,448.49
ORD_002791,e_wallet,270.38
ORD_002792,cod,79.65
ORD_002793,credit_card,412.39
ORD_002794,credit_card,110.85
ORD_002795,cod,90.35
ORD_002796,credit_card,162.61
ORD_002797,e_wallet,336.69
ORD_002798,e_wallet,268.09
ORD_002799,cod,776.36
ORD_002800,cod,775.28
ORD_002801,cod,423.06
ORD_002802,e_wallet,205.49
ORD_002803,e_wallet,589.06
ORD_002804,e_wallet,399.44
ORD_002805,credit_card,369.65
ORD_002806,bank_transfer,708.74
ORD_002807,credit_card,555.94
ORD_002808,credit_card,260.15
ORD_002809,credit_card,57.51
ORD_002810,e_wallet,583.49
ORD_002811,e_wallet,99.99
ORD_002812,e_wallet,233.11
ORD_002813,bank_transfer,225.11
ORD_002814,e_wallet,579.67
ORD_002815,e_wallet,320.01
ORD_002816,bank_transfer,87.55
ORD_002817,bank_transfer,739.43
ORD_002818,bank_transfer,549.49
ORD_002819,cod,320.76
ORD_002820,credit_card,282.12
ORD_002821,bank_transfer,119.13
ORD_002822,credit_card,241.26
ORD_002823,credit_card,119.44
ORD_002824,e_wallet,31.38
ORD_002825,e_wallet,34.2
ORD_002826,e_wallet,577.58
ORD_002827,e_wallet,735.26
ORD_002828,cod,686.58
ORD_002829,bank_transfer,614.49
ORD_002830,cod,304.17
ORD_002831,credit_card,596.09
ORD_002832,credit_card,133.48
ORD_002833,e_wallet,101.83
ORD_002834,e_wallet,545.97
ORD_002835,bank_transfer,653.81
ORD_002836,e_wallet,142.5
ORD_002837,e_wallet,575.76
ORD_002838,credit_card,567.89
ORD_002839,bank_transfer,218.06
ORD_002840,bank_transfer,762.08
ORD_002841,credit_card,191.88
ORD_002842,bank_transfer,128.59
ORD_002843,e_wallet,731.85
ORD_002844,credit_card,369.95
ORD_002845,e_wallet,761.33
ORD_002846,credit_card,553.3
ORD_002847,e_wallet,686.68
ORD_002848,bank_transfer,79.43
ORD_002849,bank_transfer,459.54
ORD_002850,bank_transfer,749.76
ORD_002851,bank_transfer,389.22
ORD_002852,credit_card,114.18
ORD_002853,credit_card,71.05
ORD_002854,e_wallet,138.08
ORD_002855,credit_card,124.92
ORD_002856,e_wallet,790.62
ORD_002857,credit_card,331.22
ORD_002858,e_wallet,51.47
ORD_002859,credit_card,419.42
ORD_002860,credit_card,359.09
ORD_002861,credit_card,481.18
ORD_002862,credit_card,639.03
ORD_002863,cod,56.6
ORD_002864,e_wallet,56.9
ORD_002865,credit_card,543.17
ORD_002866,bank_transfer,380.44
ORD_002867,e_wallet,740.44
ORD_002868,e_wallet,36.61
ORD_002869,e_wallet,770.42
ORD_002870,e_wallet,535.82
ORD_002871,credit_card,323.18
ORD_002872,cod,29.22
ORD_002873,credit_card,340.69
ORD_002874,credit_card,419.3
ORD_002875,cod,403.66
ORD_002876,e_wallet,690.3
ORD_002877,credit_card,167.29
ORD_002878,bank_transfer,170.77
ORD_002879,cod,111.72
ORD_002880,bank_transfer,171.61
ORD_002881,bank_transfer,639.48
ORD_002882,credit_card,125.39
ORD_002883,credit_card,670.44
ORD_002884,credit_card,408.64
ORD_002885,credit_card,682.39
ORD_002886,credit_card,122.15
ORD_002887,credit_card,657.06
ORD_002888,credit_card,776.89
ORD_002889,cod,267.19
ORD_002890,e_wallet,267.16
ORD_002891,credit_card,387.32
ORD_002892,credit_card,457.81
ORD_002893,cod,720.67
ORD_002894,cod,262.73
ORD_002895,credit_card,599.05
ORD_002896,credit_card,171.98
ORD_002897,e_wallet,429.75
ORD_002898,bank_transfer,395.26
ORD_002899,credit_card,628.7
ORD_002900,credit_card,630.79
ORD_002901,credit_card,52.15
ORD_002902,bank_transfer,458.75
ORD_002903,bank_transfer,67.53
ORD_002904,e_wallet,154.39
ORD_002905,credit_card,474.01
ORD_002906,e_wallet,419.69
ORD_002907,e_wallet,402.43
ORD_002908,credit_card,710.18
ORD_002909,cod,535.49
ORD_002910,credit_card,719.24
ORD_002911,credit_card,727.54
ORD_002912,e_wallet,42.05
ORD_002913,bank_transfer,313.04
ORD_002914,credit_card,500.45
ORD_002915,e_wallet,543.22
ORD_002916,e_wallet,736.74
ORD_002917,credit_card,676.63
ORD_002918,credit_card,184.62
ORD_002919,e_wallet,305.11
ORD_002920,credit_card,209.84
ORD_002921,credit_card,766.51
ORD_002922,e_wallet,279.67
ORD_002923,credit_card,545.9
ORD_002924,bank_transfer,411.72
ORD_002925,bank_transfer,625.99
ORD_002926,e_wallet,24.7
ORD_002927,cod,512.95
ORD_002928,credit_card,64.03
ORD_002929,credit_card,622.13
ORD_002930,bank_transfer,54.45
ORD_002931,bank_transfer,301.26
ORD_002932,credit_card,681.25
ORD_002933,credit_card,603.41
ORD_002934,credit_card,302.35
ORD_002935,bank_transfer,205.81
ORD_002936,credit_card,131.61
ORD_002937,credit_card,396.24
ORD_002938,credit_card,288.61
ORD_002939,credit_card,545.83
ORD_002940,credit_card,324.87
ORD_002941,e_wallet,238.86
ORD_002942,e_wallet,744.09
ORD_002943,credit_card,72.17
ORD_002944,credit_card,329.13
ORD_002945,e_wallet,501.18
ORD_002946,e_wallet,471.48
ORD_002947,credit_card,608.98
ORD_002948,cod,43.38
ORD_002949,credit_card,139.94
ORD_002950,bank_transfer,362.6
ORD_002951,credit_card,262.34
ORD_002952,cod,157.3
ORD_002953,credit_card,145.45
ORD_002954,credit_card,643.41
ORD_002955,bank_transfer,264.75
ORD_002956,cod,392.72
ORD_002957,credit_card,349.53
ORD_002958,credit_card,757.49
ORD_002959,credit_card,474.7
ORD_002960,e_wallet,218.59
ORD_002961,credit_card,617.21
ORD_002962,credit_card,21.29
ORD_002963,e_wallet,355.29
ORD_002964,bank_transfer,31.75
ORD_002965,credit_card,358.75
ORD_002966,credit_card,791.89
ORD_002967,e_wallet,500.4
ORD_002968,credit_card,422.28
ORD_002969,credit_card,198.65
ORD_002970,e_wallet,409.97
ORD_002971,bank_transfer,733.82
ORD_002972,e_wallet,240.14
ORD_002973,bank_transfer,336.86
ORD_002974,e_wallet,744.29
ORD_002975,credit_card,215.59
ORD_002976,credit_card,173.37
ORD_002977,e_wallet,592.81
ORD_002978,e_wallet,112.31
ORD_002979,credit_card,380.3
ORD_002980,credit_card,211.26
ORD_002981,credit_card,59.78
ORD_002982,e_wallet,593.19
ORD_002983,credit_card,531.54
ORD_002984,cod,165.13
ORD_002985,credit_card,476.26
ORD_002986,e_wallet,452.14
ORD_002987,bank_transfer,680.6
ORD_002988,e_wallet,796.35
ORD_002989,credit_card,107.96
ORD_002990,bank_transfer,422.06
ORD_002991,credit_card,299.67
ORD_002992,credit_card,182.92
ORD_002993,credit_card,239.51
ORD_002994,cod,302.72
ORD_002995,credit_card,682.65
ORD_002996,credit_card,785.88
ORD_002997,bank_transfer,341.0
ORD_002998,bank_transfer,56.83
ORD_002999,credit_card,533.43
ORD_003000,e_wallet,103.82
ORD_003001,credit_card,235.31
ORD_003002,credit_card,164.38
ORD_003003,bank_transfer,512.83
ORD_003004,e_wallet,85.78
ORD_003005,e_wallet,745.28
ORD_003006,e_wallet,450.54
ORD_003007,e_wallet,734.96
ORD_003008,bank_transfer,377.21
ORD_003009,bank_transfer,368.84
ORD_003010,e_wallet,464.76
ORD_003011,cod,279.94
ORD_003012,cod,510.22
ORD_003013,cod,772.84
ORD_003014,credit_card,692.14
ORD_003015,credit_card,354.71
ORD_003016,e_wallet,613.63
ORD_003017,credit_card,375.78
ORD_003018,credit_card,305.34
ORD_003019,credit_card,700.21
ORD_003020,e_wallet,29.57
ORD_003021,bank_transfer,537.34
ORD_003022,e_wallet,687.84
ORD_003023,cod,183.35
ORD_003024,e_wallet,475.15
ORD_003025,e_wallet,707.0
ORD_003026,e_wallet,353.9
ORD_003027,cod,212.59
ORD_003028,credit_card,431.2
ORD_003029,credit_card,156.4
ORD_003030,credit_card,225.17
ORD_003031,credit_card,288.36
ORD_003032,cod,484.93
ORD_003033,bank_transfer,180.88
ORD_003034,credit_card,537.0
ORD_003035,bank_transfer,152.2
ORD_003036,e_wallet,314.23
ORD_003037,bank_transfer,324.68
ORD_003038,bank_transfer,340.38
ORD_003039,bank_transfer,406.89
ORD_003040,e_wallet,283.55
ORD_003041,credit_card,725.95
ORD_003042,credit_card,90.84
ORD_003043,bank_transfer,163.79
ORD_003044,bank_transfer,562.74
ORD_003045,cod,110.1
ORD_003046,credit_card,582.79
ORD_003047,e_wallet,459.69
ORD_003048,credit_card,689.01
ORD_003049,bank_transfer,67.14
ORD_003050,credit_card,44.86
ORD_003051,credit_card,239.02
ORD_003052,bank_transfer,200.65
ORD_003053,credit_card,793.43
ORD_003054,e_wallet,95.94
ORD_003055,credit_card,253.92
ORD_003056,bank_transfer,332.7
ORD_003057,credit_card,770.26
ORD_003058,credit_card,543.99
ORD_003059,e_wallet,698.51
ORD_003060,e_wallet,644.86
ORD_003061,credit_card,676.6
ORD_003062,e_wallet,775.59
ORD_003063,bank_transfer,52.78
ORD_003064,credit_card,258.47
ORD_003065,e_wallet,299.95
ORD_003066,cod,760.44
ORD_003067,e_wallet,91.34
ORD_003068,bank_transfer,411.77
ORD_003069,e_wallet,739.91
ORD_003070,bank_transfer,502.3
ORD_003071,e_wallet,398.01
ORD_003072,e_wallet,285.79
ORD_003073,e_wallet,751.45
ORD_003074,cod,208.2
ORD_003075,credit_card,234.51
ORD_003076,bank_transfer,74.0
ORD_003077,credit_card,570.99
ORD_003078,credit_card,470.94
ORD_003079,credit_card,398.51
ORD_003080,e_wallet,255.88
ORD_003081,credit_card,371.18
ORD_003082,credit_card,491.38
ORD_003083,e_wallet,54.33
ORD_003084,e_wallet,324.08
ORD_003085,cod,91.0
ORD_003086,credit_card,484.1
ORD_003087,credit_card,93.84
ORD_003088,bank_transfer,58.26
ORD_003089,bank_transfer,697.72
ORD_003090,credit_card,470.88
ORD_003091,credit_card,791.93
ORD_003092,cod,239.1
ORD_003093,credit_card,21.55
ORD_003094,credit_card,266.46
ORD_003095,credit_card,130.1
ORD_003096,e_wallet,222.12
ORD_003097,cod,763.68
ORD_003098,bank_transfer,134.93
ORD_003099,e_wallet,224.42
ORD_003100,cod,420.47
ORD_003101,credit_card,788.34
ORD_003102,bank_transfer,346.53
ORD_003103,bank_transfer,62.9
ORD_003104,bank_transfer,714.79
ORD_003105,credit_card,679.52
ORD_003106,e_wallet,671.75
ORD_003107,credit_card,742.84
ORD_003108,e_wallet,243.85
ORD_003109,credit_card,404.5
ORD_003110,e_wallet,543.25
ORD_003111,e_wallet,510.38
ORD_003112,credit_card,721.33
ORD_003113,bank_transfer,265.24
ORD_003114,bank_transfer,111.48
ORD_003115,credit_card,797.54
ORD_003116,e_wallet,37.97
ORD_003117,e_wallet,616.59
ORD_003118,e_wallet,204.67
ORD_003119,e_wallet,668.06
ORD_003120,bank_transfer,485.94
ORD_003121,e_wallet,374.3
ORD_003122,credit_card,460.38
ORD_003123,credit_card,470.98
ORD_003124,bank_transfer,754.56
ORD_003125,credit_card,22.85
ORD_003126,credit_card,269.52
ORD_003127,e_wallet,569.92
ORD_003128,credit_card,43.39
ORD_003129,e_wallet,57.31
ORD_003130,credit_card,465.06
ORD_003131,e_wallet,542.68
ORD_003132,credit_card,275.25
ORD_003133,e_wallet,641.04
ORD_003134,credit_card,749.56
ORD_003135,credit_card,160.98
ORD_003136,credit_card,178.62
ORD_003137,e_wallet,183.0
ORD_003138,credit_card,323.24
ORD_003139,cod,51.2
ORD_003140,e_wallet,336.88
ORD_003141,bank_transfer,24.77
ORD_003142,cod,437.72
ORD_003143,cod,150.32
ORD_003144,e_wallet,58.34
ORD_003145,e_wallet,463.27
ORD_003146,bank_transfer,20.45
ORD_003147,cod,300.87
ORD_003148,credit_card,441.83
ORD_003149,credit_card,378.53
ORD_003150,credit_card,595.77
ORD_003151,cod,410.37
ORD_003152,cod,751.71
ORD_003153,e_wallet,446.28
ORD_003154,e_wallet,487.98
ORD_003155,e_wallet,303.96
ORD_003156,bank_transfer,416.73
ORD_003157,e_wallet,123.56
ORD_003158,bank_transfer,773.6
ORD_003159,credit_card,436.33
ORD_003160,credit_card,379.64
ORD_003161,bank_transfer,241.15
ORD_003162,credit_card,591.37
ORD_003163,credit_card,453.35
ORD_003164,credit_card,413.79
ORD_003165,credit_card,481.52
ORD_003166,credit_card,775.03
ORD_003167,credit_card,410.32
ORD_003168,bank_transfer,61.0
ORD_003169,cod,21.82
ORD_003170,cod,405.82
ORD_003171,credit_card,54.26
ORD_003172,credit_card,258.53
ORD_003173,e_wallet,603.27
ORD_003174,credit_card,408.29
ORD_003175,credit_card,762.76
ORD_003176,cod,658.41
ORD_003177,credit_card,180.58
ORD_003178,cod,759.77
ORD_003179,bank_transfer,330.83
ORD_003180,bank_transfer,627.68
ORD_003181,e_wallet,310.21
ORD_003182,bank_transfer,252.39
ORD_003183,e_wallet,124.52
ORD_003184,e_wallet,774.11
ORD_003185,credit_card,620.74
ORD_003186,cod,51.3
ORD_003187,credit_card,207.18
ORD_003188,credit_card,266.39
ORD_003189,credit_card,156.23
ORD_003190,bank_transfer,581.81
ORD_003191,e_wallet,23.48
ORD_003192,credit_card,310.68
ORD_003193,bank_transfer,786.84
ORD_003194,credit_card,112.05
ORD_003195,bank_transfer,252.6
ORD_003196,e_wallet,328.33
ORD_003197,credit_card,365.66
ORD_003198,cod,224.36
ORD_003199,bank_transfer,455.59
ORD_003200,e_wallet,38.09
ORD_003201,e_wallet,128.2
ORD_003202,credit_card,122.98
ORD_003203,credit_card,287.98
ORD_003204,credit_card,44.36
ORD_003205,credit_card,174.75
ORD_003206,credit_card,541.1
ORD_003207,cod,651.82
ORD_003208,credit_card,288.08
ORD_003209,bank_transfer,591.89
ORD_003210,e_wallet,790.07
ORD_003211,bank_transfer,470.64
ORD_003212,credit_card,624.09
ORD_003213,credit_card,575.71
ORD_003214,credit_card,683.08
ORD_003215,e_wallet,74.32
ORD_003216,credit_card,222.68
ORD_003217,cod,671.45
ORD_003218,bank_transfer,81.23
ORD_003219,bank_transfer,420.71
ORD_003220,cod,556.13
ORD_003221,credit_card,422.72
ORD_003222,e_wallet,536.63
ORD_003223,bank_transfer,27.53
ORD_003224,credit_card,203.1
ORD_003225,e_wallet,444.34
ORD_003226,e_wallet,350.64
ORD_003227,bank_transfer,258.66
ORD_003228,e_wallet,342.21
ORD_003229,e_wallet,775.61
ORD_003230,e_wallet,353.44
ORD_003231,cod,418.29
ORD_003232,e_wallet,558.44
ORD_003233,credit_card,414.48
ORD_003234,bank_transfer,187.9
ORD_003235,credit_card,351.02
ORD_003236,bank_transfer,742.75
ORD_003237,bank_transfer,798.04
ORD_003238,credit_card,721.16
ORD_003239,credit_card,573.31
ORD_003240,cod,484.06
ORD_003241,e_wallet,436.88
ORD_003242,e_wallet,64.02
ORD_003243,e_wallet,176.26
ORD_003244,credit_card,656.28
ORD_003245,bank_transfer,572.15
ORD_003246,credit_card,271.59
ORD_003247,credit_card,479.76
ORD_003248,credit_card,46.61
ORD_003249,credit_card,155.91
ORD_003250,e_wallet,283.24
ORD_003251,credit_card,55.86
ORD_003252,bank_transfer,215.74
ORD_003253,e_wallet,575.75
ORD_003254,e_wallet,758.06
ORD_003255,credit_card,130.83
ORD_003256,credit_card,755.3
ORD_003257,credit_card,717.43
ORD_003258,credit_card,60.51
ORD_003259,bank_transfer,729.52
ORD_003260,credit_card,787.88
ORD_003261,credit_card,102.21
ORD_003262,e_wallet,222.03
ORD_003263,cod,692.45
ORD_003264,e_wallet,346.92
ORD_003265,credit_card,206.96
ORD_003266,credit_card,37.5
ORD_003267,credit_card,24.01
ORD_003268,e_wallet,587.93
ORD_003269,credit_card,486.81
ORD_003270,credit_card,188.87
ORD_003271,credit_card,483.97
ORD_003272,credit_card,244.2
ORD_003273,bank_transfer,666.12
ORD_003274,cod,494.71
ORD_003275,bank_transfer,428.61
ORD_003276,e_wallet,306.11
ORD_003277,credit_card,287.5
ORD_003278,e_wallet,521.43
ORD_003279,e_wallet,212.48
ORD_003280,credit_card,335.35
ORD_003281,credit_card,398.6
ORD_003282,credit_card,778.42
ORD_003283,credit_card,276.97
ORD_003284,cod,244.14
ORD_003285,e_wallet,132.62
ORD_003286,credit_card,292.84
ORD_003287,credit_card,177.02
ORD_003288,e_wallet,460.87
ORD_003289,credit_card,680.63
ORD_003290,credit_card,755.29
ORD_003291,bank_transfer,347.76
ORD_003292,bank_transfer,320.47
ORD_003293,e_wallet,383.5
ORD_003294,credit_card,587.12
ORD_003295,e_wallet,351.19
ORD_003296,credit_card,307.87
ORD_003297,credit_card,788.23
ORD_003298,cod,493.08
ORD_003299,credit_card,393.74
ORD_003300,e_wallet,347.38
ORD_003301,credit_card,401.25
ORD_003302,e_wallet,516.88
ORD_003303,credit_card,367.38
ORD_003304,credit_card,169.6
ORD_003305,e_wallet,184.92
ORD_003306,cod,686.32
ORD_003307,e_wallet,545.3
ORD_003308,e_wallet,515.7
ORD_003309,credit_card,760.88
ORD_003310,credit_card,433.72
ORD_003311,cod,612.72
ORD_003312,cod,782.31
ORD_003313,credit_card,632.93
ORD_003314,bank_transfer,450.1
ORD_003315,e_wallet,619.08
ORD_003316,credit_card,311.97
ORD_003317,e_wallet,461.99
ORD_003318,e_wallet,373.58
ORD_003319,bank_transfer,536.12
ORD_003320,credit_card,81.35
ORD_003321,credit_card,704.61
ORD_003322,e_wallet,327.74
ORD_003323,credit_card,666.45
ORD_003324,bank_transfer,649.91
ORD_003325,bank_transfer,287.38
ORD_003326,credit_card,669.56
ORD_003327,credit_card,103.05
ORD_003328,credit_card,111.05
ORD_003329,bank_transfer,86.26
ORD_003330,credit_card,276.4
ORD_003331,e_wallet,777.04
ORD_003332,e_wallet,137.22
ORD_003333,credit_card,488.53
ORD_003334,credit_card,324.37
ORD_003335,bank_transfer,723.11
ORD_003336,bank_transfer,714.18
ORD_003337,cod,412.92
ORD_003338,credit_card,361.23
ORD_003339,cod,119.65
ORD_003340,e_wallet,160.67
ORD_003341,e_wallet,408.13
ORD_003342,credit_card,459.22
ORD_003343,credit_card,59.21
ORD_003344,e_wallet,669.98
ORD_003345,credit_card,363.97
ORD_003346,bank_transfer,764.43
ORD_003347,e_wallet,786.41
ORD_003348,bank_transfer,142.55
ORD_003349,e_wallet,523.87
ORD_003350,credit_card,154.89
ORD_003351,cod,684.35
ORD_003352,e_wallet,680.28
ORD_003353,bank_transfer,737.35
ORD_003354,credit_card,84.56
ORD_003355,e_wallet,284.98
ORD_003356,credit_card,768.19
ORD_003357,cod,188.81
ORD_003358,bank_transfer,73.22
ORD_003359,credit_card,252.08
ORD_003360,bank_transfer,540.87
ORD_003361,e_wallet,274.82
ORD_003362,cod,481.68
ORD_003363,credit_card,189.83
ORD_003364,cod,552.04
ORD_003365,credit_card,510.64
ORD_003366,e_wallet,720.6
ORD_003367,bank_transfer,241.15
ORD_003368,e_wallet,486.94
ORD_003369,credit_card,73.57
ORD_003370,bank_transfer,724.27
ORD_003371,credit_card,296.14
ORD_003372,credit_card,113.49
ORD_003373,e_wallet,610.99
ORD_003374,e_wallet,294.28
ORD_003375,credit_card,84.88
ORD_003376,e_wallet,485.2
ORD_003377,e_wallet,611.56
ORD_003378,bank_transfer,499.2
ORD_003379,bank_transfer,478.58
ORD_003380,e_wallet,337.08
ORD_003381,e_wallet,499.15
ORD_003382,bank_transfer,713.48
ORD_003383,credit_card,621.93
ORD_003384,credit_card,444.82
ORD_003385,bank_transfer,487.82
ORD_003386,e_wallet,88.76
ORD_003387,e_wallet,149.44
ORD_003388,bank_transfer,405.99
ORD_003389,bank_transfer,22.56
ORD_003390,e_wallet,138.26
ORD_003391,e_wallet,446.81
ORD_003392,credit_card,135.78
ORD_003393,e_wallet,530.59
ORD_003394,credit_card,385.7
ORD_003395,e_wallet,589.92
ORD_003396,e_wallet,84.13
ORD_003397,bank_transfer,633.31
ORD_003398,e_wallet,108.68
ORD_003399,bank_transfer,488.3
ORD_003400,bank_transfer,84.02
ORD_003401,bank_transfer,437.78
ORD_003402,credit_card,487.4
ORD_003403,e_wallet,267.95
ORD_003404,bank_transfer,621.2
ORD_003405,cod,349.13
ORD_003406,credit_card,156.81
ORD_003407,e_wallet,213.54
ORD_003408,credit_card,767.11
ORD_003409,e_wallet,353.5
ORD_003410,credit_card,399.78
ORD_003411,credit_card,310.95
ORD_003412,cod,586.17
ORD_003413,e_wallet,356.48
ORD_003414,credit_card,92.67
ORD_003415,cod,104.24
ORD_003416,credit_card,647.88
ORD_003417,cod,63.16
ORD_003418,bank_transfer,125.9
ORD_003419,credit_card,370.41
ORD_003420,cod,718.91
ORD_003421,cod,732.05
ORD_003422,credit_card,33.59
ORD_003423,e_wallet,472.09
ORD_003424,credit_card,107.78
ORD_003425,bank_transfer,95.29
ORD_003426,cod,671.94
ORD_003427,credit_card,327.3
ORD_003428,e_wallet,382.48
ORD_003429,credit_card,692.61
ORD_003430,e_wallet,720.46
ORD_003431,e_wallet,788.73
ORD_003432,e_wallet,438.92
ORD_003433,credit_card,670.64
ORD_003434,e_wallet,661.47
ORD_003435,e_wallet,213.89
ORD_003436,credit_card,635.44
ORD_003437,e_wallet,105.05
ORD_003438,bank_transfer,237.8
ORD_003439,e_wallet,746.91
ORD_003440,credit_card,655.57
ORD_003441,credit_card,799.47
ORD_003442,e_wallet,302.07
ORD_003443,credit_card,520.1
ORD_003444,bank_transfer,572.88
ORD_003445,credit_card,72.47
ORD_003446,e_wallet,331.89
ORD_003447,bank_transfer,272.17
ORD_003448,credit_card,616.94
ORD_003449,bank_transfer,518.25
ORD_003450,credit_card,40.35
ORD_003451,credit_card,329.65
ORD_003452,credit_card,90.43
ORD_003453,cod,526.01
ORD_003454,bank_transfer,334.47
ORD_003455,e_wallet,22.32
ORD_003456,e_wallet,672.28
ORD_003457,credit_card,624.46
ORD_003458,cod,587.55
ORD_003459,cod,289.61
ORD_003460,credit_card,583.53
ORD_003461,e_wallet,475.53
ORD_003462,cod,465.21
ORD_003463,credit_card,122.29
ORD_003464,e_wallet,188.32
ORD_003465,e_wallet,24.5
ORD_003466,bank_transfer,683.03
ORD_003467,credit_card,523.28
ORD_003468,credit_card,24.5
ORD_003469,credit_card,506.74
ORD_003470,credit_card,744.63
ORD_003471,e_wallet,774.84
ORD_003472,bank_transfer,543.33
ORD_003473,e_wallet,775.04
ORD_003474,e_wallet,133.04
ORD_003475,credit_card,100.73
ORD_003476,credit_card,84.53
ORD_003477,e_wallet,264.32
ORD_003478,credit_card,101.36
ORD_003479,credit_card,510.55
ORD_003480,credit_card,317.34
ORD_003481,credit_card,549.15
ORD_003482,credit_card,246.86
ORD_003483,e_wallet,502.76
ORD_003484,bank_transfer,381.06
ORD_003485,bank_transfer,326.47
ORD_003486,credit_card,775.94
ORD_003487,e_wallet,729.32
ORD_003488,credit_card,255.87
ORD_003489,credit_card,292.01
ORD_003490,e_wallet,247.01
ORD_003491,e_wallet,222.11
ORD_003492,credit_card,63.17
ORD_003493,e_wallet,764.76
ORD_003494,e_wallet,796.94
ORD_003495,cod,425.54
ORD_003496,e_wallet,405.51
ORD_003497,bank_transfer,326.72
ORD_003498,credit_card,401.82
ORD_003499,credit_card,308.6
ORD_003500,e_wallet,592.58
ORD_003501,credit_card,105.95
ORD_003502,bank_transfer,567.65
ORD_003503,cod,507.6
ORD_003504,cod,441.56
ORD_003505,cod,107.55
ORD_003506,e_wallet,69.47
ORD_003507,credit_card,643.58
ORD_003508,credit_card,43.13
ORD_003509,bank_transfer,737.1
ORD_003510,e_wallet,788.35
ORD_003511,credit_card,645.03
ORD_003512,credit_card,596.34
ORD_003513,e_wallet,134.53
ORD_003514,e_wallet,553.6
ORD_003515,credit_card,481.49
ORD_003516,bank_transfer,776.92
ORD_003517,cod,297.39
ORD_003518,credit_card,190.2
ORD_003519,credit_card,524.76
ORD_003520,credit_card,666.49
ORD_003521,credit_card,243.46
ORD_003522,credit_card,398.48
ORD_003523,e_wallet,579.56
ORD_003524,e_wallet,345.43
ORD_003525,credit_card,184.84
ORD_003526,credit_card,465.19
ORD_003527,bank_transfer,544.56
ORD_003528,e_wallet,369.09
ORD_003529,credit_card,78.56
ORD_003530,e_wallet,121.67
ORD_003531,e_wallet,32.32
ORD_003532,credit_card,324.61
ORD_003533,credit_card,719.47
ORD_003534,e_wallet,336.63
ORD_003535,e_wallet,487.04
ORD_003536,credit_card,770.96
ORD_003537,credit_card,309.65
ORD_003538,e_wallet,22.51
ORD_003539,bank_transfer,381.67
ORD_003540,credit_card,366.06
ORD_003541,credit_card,141.23
ORD_003542,credit_card,251.6
ORD_003543,e_wallet,429.03
ORD_003544,cod,599.43
ORD_003545,credit_card,572.3
ORD_003546,bank_transfer,237.15
ORD_003547,credit_card,696.36
ORD_003548,e_wallet,689.72
ORD_003549,credit_card,770.43
ORD_003550,credit_card,350.32
ORD_003551,credit_card,413.97
ORD_003552,e_wallet,205.07
ORD_003553,e_wallet,711.07
ORD_003554,e_wallet,431.91
ORD_003555,e_wallet,716.18
ORD_003556,bank_transfer,386.25
ORD_003557,e_wallet,74.48
ORD_003558,e_wallet,217.99
ORD_003559,e_wallet,48.48
ORD_003560,credit_card,71.44
ORD_003561,credit_card,136.24
ORD_003562,e_wallet,510.4
ORD_003563,e_wallet,350.19
ORD_003564,e_wallet,620.51
ORD_003565,credit_card,238.21
ORD_003566,credit_card,209.38
ORD_003567,credit_card,51.12
ORD_003568,cod,737.57
ORD_003569,bank_transfer,299.13
ORD_003570,credit_card,547.44
ORD_003571,credit_card,66.49
ORD_003572,credit_card,790.96
ORD_003573,credit_card,315.17
ORD_003574,credit_card,334.87
ORD_003575,e_wallet,492.78
ORD_003576,credit_card,176.72
ORD_003577,bank_transfer,573.71
ORD_003578,credit_card,230.61
ORD_003579,e_wallet,208.59
ORD_003580,cod,238.81
ORD_003581,credit_card,370.49
ORD_003582,credit_card,421.42
ORD_003583,credit_card,223.03
ORD_003584,e_wallet,575.09
ORD_003585,bank_transfer,204.1
ORD_003586,bank_transfer,426.9
ORD_003587,credit_card,444.22
ORD_003588,credit_card,84.29
ORD_003589,bank_transfer,358.61
ORD_003590,credit_card,521.11
ORD_003591,bank_transfer,540.22
ORD_003592,credit_card,25.29
ORD_003593,e_wallet,372.36
ORD_003594,e_wallet,401.67
ORD_003595,e_wallet,600.91
ORD_003596,credit_card,444.14
ORD_003597,credit_card,703.19
ORD_003598,credit_card,763.42
ORD_003599,cod,435.79
ORD_003600,cod,540.19
ORD_003601,credit_card,693.1
ORD_003602,bank_transfer,785.2
ORD_003603,e_wallet,723.57
ORD_003604,e_wallet,799.14
ORD_003605,credit_card,466.13
ORD_003606,credit_card,743.41
ORD_003607,bank_transfer,271.35
ORD_003608,bank_transfer,522.96
ORD_003609,e_wallet,728.49
ORD_003610,bank_transfer,721.27
ORD_003611,e_wallet,797.57
ORD_003612,e_wallet,335.19
ORD_003613,credit_card,89.97
ORD_003614,credit_card,119.83
ORD_003615,e_wallet,88.25
ORD_003616,credit_card,314.69
ORD_003617,credit_card,133.45
ORD_003618,bank_transfer,796.02
ORD_003619,e_wallet,546.61
ORD_003620,credit_card,425.02
ORD_003621,bank_transfer,94.29
ORD_003622,bank_transfer,778.26
ORD_003623,cod,445.65
ORD_003624,credit_card,408.2
ORD_003625,bank_transfer,378.73
ORD_003626,e_wallet,353.06
ORD_003627,credit_card,163.06
ORD_003628,credit_card,330.6
ORD_003629,cod,207.93
ORD_003630,e_wallet,223.19
ORD_003631,cod,25.11
ORD_003632,e_wallet,739.31
ORD_003633,bank_transfer,399.81
ORD_003634,credit_card,390.59
ORD_003635,cod,626.1
ORD_003636,credit_card,290.87
ORD_003637,credit_card,45.22
ORD_003638,e_wallet,107.6
ORD_003639,e_wallet,679.13
ORD_003640,cod,68.23
ORD_003641,credit_card,480.44
ORD_003642,e_wallet,191.79
ORD_003643,bank_transfer,157.38
ORD_003644,e_wallet,297.25
ORD_003645,credit_card,605.78
ORD_003646,credit_card,238.11
ORD_003647,credit_card,726.24
ORD_003648,e_wallet,745.57
ORD_003649,e_wallet,692.88
ORD_003650,e_wallet,160.55
ORD_003651,credit_card,602.79
ORD_003652,credit_card,607.57
ORD_003653,credit_card,324.59
ORD_003654,credit_card,230.17
ORD_003655,credit_card,557.27
ORD_003656,credit_card,672.49
ORD_003657,e_wallet,615.16
ORD_003658,e_wallet,309.07
ORD_003659,credit_card,774.47
ORD_003660,bank_transfer,321.97
ORD_003661,credit_card,372.49
ORD_003662,e_wallet,270.75
ORD_003663,e_wallet,275.6
ORD_003664,cod,796.52
ORD_003665,bank_transfer,412.93
ORD_003666,e_wallet,683.48
ORD_003667,credit_card,744.22
ORD_003668,bank_transfer,243.14
ORD_003669,credit_card,22.12
ORD_003670,credit_card,751.4
ORD_003671,credit_card,642.72
ORD_003672,credit_card,474.7
ORD_003673,bank_transfer,205.61
ORD_003674,cod,178.23
ORD_003675,e_wallet,477.74
ORD_003676,credit_card,523.0
ORD_003677,e_wallet,689.44
ORD_003678,credit_card,187.69
ORD_003679,credit_card,743.84
ORD_003680,bank_transfer,617.66
ORD_003681,bank_transfer,456.08
ORD_003682,credit_card,569.35
ORD_003683,credit_card,231.67
ORD_003684,bank_transfer,693.71
ORD_003685,e_wallet,706.0
ORD_003686,e_wallet,126.27
ORD_003687,credit_card,683.67
ORD_003688,e_wallet,798.35
ORD_003689,credit_card,29.52
ORD_003690,credit_card,356.47
ORD_003691,credit_card,693.38
ORD_003692,credit_card,345.2
ORD_003693,credit_card,221.93
ORD_003694,bank_transfer,752.99
ORD_003695,credit_card,705.76
ORD_003696,credit_card,739.26
ORD_003697,e_wallet,142.76
ORD_003698,e_wallet,615.64
ORD_003699,bank_transfer,247.52
ORD_003700,credit_card,768.0
ORD_003701,credit_card,735.43
ORD_003702,credit_card,791.69
ORD_003703,credit_card,72.71
ORD_003704,e_wallet,591.61
ORD_003705,e_wallet,658.47
ORD_003706,e_wallet,700.55
ORD_003707,bank_transfer,23.12
ORD_003708,e_wallet,85.71
ORD_003709,cod,546.96
ORD_003710,bank_transfer,576.12
ORD_003711,credit_card,766.54
ORD_003712,cod,133.46
ORD_003713,e_wallet,574.18
ORD_003714,e_wallet,763.57
ORD_003715,credit_card,152.27
ORD_003716,bank_transfer,642.4
ORD_003717,e_wallet,681.19
ORD_003718,credit_card,366.34
ORD_003719,credit_card,123.11
ORD_003720,credit_card,761.52
ORD_003721,e_wallet,333.0
ORD_003722,e_wallet,615.11
ORD_003723,e_wallet,207.41
ORD_003724,credit_card,188.97
ORD_003725,bank_transfer,296.91
ORD_003726,e_wallet,548.13
ORD_003727,bank_transfer,737.44
ORD_003728,e_wallet,579.14
ORD_003729,e_wallet,501.9
ORD_003730,e_wallet,463.13
ORD_003731,credit_card,493.34
ORD_003732,bank_transfer,577.08
ORD_003733,bank_transfer,720.12
ORD_003734,credit_card,604.51
ORD_003735,e_wallet,491.49
ORD_003736,cod,324.11
ORD_003737,bank_transfer,503.35
ORD_003738,bank_transfer,357.35
ORD_003739,e_wallet,787.46
ORD_003740,credit_card,563.48
ORD_003741,e_wallet,497.2
ORD_003742,credit_card,133.31
ORD_003743,credit_card,102.34
ORD_003744,bank_transfer,237.52
ORD_003745,credit_card,175.99
ORD_003746,credit_card,555.3
ORD_003747,bank_transfer,533.14
ORD_003748,credit_card,777.06
ORD_003749,credit_card,193.26
ORD_003750,bank_transfer,528.42
ORD_003751,cod,642.38
ORD_003752,credit_card,741.51
ORD_003753,e_wallet,352.53
ORD_003754,bank_transfer,185.82
ORD_003755,e_wallet,769.12
ORD_003756,credit_card,96.19
ORD_003757,credit_card,226.91
ORD_003758,e_wallet,30.16
ORD_003759,e_wallet,557.57
ORD_003760,credit_card,589.26
ORD_003761,bank_transfer,32.53
ORD_003762,credit_card,629.79
ORD_003763,e_wallet,565.16
ORD_003764,e_wallet,411.31
ORD_003765,cod,606.88
ORD_003766,e_wallet,157.87
ORD_003767,credit_card,110.69
ORD_003768,e_wallet,308.16
ORD_003769,cod,433.86
ORD_003770,credit_card,521.12
ORD_003771,bank_transfer,728.46
ORD_003772,cod,530.26
ORD_003773,e_wallet,768.71
ORD_003774,e_wallet,462.71
ORD_003775,bank_transfer,736.71
ORD_003776,e_wallet,300.96
ORD_003777,credit_card,432.3
ORD_003778,cod,250.01
ORD_003779,cod,652.12
ORD_003780,bank_transfer,657.98
ORD_003781,e_wallet,217.83
ORD_003782,cod,670.11
ORD_003783,bank_transfer,673.91
ORD_003784,e_wallet,688.22
ORD_003785,credit_card,304.41
ORD_003786,e_wallet,67.88
ORD_003787,credit_card,363.59
ORD_003788,e_wallet,655.77
ORD_003789,e_wallet,336.27
ORD_003790,cod,711.06
ORD_003791,bank_transfer,620.2
ORD_003792,cod,667.78
ORD_003793,cod,765.48
ORD_003794,credit_card,512.86
ORD_003795,credit_card,555.62
ORD_003796,credit_card,293.85
ORD_003797,credit_card,218.69
ORD_003798,credit_card,163.48
ORD_003799,credit_card,164.53
ORD_003800,bank_transfer,740.74
ORD_003801,bank_transfer,191.99
ORD_003802,credit_card,529.62
ORD_003803,e_wallet,797.54
ORD_003804,credit_card,298.97
ORD_003805,e_wallet,638.17
ORD_003806,bank_transfer,790.81
ORD_003807,e_wallet,79.55
ORD_003808,bank_transfer,797.19
ORD_003809,cod,521.55
ORD_003810,credit_card,609.51
ORD_003811,credit_card,552.79
ORD_003812,credit_card,690.59
ORD_003813,credit_card,254.03
ORD_003814,credit_card,471.34
ORD_003815,credit_card,231.21
ORD_003816,credit_card,143.75
ORD_003817,cod,602.75
ORD_003818,e_wallet,565.94
ORD_003819,e_wallet,282.04
ORD_003820,credit_card,160.25
ORD_003821,cod,429.0
ORD_003822,e_wallet,388.08
ORD_003823,credit_card,294.14
ORD_003824,credit_card,279.38
ORD_003825,e_wallet,770.35
ORD_003826,e_wallet,305.23
ORD_003827,credit_card,558.57
ORD_003828,credit_card,728.66
ORD_003829,cod,139.37
ORD_003830,credit_card,523.23
ORD_003831,e_wallet,636.43
ORD_003832,e_wallet,735.28
ORD_003833,cod,141.5
ORD_003834,credit_card,325.71
ORD_003835,credit_card,738.78
ORD_003836,e_wallet,72.96
ORD_003837,credit_card,714.05
ORD_003838,cod,642.54
ORD_003839,credit_card,227.79
ORD_003840,credit_card,642.83
ORD_003841,e_wallet,305.93
ORD_003842,bank_transfer,594.66
ORD_003843,credit_card,403.41
ORD_003844,cod,441.24
ORD_003845,cod,319.18
ORD_003846,cod,98.43
ORD_003847,cod,74.76
ORD_003848,credit_card,612.12
ORD_003849,credit_card,276.23
ORD_003850,credit_card,414.28
ORD_003851,cod,399.18
ORD_003852,bank_transfer,451.85
ORD_003853,credit_card,316.78
ORD_003854,credit_card,417.25
ORD_003855,bank_transfer,369.79
ORD_003856,e_wallet,174.59
ORD_003857,e_wallet,140.54
ORD_003858,cod,750.88
ORD_003859,bank_transfer,488.54
ORD_003860,bank_transfer,131.72
ORD_003861,cod,558.66
ORD_003862,credit_card,231.21
ORD_003863,bank_transfer,762.64
ORD_003864,e_wallet,120.42
ORD_003865,bank_transfer,735.77
ORD_003866,e_wallet,152.61
ORD_003867,bank_transfer,308.69
ORD_003868,cod,26.52
ORD_003869,credit_card,86.12
ORD_003870,credit_card,263.63
ORD_003871,bank_transfer,45.74
ORD_003872,credit_card,151.14
ORD_003873,credit_card,110.38
ORD_003874,e_wallet,378.79
ORD_003875,credit_card,397.99
ORD_003876,bank_transfer,52.02
ORD_003877,credit_card,734.87
ORD_003878,credit_card,484.46
ORD_003879,cod,455.31
ORD_003880,bank_transfer,657.59
ORD_003881,cod,396.83
ORD_003882,credit_card,730.17
ORD_003883,e_wallet,345.35
ORD_003884,credit_card,587.93
ORD_003885,credit_card,326.36
ORD_003886,bank_transfer,622.48
ORD_003887,bank_transfer,216.99
ORD_003888,bank_transfer,621.48
ORD_003889,credit_card,797.69
ORD_003890,e_wallet,117.05
ORD_003891,e_wallet,313.86
ORD_003892,e_wallet,561.14
ORD_003893,bank_transfer,613.88
ORD_003894,e_wallet,402.21
ORD_003895,bank_transfer,76.13
ORD_003896,credit_card,751.03
ORD_003897,credit_card,167.5
ORD_003898,credit_card,748.74
ORD_003899,credit_card,428.63
ORD_003900,credit_card,497.64
ORD_003901,e_wallet,26.04
ORD_003902,credit_card,693.58
ORD_003903,credit_card,698.67
ORD_003904,credit_card,222.47
ORD_003905,e_wallet,175.71
ORD_003906,e_wallet,730.29
ORD_003907,bank_transfer,346.27
ORD_003908,bank_transfer,715.44
ORD_003909,cod,215.15
ORD_003910,credit_card,380.46
ORD_003911,e_wallet,592.27
ORD_003912,credit_card,432.19
ORD_003913,credit_card,63.48
ORD_003914,credit_card,77.48
ORD_003915,bank_transfer,110.27
ORD_003916,e_wallet,580.45
ORD_003917,cod,515.63
ORD_003918,credit_card,156.17
ORD_003919,credit_card,659.15
ORD_003920,bank_transfer,460.1
ORD_003921,credit_card,317.04
ORD_003922,credit_card,500.19
ORD_003923,credit_card,422.56
ORD_003924,bank_transfer,776.23
ORD_003925,bank_transfer,407.58
ORD_003926,cod,608.14
ORD_003927,e_wallet,140.08
ORD_003928,e_wallet,394.24
ORD_003929,bank_transfer,342.73
ORD_003930,credit_card,23.01
ORD_003931,e_wallet,662.42
ORD_003932,bank_transfer,768.75
ORD_003933,credit_card,747.68
ORD_003934,e_wallet,163.92
ORD_003935,credit_card,239.59
ORD_003936,cod,721.71
ORD_003937,e_wallet,150.5
ORD_003938,credit_card,60.7
ORD_003939,e_wallet,59.37
ORD_003940,e_wallet,101.11
ORD_003941,credit_card,528.02
ORD_003942,credit_card,245.33
ORD_003943,credit_card,224.44
ORD_003944,cod,135.44
ORD_003945,e_wallet,348.32
ORD_003946,bank_transfer,446.63
ORD_003947,cod,431.94
ORD_003948,credit_card,105.74
ORD_003949,e_wallet,683.48
ORD_003950,bank_transfer,92.95
ORD_003951,e_wallet,780.64
ORD_003952,credit_card,151.14
ORD_003953,e_wallet,54.5
ORD_003954,credit_card,569.03
ORD_003955,e_wallet,695.81
ORD_003956,cod,432.36
ORD_003957,e_wallet,99.05
ORD_003958,credit_card,129.27
ORD_003959,e_wallet,540.49
ORD_003960,bank_transfer,663.38
ORD_003961,bank_transfer,187.47
ORD_003962,credit_card,721.37
ORD_003963,bank_transfer,623.48
ORD_003964,credit_card,703.29
ORD_003965,credit_card,791.62
ORD_003966,bank_transfer,587.11
ORD_003967,credit_card,133.47
ORD_003968,cod,230.6
ORD_003969,credit_card,690.54
ORD_003970,credit_card,376.87
ORD_003971,bank_transfer,491.94
ORD_003972,cod,616.85
ORD_003973,credit_card,303.54
ORD_003974,e_wallet,137.9
ORD_003975,bank_transfer,617.99
ORD_003976,e_wallet,183.26
ORD_003977,e_wallet,718.7
ORD_003978,e_wallet,67.77
ORD_003979,credit_card,235.22
ORD_003980,credit_card,170.92
ORD_003981,bank_transfer,193.6
ORD_003982,e_wallet,63.56
ORD_003983,credit_card,34.89
ORD_003984,credit_card,767.27
ORD_003985,bank_transfer,290.07
ORD_003986,e_wallet,561.79
ORD_003987,credit_card,737.96
ORD_003988,credit_card,528.48
ORD_003989,credit_card,753.62
ORD_003990,bank_transfer,332.45
ORD_003991,e_wallet,283.34
ORD_003992,e_wallet,775.54
ORD_003993,e_wallet,195.34
ORD_003994,e_wallet,233.95
ORD_003995,credit_card,408.07
ORD_003996,cod,102.04
ORD_003997,cod,449.76
ORD_003998,credit_card,73.95
ORD_003999,credit_card,72.09
ORD_004000,bank_transfer,508.88
ORD_004001,credit_card,648.76
ORD_004002,credit_card,734.79
ORD_004003,credit_card,113.88
ORD_004004,e_wallet,472.38
ORD_004005,e_wallet,304.2
ORD_004006,credit_card,128.98
ORD_004007,e_wallet,655.67
ORD_004008,cod,275.2
ORD_004009,credit_card,530.22
ORD_004010,e_wallet,530.46
ORD_004011,e_wallet,640.53
ORD_004012,bank_transfer,106.45
ORD_004013,credit_card,224.72
ORD_004014,bank_transfer,786.53
ORD_004015,e_wallet,334.84
ORD_004016,credit_card,398.0
ORD_004017,e_wallet,187.82
ORD_004018,credit_card,48.76
ORD_004019,credit_card,595.1
ORD_004020,credit_card,294.05
ORD_004021,e_wallet,62.61
ORD_004022,e_wallet,331.14
ORD_004023,e_wallet,157.23
ORD_004024,credit_card,75.56
ORD_004025,bank_transfer,635.69
ORD_004026,credit_card,322.01
ORD_004027,credit_card,32.41
ORD_004028,e_wallet,291.7
ORD_004029,bank_transfer,463.25
ORD_004030,bank_transfer,672.24
ORD_004031,e_wallet,121.45
ORD_004032,bank_transfer,523.3
ORD_004033,credit_card,45.15
ORD_004034,credit_card,438.0
ORD_004035,cod,130.68
ORD_004036,bank_transfer,666.84
ORD_004037,e_wallet,369.86
ORD_004038,credit_card,736.66
ORD_004039,e_wallet,763.5
ORD_004040,e_wallet,594.44
ORD_004041,bank_transfer,509.27
ORD_004042,credit_card,55.68
ORD_004043,e_wallet,381.8
ORD_004044,credit_card,523.6
ORD_004045,bank_transfer,195.44
ORD_004046,credit_card,515.56
ORD_004047,credit_card,213.11
ORD_004048,credit_card,535.77
ORD_004049,e_wallet,341.11
ORD_004050,e_wallet,657.55
ORD_004051,e_wallet,357.23
ORD_004052,e_wallet,58.02
ORD_004053,bank_transfer,752.2
ORD_004054,credit_card,116.81
ORD_004055,credit_card,195.88
ORD_004056,e_wallet,585.06
ORD_004057,credit_card,673.67
ORD_004058,credit_card,766.36
ORD_004059,e_wallet,560.7
ORD_004060,cod,218.91
ORD_004061,credit_card,50.91
ORD_004062,e_wallet,616.61
ORD_004063,cod,702.46
ORD_004064,e_wallet,157.25
ORD_004065,credit_card,794.51
ORD_004066,e_wallet,345.1
ORD_004067,e_wallet,780.06
ORD_004068,bank_transfer,69.9
ORD_004069,e_wallet,497.74
ORD_004070,e_wallet,122.94
ORD_004071,credit_card,612.86
ORD_004072,credit_card,626.01
ORD_004073,e_wallet,407.56
ORD_004074,e_wallet,260.9
ORD_004075,e_wallet,107.64
ORD_004076,e_wallet,543.17
ORD_004077,cod,541.14
ORD_004078,bank_transfer,640.28
ORD_004079,credit_card,553.58
ORD_004080,e_wallet,330.59
ORD_004081,e_wallet,628.23
ORD_004082,bank_transfer,757.07
ORD_004083,credit_card,494.01
ORD_004084,credit_card,253.74
ORD_004085,e_wallet,219.02
ORD_004086,cod,412.37
ORD_004087,credit_card,744.18
ORD_004088,credit_card,414.25
ORD_004089,e_wallet,732.73
ORD_004090,credit_card,565.46
ORD_004091,credit_card,620.96
ORD_004092,bank_transfer,538.13
ORD_004093,bank_transfer,494.17
ORD_004094,e_wallet,35.47
ORD_004095,e_wallet,362.69
ORD_004096,bank_transfer,793.48
ORD_004097,credit_card,764.87
ORD_004098,credit_card,505.86
ORD_004099,e_wallet,593.29
ORD_004100,credit_card,146.57
ORD_004101,e_wallet,186.48
ORD_004102,e_wallet,243.52
ORD_004103,bank_transfer,507.06
ORD_004104,credit_card,685.8
ORD_004105,bank_transfer,203.08
ORD_004106,cod,441.45
ORD_004107,credit_card,182.99
ORD_004108,credit_card,82.26
ORD_004109,credit_card,218.65
ORD_004110,e_wallet,475.26
ORD_004111,bank_transfer,473.88
ORD_004112,bank_transfer,641.86
ORD_004113,credit_card,247.56
ORD_004114,credit_card,243.11
ORD_004115,bank_transfer,785.15
ORD_004116,e_wallet,655.16
ORD_004117,bank_transfer,160.31
ORD_004118,e_wallet,676.8
ORD_004119,credit_card,568.88
ORD_004120,cod,374.95
ORD_004121,credit_card,131.94
ORD_004122,cod,148.98
ORD_004123,e_wallet,241.1
ORD_004124,bank_transfer,505.55
ORD_004125,cod,401.9
ORD_004126,credit_card,555.73
ORD_004127,credit_card,732.34
ORD_004128,credit_card,603.89
ORD_004129,credit_card,638.38
ORD_004130,e_wallet,210.35
ORD_004131,credit_card,167.62
ORD_004132,credit_card,726.52
ORD_004133,bank_transfer,190.12
ORD_004134,bank_transfer,337.96
ORD_004135,cod,43.78
ORD_004136,e_wallet,199.41
ORD_004137,credit_card,121.29
ORD_004138,e_wallet,214.14
ORD_004139,e_wallet,440.54
ORD_004140,credit_card,140.66
ORD_004141,e_wallet,233.07
ORD_004142,bank_transfer,758.9
ORD_004143,credit_card,601.67
ORD_004144,e_wallet,514.91
ORD_004145,e_wallet,302.76
ORD_004146,cod,701.88
ORD_004147,e_wallet,44.62
ORD_004148,bank_transfer,351.27
ORD_004149,credit_card,262.89
ORD_004150,cod,583.57
ORD_004151,e_wallet,329.94
ORD_004152,e_wallet,496.32
ORD_004153,credit_card,674.52
ORD_004154,credit_card,700.5
ORD_004155,e_wallet,325.01
ORD_004156,bank_transfer,792.99
ORD_004157,credit_card,259.38
ORD_004158,bank_transfer,306.82
ORD_004159,bank_transfer,373.59
ORD_004160,e_wallet,619.21
ORD_004161,cod,522.92
ORD_004162,e_wallet,678.03
ORD_004163,bank_transfer,367.99
ORD_004164,e_wallet,714.14
ORD_004165,credit_card,735.83
ORD_004166,credit_card,320.08
ORD_004167,e_wallet,39.66
ORD_004168,cod,63.71
ORD_004169,credit_card,339.9
ORD_004170,e_wallet,213.9
ORD_004171,e_wallet,565.18
ORD_004172,e_wallet,48.12
ORD_004173,bank_transfer,34.65
ORD_004174,credit_card,415.68
ORD_004175,credit_card,162.77
ORD_004176,credit_card,158.98
ORD_004177,credit_card,25.95
ORD_004178,cod,489.05
ORD_004179,bank_transfer,611.59
ORD_004180,cod,749.7
ORD_004181,credit_card,99.73
ORD_004182,e_wallet,552.22
ORD_004183,e_wallet,782.2
ORD_004184,bank_transfer,558.39
ORD_004185,bank_transfer,273.71
ORD_004186,e_wallet,365.03
ORD_004187,credit_card,723.5
ORD_004188,credit_card,20.26
ORD_004189,e_wallet,79.59
ORD_004190,credit_card,145.05
ORD_004191,bank_transfer,640.43
ORD_004192,cod,517.08
ORD_004193,cod,700.59
ORD_004194,cod,115.74
ORD_004195,credit_card,513.36
ORD_004196,bank_transfer,453.87
ORD_004197,bank_transfer,169.2
ORD_004198,bank_transfer,188.19
ORD_004199,credit_card,539.29
ORD_004200,cod,702.38
ORD_004201,cod,692.23
ORD_004202,e_wallet,771.76
ORD_004203,credit_card,749.78
ORD_004204,credit_card,507.08
ORD_004205,e_wallet,357.52
ORD_004206,bank_transfer,124.0
ORD_004207,credit_card,239.48
ORD_004208,credit_card,134.51
ORD_004209,cod,536.51
ORD_004210,credit_card,577.29
ORD_004211,e_wallet,431.49
ORD_004212,credit_card,761.97
ORD_004213,bank_transfer,685.26
ORD_004214,credit_card,281.83
ORD_004215,e_wallet,171.6
ORD_004216,e_wallet,324.65
ORD_004217,cod,729.28
ORD_004218,credit_card,638.27
ORD_004219,credit_card,54.71
ORD_004220,credit_card,420.75
ORD_004221,cod,31.18
ORD_004222,e_wallet,581.98
ORD_004223,e_wallet,514.45
ORD_004224,credit_card,433.94
ORD_004225,credit_card,191.32
ORD_004226,credit_card,45.42
ORD_004227,credit_card,100.74
ORD_004228,e_wallet,740.52
ORD_004229,credit_card,122.35
ORD_004230,e_wallet,520.05
ORD_004231,credit_card,239.66
ORD_004232,credit_card,494.44
ORD_004233,bank_transfer,699.16
ORD_004234,credit_card,599.84
ORD_004235,e_wallet,481.47
ORD_004236,credit_card,416.44
ORD_004237,credit_card,236.59
ORD_004238,credit_card,567.21
ORD_004239,bank_transfer,590.62
ORD_004240,bank_transfer,96.89
ORD_004241,e_wallet,662.72
ORD_004242,cod,28.95
ORD_004243,credit_card,792.11
ORD_004244,e_wallet,592.22
ORD_004245,credit_card,790.25
ORD_004246,credit_card,324.13
ORD_004247,e_wallet,144.25
ORD_004248,credit_card,234.71
ORD_004249,credit_card,755.63
ORD_004250,credit_card,594.92
ORD_004251,credit_card,622.69
ORD_004252,e_wallet,590.69
ORD_004253,e_wallet,523.71
ORD_004254,bank_transfer,34.84
ORD_004255,credit_card,695.24
ORD_004256,credit_card,732.46
ORD_004257,e_wallet,198.51
ORD_004258,bank_transfer,564.29
ORD_004259,bank_transfer,95.33
ORD_004260,cod,106.23
ORD_004261,credit_card,68.29
ORD_004262,credit_card,432.84
ORD_004263,cod,411.99
ORD_004264,credit_card,285.42
ORD_004265,e_wallet,235.46
ORD_004266,bank_transfer,453.48
ORD_004267,e_wallet,105.75
ORD_004268,bank_transfer,260.71
ORD_004269,cod,481.01
ORD_004270,e_wallet,254.45
ORD_004271,cod,465.51
ORD_004272,credit_card,363.3
ORD_004273,e_wallet,548.29
ORD_004274,e_wallet,253.81
ORD_004275,credit_card,328.05
ORD_004276,e_wallet,714.33
ORD_004277,bank_transfer,513.58
ORD_004278,credit_card,392.81
ORD_004279,credit_card,405.3
ORD_004280,cod,289.82
ORD_004281,credit_card,219.01
ORD_004282,bank_transfer,609.82
ORD_004283,cod,179.45
ORD_004284,bank_transfer,308.0
ORD_004285,credit_card,520.82
ORD_004286,e_wallet,428.09
ORD_004287,credit_card,685.04
ORD_004288,cod,191.2
ORD_004289,bank_transfer,332.32
ORD_004290,credit_card,641.74
ORD_004291,cod,745.71
ORD_004292,e_wallet,109.01
ORD_004293,bank_transfer,491.58
ORD_004294,e_wallet,166.29
ORD_004295,credit_card,218.18
ORD_004296,bank_transfer,241.63
ORD_004297,e_wallet,232.06
ORD_004298,credit_card,663.52
ORD_004299,credit_card,422.17
ORD_004300,e_wallet,659.93
ORD_004301,credit_card,798.98
ORD_004302,credit_card,529.4
ORD_004303,e_wallet,623.32
ORD_004304,cod,445.97
ORD_004305,credit_card,517.4
ORD_004306,credit_card,172.06
ORD_004307,credit_card,430.35
ORD_004308,cod,300.2
ORD_004309,bank_transfer,509.66
ORD_004310,bank_transfer,339.09
ORD_004311,cod,189.02
ORD_004312,e_wallet,517.35
ORD_004313,bank_transfer,766.4
ORD_004314,e_wallet,484.01
ORD_004315,bank_transfer,127.01
ORD_004316,credit_card,555.13
ORD_004317,e_wallet,704.32
ORD_004318,credit_card,697.06
ORD_004319,e_wallet,390.87
ORD_004320,bank_transfer,100.17
ORD_004321,bank_transfer,381.81
ORD_004322,cod,475.85
ORD_004323,bank_transfer,732.27
ORD_004324,bank_transfer,628.78
ORD_004325,e_wallet,323.37
ORD_004326,credit_card,46.05
ORD_004327,bank_transfer,421.44
ORD_004328,cod,478.73
ORD_004329,e_wallet,315.69
ORD_004330,credit_card,724.77
ORD_004331,cod,64.72
ORD_004332,credit_card,229.82
ORD_004333,e_wallet,300.45
ORD_004334,credit_card,328.64
ORD_004335,credit_card,629.82
ORD_004336,e_wallet,169.8
ORD_004337,credit_card,373.81
ORD_004338,e_wallet,23.1
ORD_004339,cod,720.51
ORD_004340,e_wallet,521.06
ORD_004341,e_wallet,445.55
ORD_004342,cod,107.68
ORD_004343,credit_card,347.75
ORD_004344,credit_card,479.71
ORD_004345,bank_transfer,662.49
ORD_004346,e_wallet,738.78
ORD_004347,e_wallet,301.05
ORD_004348,bank_transfer,187.81
ORD_004349,e_wallet,749.83
ORD_004350,credit_card,753.9
ORD_004351,credit_card,614.4
ORD_004352,credit_card,492.65
ORD_004353,credit_card,207.21
ORD_004354,cod,40.54
ORD_004355,bank_transfer,734.46
ORD_004356,credit_card,392.16
ORD_004357,e_wallet,161.32
ORD_004358,credit_card,26.02
ORD_004359,credit_card,345.35
ORD_004360,credit_card,112.24
ORD_004361,e_wallet,488.98
ORD_004362,bank_transfer,205.64
ORD_004363,credit_card,198.21
ORD_004364,credit_card,266.34
ORD_004365,e_wallet,272.88
ORD_004366,e_wallet,541.42
ORD_004367,credit_card,799.72
ORD_004368,credit_card,231.24
ORD_004369,credit_card,452.06
ORD_004370,e_wallet,464.49
ORD_004371,credit_card,683.86
ORD_004372,e_wallet,601.05
ORD_004373,credit_card,296.06
ORD_004374,bank_transfer,638.88
ORD_004375,e_wallet,524.1
ORD_004376,e_wallet,799.69
ORD_004377,bank_transfer,189.01
ORD_004378,bank_transfer,29.92
ORD_004379,credit_card,667.91
ORD_004380,credit_card,198.26
ORD_004381,credit_card,65.98
ORD_004382,credit_card,709.81
ORD_004383,bank_transfer,617.8
ORD_004384,bank_transfer,313.41
ORD_004385,bank_transfer,753.14
ORD_004386,bank_transfer,454.26
ORD_004387,bank_transfer,455.25
ORD_004388,e_wallet,792.23
ORD_004389,e_wallet,100.73
ORD_004390,credit_card,629.86
ORD_004391,bank_transfer,386.89
ORD_004392,bank_transfer,302.45
ORD_004393,cod,249.95
ORD_004394,credit_card,360.06
ORD_004395,bank_transfer,401.35
ORD_004396,e_wallet,122.67
ORD_004397,credit_card,191.57
ORD_004398,credit_card,357.53
ORD_004399,credit_card,698.51
ORD_004400,cod,432.51
ORD_004401,cod,132.98
ORD_004402,credit_card,404.63
ORD_004403,credit_card,49.3
ORD_004404,credit_card,460.26
ORD_004405,e_wallet,392.45
ORD_004406,e_wallet,612.42
ORD_004407,cod,186.45
ORD_004408,credit_card,691.63
ORD_004409,bank_transfer,421.41
ORD_004410,e_wallet,329.29
ORD_004411,bank_transfer,664.25
ORD_004412,bank_transfer,274.38
ORD_004413,credit_card,137.43
ORD_004414,credit_card,480.47
ORD_004415,cod,64.21
ORD_004416,bank_transfer,287.64
ORD_004417,credit_card,598.89
ORD_004418,e_wallet,237.94
ORD_004419,e_wallet,381.11
ORD_004420,credit_card,119.16
ORD_004421,e_wallet,82.56
ORD_004422,bank_transfer,672.32
ORD_004423,credit_card,679.85
ORD_004424,credit_card,142.13
ORD_004425,bank_transfer,694.03
ORD_004426,credit_card,593.19
ORD_004427,credit_card,156.57
ORD_004428,credit_card,575.1
ORD_004429,bank_transfer,598.01
ORD_004430,cod,618.94
ORD_004431,credit_card,580.72
ORD_004432,credit_card,91.72
ORD_004433,cod,486.83
ORD_004434,cod,707.91
ORD_004435,bank_transfer,667.84
ORD_004436,e_wallet,86.49
ORD_004437,bank_transfer,420.33
ORD_004438,bank_transfer,574.33
ORD_004439,credit_card,41.22
ORD_004440,credit_card,715.27
ORD_004441,credit_card,641.57
ORD_004442,credit_card,233.4
ORD_004443,cod,315.95
ORD_004444,credit_card,384.47
ORD_004445,e_wallet,454.14
ORD_004446,e_wallet,627.46
ORD_004447,credit_card,715.13
ORD_004448,bank_transfer,359.77
ORD_004449,e_wallet,61.07
ORD_004450,cod,430.09
ORD_004451,credit_card,392.03
ORD_004452,credit_card,345.71
ORD_004453,credit_card,490.88
ORD_004454,e_wallet,613.11
ORD_004455,cod,783.27
ORD_004456,e_wallet,61.37
ORD_004457,e_wallet,394.31
ORD_004458,credit_card,446.68
ORD_004459,credit_card,553.4
ORD_004460,bank_transfer,515.93
ORD_004461,credit_card,799.04
ORD_004462,cod,321.61
ORD_004463,credit_card,759.44
ORD_004464,e_wallet,249.31
ORD_004465,bank_transfer,735.63
ORD_004466,bank_transfer,129.41
ORD_004467,credit_card,90.19
ORD_004468,bank_transfer,443.76
ORD_004469,credit_card,663.03
ORD_004470,credit_card,464.81
ORD_004471,credit_card,210.09
ORD_004472,bank_transfer,327.22
ORD_004473,credit_card,666.16
ORD_004474,bank_transfer,772.37
ORD_004475,credit_card,207.52
ORD_004476,credit_card,335.17
ORD_004477,credit_card,188.51
ORD_004478,credit_card,406.26
ORD_004479,bank_transfer,279.02
ORD_004480,e_wallet,547.06
ORD_004481,e_wallet,194.05
ORD_004482,bank_transfer,47.37
ORD_004483,credit_card,485.21
ORD_004484,cod,224.89
ORD_004485,cod,670.3
ORD_004486,cod,28.58
ORD_004487,credit_card,229.9
ORD_004488,credit_card,570.67
ORD_004489,cod,218.93
ORD_004490,credit_card,217.45
ORD_004491,credit_card,702.8
ORD_004492,cod,592.98
ORD_004493,credit_card,120.1
ORD_004494,credit_card,265.55
ORD_004495,credit_card,663.31
ORD_004496,bank_transfer,460.06
ORD_004497,credit_card,192.99
ORD_004498,bank_transfer,463.88
ORD_004499,e_wallet,425.75
ORD_004500,bank_transfer,675.62
ORD_004501,credit_card,401.92
ORD_004502,credit_card,225.93
ORD_004503,credit_card,614.58
ORD_004504,credit_card,518.2
ORD_004505,e_wallet,532.02
ORD_004506,credit_card,89.56
ORD_004507,e_wallet,450.21
ORD_004508,bank_transfer,695.21
ORD_004509,e_wallet,434.38
ORD_004510,cod,617.12
ORD_004511,credit_card,211.61
ORD_004512,e_wallet,314.21
ORD_004513,e_wallet,266.64
ORD_004514,bank_transfer,263.78
ORD_004515,credit_card,239.09
ORD_004516,credit_card,144.78
ORD_004517,e_wallet,563.54
ORD_004518,credit_card,401.7
ORD_004519,credit_card,592.93
ORD_004520,credit_card,344.01
ORD_004521,credit_card,172.62
ORD_004522,bank_transfer,626.0
ORD_004523,bank_transfer,205.37
ORD_004524,e_wallet,726.05
ORD_004525,e_wallet,534.58
ORD_004526,credit_card,448.12
ORD_004527,e_wallet,687.51
ORD_004528,credit_card,335.02
ORD_004529,credit_card,417.17
ORD_004530,e_wallet,683.56
ORD_004531,bank_transfer,661.92
ORD_004532,bank_transfer,516.52
ORD_004533,credit_card,177.5
ORD_004534,bank_transfer,170.26
ORD_004535,credit_card,273.84
ORD_004536,credit_card,740.63
ORD_004537,bank_transfer,280.9
ORD_004538,credit_card,474.22
ORD_004539,e_wallet,301.41
ORD_004540,bank_transfer,526.62
ORD_004541,credit_card,651.75
ORD_004542,credit_card,685.91
ORD_004543,e_wallet,163.23
ORD_004544,cod,96.49
ORD_004545,credit_card,485.68
ORD_004546,e_wallet,396.16
ORD_004547,credit_card,226.12
ORD_004548,e_wallet,531.68
ORD_004549,credit_card,679.3
ORD_004550,credit_card,275.31
ORD_004551,bank_transfer,314.38
ORD_004552,e_wallet,147.4
ORD_004553,credit_card,49.13
ORD_004554,e_wallet,648.34
ORD_004555,credit_card,579.04
ORD_004556,bank_transfer,392.6
ORD_004557,credit_card,222.61
ORD_004558,credit_card,737.97
ORD_004559,credit_card,110.86
ORD_004560,cod,714.44
ORD_004561,credit_card,277.17
ORD_004562,bank_transfer,716.41
ORD_004563,credit_card,135.86
ORD_004564,credit_card,161.51
ORD_004565,e_wallet,237.63
ORD_004566,cod,537.16
ORD_004567,cod,399.25
ORD_004568,e_wallet,284.03
ORD_004569,bank_transfer,243.26
ORD_004570,credit_card,755.25
ORD_004571,bank_transfer,426.77
ORD_004572,credit_card,286.54
ORD_004573,e_wallet,582.91
ORD_004574,e_wallet,364.91
ORD_004575,bank_transfer,662.52
ORD_004576,bank_transfer,671.23
ORD_004577,bank_transfer,384.94
ORD_004578,e_wallet,40.77
ORD_004579,credit_card,218.53
ORD_004580,e_wallet,684.14
ORD_004581,e_wallet,706.37
ORD_004582,bank_transfer,691.48
ORD_004583,credit_card,78.57
ORD_004584,bank_transfer,160.12
ORD_004585,e_wallet,367.41
ORD_004586,e_wallet,564.51
ORD_004587,credit_card,630.05
ORD_004588,e_wallet,605.12
ORD_004589,credit_card,148.32
ORD_004590,credit_card,224.81
ORD_004591,e_wallet,101.62
ORD_004592,e_wallet,113.05
ORD_004593,credit_card,268.12
ORD_004594,credit_card,632.92
ORD_004595,e_wallet,770.13
ORD_004596,e_wallet,340.75
ORD_004597,e_wallet,125.32
ORD_004598,e_wallet,234.76
ORD_004599,bank_transfer,440.48
ORD_004600,credit_card,90.05
ORD_004601,credit_card,497.97
ORD_004602,credit_card,64.34
ORD_004603,e_wallet,377.26
ORD_004604,credit_card,303.57
ORD_004605,credit_card,386.22
ORD_004606,credit_card,147.51
ORD_004607,credit_card,646.45
ORD_004608,e_wallet,587.77
ORD_004609,e_wallet,414.41
ORD_004610,credit_card,748.13
ORD_004611,bank_transfer,120.81
ORD_004612,cod,326.78
ORD_004613,e_wallet,442.27
ORD_004614,e_wallet,674.44
ORD_004615,cod,484.79
ORD_004616,bank_transfer,778.41
ORD_004617,e_wallet,518.02
ORD_004618,credit_card,521.28
ORD_004619,credit_card,617.58
ORD_004620,credit_card,549.28
ORD_004621,credit_card,680.03
ORD_004622,bank_transfer,735.76
ORD_004623,credit_card,683.44
ORD_004624,credit_card,75.57
ORD_004625,cod,244.53
ORD_004626,bank_transfer,488.69
ORD_004627,bank_transfer,424.66
ORD_004628,e_wallet,601.21
ORD_004629,bank_transfer,43.16
ORD_004630,e_wallet,409.94
ORD_004631,e_wallet,303.14
ORD_004632,cod,458.0
ORD_004633,bank_transfer,394.06
ORD_004634,bank_transfer,747.29
ORD_004635,cod,268.6
ORD_004636,cod,591.7
ORD_004637,credit_card,175.29
ORD_004638,e_wallet,415.35
ORD_004639,credit_card,50.29
ORD_004640,credit_card,673.77
ORD_004641,e_wallet,613.16
ORD_004642,bank_transfer,473.37
ORD_004643,credit_card,71.02
ORD_004644,e_wallet,103.3
ORD_004645,e_wallet,225.5
ORD_004646,cod,467.76
ORD_004647,bank_transfer,342.53
ORD_004648,bank_transfer,554.18
ORD_004649,e_wallet,598.39
ORD_004650,e_wallet,299.03
ORD_004651,e_wallet,482.04
ORD_004652,credit_card,225.83
ORD_004653,e_wallet,115.14
ORD_004654,credit_card,248.95
ORD_004655,e_wallet,695.08
ORD_004656,credit_card,793.5
ORD_004657,cod,270.14
ORD_004658,e_wallet,37.94
ORD_004659,credit_card,332.31
ORD_004660,e_wallet,265.27
ORD_004661,bank_transfer,47.22
ORD_004662,bank_transfer,143.32
ORD_004663,credit_card,52.94
ORD_004664,bank_transfer,436.4
ORD_004665,cod,498.99
ORD_004666,bank_transfer,622.33
ORD_004667,credit_card,572.76
ORD_004668,bank_transfer,466.88
ORD_004669,credit_card,25.22
ORD_004670,bank_transfer,759.47
ORD_004671,e_wallet,336.14
ORD_004672,e_wallet,154.47
ORD_004673,cod,267.46
ORD_004674,cod,568.77
ORD_004675,e_wallet,391.45
ORD_004676,cod,680.58
ORD_004677,credit_card,779.49
ORD_004678,e_wallet,354.88
ORD_004679,e_wallet,266.84
ORD_004680,bank_transfer,280.83
ORD_004681,credit_card,239.46
ORD_004682,credit_card,670.59
ORD_004683,credit_card,146.75
ORD_004684,credit_card,687.91
ORD_004685,credit_card,84.63
ORD_004686,e_wallet,296.78
ORD_004687,credit_card,121.14
ORD_004688,bank_transfer,253.45
ORD_004689,e_wallet,615.3
ORD_004690,cod,321.03
ORD_004691,e_wallet,293.53
ORD_004692,bank_transfer,391.25
ORD_004693,credit_card,673.5
ORD_004694,e_wallet,796.83
ORD_004695,bank_transfer,494.53
ORD_004696,credit_card,658.9
ORD_004697,bank_transfer,76.62
ORD_004698,credit_card,388.68
ORD_004699,e_wallet,391.22
ORD_004700,bank_transfer,463.46
ORD_004701,credit_card,352.02
ORD_004702,bank_transfer,682.2
ORD_004703,credit_card,479.85
ORD_004704,e_wallet,315.31
ORD_004705,e_wallet,523.9
ORD_004706,bank_transfer,218.86
ORD_004707,e_wallet,357.04
ORD_004708,e_wallet,69.54
ORD_004709,e_wallet,252.99
ORD_004710,credit_card,577.74
ORD_004711,e_wallet,451.69
ORD_004712,credit_card,700.35
ORD_004713,bank_transfer,160.81
ORD_004714,e_wallet,463.5
ORD_004715,bank_transfer,696.62
ORD_004716,credit_card,525.95
ORD_004717,e_wallet,505.57
ORD_004718,bank_transfer,223.54
ORD_004719,bank_transfer,549.7
ORD_004720,e_wallet,718.95
ORD_004721,credit_card,164.8
ORD_004722,credit_card,607.49
ORD_004723,cod,148.76
ORD_004724,credit_card,40.31
ORD_004725,bank_transfer,488.29
ORD_004726,credit_card,691.3
ORD_004727,bank_transfer,649.4
ORD_004728,credit_card,419.12
ORD_004729,bank_transfer,197.5
ORD_004730,e_wallet,279.58
ORD_004731,e_wallet,373.92
ORD_004732,e_wallet,595.58
ORD_004733,bank_transfer,414.12
ORD_004734,credit_card,739.42
ORD_004735,e_wallet,132.11
ORD_004736,bank_transfer,274.38
ORD_004737,e_wallet,414.56
ORD_004738,credit_card,284.12
ORD_004739,credit_card,716.98
ORD_004740,cod,34.24
ORD_004741,cod,340.54
ORD_004742,credit_card,793.54
ORD_004743,cod,467.47
ORD_004744,bank_transfer,244.47
ORD_004745,credit_card,48.52
ORD_004746,e_wallet,769.07
ORD_004747,bank_transfer,94.57
ORD_004748,bank_transfer,33.14
ORD_004749,e_wallet,761.87
ORD_004750,cod,162.57
ORD_004751,credit_card,371.7
ORD_004752,credit_card,144.26
ORD_004753,e_wallet,397.33
ORD_004754,credit_card,106.87
ORD_004755,cod,782.5
ORD_004756,credit_card,176.94
ORD_004757,cod,640.36
ORD_004758,e_wallet,347.45
ORD_004759,bank_transfer,712.57
ORD_004760,credit_card,184.63
ORD_004761,credit_card,369.66
ORD_004762,e_wallet,209.12
ORD_004763,bank_transfer,265.67
ORD_004764,cod,556.2
ORD_004765,credit_card,139.61
ORD_004766,e_wallet,231.96
ORD_004767,bank_transfer,324.95
ORD_004768,bank_transfer,216.21
ORD_004769,e_wallet,192.97
ORD_004770,e_wallet,207.87
ORD_004771,credit_card,338.54
ORD_004772,e_wallet,525.08
ORD_004773,credit_card,374.19
ORD_004774,bank_transfer,543.81
ORD_004775,e_wallet,26.55
ORD_004776,credit_card,223.64
ORD_004777,credit_card,42.88
ORD_004778,bank_transfer,758.5
ORD_004779,cod,105.06
ORD_004780,e_wallet,287.29
ORD_004781,credit_card,148.63
ORD_004782,e_wallet,492.89
ORD_004783,credit_card,277.69
ORD_004784,bank_transfer,497.83
ORD_004785,e_wallet,458.18
ORD_004786,e_wallet,22.23
ORD_004787,e_wallet,64.74
ORD_004788,credit_card,678.16
ORD_004789,credit_card,37.56
ORD_004790,e_wallet,133.93
ORD_004791,credit_card,641.48
ORD_004792,cod,159.18
ORD_004793,e_wallet,394.85
ORD_004794,e_wallet,418.6
ORD_004795,bank_transfer,112.12
ORD_004796,e_wallet,341.13
ORD_004797,credit_card,472.1
ORD_004798,e_wallet,589.95
ORD_004799,e_wallet,301.8
ORD_004800,bank_transfer,80.82
ORD_004801,e_wallet,148.06
ORD_004802,e_wallet,21.56
ORD_004803,credit_card,697.49
ORD_004804,bank_transfer,384.23
ORD_004805,e_wallet,499.82
ORD_004806,credit_card,404.82
ORD_004807,bank_transfer,642.44
ORD_004808,e_wallet,240.87
ORD_004809,credit_card,636.84
ORD_004810,credit_card,408.35
ORD_004811,bank_transfer,315.63
ORD_004812,credit_card,61.51
ORD_004813,cod,511.34
ORD_004814,bank_transfer,49.31
ORD_004815,e_wallet,569.51
ORD_004816,credit_card,604.62
ORD_004817,bank_transfer,469.61
ORD_004818,e_wallet,128.25
ORD_004819,e_wallet,293.48
ORD_004820,e_wallet,423.56
ORD_004821,credit_card,237.97
ORD_004822,credit_card,33.78
ORD_004823,e_wallet,179.09
ORD_004824,bank_transfer,96.72
ORD_004825,cod,523.21
ORD_004826,e_wallet,164.94
ORD_004827,credit_card,176.79
ORD_004828,bank_transfer,478.08
ORD_004829,credit_card,107.57
ORD_004830,credit_card,518.6
ORD_004831,bank_transfer,213.49
ORD_004832,credit_card,256.57
ORD_004833,bank_transfer,237.37
ORD_004834,bank_transfer,342.93
ORD_004835,credit_card,183.6
ORD_004836,bank_transfer,95.84
ORD_004837,e_wallet,109.41
ORD_004838,e_wallet,263.19
ORD_004839,credit_card,706.21
ORD_004840,credit_card,389.43
ORD_004841,bank_transfer,717.85
ORD_004842,credit_card,695.02
ORD_004843,e_wallet,626.54
ORD_004844,bank_transfer,594.13
ORD_004845,bank_transfer,227.04
ORD_004846,cod,253.48
ORD_004847,cod,268.42
ORD_004848,credit_card,26.3
ORD_004849,bank_transfer,321.6
ORD_004850,cod,794.58
ORD_004851,cod,113.16
ORD_004852,credit_card,782.49
ORD_004853,credit_card,725.59
ORD_004854,bank_transfer,528.07
ORD_004855,credit_card,450.07
ORD_004856,bank_transfer,298.83
ORD_004857,e_wallet,385.5
ORD_004858,e_wallet,104.63
ORD_004859,credit_card,143.06
ORD_004860,credit_card,196.77
ORD_004861,credit_card,336.86
ORD_004862,credit_card,96.88
ORD_004863,credit_card,226.33
ORD_004864,credit_card,496.22
ORD_004865,credit_card,451.75
ORD_004866,credit_card,493.47
ORD_004867,e_wallet,621.4
ORD_004868,e_wallet,382.52
ORD_004869,credit_card,580.11
ORD_004870,bank_transfer,367.8
ORD_004871,e_wallet,516.83
ORD_004872,credit_card,568.21
ORD_004873,e_wallet,798.8
ORD_004874,e_wallet,58.3
ORD_004875,cod,584.97
ORD_004876,e_wallet,267.87
ORD_004877,bank_transfer,780.45
ORD_004878,cod,774.51
ORD_004879,credit_card,764.43
ORD_004880,e_wallet,30.49
ORD_004881,bank_transfer,131.38
ORD_004882,e_wallet,349.44
ORD_004883,bank_transfer,134.64
ORD_004884,credit_card,525.39
ORD_004885,bank_transfer,309.7
ORD_004886,bank_transfer,303.93
ORD_004887,credit_card,228.94
ORD_004888,credit_card,444.66
ORD_004889,bank_transfer,474.54
ORD_004890,e_wallet,180.43
ORD_004891,bank_transfer,391.87
ORD_004892,credit_card,333.46
ORD_004893,credit_card,496.07
ORD_004894,e_wallet,96.75
ORD_004895,e_wallet,206.4
ORD_004896,credit_card,164.3
ORD_004897,credit_card,436.45
ORD_004898,bank_transfer,647.84
ORD_004899,bank_transfer,298.75
ORD_004900,e_wallet,572.78
ORD_004901,e_wallet,491.85
ORD_004902,e_wallet,515.68
ORD_004903,credit_card,230.06
ORD_004904,e_wallet,167.38
ORD_004905,cod,365.39
ORD_004906,credit_card,80.17
ORD_004907,e_wallet,193.33
ORD_004908,bank_transfer,697.02
ORD_004909,credit_card,31.43
ORD_004910,cod,696.28
ORD_004911,e_wallet,753.11
ORD_004912,e_wallet,786.51
ORD_004913,e_wallet,645.97
ORD_004914,bank_transfer,595.47
ORD_004915,bank_transfer,138.09
ORD_004916,cod,624.21
ORD_004917,credit_card,357.98
ORD_004918,e_wallet,595.56
ORD_004919,e_wallet,418.39
ORD_004920,bank_transfer,676.2
ORD_004921,credit_card,322.02
ORD_004922,credit_card,765.88
ORD_004923,credit_card,513.42
ORD_004924,bank_transfer,434.02
ORD_004925,bank_transfer,436.61
ORD_004926,credit_card,461.14
ORD_004927,credit_card,422.3
ORD_004928,credit_card,444.75
ORD_004929,bank_transfer,295.54
ORD_004930,bank_transfer,253.82
ORD_004931,bank_transfer,339.02
ORD_004932,e_wallet,357.5
ORD_004933,bank_transfer,596.43
ORD_004934,e_wallet,197.9
ORD_004935,bank_transfer,210.06
ORD_004936,e_wallet,496.21
ORD_004937,bank_transfer,599.97
ORD_004938,bank_transfer,253.08
ORD_004939,cod,393.93
ORD_004940,credit_card,782.62
ORD_004941,credit_card,312.6
ORD_004942,cod,240.19
ORD_004943,e_wallet,235.62
ORD_004944,bank_transfer,596.0
ORD_004945,e_wallet,62.2
ORD_004946,credit_card,690.81
ORD_004947,cod,556.36
ORD_004948,credit_card,431.35
ORD_004949,bank_transfer,660.2
ORD_004950,cod,244.41
ORD_004951,e_wallet,75.62
ORD_004952,e_wallet,402.4
ORD_004953,credit_card,781.83
ORD_004954,credit_card,45.47
ORD_004955,credit_card,432.36
ORD_004956,e_wallet,299.58
ORD_004957,credit_card,53.82
ORD_004958,credit_card,483.35
ORD_004959,credit_card,46.17
ORD_004960,bank_transfer,485.66
ORD_004961,credit_card,689.81
ORD_004962,credit_card,21.48
ORD_004963,credit_card,60.19
ORD_004964,e_wallet,137.21
ORD_004965,credit_card,487.63
ORD_004966,bank_transfer,491.61
ORD_004967,e_wallet,425.68
ORD_004968,cod,799.55
ORD_004969,bank_transfer,624.12
ORD_004970,cod,478.42
ORD_004971,credit_card,260.67
ORD_004972,cod,340.77
ORD_004973,credit_card,92.15
ORD_004974,bank_transfer,625.68
ORD_004975,e_wallet,679.57
ORD_004976,bank_transfer,67.13
ORD_004977,credit_card,399.12
ORD_004978,bank_transfer,733.14
ORD_004979,credit_card,33.06
ORD_004980,bank_transfer,601.36
ORD_004981,e_wallet,184.37
ORD_004982,credit_card,606.22
ORD_004983,bank_transfer,401.59
ORD_004984,credit_card,89.7
ORD_004985,credit_card,37.87
ORD_004986,e_wallet,400.59
ORD_004987,e_wallet,168.57
ORD_004988,credit_card,144.09
ORD_004989,e_wallet,450.53
ORD_004990,bank_transfer,227.16
ORD_004991,credit_card,46.2
ORD_004992,e_wallet,274.82
ORD_004993,credit_card,384.47
ORD_004994,e_wallet,734.58
ORD_004995,bank_transfer,622.82
ORD_004996,credit_card,280.5
ORD_004997,e_wallet,416.09
ORD_004998,e_wallet,745.9
ORD_004999,credit_card,495.77
ORD_005000,e_wallet,133.3
ORD_005001,e_wallet,610.55
ORD_005002,e_wallet,780.92
ORD_005003,e_wallet,321.7
ORD_005004,e_wallet,21.98
ORD_005005,bank_transfer,665.53
ORD_005006,credit_card,624.04
ORD_005007,e_wallet,95.65
ORD_005008,e_wallet,49.0
ORD_005009,credit_card,409.09
ORD_005010,cod,341.47
ORD_005011,e_wallet,208.22
ORD_005012,e_wallet,538.76
ORD_005013,credit_card,345.68
ORD_005014,e_wallet,661.84
ORD_005015,e_wallet,747.61
ORD_005016,e_wallet,689.51
ORD_005017,credit_card,97.78
ORD_005018,e_wallet,437.61
ORD_005019,bank_transfer,308.51
ORD_005020,credit_card,514.53
ORD_005021,e_wallet,482.49
ORD_005022,credit_card,177.81
ORD_005023,credit_card,143.12
ORD_005024,credit_card,110.05
ORD_005025,credit_card,355.91
ORD_005026,bank_transfer,92.38
ORD_005027,credit_card,262.02
ORD_005028,bank_transfer,359.27
ORD_005029,credit_card,353.61
ORD_005030,e_wallet,280.76
ORD_005031,e_wallet,710.68
ORD_005032,e_wallet,345.46
ORD_005033,credit_card,295.6
ORD_005034,credit_card,506.77
ORD_005035,bank_transfer,487.94
ORD_005036,credit_card,403.31
ORD_005037,e_wallet,127.06
ORD_005038,credit_card,362.46
ORD_005039,cod,732.09
ORD_005040,credit_card,149.89
ORD_005041,e_wallet,476.43
ORD_005042,e_wallet,624.55
ORD_005043,e_wallet,440.93
ORD_005044,credit_card,776.88
ORD_005045,e_wallet,135.51
ORD_005046,cod,783.33
ORD_005047,credit_card,764.35
ORD_005048,e_wallet,492.47
ORD_005049,credit_card,600.55
ORD_005050,e_wallet,599.6
ORD_005051,credit_card,752.8
ORD_005052,credit_card,635.18
ORD_005053,bank_transfer,347.08
ORD_005054,credit_card,464.16
ORD_005055,e_wallet,311.41
ORD_005056,bank_transfer,718.12
ORD_005057,credit_card,428.61
ORD_005058,e_wallet,726.02
ORD_005059,credit_card,734.14
ORD_005060,e_wallet,30.27
ORD_005061,credit_card,281.96
ORD_005062,credit_card,86.16
ORD_005063,credit_card,81.48
ORD_005064,e_wallet,366.7
ORD_005065,credit_card,221.94
ORD_005066,bank_transfer,530.07
ORD_005067,e_wallet,362.92
ORD_005068,credit_card,491.01
ORD_005069,credit_card,498.82
ORD_005070,credit_card,286.76
ORD_005071,credit_card,171.27
ORD_005072,bank_transfer,508.87
ORD_005073,cod,610.24
ORD_005074,cod,782.13
ORD_005075,bank_transfer,330.17
ORD_005076,credit_card,611.09
ORD_005077,bank_transfer,723.83
ORD_005078,e_wallet,47.82
ORD_005079,credit_card,387.93
ORD_005080,credit_card,796.87
ORD_005081,bank_transfer,563.58
ORD_005082,cod,435.11
ORD_005083,credit_card,555.74
ORD_005084,e_wallet,798.47
ORD_005085,e_wallet,212.67
ORD_005086,bank_transfer,388.59
ORD_005087,credit_card,684.35
ORD_005088,e_wallet,39.5
ORD_005089,bank_transfer,567.15
ORD_005090,cod,169.91
ORD_005091,cod,126.88
ORD_005092,e_wallet,393.58
ORD_005093,e_wallet,594.47
ORD_005094,cod,462.41
ORD_005095,bank_transfer,617.57
ORD_005096,e_wallet,624.7
ORD_005097,credit_card,384.81
ORD_005098,credit_card,179.58
ORD_005099,e_wallet,687.06
ORD_005100,e_wallet,675.0
ORD_005101,e_wallet,169.11
ORD_005102,bank_transfer,203.34
ORD_005103,e_wallet,90.22
ORD_005104,credit_card,606.41
ORD_005105,e_wallet,32.32
ORD_005106,e_wallet,296.6
ORD_005107,e_wallet,117.28
ORD_005108,credit_card,580.95
ORD_005109,cod,760.55
ORD_005110,bank_transfer,773.76
ORD_005111,e_wallet,734.48
ORD_005112,credit_card,630.88
ORD_005113,bank_transfer,292.69
ORD_005114,e_wallet,699.0
ORD_005115,credit_card,296.73
ORD_005116,e_wallet,147.73
ORD_005117,bank_transfer,493.39
ORD_005118,e_wallet,91.57
ORD_005119,credit_card,618.4
ORD_005120,credit_card,669.27
ORD_005121,credit_card,734.73
ORD_005122,credit_card,146.99
ORD_005123,bank_transfer,417.4
ORD_005124,credit_card,337.24
ORD_005125,e_wallet,532.04
ORD_005126,e_wallet,654.92
ORD_005127,bank_transfer,346.21
ORD_005128,bank_transfer,565.21
ORD_005129,credit_card,751.1
ORD_005130,credit_card,460.23
ORD_005131,e_wallet,709.57
ORD_005132,e_wallet,186.42
ORD_005133,bank_transfer,465.89
ORD_005134,bank_transfer,423.37
ORD_005135,credit_card,227.49
ORD_005136,credit_card,578.09
ORD_005137,cod,371.32
ORD_005138,e_wallet,655.63
ORD_005139,bank_transfer,305.28
ORD_005140,e_wallet,103.17
ORD_005141,e_wallet,311.85
ORD_005142,e_wallet,342.74
ORD_005143,cod,709.71
ORD_005144,credit_card,149.72
ORD_005145,e_wallet,210.06
ORD_005146,e_wallet,273.94
ORD_005147,credit_card,135.86
ORD_005148,e_wallet,148.12
ORD_005149,e_wallet,71.19
ORD_005150,cod,594.37
ORD_005151,bank_transfer,381.72
ORD_005152,e_wallet,746.67
ORD_005153,bank_transfer,753.28
ORD_005154,cod,351.92
ORD_005155,cod,22.78
ORD_005156,e_wallet,279.44
ORD_005157,e_wallet,682.88
ORD_005158,bank_transfer,649.41
ORD_005159,e_wallet,228.81
ORD_005160,e_wallet,336.9
ORD_005161,bank_transfer,666.66
ORD_005162,e_wallet,160.33
ORD_005163,credit_card,127.12
ORD_005164,e_wallet,115.17
ORD_005165,credit_card,633.16
ORD_005166,credit_card,784.9
ORD_005167,credit_card,150.81
ORD_005168,e_wallet,189.22
ORD_005169,e_wallet,222.42
ORD_005170,credit_card,249.87
ORD_005171,e_wallet,659.2
ORD_005172,credit_card,666.48
ORD_005173,bank_transfer,33.53
ORD_005174,e_wallet,200.61
ORD_005175,credit_card,233.93
ORD_005176,credit_card,204.85
ORD_005177,credit_card,236.53
ORD_005178,credit_card,541.94
ORD_005179,credit_card,239.18
ORD_005180,credit_card,23.34
ORD_005181,e_wallet,427.51
ORD_005182,credit_card,538.42
ORD_005183,bank_transfer,353.92
ORD_005184,cod,70.76
ORD_005185,credit_card,320.5
ORD_005186,bank_transfer,648.05
ORD_005187,e_wallet,684.3
ORD_005188,credit_card,556.39
ORD_005189,credit_card,663.8
ORD_005190,credit_card,192.27
ORD_005191,credit_card,645.16
ORD_005192,cod,480.23
ORD_005193,credit_card,361.35
ORD_005194,e_wallet,643.03
ORD_005195,credit_card,184.2
ORD_005196,e_wallet,529.59
ORD_005197,cod,287.42
ORD_005198,cod,628.7
ORD_005199,credit_card,406.25
ORD_005200,credit_card,170.26
ORD_005201,cod,354.71
ORD_005202,credit_card,146.77
ORD_005203,e_wallet,97.23
ORD_005204,credit_card,519.02
ORD_005205,bank_transfer,640.81
ORD_005206,credit_card,492.21
ORD_005207,credit_card,725.92
ORD_005208,credit_card,755.87
ORD_005209,e_wallet,340.02
ORD_005210,cod,268.41
ORD_005211,e_wallet,560.86
ORD_005212,e_wallet,468.69
ORD_005213,cod,365.65
ORD_005214,e_wallet,163.07
ORD_005215,e_wallet,281.32
ORD_005216,credit_card,205.25
ORD_005217,credit_card,144.63
ORD_005218,bank_transfer,296.31
ORD_005219,e_wallet,236.9
ORD_005220,cod,295.96
ORD_005221,bank_transfer,753.1
ORD_005222,e_wallet,707.42
ORD_005223,bank_transfer,47.1
ORD_005224,credit_card,21.09
ORD_005225,bank_transfer,407.59
ORD_005226,bank_transfer,315.33
ORD_005227,e_wallet,116.73
ORD_005228,bank_transfer,334.36
ORD_005229,credit_card,149.52
ORD_005230,credit_card,743.21
ORD_005231,cod,542.22
ORD_005232,e_wallet,770.23
ORD_005233,credit_card,573.42
ORD_005234,credit_card,288.6
ORD_005235,bank_transfer,732.93
ORD_005236,e_wallet,79.6
ORD_005237,bank_transfer,581.85
ORD_005238,credit_card,574.14
ORD_005239,credit_card,377.05
ORD_005240,e_wallet,148.96
ORD_005241,cod,258.96
ORD_005242,bank_transfer,424.05
ORD_005243,credit_card,148.4
ORD_005244,e_wallet,87.73
ORD_005245,credit_card,134.39
ORD_005246,bank_transfer,536.39
ORD_005247,cod,51.08
ORD_005248,credit_card,75.29
ORD_005249,credit_card,475.93
ORD_005250,e_wallet,197.26
ORD_005251,credit_card,714.45
ORD_005252,credit_card,592.73
ORD_005253,credit_card,99.41
ORD_005254,bank_transfer,106.26
ORD_005255,credit_card,77.14
ORD_005256,credit_card,91.5
ORD_005257,credit_card,52.31
ORD_005258,credit_card,580.96
ORD_005259,e_wallet,642.37
ORD_005260,credit_card,445.05
ORD_005261,credit_card,756.08
ORD_005262,credit_card,749.64
ORD_005263,credit_card,312.26
ORD_005264,credit_card,697.91
ORD_005265,bank_transfer,205.39
ORD_005266,bank_transfer,407.92
ORD_005267,bank_transfer,799.72
ORD_005268,bank_transfer,310.49
ORD_005269,e_wallet,73.33
ORD_005270,credit_card,132.78
ORD_005271,credit_card,520.63
ORD_005272,credit_card,246.68
ORD_005273,credit_card,306.54
ORD_005274,credit_card,596.89
ORD_005275,bank_transfer,44.98
ORD_005276,credit_card,196.82
ORD_005277,credit_card,105.99
ORD_005278,credit_card,633.13
ORD_005279,credit_card,180.78
ORD_005280,cod,233.06
ORD_005281,bank_transfer,109.4
ORD_005282,credit_card,696.6
ORD_005283,bank_transfer,388.24
ORD_005284,credit_card,23.01
ORD_005285,e_wallet,125.15
ORD_005286,bank_transfer,339.66
ORD_005287,e_wallet,482.71
ORD_005288,bank_transfer,571.83
ORD_005289,credit_card,488.11
ORD_005290,credit_card,139.88
ORD_005291,credit_card,648.32
ORD_005292,cod,714.41
ORD_005293,credit_card,25.94
ORD_005294,e_wallet,353.67
ORD_005295,credit_card,96.94
ORD_005296,e_wallet,139.96
ORD_005297,credit_card,681.99
ORD_005298,e_wallet,354.05
ORD_005299,bank_transfer,29.86
ORD_005300,bank_transfer,343.61
ORD_005301,credit_card,394.58
ORD_005302,credit_card,318.21
ORD_005303,bank_transfer,91.81
ORD_005304,e_wallet,687.62
ORD_005305,bank_transfer,35.99
ORD_005306,e_wallet,29.21
ORD_005307,credit_card,44.97
ORD_005308,cod,652.16
ORD_005309,bank_transfer,181.18
ORD_005310,credit_card,399.14
ORD_005311,bank_transfer,225.03
ORD_005312,credit_card,26.94
ORD_005313,bank_transfer,516.59
ORD_005314,bank_transfer,667.74
ORD_005315,credit_card,90.29
ORD_005316,credit_card,699.98
ORD_005317,cod,759.71
ORD_005318,credit_card,290.56
ORD_005319,credit_card,175.89
ORD_005320,credit_card,368.01
ORD_005321,cod,436.47
ORD_005322,credit_card,108.45
ORD_005323,e_wallet,769.79
ORD_005324,credit_card,600.76
ORD_005325,bank_transfer,289.74
ORD_005326,credit_card,439.47
ORD_005327,bank_transfer,396.58
ORD_005328,e_wallet,386.28
ORD_005329,cod,177.94
ORD_005330,e_wallet,405.82
ORD_005331,credit_card,700.4
ORD_005332,credit_card,682.14
ORD_005333,e_wallet,250.41
ORD_005334,bank_transfer,162.51
ORD_005335,e_wallet,530.11
ORD_005336,credit_card,113.1
ORD_005337,credit_card,131.27
ORD_005338,credit_card,66.66
ORD_005339,cod,98.19
ORD_005340,credit_card,694.76
ORD_005341,credit_card,378.81
ORD_005342,e_wallet,713.4
ORD_005343,e_wallet,438.93
ORD_005344,credit_card,201.68
ORD_005345,bank_transfer,331.41
ORD_005346,bank_transfer,670.71
ORD_005347,credit_card,215.28
ORD_005348,e_wallet,580.3
ORD_005349,e_wallet,504.23
ORD_005350,bank_transfer,310.21
ORD_005351,credit_card,256.03
ORD_005352,e_wallet,655.44
ORD_005353,credit_card,149.76
ORD_005354,e_wallet,265.42
ORD_005355,credit_card,642.97
ORD_005356,e_wallet,315.62
ORD_005357,bank_transfer,526.95
ORD_005358,bank_transfer,151.29
ORD_005359,bank_transfer,619.77
ORD_005360,credit_card,443.17
ORD_005361,credit_card,423.07
ORD_005362,bank_transfer,464.6
ORD_005363,e_wallet,240.83
ORD_005364,cod,513.15
ORD_005365,credit_card,312.89
ORD_005366,bank_transfer,334.06
ORD_005367,cod,351.78
ORD_005368,bank_transfer,72.1
ORD_005369,cod,469.49
ORD_005370,credit_card,376.72
ORD_005371,credit_card,763.07
ORD_005372,credit_card,153.2
ORD_005373,credit_card,770.36
ORD_005374,cod,378.58
ORD_005375,cod,178.92
ORD_005376,bank_transfer,438.6
ORD_005377,cod,787.07
ORD_005378,bank_transfer,306.34
ORD_005379,credit_card,510.84
ORD_005380,credit_card,370.54
ORD_005381,e_wallet,626.99
ORD_005382,credit_card,681.65
ORD_005383,credit_card,390.22
ORD_005384,credit_card,517.78
ORD_005385,credit_card,224.07
ORD_005386,e_wallet,527.37
ORD_005387,cod,251.81
ORD_005388,e_wallet,517.06
ORD_005389,credit_card,787.23
ORD_005390,e_wallet,308.08
ORD_005391,credit_card,130.53
ORD_005392,e_wallet,259.99
ORD_005393,credit_card,634.92
ORD_005394,credit_card,623.34
ORD_005395,credit_card,771.76
ORD_005396,bank_transfer,684.65
ORD_005397,credit_card,101.91
ORD_005398,e_wallet,738.63
ORD_005399,e_wallet,743.9
ORD_005400,credit_card,55.2
ORD_005401,e_wallet,365.18
ORD_005402,e_wallet,614.04
ORD_005403,credit_card,54.33
ORD_005404,credit_card,335.49
ORD_005405,cod,583.38
ORD_005406,bank_transfer,226.81
ORD_005407,credit_card,20.36
ORD_005408,credit_card,709.63
ORD_005409,credit_card,195.7
ORD_005410,credit_card,747.72
ORD_005411,bank_transfer,170.84
ORD_005412,bank_transfer,329.96
ORD_005413,e_wallet,356.63
ORD_005414,credit_card,48.33
ORD_005415,bank_transfer,595.87
ORD_005416,cod,797.84
ORD_005417,credit_card,456.53
ORD_005418,credit_card,140.6
ORD_005419,credit_card,679.04
ORD_005420,e_wallet,768.09
ORD_005421,cod,690.71
ORD_005422,e_wallet,398.57
ORD_005423,e_wallet,684.39
ORD_005424,e_wallet,361.01
ORD_005425,credit_card,655.35
ORD_005426,cod,702.7
ORD_005427,e_wallet,512.48
ORD_005428,credit_card,530.44
ORD_005429,e_wallet,768.37
ORD_005430,e_wallet,737.38
ORD_005431,e_wallet,740.52
ORD_005432,e_wallet,297.29
ORD_005433,bank_transfer,122.41
ORD_005434,e_wallet,139.12
ORD_005435,bank_transfer,486.09
ORD_005436,bank_transfer,461.49
ORD_005437,credit_card,394.96
ORD_005438,e_wallet,699.56
ORD_005439,credit_card,763.72
ORD_005440,credit_card,599.73
ORD_005441,bank_transfer,221.84
ORD_005442,cod,266.04
ORD_005443,bank_transfer,126.51
ORD_005444,e_wallet,433.85
ORD_005445,e_wallet,510.42
ORD_005446,credit_card,715.5
ORD_005447,credit_card,110.84
ORD_005448,credit_card,260.66
ORD_005449,credit_card,162.32
ORD_005450,credit_card,626.38
ORD_005451,credit_card,739.12
ORD_005452,credit_card,799.9
ORD_005453,credit_card,537.0
ORD_005454,cod,660.9
ORD_005455,cod,314.82
ORD_005456,credit_card,281.95
ORD_005457,bank_transfer,571.32
ORD_005458,e_wallet,91.32
ORD_005459,bank_transfer,107.34
ORD_005460,bank_transfer,280.57
ORD_005461,credit_card,558.01
ORD_005462,e_wallet,122.68
ORD_005463,e_wallet,127.39
ORD_005464,credit_card,696.99
ORD_005465,credit_card,758.0
ORD_005466,e_wallet,46.99
ORD_005467,bank_transfer,335.97
ORD_005468,credit_card,408.63
ORD_005469,e_wallet,367.32
ORD_005470,credit_card,274.66
ORD_005471,cod,567.49
ORD_005472,e_wallet,779.92
ORD_005473,credit_card,531.8
ORD_005474,credit_card,197.77
ORD_005475,e_wallet,279.95
ORD_005476,bank_transfer,724.07
ORD_005477,e_wallet,460.07
ORD_005478,credit_card,228.73
ORD_005479,e_wallet,297.08
ORD_005480,bank_transfer,63.24
ORD_005481,bank_transfer,237.4
ORD_005482,bank_transfer,696.03
ORD_005483,bank_transfer,180.75
ORD_005484,credit_card,478.84
ORD_005485,e_wallet,665.62
ORD_005486,credit_card,57.38
ORD_005487,e_wallet,285.27
ORD_005488,credit_card,712.02
ORD_005489,credit_card,119.54
ORD_005490,bank_transfer,542.23
ORD_005491,credit_card,143.16
ORD_005492,e_wallet,477.72
ORD_005493,e_wallet,583.69
ORD_005494,bank_transfer,188.86
ORD_005495,e_wallet,44.5
ORD_005496,bank_transfer,582.27
ORD_005497,bank_transfer,668.69
ORD_005498,bank_transfer,394.07
ORD_005499,bank_transfer,640.87
ORD_005500,credit_card,787.75
ORD_005501,bank_transfer,510.41
ORD_005502,credit_card,643.54
ORD_005503,e_wallet,342.72
ORD_005504,bank_transfer,154.62
ORD_005505,bank_transfer,505.31
ORD_005506,credit_card,328.84
ORD_005507,e_wallet,483.24
ORD_005508,e_wallet,68.21
ORD_005509,credit_card,601.8
ORD_005510,credit_card,223.94
ORD_005511,bank_transfer,687.38
ORD_005512,credit_card,400.8
ORD_005513,credit_card,351.54
ORD_005514,credit_card,603.84
ORD_005515,credit_card,493.24
ORD_005516,e_wallet,402.86
ORD_005517,credit_card,415.93
ORD_005518,e_wallet,246.68
ORD_005519,cod,752.97
ORD_005520,e_wallet,160.55
ORD_005521,credit_card,777.31
ORD_005522,e_wallet,172.58
ORD_005523,e_wallet,88.35
ORD_005524,credit_card,789.0
ORD_005525,e_wallet,528.12
ORD_005526,credit_card,516.13
ORD_005527,credit_card,146.97
ORD_005528,e_wallet,415.58
ORD_005529,cod,38.68
ORD_005530,cod,113.17
ORD_005531,cod,686.83
ORD_005532,credit_card,543.77
ORD_005533,bank_transfer,659.6
ORD_005534,credit_card,295.84
ORD_005535,credit_card,474.68
ORD_005536,e_wallet,87.94
ORD_005537,credit_card,392.41
ORD_005538,e_wallet,318.03
ORD_005539,bank_transfer,404.12
ORD_005540,e_wallet,686.5
ORD_005541,bank_transfer,203.84
ORD_005542,credit_card,769.9
ORD_005543,credit_card,461.29
ORD_005544,credit_card,326.14
ORD_005545,cod,166.74
ORD_005546,credit_card,101.17
ORD_005547,bank_transfer,278.48
ORD_005548,cod,385.27
ORD_005549,credit_card,751.03
ORD_005550,credit_card,469.73
ORD_005551,cod,180.78
ORD_005552,bank_transfer,685.43
ORD_005553,e_wallet,478.91
ORD_005554,credit_card,206.73
ORD_005555,bank_transfer,307.74
ORD_005556,e_wallet,216.92
ORD_005557,bank_transfer,112.15
ORD_005558,credit_card,648.25
ORD_005559,bank_transfer,226.15
ORD_005560,credit_card,684.78
ORD_005561,credit_card,251.21
ORD_005562,bank_transfer,602.77
ORD_005563,e_wallet,718.67
ORD_005564,bank_transfer,106.26
ORD_005565,credit_card,63.75
ORD_005566,credit_card,523.07
ORD_005567,bank_transfer,535.35
ORD_005568,e_wallet,446.11
ORD_005569,credit_card,524.18
ORD_005570,credit_card,258.11
ORD_005571,e_wallet,645.77
ORD_005572,credit_card,739.96
ORD_005573,credit_card,400.16
ORD_005574,credit_card,263.03
ORD_005575,credit_card,603.65
ORD_005576,e_wallet,207.29
ORD_005577,bank_transfer,273.39
ORD_005578,e_wallet,23.06
ORD_005579,cod,667.63
ORD_005580,cod,570.41
ORD_005581,credit_card,796.91
ORD_005582,credit_card,378.56
ORD_005583,e_wallet,178.99
ORD_005584,bank_transfer,230.32
ORD_005585,cod,597.69
ORD_005586,credit_card,79.0
ORD_005587,e_wallet,521.27
ORD_005588,cod,106.36
ORD_005589,credit_card,130.89
ORD_005590,bank_transfer,502.52
ORD_005591,e_wallet,266.57
ORD_005592,cod,36.03
ORD_005593,cod,126.14
ORD_005594,e_wallet,110.67
ORD_005595,e_wallet,669.01
ORD_005596,e_wallet,587.8
ORD_005597,bank_transfer,629.43
ORD_005598,credit_card,164.17
ORD_005599,bank_transfer,661.0
ORD_005600,e_wallet,255.56
ORD_005601,bank_transfer,424.18
ORD_005602,credit_card,690.59
ORD_005603,e_wallet,392.37
ORD_005604,e_wallet,798.74
ORD_005605,credit_card,456.41
ORD_005606,credit_card,590.41
ORD_005607,bank_transfer,719.74
ORD_005608,e_wallet,257.34
ORD_005609,credit_card,650.17
ORD_005610,e_wallet,710.27
ORD_005611,credit_card,180.31
ORD_005612,e_wallet,543.09
ORD_005613,e_wallet,697.9
ORD_005614,e_wallet,507.42
ORD_005615,credit_card,227.64
ORD_005616,credit_card,297.19
ORD_005617,bank_transfer,594.94
ORD_005618,bank_transfer,136.24
ORD_005619,e_wallet,738.84
ORD_005620,credit_card,731.39
ORD_005621,credit_card,708.89
ORD_005622,bank_transfer,363.37
ORD_005623,credit_card,216.68
ORD_005624,bank_transfer,507.71
ORD_005625,credit_card,629.88
ORD_005626,credit_card,586.83
ORD_005627,e_wallet,592.95
ORD_005628,credit_card,120.17
ORD_005629,credit_card,529.88
ORD_005630,e_wallet,665.55
ORD_005631,e_wallet,40.73
ORD_005632,bank_transfer,667.53
ORD_005633,e_wallet,363.05
ORD_005634,credit_card,623.04
ORD_005635,credit_card,665.74
ORD_005636,credit_card,127.57
ORD_005637,e_wallet,294.1
ORD_005638,credit_card,733.53
ORD_005639,cod,352.64
ORD_005640,bank_transfer,74.26
ORD_005641,bank_transfer,572.97
ORD_005642,e_wallet,86.88
ORD_005643,credit_card,610.42
ORD_005644,credit_card,334.79
ORD_005645,e_wallet,180.0
ORD_005646,credit_card,588.47
ORD_005647,credit_card,280.94
ORD_005648,credit_card,540.84
ORD_005649,e_wallet,455.64
ORD_005650,bank_transfer,780.7
ORD_005651,credit_card,667.23
ORD_005652,e_wallet,50.1
ORD_005653,bank_transfer,122.4
ORD_005654,credit_card,400.67
ORD_005655,bank_transfer,782.49
ORD_005656,credit_card,554.73
ORD_005657,e_wallet,534.79
ORD_005658,e_wallet,713.2
ORD_005659,e_wallet,274.17
ORD_005660,bank_transfer,590.35
ORD_005661,credit_card,110.24
ORD_005662,e_wallet,104.99
ORD_005663,credit_card,258.86
ORD_005664,e_wallet,293.83
ORD_005665,cod,720.98
ORD_005666,e_wallet,521.92
ORD_005667,credit_card,609.27
ORD_005668,bank_transfer,177.34
ORD_005669,credit_card,162.98
ORD_005670,e_wallet,571.94
ORD_005671,bank_transfer,595.5
ORD_005672,credit_card,24.32
ORD_005673,credit_card,648.88
ORD_005674,e_wallet,363.9
ORD_005675,e_wallet,76.16
ORD_005676,credit_card,582.62
ORD_005677,credit_card,608.93
ORD_005678,credit_card,751.63
ORD_005679,credit_card,84.71
ORD_005680,credit_card,541.58
ORD_005681,credit_card,505.04
ORD_005682,bank_transfer,139.5
ORD_005683,e_wallet,580.24
ORD_005684,e_wallet,717.23
ORD_005685,e_wallet,677.85
ORD_005686,bank_transfer,678.64
ORD_005687,bank_transfer,529.58
ORD_005688,cod,79.27
ORD_005689,credit_card,765.07
ORD_005690,credit_card,212.98
ORD_005691,e_wallet,707.26
ORD_005692,e_wallet,597.54
ORD_005693,credit_card,653.18
ORD_005694,e_wallet,362.43
ORD_005695,credit_card,86.05
ORD_005696,e_wallet,86.6
ORD_005697,e_wallet,524.64
ORD_005698,e_wallet,207.29
ORD_005699,bank_transfer,343.38
ORD_005700,bank_transfer,654.24
ORD_005701,credit_card,661.4
ORD_005702,cod,330.9
ORD_005703,cod,781.34
ORD_005704,e_wallet,571.81
ORD_005705,e_wallet,201.16
ORD_005706,credit_card,779.44
ORD_005707,bank_transfer,763.69
ORD_005708,bank_transfer,501.0
ORD_005709,e_wallet,93.88
ORD_005710,e_wallet,71.17
ORD_005711,credit_card,408.89
ORD_005712,bank_transfer,166.93
ORD_005713,e_wallet,653.91
ORD_005714,e_wallet,451.11
ORD_005715,credit_card,682.24
ORD_005716,e_wallet,508.94
ORD_005717,cod,343.46
ORD_005718,credit_card,390.65
ORD_005719,bank_transfer,170.77
ORD_005720,credit_card,228.74
ORD_005721,credit_card,247.39
ORD_005722,bank_transfer,508.53
ORD_005723,bank_transfer,173.46
ORD_005724,credit_card,172.25
ORD_005725,e_wallet,681.43
ORD_005726,bank_transfer,503.49
ORD_005727,e_wallet,483.38
ORD_005728,bank_transfer,599.35
ORD_005729,e_wallet,248.59
ORD_005730,credit_card,576.37
ORD_005731,e_wallet,567.81
ORD_005732,credit_card,363.67
ORD_005733,credit_card,411.63
ORD_005734,credit_card,494.75
ORD_005735,credit_card,103.74
ORD_005736,bank_transfer,183.05
ORD_005737,cod,637.26
ORD_005738,bank_transfer,673.04
ORD_005739,credit_card,315.06
ORD_005740,credit_card,401.92
ORD_005741,bank_transfer,435.07
ORD_005742,credit_card,791.45
ORD_005743,bank_transfer,154.55
ORD_005744,e_wallet,20.55
ORD_005745,bank_transfer,50.4
ORD_005746,credit_card,205.28
ORD_005747,cod,701.33
ORD_005748,credit_card,752.58
ORD_005749,e_wallet,388.35
ORD_005750,credit_card,378.65
ORD_005751,e_wallet,607.34
ORD_005752,cod,630.22
ORD_005753,e_wallet,671.89
ORD_005754,credit_card,509.91
ORD_005755,bank_transfer,26.28
ORD_005756,credit_card,730.9
ORD_005757,e_wallet,369.78
ORD_005758,bank_transfer,27.39
ORD_005759,e_wallet,282.98
ORD_005760,bank_transfer,421.35
ORD_005761,credit_card,182.09
ORD_005762,credit_card,352.95
ORD_005763,e_wallet,324.34
ORD_005764,credit_card,768.9
ORD_005765,bank_transfer,460.37
ORD_005766,bank_transfer,487.41
ORD_005767,e_wallet,409.68
ORD_005768,credit_card,260.4
ORD_005769,e_wallet,317.29
ORD_005770,credit_card,383.74
ORD_005771,e_wallet,707.25
ORD_005772,credit_card,398.95
ORD_005773,credit_card,163.57
ORD_005774,credit_card,268.03
ORD_005775,bank_transfer,22.6
ORD_005776,credit_card,711.29
ORD_005777,e_wallet,377.72
ORD_005778,e_wallet,104.08
ORD_005779,cod,629.26
ORD_005780,credit_card,519.58
ORD_005781,credit_card,310.76
ORD_005782,e_wallet,239.86
ORD_005783,credit_card,124.97
ORD_005784,cod,761.92
ORD_005785,e_wallet,356.8
ORD_005786,credit_card,162.54
ORD_005787,credit_card,136.04
ORD_005788,e_wallet,551.69
ORD_005789,bank_transfer,543.53
ORD_005790,e_wallet,202.62
ORD_005791,e_wallet,202.36
ORD_005792,e_wallet,145.54
ORD_005793,credit_card,171.85
ORD_005794,e_wallet,441.73
ORD_005795,credit_card,345.93
ORD_005796,e_wallet,429.65
ORD_005797,e_wallet,533.34
ORD_005798,bank_transfer,692.68
ORD_005799,credit_card,130.26
ORD_005800,e_wallet,252.36
ORD_005801,credit_card,587.33
ORD_005802,bank_transfer,231.24
ORD_005803,e_wallet,147.88
ORD_005804,bank_transfer,38.38
ORD_005805,bank_transfer,443.65
ORD_005806,credit_card,769.12
ORD_005807,credit_card,343.68
ORD_005808,credit_card,516.58
ORD_005809,e_wallet,708.22
ORD_005810,credit_card,753.6
ORD_005811,credit_card,450.1
ORD_005812,e_wallet,166.12
ORD_005813,credit_card,165.41
ORD_005814,cod,785.09
ORD_005815,credit_card,73.8
ORD_005816,e_wallet,695.34
ORD_005817,e_wallet,256.47
ORD_005818,bank_transfer,623.63
ORD_005819,credit_card,640.97
ORD_005820,e_wallet,292.12
ORD_005821,bank_transfer,607.26
ORD_005822,e_wallet,742.92
ORD_005823,credit_card,693.13
ORD_005824,e_wallet,436.16
ORD_005825,cod,689.98
ORD_005826,bank_transfer,552.39
ORD_005827,bank_transfer,653.3
ORD_005828,credit_card,165.74
ORD_005829,credit_card,361.21
ORD_005830,bank_transfer,63.51
ORD_005831,credit_card,640.19
ORD_005832,bank_transfer,328.41
ORD_005833,credit_card,361.2
ORD_005834,e_wallet,769.07
ORD_005835,credit_card,135.3
ORD_005836,e_wallet,110.34
ORD_005837,e_wallet,143.83
ORD_005838,e_wallet,673.52
ORD_005839,credit_card,590.82
ORD_005840,cod,581.04
ORD_005841,credit_card,370.04
ORD_005842,e_wallet,436.18
ORD_005843,cod,591.66
ORD_005844,cod,388.71
ORD_005845,credit_card,691.25
ORD_005846,cod,347.31
ORD_005847,e_wallet,100.63
ORD_005848,e_wallet,104.45
ORD_005849,cod,428.79
ORD_005850,credit_card,573.46
ORD_005851,bank_transfer,419.67
ORD_005852,bank_transfer,249.52
ORD_005853,credit_card,102.26
ORD_005854,e_wallet,560.23
ORD_005855,e_wallet,213.93
ORD_005856,credit_card,538.57
ORD_005857,credit_card,174.56
ORD_005858,cod,534.2
ORD_005859,cod,716.37
ORD_005860,bank_transfer,758.5
ORD_005861,e_wallet,92.19
ORD_005862,bank_transfer,27.12
ORD_005863,credit_card,23.37
ORD_005864,credit_card,107.47
ORD_005865,bank_transfer,760.63
ORD_005866,cod,193.94
ORD_005867,cod,622.52
ORD_005868,credit_card,791.06
ORD_005869,bank_transfer,375.03
ORD_005870,e_wallet,296.49
ORD_005871,bank_transfer,302.4
ORD_005872,bank_transfer,448.07
ORD_005873,bank_transfer,749.02
ORD_005874,bank_transfer,287.95
ORD_005875,bank_transfer,67.41
ORD_005876,credit_card,689.88
ORD_005877,e_wallet,325.75
ORD_005878,e_wallet,126.42
ORD_005879,bank_transfer,311.03
ORD_005880,credit_card,409.66
ORD_005881,credit_card,643.71
ORD_005882,bank_transfer,705.44
ORD_005883,credit_card,507.22
ORD_005884,e_wallet,687.78
ORD_005885,e_wallet,716.52
ORD_005886,e_wallet,539.11
ORD_005887,e_wallet,90.65
ORD_005888,credit_card,121.95
ORD_005889,bank_transfer,422.32
ORD_005890,credit_card,209.91
ORD_005891,cod,633.17
ORD_005892,credit_card,229.36
ORD_005893,credit_card,735.1
ORD_005894,bank_transfer,325.04
ORD_005895,credit_card,55.61
ORD_005896,bank_transfer,619.4
ORD_005897,credit_card,250.17
ORD_005898,credit_card,27.45
ORD_005899,cod,75.51
ORD_005900,e_wallet,720.23
ORD_005901,e_wallet,97.81
ORD_005902,e_wallet,631.37
ORD_005903,credit_card,705.42
ORD_005904,credit_card,422.23
ORD_005905,credit_card,468.18
ORD_005906,e_wallet,575.82
ORD_005907,cod,206.81
ORD_005908,credit_card,136.39
ORD_005909,e_wallet,155.54
ORD_005910,cod,780.62
ORD_005911,credit_card,317.56
ORD_005912,e_wallet,540.94
ORD_005913,e_wallet,468.06
ORD_005914,e_wallet,226.7
ORD_005915,credit_card,645.6
ORD_005916,cod,334.68
ORD_005917,e_wallet,285.71
ORD_005918,credit_card,568.45
ORD_005919,e_wallet,48.41
ORD_005920,e_wallet,166.25
ORD_005921,credit_card,621.68
ORD_005922,credit_card,396.49
ORD_005923,bank_transfer,793.5
ORD_005924,bank_transfer,402.77
ORD_005925,credit_card,741.8
ORD_005926,e_wallet,180.57
ORD_005927,bank_transfer,130.24
ORD_005928,bank_transfer,94.08
ORD_005929,cod,452.26
ORD_005930,bank_transfer,458.18
ORD_005931,credit_card,366.92
ORD_005932,credit_card,422.14
ORD_005933,bank_transfer,172.47
ORD_005934,e_wallet,352.95
ORD_005935,e_wallet,694.79
ORD_005936,cod,735.33
ORD_005937,credit_card,203.83
ORD_005938,bank_transfer,152.68
ORD_005939,e_wallet,465.84
ORD_005940,bank_transfer,116.75
ORD_005941,e_wallet,756.71
ORD_005942,e_wallet,710.4
ORD_005943,bank_transfer,349.0
ORD_005944,credit_card,613.2
ORD_005945,credit_card,612.97
ORD_005946,credit_card,471.44
ORD_005947,credit_card,624.26
ORD_005948,e_wallet,771.81
ORD_005949,e_wallet,771.65
ORD_005950,cod,771.14
ORD_005951,credit_card,77.92
ORD_005952,e_wallet,277.41
ORD_005953,credit_card,517.14
ORD_005954,credit_card,105.9
ORD_005955,cod,538.45
ORD_005956,credit_card,483.3
ORD_005957,bank_transfer,76.84
ORD_005958,credit_card,719.23
ORD_005959,credit_card,497.97
ORD_005960,credit_card,316.18
ORD_005961,e_wallet,792.64
ORD_005962,cod,662.64
ORD_005963,bank_transfer,101.42
ORD_005964,credit_card,770.21
ORD_005965,bank_transfer,370.94
ORD_005966,credit_card,232.8
ORD_005967,credit_card,299.24
ORD_005968,credit_card,232.83
ORD_005969,credit_card,567.86
ORD_005970,e_wallet,771.66
ORD_005971,credit_card,181.3
ORD_005972,credit_card,797.23
ORD_005973,e_wallet,708.84
ORD_005974,credit_card,185.78
ORD_005975,bank_transfer,669.87
ORD_005976,bank_transfer,517.18
ORD_005977,credit_card,531.79
ORD_005978,credit_card,110.59
ORD_005979,credit_card,491.8
ORD_005980,credit_card,54.57
ORD_005981,e_wallet,289.67
ORD_005982,e_wallet,249.54
ORD_005983,credit_card,519.71
ORD_005984,bank_transfer,377.33
ORD_005985,e_wallet,129.82
ORD_005986,e_wallet,166.8
ORD_005987,e_wallet,254.04
ORD_005988,credit_card,591.87
ORD_005989,cod,688.36
ORD_005990,cod,478.14
ORD_005991,e_wallet,763.44
ORD_005992,credit_card,378.78
ORD_005993,credit_card,762.69
ORD_005994,cod,338.31
ORD_005995,bank_transfer,392.68
ORD_005996,cod,343.93
ORD_005997,e_wallet,54.37
ORD_005998,e_wallet,643.47
ORD_005999,e_wallet,416.86
ORD_006000,credit_card,69.41
ORD_006001,cod,277.65
ORD_006002,e_wallet,113.97
ORD_006003,credit_card,182.14
ORD_006004,credit_card,786.27
ORD_006005,bank_transfer,647.19
ORD_006006,e_wallet,210.69
ORD_006007,e_wallet,416.91
ORD_006008,cod,79.73
ORD_006009,credit_card,544.67
ORD_006010,e_wallet,373.76
ORD_006011,e_wallet,34.81
ORD_006012,credit_card,745.88
ORD_006013,e_wallet,521.44
ORD_006014,credit_card,456.84
ORD_006015,credit_card,741.74
ORD_006016,credit_card,206.86
ORD_006017,e_wallet,373.34
ORD_006018,credit_card,649.3
ORD_006019,e_wallet,54.5
ORD_006020,credit_card,258.15
ORD_006021,e_wallet,582.39
ORD_006022,e_wallet,617.08
ORD_006023,credit_card,140.73
ORD_006024,credit_card,527.22
ORD_006025,bank_transfer,673.53
ORD_006026,bank_transfer,456.3
ORD_006027,credit_card,684.57
ORD_006028,bank_transfer,220.23
ORD_006029,e_wallet,400.17
ORD_006030,credit_card,68.9
ORD_006031,credit_card,395.3
ORD_006032,credit_card,326.22
ORD_006033,e_wallet,82.61
ORD_006034,bank_transfer,311.01
ORD_006035,cod,202.68
ORD_006036,credit_card,599.79
ORD_006037,bank_transfer,451.13
ORD_006038,credit_card,32.35
ORD_006039,bank_transfer,89.58
ORD_006040,bank_transfer,563.99
ORD_006041,credit_card,519.3
ORD_006042,credit_card,137.78
ORD_006043,credit_card,211.41
ORD_006044,credit_card,143.01
ORD_006045,credit_card,783.18
ORD_006046,credit_card,194.85
ORD_006047,bank_transfer,61.72
ORD_006048,e_wallet,560.75
ORD_006049,credit_card,137.38
ORD_006050,cod,263.77
ORD_006051,credit_card,230.44
ORD_006052,credit_card,233.47
ORD_006053,credit_card,729.23
ORD_006054,credit_card,716.19
ORD_006055,credit_card,449.17
ORD_006056,credit_card,473.54
ORD_006057,credit_card,150.17
ORD_006058,e_wallet,40.77
ORD_006059,credit_card,41.58
ORD_006060,cod,67.25
ORD_006061,e_wallet,540.74
ORD_006062,credit_card,753.29
ORD_006063,credit_card,208.07
ORD_006064,bank_transfer,750.65
ORD_006065,e_wallet,311.93
ORD_006066,e_wallet,665.1
ORD_006067,e_wallet,444.69
ORD_006068,bank_transfer,498.05
ORD_006069,bank_transfer,281.2
ORD_006070,cod,371.61
ORD_006071,credit_card,267.12
ORD_006072,e_wallet,193.66
ORD_006073,credit_card,627.68
ORD_006074,e_wallet,164.08
ORD_006075,bank_transfer,136.92
ORD_006076,credit_card,178.39
ORD_006077,e_wallet,161.22
ORD_006078,e_wallet,300.83
ORD_006079,e_wallet,116.94
ORD_006080,e_wallet,713.84
ORD_006081,bank_transfer,588.12
ORD_006082,e_wallet,575.15
ORD_006083,credit_card,94.92
ORD_006084,bank_transfer,452.48
ORD_006085,bank_transfer,229.51
ORD_006086,cod,658.57
ORD_006087,e_wallet,287.0
ORD_006088,cod,605.47
ORD_006089,credit_card,544.97
ORD_006090,e_wallet,439.56
ORD_006091,e_wallet,406.31
ORD_006092,bank_transfer,796.16
ORD_006093,cod,482.79
ORD_006094,e_wallet,334.57
ORD_006095,e_wallet,198.8
ORD_006096,credit_card,641.35
ORD_006097,bank_transfer,756.43
ORD_006098,credit_card,210.55
ORD_006099,bank_transfer,161.32
ORD_006100,cod,274.7
ORD_006101,cod,36.58
ORD_006102,bank_transfer,159.86
ORD_006103,e_wallet,156.35
ORD_006104,e_wallet,638.18
ORD_006105,e_wallet,756.59
ORD_006106,credit_card,293.44
ORD_006107,e_wallet,238.09
ORD_006108,e_wallet,178.92
ORD_006109,bank_transfer,492.33
ORD_006110,credit_card,518.37
ORD_006111,bank_transfer,31.11
ORD_006112,credit_card,712.14
ORD_006113,cod,87.35
ORD_006114,e_wallet,146.84
ORD_006115,credit_card,81.93
ORD_006116,credit_card,299.93
ORD_006117,e_wallet,375.7
ORD_006118,bank_transfer,699.3
ORD_006119,bank_transfer,182.77
ORD_006120,credit_card,795.32
ORD_006121,bank_transfer,783.58
ORD_006122,bank_transfer,164.94
ORD_006123,bank_transfer,547.34
ORD_006124,cod,756.29
ORD_006125,credit_card,199.92
ORD_006126,credit_card,629.71
ORD_006127,credit_card,293.45
ORD_006128,credit_card,379.51
ORD_006129,credit_card,451.42
ORD_006130,credit_card,149.9
ORD_006131,cod,489.86
ORD_006132,credit_card,204.65
ORD_006133,e_wallet,286.99
ORD_006134,credit_card,656.29
ORD_006135,bank_transfer,308.56
ORD_006136,bank_transfer,638.28
ORD_006137,e_wallet,792.71
ORD_006138,credit_card,247.3
ORD_006139,bank_transfer,530.21
ORD_006140,e_wallet,369.72
ORD_006141,e_wallet,782.89
ORD_006142,cod,587.63
ORD_006143,credit_card,514.67
ORD_006144,credit_card,550.79
ORD_006145,e_wallet,615.97
ORD_006146,credit_card,330.46
ORD_006147,cod,481.88
ORD_006148,bank_transfer,563.64
ORD_006149,credit_card,444.46
ORD_006150,credit_card,316.22
ORD_006151,e_wallet,75.12
ORD_006152,cod,738.7
ORD_006153,e_wallet,481.06
ORD_006154,e_wallet,159.65
ORD_006155,credit_card,516.46
ORD_006156,e_wallet,115.46
ORD_006157,bank_transfer,639.88
ORD_006158,bank_transfer,264.74
ORD_006159,bank_transfer,576.28
ORD_006160,bank_transfer,712.99
ORD_006161,credit_card,58.02
ORD_006162,bank_transfer,355.24
ORD_006163,credit_card,796.36
ORD_006164,e_wallet,748.73
ORD_006165,bank_transfer,796.78
ORD_006166,credit_card,416.36
ORD_006167,e_wallet,134.01
ORD_006168,credit_card,784.57
ORD_006169,credit_card,654.36
ORD_006170,credit_card,580.02
ORD_006171,bank_transfer,338.26
ORD_006172,e_wallet,203.93
ORD_006173,e_wallet,589.31
ORD_006174,e_wallet,235.57
ORD_006175,cod,474.69
ORD_006176,e_wallet,668.53
ORD_006177,bank_transfer,164.05
ORD_006178,bank_transfer,685.56
ORD_006179,cod,418.34
ORD_006180,e_wallet,717.46
ORD_006181,bank_transfer,590.0
ORD_006182,credit_card,524.2
ORD_006183,bank_transfer,189.68
ORD_006184,credit_card,723.18
ORD_006185,credit_card,109.07
ORD_006186,e_wallet,568.76
ORD_006187,credit_card,411.48
ORD_006188,cod,81.76
ORD_006189,cod,680.48
ORD_006190,bank_transfer,270.14
ORD_006191,credit_card,735.36
ORD_006192,credit_card,742.67
ORD_006193,cod,292.85
ORD_006194,e_wallet,271.26
ORD_006195,bank_transfer,227.96
ORD_006196,e_wallet,630.58
ORD_006197,credit_card,176.36
ORD_006198,e_wallet,785.81
ORD_006199,bank_transfer,632.58
ORD_006200,credit_card,347.6
ORD_006201,credit_card,517.84
ORD_006202,e_wallet,646.74
ORD_006203,e_wallet,49.44
ORD_006204,e_wallet,593.41
ORD_006205,credit_card,461.29
ORD_006206,credit_card,791.39
ORD_006207,e_wallet,205.39
ORD_006208,e_wallet,118.44
ORD_006209,bank_transfer,710.24
ORD_006210,cod,295.55
ORD_006211,bank_transfer,466.92
ORD_006212,credit_card,165.53
ORD_006213,e_wallet,232.62
ORD_006214,e_wallet,339.0
ORD_006215,bank_transfer,657.34
ORD_006216,credit_card,138.44
ORD_006217,bank_transfer,541.46
ORD_006218,bank_transfer,254.9
ORD_006219,e_wallet,132.69
ORD_006220,cod,794.11
ORD_006221,e_wallet,405.47
ORD_006222,cod,92.46
ORD_006223,bank_transfer,133.52
ORD_006224,credit_card,88.17
ORD_006225,credit_card,262.72
ORD_006226,e_wallet,34.46
ORD_006227,bank_transfer,329.02
ORD_006228,credit_card,45.47
ORD_006229,cod,521.16
ORD_006230,bank_transfer,532.95
ORD_006231,e_wallet,210.05
ORD_006232,e_wallet,665.19
ORD_006233,credit_card,56.74
ORD_006234,e_wallet,707.69
ORD_006235,cod,36.02
ORD_006236,e_wallet,197.31
ORD_006237,bank_transfer,201.85
ORD_006238,e_wallet,346.79
ORD_006239,bank_transfer,204.93
ORD_006240,e_wallet,399.27
ORD_006241,credit_card,377.24
ORD_006242,e_wallet,324.36
ORD_006243,credit_card,211.36
ORD_006244,cod,350.42
ORD_006245,credit_card,679.88
ORD_006246,credit_card,228.4
ORD_006247,credit_card,576.2
ORD_006248,e_wallet,396.22
ORD_006249,bank_transfer,742.01
ORD_006250,bank_transfer,735.85
ORD_006251,e_wallet,77.58
ORD_006252,e_wallet,640.03
ORD_006253,e_wallet,673.71
ORD_006254,e_wallet,765.35
ORD_006255,credit_card,174.98
ORD_006256,bank_transfer,149.06
ORD_006257,bank_transfer,499.72
ORD_006258,bank_transfer,181.38
ORD_006259,bank_transfer,478.02
ORD_006260,credit_card,176.99
ORD_006261,credit_card,560.57
ORD_006262,cod,267.01
ORD_006263,credit_card,520.82
ORD_006264,credit_card,499.15
ORD_006265,bank_transfer,642.31
ORD_006266,credit_card,561.58
ORD_006267,credit_card,728.56
ORD_006268,credit_card,603.07
ORD_006269,credit_card,657.12
ORD_006270,credit_card,302.2
ORD_006271,bank_transfer,610.22
ORD_006272,credit_card,200.35
ORD_006273,e_wallet,400.35
ORD_006274,credit_card,485.36
ORD_006275,bank_transfer,667.04
ORD_006276,cod,641.2
ORD_006277,cod,573.38
ORD_006278,e_wallet,252.3
ORD_006279,credit_card,412.5
ORD_006280,e_wallet,457.22
ORD_006281,credit_card,68.79
ORD_006282,credit_card,359.3
ORD_006283,e_wallet,649.84
ORD_006284,bank_transfer,450.61
ORD_006285,bank_transfer,750.56
ORD_006286,credit_card,528.75
ORD_006287,cod,279.35
ORD_006288,bank_transfer,673.3
ORD_006289,bank_transfer,691.53
ORD_006290,credit_card,130.91
ORD_006291,cod,446.75
ORD_006292,credit_card,402.2
ORD_006293,bank_transfer,110.58
ORD_006294,cod,608.9
ORD_006295,credit_card,769.08
ORD_006296,e_wallet,769.73
ORD_006297,e_wallet,540.69
ORD_006298,credit_card,689.32
ORD_006299,credit_card,391.77
ORD_006300,bank_transfer,638.3
ORD_006301,e_wallet,616.93
ORD_006302,e_wallet,492.81
ORD_006303,credit_card,648.76
ORD_006304,bank_transfer,364.34
ORD_006305,e_wallet,492.47
ORD_006306,e_wallet,253.6
ORD_006307,bank_transfer,507.33
ORD_006308,cod,220.08
ORD_006309,e_wallet,699.09
ORD_006310,e_wallet,294.02
ORD_006311,e_wallet,333.55
ORD_006312,e_wallet,25.63
ORD_006313,e_wallet,91.3
ORD_006314,bank_transfer,139.89
ORD_006315,cod,57.05
ORD_006316,credit_card,148.35
ORD_006317,bank_transfer,195.98
ORD_006318,credit_card,554.41
ORD_006319,e_wallet,98.74
ORD_006320,cod,504.13
ORD_006321,credit_card,688.65
ORD_006322,e_wallet,152.0
ORD_006323,e_wallet,578.68
ORD_006324,bank_transfer,521.53
ORD_006325,credit_card,73.07
ORD_006326,e_wallet,148.56
ORD_006327,credit_card,299.89
ORD_006328,credit_card,663.06
ORD_006329,e_wallet,438.43
ORD_006330,bank_transfer,783.34
ORD_006331,e_wallet,405.14
ORD_006332,credit_card,598.12
ORD_006333,cod,593.01
ORD_006334,credit_card,482.07
ORD_006335,credit_card,204.0
ORD_006336,credit_card,664.7
ORD_006337,credit_card,205.54
ORD_006338,credit_card,34.64
ORD_006339,credit_card,470.93
ORD_006340,bank_transfer,292.59
ORD_006341,credit_card,108.68
ORD_006342,credit_card,64.01
ORD_006343,credit_card,685.06
ORD_006344,bank_transfer,560.82
ORD_006345,e_wallet,465.56
ORD_006346,e_wallet,228.29
ORD_006347,e_wallet,362.6
ORD_006348,bank_transfer,793.76
ORD_006349,cod,246.47
ORD_006350,e_wallet,237.24
ORD_006351,bank_transfer,454.2
ORD_006352,e_wallet,340.7
ORD_006353,cod,419.38
ORD_006354,bank_transfer,485.42
ORD_006355,credit_card,446.87
ORD_006356,cod,548.47
ORD_006357,cod,495.77
ORD_006358,e_wallet,152.81
ORD_006359,e_wallet,797.43
ORD_006360,credit_card,34.15
ORD_006361,e_wallet,627.01
ORD_006362,bank_transfer,745.27
ORD_006363,credit_card,447.52
ORD_006364,e_wallet,226.18
ORD_006365,e_wallet,789.41
ORD_006366,e_wallet,726.6
ORD_006367,e_wallet,604.82
ORD_006368,credit_card,174.95
ORD_006369,cod,144.05
ORD_006370,e_wallet,698.36
ORD_006371,e_wallet,770.19
ORD_006372,e_wallet,619.12
ORD_006373,credit_card,134.97
ORD_006374,credit_card,619.82
ORD_006375,credit_card,386.34
ORD_006376,bank_transfer,353.28
ORD_006377,e_wallet,600.29
ORD_006378,e_wallet,294.77
ORD_006379,credit_card,743.95
ORD_006380,bank_transfer,96.4
ORD_006381,credit_card,647.5
ORD_006382,bank_transfer,290.13
ORD_006383,cod,568.62
ORD_006384,credit_card,356.46
ORD_006385,credit_card,92.43
ORD_006386,credit_card,324.36
ORD_006387,credit_card,274.22
ORD_006388,credit_card,234.2
ORD_006389,credit_card,773.56
ORD_006390,bank_transfer,67.82
ORD_006391,e_wallet,53.24
ORD_006392,credit_card,728.2
ORD_006393,e_wallet,516.72
ORD_006394,e_wallet,42.78
ORD_006395,bank_transfer,152.01
ORD_006396,credit_card,549.25
ORD_006397,cod,355.49
ORD_006398,e_wallet,27.01
ORD_006399,credit_card,536.11
ORD_006400,credit_card,527.91
ORD_006401,e_wallet,444.49
ORD_006402,e_wallet,73.52
ORD_006403,credit_card,607.74
ORD_006404,e_wallet,131.95
ORD_006405,credit_card,530.43
ORD_006406,cod,474.08
ORD_006407,cod,533.12
ORD_006408,credit_card,249.78
ORD_006409,e_wallet,98.73
ORD_006410,cod,202.33
ORD_006411,bank_transfer,585.69
ORD_006412,credit_card,653.49
ORD_006413,credit_card,304.75
ORD_006414,credit_card,132.91
ORD_006415,credit_card,53.23
ORD_006416,bank_transfer,404.55
ORD_006417,bank_transfer,298.07
ORD_006418,bank_transfer,191.59
ORD_006419,e_wallet,296.15
ORD_006420,e_wallet,763.47
ORD_006421,bank_transfer,763.8
ORD_006422,credit_card,726.88
ORD_006423,credit_card,386.87
ORD_006424,credit_card,86.07
ORD_006425,e_wallet,707.97
ORD_006426,bank_transfer,23.08
ORD_006427,credit_card,167.31
ORD_006428,e_wallet,210.79
ORD_006429,credit_card,273.2
ORD_006430,credit_card,176.23
ORD_006431,e_wallet,650.79
ORD_006432,bank_transfer,434.76
ORD_006433,cod,155.83
ORD_006434,e_wallet,358.5
ORD_006435,credit_card,500.33
ORD_006436,bank_transfer,662.38
ORD_006437,credit_card,429.88
ORD_006438,e_wallet,133.2
ORD_006439,bank_transfer,671.65
ORD_006440,credit_card,552.03
ORD_006441,e_wallet,296.82
ORD_006442,credit_card,699.0
ORD_006443,e_wallet,637.81
ORD_006444,e_wallet,197.1
ORD_006445,credit_card,305.73
ORD_006446,credit_card,150.29
ORD_006447,credit_card,202.69
ORD_006448,e_wallet,151.89
ORD_006449,e_wallet,93.08
ORD_006450,e_wallet,728.7
ORD_006451,cod,650.63
ORD_006452,bank_transfer,159.62
ORD_006453,e_wallet,368.82
ORD_006454,cod,395.74
ORD_006455,credit_card,39.36
ORD_006456,bank_transfer,47.02
ORD_006457,bank_transfer,524.25
ORD_006458,bank_transfer,111.03
ORD_006459,credit_card,425.28
ORD_006460,bank_transfer,440.29
ORD_006461,bank_transfer,243.99
ORD_006462,bank_transfer,60.49
ORD_006463,e_wallet,533.52
ORD_006464,cod,689.83
ORD_006465,credit_card,256.16
ORD_006466,e_wallet,368.31
ORD_006467,credit_card,160.57
ORD_006468,credit_card,759.86
ORD_006469,e_wallet,233.94
ORD_006470,e_wallet,406.71
ORD_006471,credit_card,535.98
ORD_006472,e_wallet,704.12
ORD_006473,credit_card,715.69
ORD_006474,e_wallet,148.33
ORD_006475,cod,438.84
ORD_006476,credit_card,434.13
ORD_006477,e_wallet,595.21
ORD_006478,credit_card,54.83
ORD_006479,bank_transfer,161.76
ORD_006480,bank_transfer,278.57
ORD_006481,credit_card,742.29
ORD_006482,credit_card,74.11
ORD_006483,credit_card,683.47
ORD_006484,e_wallet,551.52
ORD_006485,credit_card,103.45
ORD_006486,credit_card,97.07
ORD_006487,cod,59.52
ORD_006488,credit_card,506.76
ORD_006489,cod,383.83
ORD_006490,e_wallet,711.47
ORD_006491,e_wallet,257.92
ORD_006492,bank_transfer,116.8
ORD_006493,e_wallet,335.32
ORD_006494,e_wallet,64.95
ORD_006495,cod,778.15
ORD_006496,e_wallet,38.06
ORD_006497,credit_card,457.47
ORD_006498,e_wallet,239.84
ORD_006499,credit_card,134.73
ORD_006500,credit_card,503.02
ORD_006501,e_wallet,272.87
ORD_006502,bank_transfer,542.93
ORD_006503,credit_card,560.17
ORD_006504,credit_card,412.66
ORD_006505,credit_card,135.71
ORD_006506,e_wallet,660.05
ORD_006507,credit_card,664.41
ORD_006508,credit_card,524.59
ORD_006509,credit_card,126.51
ORD_006510,credit_card,413.91
ORD_006511,e_wallet,749.82
ORD_006512,e_wallet,496.53
ORD_006513,e_wallet,320.29
ORD_006514,bank_transfer,423.26
ORD_006515,credit_card,211.81
ORD_006516,e_wallet,224.27
ORD_006517,e_wallet,214.31
ORD_006518,e_wallet,176.17
ORD_006519,e_wallet,550.88
ORD_006520,e_wallet,40.27
ORD_006521,credit_card,370.14
ORD_006522,e_wallet,573.32
ORD_006523,credit_card,524.06
ORD_006524,credit_card,156.48
ORD_006525,e_wallet,458.52
ORD_006526,e_wallet,157.77
ORD_006527,e_wallet,319.17
ORD_006528,credit_card,630.14
ORD_006529,bank_transfer,116.56
ORD_006530,cod,311.86
ORD_006531,cod,478.78
ORD_006532,credit_card,553.74
ORD_006533,credit_card,498.73
ORD_006534,credit_card,25.19
ORD_006535,credit_card,380.23
ORD_006536,bank_transfer,86.17
ORD_006537,credit_card,382.03
ORD_006538,cod,561.62
ORD_006539,credit_card,169.0
ORD_006540,credit_card,150.59
ORD_006541,e_wallet,50.3
ORD_006542,bank_transfer,43.56
ORD_006543,bank_transfer,449.98
ORD_006544,credit_card,437.23
ORD_006545,credit_card,582.03
ORD_006546,credit_card,285.05
ORD_006547,credit_card,224.67
ORD_006548,e_wallet,109.13
ORD_006549,credit_card,201.47
ORD_006550,e_wallet,99.97
ORD_006551,credit_card,615.54
ORD_006552,credit_card,411.69
ORD_006553,bank_transfer,90.65
ORD_006554,credit_card,160.64
ORD_006555,cod,573.87
ORD_006556,e_wallet,657.07
ORD_006557,credit_card,768.85
ORD_006558,e_wallet,396.74
ORD_006559,e_wallet,238.92
ORD_006560,bank_transfer,484.02
ORD_006561,credit_card,652.74
ORD_006562,e_wallet,129.13
ORD_006563,credit_card,268.95
ORD_006564,bank_transfer,105.14
ORD_006565,credit_card,719.85
ORD_006566,bank_transfer,181.66
ORD_006567,cod,234.23
ORD_006568,bank_transfer,62.96
ORD_006569,credit_card,718.68
ORD_006570,bank_transfer,705.87
ORD_006571,e_wallet,661.14
ORD_006572,bank_transfer,138.98
ORD_006573,bank_transfer,549.68
ORD_006574,e_wallet,290.04
ORD_006575,credit_card,766.14
ORD_006576,e_wallet,398.72
ORD_006577,credit_card,597.25
ORD_006578,bank_transfer,598.39
ORD_006579,credit_card,57.36
ORD_006580,credit_card,480.42
ORD_006581,cod,99.98
ORD_006582,credit_card,744.72
ORD_006583,cod,720.27
ORD_006584,bank_transfer,124.02
ORD_006585,bank_transfer,640.0
ORD_006586,credit_card,551.05
ORD_006587,cod,603.66
ORD_006588,e_wallet,118.0
ORD_006589,bank_transfer,458.13
ORD_006590,credit_card,509.93
ORD_006591,cod,64.78
ORD_006592,bank_transfer,298.74
ORD_006593,credit_card,715.68
ORD_006594,e_wallet,747.07
ORD_006595,e_wallet,284.87
ORD_006596,credit_card,319.55
ORD_006597,e_wallet,115.08
ORD_006598,credit_card,717.35
ORD_006599,bank_transfer,176.02
ORD_006600,credit_card,49.19
ORD_006601,bank_transfer,131.95
ORD_006602,e_wallet,256.82
ORD_006603,credit_card,773.97
ORD_006604,credit_card,663.46
ORD_006605,credit_card,642.4
ORD_006606,bank_transfer,76.26
ORD_006607,e_wallet,638.15
ORD_006608,e_wallet,52.52
ORD_006609,e_wallet,306.37
ORD_006610,credit_card,632.67
ORD_006611,bank_transfer,423.08
ORD_006612,credit_card,541.63
ORD_006613,credit_card,517.45
ORD_006614,cod,666.94
ORD_006615,credit_card,171.8
ORD_006616,credit_card,764.21
ORD_006617,credit_card,28.33
ORD_006618,e_wallet,161.65
ORD_006619,credit_card,567.85
ORD_006620,bank_transfer,273.41
ORD_006621,bank_transfer,135.6
ORD_006622,credit_card,353.48
ORD_006623,bank_transfer,684.12
ORD_006624,e_wallet,470.72
ORD_006625,credit_card,50.67
ORD_006626,e_wallet,731.8
ORD_006627,e_wallet,365.19
ORD_006628,e_wallet,705.97
ORD_006629,bank_transfer,157.76
ORD_006630,e_wallet,491.42
ORD_006631,cod,796.0
ORD_006632,credit_card,526.52
ORD_006633,bank_transfer,353.65
ORD_006634,e_wallet,668.97
ORD_006635,credit_card,469.83
ORD_006636,credit_card,218.37
ORD_006637,cod,104.4
ORD_006638,bank_transfer,521.32
ORD_006639,credit_card,606.6
ORD_006640,credit_card,772.1
ORD_006641,credit_card,140.49
ORD_006642,bank_transfer,184.48
ORD_006643,e_wallet,798.41
ORD_006644,cod,450.62
ORD_006645,e_wallet,580.33
ORD_006646,e_wallet,22.83
ORD_006647,e_wallet,530.55
ORD_006648,e_wallet,70.85
ORD_006649,credit_card,118.19
ORD_006650,e_wallet,127.69
ORD_006651,credit_card,771.45
ORD_006652,credit_card,599.72
ORD_006653,e_wallet,556.7
ORD_006654,credit_card,740.54
ORD_006655,bank_transfer,710.76
ORD_006656,credit_card,536.09
ORD_006657,bank_transfer,87.19
ORD_006658,bank_transfer,232.29
ORD_006659,bank_transfer,527.63
ORD_006660,bank_transfer,576.24
ORD_006661,e_wallet,536.78
ORD_006662,credit_card,727.82
ORD_006663,bank_transfer,611.63
ORD_006664,e_wallet,247.82
ORD_006665,credit_card,65.8
ORD_006666,credit_card,754.7
ORD_006667,bank_transfer,682.32
ORD_006668,bank_transfer,114.51
ORD_006669,e_wallet,249.05
ORD_006670,e_wallet,135.29
ORD_006671,cod,162.64
ORD_006672,credit_card,343.6
ORD_006673,credit_card,107.76
ORD_006674,e_wallet,569.98
ORD_006675,cod,239.78
ORD_006676,credit_card,525.96
ORD_006677,credit_card,650.07
ORD_006678,credit_card,506.71
ORD_006679,e_wallet,314.15
ORD_006680,e_wallet,588.91
ORD_006681,e_wallet,520.14
ORD_006682,bank_transfer,231.73
ORD_006683,credit_card,615.45
ORD_006684,e_wallet,183.03
ORD_006685,bank_transfer,609.76
ORD_006686,credit_card,398.59
ORD_006687,e_wallet,615.5
ORD_006688,e_wallet,587.17
ORD_006689,bank_transfer,548.82
ORD_006690,credit_card,108.79
ORD_006691,bank_transfer,790.86
ORD_006692,credit_card,736.49
ORD_006693,credit_card,406.13
ORD_006694,bank_transfer,393.37
ORD_006695,credit_card,630.05
ORD_006696,credit_card,297.43
ORD_006697,e_wallet,777.9
ORD_006698,e_wallet,657.41
ORD_006699,cod,623.2
ORD_006700,credit_card,557.83
ORD_006701,credit_card,636.97
ORD_006702,e_wallet,268.42
ORD_006703,e_wallet,660.93
ORD_006704,credit_card,356.14
ORD_006705,credit_card,337.45
ORD_006706,e_wallet,88.75
ORD_006707,e_wallet,25.32
ORD_006708,cod,227.52
ORD_006709,cod,162.76
ORD_006710,cod,703.53
ORD_006711,credit_card,268.71
ORD_006712,bank_transfer,660.37
ORD_006713,credit_card,314.77
ORD_006714,credit_card,165.13
ORD_006715,credit_card,576.99
ORD_006716,e_wallet,328.92
ORD_006717,e_wallet,401.16
ORD_006718,e_wallet,526.07
ORD_006719,credit_card,475.83
ORD_006720,cod,315.94
ORD_006721,credit_card,349.26
ORD_006722,e_wallet,444.35
ORD_006723,e_wallet,357.81
ORD_006724,cod,189.93
ORD_006725,credit_card,646.82
ORD_006726,e_wallet,239.81
ORD_006727,bank_transfer,732.33
ORD_006728,credit_card,696.72
ORD_006729,e_wallet,598.99
ORD_006730,credit_card,695.56
ORD_006731,cod,574.21
ORD_006732,credit_card,291.73
ORD_006733,e_wallet,568.11
ORD_006734,bank_transfer,459.22
ORD_006735,credit_card,83.61
ORD_006736,e_wallet,274.23
ORD_006737,bank_transfer,146.58
ORD_006738,credit_card,298.91
ORD_006739,e_wallet,363.45
ORD_006740,e_wallet,469.63
ORD_006741,credit_card,134.94
ORD_006742,e_wallet,204.41
ORD_006743,credit_card,420.1
ORD_006744,e_wallet,776.59
ORD_006745,credit_card,248.21
ORD_006746,credit_card,679.39
ORD_006747,credit_card,143.57
ORD_006748,cod,449.68
ORD_006749,credit_card,341.91
ORD_006750,credit_card,746.91
ORD_006751,credit_card,644.86
ORD_006752,bank_transfer,555.26
ORD_006753,credit_card,94.37
ORD_006754,cod,269.79
ORD_006755,bank_transfer,64.28
ORD_006756,e_wallet,471.44
ORD_006757,bank_transfer,228.62
ORD_006758,cod,585.27
ORD_006759,credit_card,569.57
ORD_006760,cod,654.44
ORD_006761,credit_card,281.5
ORD_006762,credit_card,196.27
ORD_006763,credit_card,730.68
ORD_006764,credit_card,370.07
ORD_006765,e_wallet,670.8
ORD_006766,credit_card,734.97
ORD_006767,credit_card,495.74
ORD_006768,e_wallet,601.51
ORD_006769,credit_card,380.82
ORD_006770,credit_card,228.75
ORD_006771,credit_card,387.15
ORD_006772,bank_transfer,191.62
ORD_006773,bank_transfer,663.43
ORD_006774,e_wallet,143.61
ORD_006775,credit_card,619.93
ORD_006776,credit_card,773.23
ORD_006777,credit_card,700.67
ORD_006778,credit_card,774.62
ORD_006779,bank_transfer,167.15
ORD_006780,e_wallet,454.0
ORD_006781,cod,564.14
ORD_006782,credit_card,407.07
ORD_006783,e_wallet,22.82
ORD_006784,credit_card,302.92
ORD_006785,bank_transfer,56.47
ORD_006786,e_wallet,72.3
ORD_006787,credit_card,170.45
ORD_006788,e_wallet,720.85
ORD_006789,e_wallet,655.85
ORD_006790,e_wallet,326.62
ORD_006791,credit_card,265.09
ORD_006792,credit_card,303.12
ORD_006793,e_wallet,50.65
ORD_006794,bank_transfer,55.47
ORD_006795,credit_card,237.39
ORD_006796,e_wallet,384.79
ORD_006797,e_wallet,623.13
ORD_006798,credit_card,30.68
ORD_006799,e_wallet,279.05
ORD_006800,credit_card,252.84
ORD_006801,bank_transfer,251.72
ORD_006802,bank_transfer,268.81
ORD_006803,e_wallet,550.13
ORD_006804,bank_transfer,335.31
ORD_006805,bank_transfer,184.9
ORD_006806,e_wallet,406.95
ORD_006807,bank_transfer,121.82
ORD_006808,e_wallet,701.62
ORD_006809,credit_card,426.69
ORD_006810,bank_transfer,657.56
ORD_006811,e_wallet,415.37
ORD_006812,credit_card,90.1
ORD_006813,credit_card,347.59
ORD_006814,e_wallet,750.05
ORD_006815,bank_transfer,233.18
ORD_006816,bank_transfer,100.81
ORD_006817,e_wallet,100.61
ORD_006818,e_wallet,305.98
ORD_006819,e_wallet,246.95
ORD_006820,bank_transfer,452.6
ORD_006821,cod,467.63
ORD_006822,e_wallet,128.7
ORD_006823,credit_card,58.79
ORD_006824,bank_transfer,66.61
ORD_006825,bank_transfer,353.68
ORD_006826,e_wallet,231.58
ORD_006827,cod,490.47
ORD_006828,credit_card,730.08
ORD_006829,e_wallet,787.13
ORD_006830,bank_transfer,154.03
ORD_006831,cod,690.37
ORD_006832,e_wallet,146.73
ORD_006833,bank_transfer,683.52
ORD_006834,credit_card,716.04
ORD_006835,e_wallet,634.32
ORD_006836,cod,654.27
ORD_006837,e_wallet,415.18
ORD_006838,credit_card,716.34
ORD_006839,credit_card,671.46
ORD_006840,credit_card,746.79
ORD_006841,e_wallet,99.23
ORD_006842,e_wallet,297.96
ORD_006843,credit_card,468.89
ORD_006844,credit_card,576.44
ORD_006845,bank_transfer,586.29
ORD_006846,credit_card,445.56
ORD_006847,e_wallet,453.32
ORD_006848,bank_transfer,321.18
ORD_006849,credit_card,191.25
ORD_006850,bank_transfer,746.06
ORD_006851,cod,236.0
ORD_006852,credit_card,275.08
ORD_006853,credit_card,708.87
ORD_006854,bank_transfer,622.89
ORD_006855,credit_card,380.0
ORD_006856,credit_card,725.47
ORD_006857,e_wallet,593.32
ORD_006858,credit_card,744.8
ORD_006859,e_wallet,773.13
ORD_006860,cod,448.73
ORD_006861,cod,682.25
ORD_006862,credit_card,84.18
ORD_006863,bank_transfer,388.91
ORD_006864,credit_card,724.43
ORD_006865,bank_transfer,120.45
ORD_006866,e_wallet,239.86
ORD_006867,e_wallet,385.91
ORD_006868,bank_transfer,617.32
ORD_006869,credit_card,313.99
ORD_006870,credit_card,93.15
ORD_006871,cod,489.3
ORD_006872,credit_card,775.45
ORD_006873,e_wallet,723.71
ORD_006874,e_wallet,149.2
ORD_006875,bank_transfer,621.22
ORD_006876,credit_card,181.82
ORD_006877,credit_card,755.94
ORD_006878,bank_transfer,159.41
ORD_006879,bank_transfer,624.22
ORD_006880,credit_card,281.31
ORD_006881,e_wallet,493.52
ORD_006882,e_wallet,356.85
ORD_006883,bank_transfer,555.04
ORD_006884,bank_transfer,583.76
ORD_006885,bank_transfer,666.03
ORD_006886,bank_transfer,57.52
ORD_006887,credit_card,356.59
ORD_006888,e_wallet,769.97
ORD_006889,e_wallet,694.03
ORD_006890,bank_transfer,311.4
ORD_006891,e_wallet,226.07
ORD_006892,credit_card,467.44
ORD_006893,e_wallet,605.41
ORD_006894,e_wallet,470.01
ORD_006895,e_wallet,720.55
ORD_006896,credit_card,357.43
ORD_006897,e_wallet,88.92
ORD_006898,e_wallet,474.09
ORD_006899,bank_transfer,217.44
ORD_006900,credit_card,658.48
ORD_006901,credit_card,58.82
ORD_006902,credit_card,602.12
ORD_006903,credit_card,683.42
ORD_006904,e_wallet,475.72
ORD_006905,credit_card,731.54
ORD_006906,credit_card,463.45
ORD_006907,e_wallet,681.52
ORD_006908,e_wallet,481.42
ORD_006909,e_wallet,459.9
ORD_006910,e_wallet,307.87
ORD_006911,credit_card,164.96
ORD_006912,bank_transfer,449.54
ORD_006913,credit_card,760.03
ORD_006914,e_wallet,343.53
ORD_006915,bank_transfer,153.63
ORD_006916,credit_card,175.3
ORD_006917,cod,661.69
ORD_006918,credit_card,700.26
ORD_006919,credit_card,241.52
ORD_006920,bank_transfer,287.58
ORD_006921,cod,792.03
ORD_006922,e_wallet,791.75
ORD_006923,e_wallet,728.81
ORD_006924,credit_card,578.37
ORD_006925,bank_transfer,295.54
ORD_006926,e_wallet,345.06
ORD_006927,credit_card,167.65
ORD_006928,e_wallet,43.31
ORD_006929,e_wallet,760.17
ORD_006930,e_wallet,137.2
ORD_006931,credit_card,371.16
ORD_006932,credit_card,701.7
ORD_006933,credit_card,788.34
ORD_006934,bank_transfer,358.79
ORD_006935,credit_card,706.51
ORD_006936,e_wallet,411.16
ORD_006937,bank_transfer,368.67
ORD_006938,credit_card,158.13
ORD_006939,e_wallet,381.4
ORD_006940,bank_transfer,523.68
ORD_006941,credit_card,57.2
ORD_006942,credit_card,622.96
ORD_006943,credit_card,646.83
ORD_006944,e_wallet,122.1
ORD_006945,bank_transfer,191.33
ORD_006946,e_wallet,582.03
ORD_006947,credit_card,89.95
ORD_006948,e_wallet,58.78
ORD_006949,bank_transfer,149.45
ORD_006950,e_wallet,626.49
ORD_006951,e_wallet,41.79
ORD_006952,e_wallet,26.52
ORD_006953,e_wallet,139.38
ORD_006954,credit_card,411.18
ORD_006955,credit_card,491.67
ORD_006956,credit_card,206.83
ORD_006957,credit_card,335.11
ORD_006958,bank_transfer,274.79
ORD_006959,credit_card,656.29
ORD_006960,e_wallet,187.45
ORD_006961,credit_card,516.26
ORD_006962,credit_card,392.37
ORD_006963,e_wallet,292.74
ORD_006964,credit_card,620.61
ORD_006965,credit_card,529.51
ORD_006966,e_wallet,270.59
ORD_006967,cod,605.82
ORD_006968,e_wallet,526.06
ORD_006969,credit_card,427.51
ORD_006970,credit_card,661.79
ORD_006971,e_wallet,372.17
ORD_006972,e_wallet,126.2
ORD_006973,bank_transfer,399.51
ORD_006974,e_wallet,537.72
ORD_006975,credit_card,706.38
ORD_006976,credit_card,101.99
ORD_006977,e_wallet,329.35
ORD_006978,credit_card,267.22
ORD_006979,credit_card,683.03
ORD_006980,bank_transfer,659.69
ORD_006981,credit_card,531.53
ORD_006982,credit_card,681.44
ORD_006983,credit_card,124.09
ORD_006984,bank_transfer,268.66
ORD_006985,credit_card,128.57
ORD_006986,e_wallet,293.85
ORD_006987,e_wallet,640.96
ORD_006988,credit_card,220.04
ORD_006989,cod,100.01
ORD_006990,bank_transfer,137.14
ORD_006991,credit_card,546.51
ORD_006992,e_wallet,102.51
ORD_006993,credit_card,120.5
ORD_006994,credit_card,82.46
ORD_006995,bank_transfer,384.57
ORD_006996,e_wallet,681.58
ORD_006997,credit_card,124.83
ORD_006998,e_wallet,261.1
ORD_006999,bank_transfer,651.97
ORD_007000,credit_card,198.35
ORD_007001,credit_card,431.9
ORD_007002,e_wallet,766.04
ORD_007003,credit_card,741.45
ORD_007004,e_wallet,431.57
ORD_007005,bank_transfer,357.41
ORD_007006,credit_card,473.09
ORD_007007,cod,655.11
ORD_007008,e_wallet,614.13
ORD_007009,credit_card,484.13
ORD_007010,bank_transfer,666.08
ORD_007011,e_wallet,224.69
ORD_007012,e_wallet,180.97
ORD_007013,e_wallet,246.48
ORD_007014,bank_transfer,411.64
ORD_007015,e_wallet,45.29
ORD_007016,e_wallet,268.43
ORD_007017,cod,131.3
ORD_007018,bank_transfer,397.0
ORD_007019,credit_card,282.84
ORD_007020,e_wallet,86.77
ORD_007021,bank_transfer,787.47
ORD_007022,e_wallet,326.6
ORD_007023,e_wallet,76.81
ORD_007024,e_wallet,493.13
ORD_007025,cod,182.06
ORD_007026,bank_transfer,183.4
ORD_007027,e_wallet,406.18
ORD_007028,credit_card,221.94
ORD_007029,e_wallet,281.39
ORD_007030,e_wallet,144.64
ORD_007031,bank_transfer,272.04
ORD_007032,bank_transfer,210.21
ORD_007033,credit_card,368.03
ORD_007034,cod,798.12
ORD_007035,e_wallet,364.32
ORD_007036,credit_card,69.86
ORD_007037,cod,502.46
ORD_007038,credit_card,128.58
ORD_007039,credit_card,42.08
ORD_007040,e_wallet,77.78
ORD_007041,e_wallet,752.36
ORD_007042,bank_transfer,293.91
ORD_007043,bank_transfer,24.73
ORD_007044,credit_card,701.16
ORD_007045,credit_card,352.63
ORD_007046,bank_transfer,367.94
ORD_007047,credit_card,53.83
ORD_007048,credit_card,164.05
ORD_007049,bank_transfer,337.48
ORD_007050,e_wallet,86.64
ORD_007051,credit_card,740.14
ORD_007052,credit_card,30.61
ORD_007053,bank_transfer,770.75
ORD_007054,e_wallet,631.35
ORD_007055,e_wallet,177.93
ORD_007056,bank_transfer,697.09
ORD_007057,bank_transfer,573.66
ORD_007058,e_wallet,786.7
ORD_007059,e_wallet,507.68
ORD_007060,credit_card,41.23
ORD_007061,credit_card,177.09
ORD_007062,bank_transfer,225.7
ORD_007063,credit_card,323.13
ORD_007064,credit_card,574.07
ORD_007065,credit_card,460.02
ORD_007066,credit_card,778.73
ORD_007067,bank_transfer,163.82
ORD_007068,e_wallet,343.79
ORD_007069,credit_card,179.89
ORD_007070,cod,259.82
ORD_007071,e_wallet,138.82
ORD_007072,bank_transfer,200.82
ORD_007073,bank_transfer,764.59
ORD_007074,e_wallet,786.61
ORD_007075,credit_card,757.83
ORD_007076,credit_card,678.12
ORD_007077,bank_transfer,392.75
ORD_007078,credit_card,352.43
ORD_007079,e_wallet,627.7
ORD_007080,credit_card,619.18
ORD_007081,e_wallet,48.3
ORD_007082,e_wallet,349.34
ORD_007083,credit_card,722.47
ORD_007084,e_wallet,303.07
ORD_007085,cod,511.63
ORD_007086,e_wallet,237.79
ORD_007087,credit_card,528.55
ORD_007088,credit_card,384.91
ORD_007089,e_wallet,710.64
ORD_007090,credit_card,778.02
ORD_007091,e_wallet,517.91
ORD_007092,credit_card,273.21
ORD_007093,credit_card,249.56
ORD_007094,credit_card,725.21
ORD_007095,bank_transfer,244.06
ORD_007096,e_wallet,729.12
ORD_007097,credit_card,470.59
ORD_007098,credit_card,682.74
ORD_007099,e_wallet,504.18
ORD_007100,credit_card,788.56
ORD_007101,credit_card,138.81
ORD_007102,credit_card,302.07
ORD_007103,e_wallet,437.47
ORD_007104,e_wallet,559.87
ORD_007105,e_wallet,400.18
ORD_007106,cod,697.9
ORD_007107,cod,124.25
ORD_007108,credit_card,637.85
ORD_007109,e_wallet,332.61
ORD_007110,cod,463.81
ORD_007111,credit_card,65.89
ORD_007112,bank_transfer,468.88
ORD_007113,cod,497.32
ORD_007114,credit_card,81.83
ORD_007115,credit_card,646.86
ORD_007116,credit_card,161.73
ORD_007117,bank_transfer,83.5
ORD_007118,credit_card,633.65
ORD_007119,credit_card,149.53
ORD_007120,cod,669.53
ORD_007121,bank_transfer,137.93
ORD_007122,credit_card,51.78
ORD_007123,credit_card,228.0
ORD_007124,credit_card,107.77
ORD_007125,e_wallet,678.93
ORD_007126,e_wallet,620.6
ORD_007127,cod,453.79
ORD_007128,bank_transfer,327.25
ORD_007129,credit_card,303.09
ORD_007130,credit_card,27.68
ORD_007131,cod,615.43
ORD_007132,credit_card,26.97
ORD_007133,e_wallet,413.95
ORD_007134,e_wallet,228.22
ORD_007135,e_wallet,215.32
ORD_007136,credit_card,449.75
ORD_007137,bank_transfer,702.39
ORD_007138,e_wallet,224.37
ORD_007139,e_wallet,422.35
ORD_007140,credit_card,369.22
ORD_007141,credit_card,96.42
ORD_007142,credit_card,554.87
ORD_007143,credit_card,311.07
ORD_007144,bank_transfer,621.07
ORD_007145,bank_transfer,455.29
ORD_007146,credit_card,666.57
ORD_007147,bank_transfer,764.63
ORD_007148,credit_card,356.87
ORD_007149,bank_transfer,229.18
ORD_007150,cod,446.55
ORD_007151,bank_transfer,574.15
ORD_007152,credit_card,357.15
ORD_007153,credit_card,362.77
ORD_007154,credit_card,645.39
ORD_007155,bank_transfer,548.37
ORD_007156,e_wallet,659.64
ORD_007157,e_wallet,310.6
ORD_007158,e_wallet,492.02
ORD_007159,cod,448.08
ORD_007160,e_wallet,492.26
ORD_007161,credit_card,376.75
ORD_007162,credit_card,797.96
ORD_007163,bank_transfer,336.96
ORD_007164,credit_card,357.79
ORD_007165,bank_transfer,498.59
ORD_007166,e_wallet,438.3
ORD_007167,e_wallet,425.64
ORD_007168,cod,136.03
ORD_007169,bank_transfer,751.44
ORD_007170,bank_transfer,386.3
ORD_007171,credit_card,749.96
ORD_007172,credit_card,134.99
ORD_007173,e_wallet,702.98
ORD_007174,credit_card,519.99
ORD_007175,bank_transfer,539.09
ORD_007176,e_wallet,96.0
ORD_007177,e_wallet,648.89
ORD_007178,credit_card,425.88
ORD_007179,e_wallet,484.49
ORD_007180,credit_card,389.13
ORD_007181,bank_transfer,689.72
ORD_007182,bank_transfer,632.82
ORD_007183,e_wallet,346.23
ORD_007184,cod,737.04
ORD_007185,e_wallet,399.99
ORD_007186,e_wallet,291.59
ORD_007187,cod,72.05
ORD_007188,cod,312.71
ORD_007189,e_wallet,334.82
ORD_007190,bank_transfer,595.98
ORD_007191,bank_transfer,675.06
ORD_007192,e_wallet,693.95
ORD_007193,credit_card,224.27
ORD_007194,credit_card,620.71
ORD_007195,e_wallet,577.26
ORD_007196,cod,435.82
ORD_007197,e_wallet,652.15
ORD_007198,bank_transfer,327.74
ORD_007199,e_wallet,689.07
ORD_007200,e_wallet,573.88
ORD_007201,credit_card,560.47
ORD_007202,credit_card,116.21
ORD_007203,e_wallet,683.94
ORD_007204,e_wallet,766.14
ORD_007205,bank_transfer,543.36
ORD_007206,credit_card,356.74
ORD_007207,credit_card,451.45
ORD_007208,bank_transfer,97.22
ORD_007209,e_wallet,337.67
ORD_007210,e_wallet,416.09
ORD_007211,e_wallet,385.32
ORD_007212,credit_card,122.63
ORD_007213,e_wallet,258.77
ORD_007214,bank_transfer,599.84
ORD_007215,credit_card,473.61
ORD_007216,credit_card,713.73
ORD_007217,credit_card,642.97
ORD_007218,e_wallet,465.08
ORD_007219,e_wallet,711.86
ORD_007220,bank_transfer,365.03
ORD_007221,e_wallet,58.25
ORD_007222,credit_card,206.68
ORD_007223,bank_transfer,445.82
ORD_007224,credit_card,726.78
ORD_007225,cod,361.97
ORD_007226,credit_card,257.26
ORD_007227,bank_transfer,522.98
ORD_007228,credit_card,487.55
ORD_007229,e_wallet,210.24
ORD_007230,credit_card,311.49
ORD_007231,cod,448.86
ORD_007232,credit_card,289.63
ORD_007233,e_wallet,553.65
ORD_007234,bank_transfer,172.3
ORD_007235,credit_card,310.1
ORD_007236,cod,566.13
ORD_007237,credit_card,291.43
ORD_007238,bank_transfer,571.86
ORD_007239,cod,77.93
ORD_007240,credit_card,142.25
ORD_007241,e_wallet,423.29
ORD_007242,credit_card,732.52
ORD_007243,bank_transfer,563.57
ORD_007244,credit_card,603.25
ORD_007245,credit_card,534.2
ORD_007246,e_wallet,797.25
ORD_007247,bank_transfer,790.73
ORD_007248,bank_transfer,30.88
ORD_007249,credit_card,441.63
ORD_007250,bank_transfer,632.57
ORD_007251,credit_card,102.48
ORD_007252,bank_transfer,791.81
ORD_007253,credit_card,167.05
ORD_007254,e_wallet,490.14
ORD_007255,bank_transfer,461.02
ORD_007256,credit_card,99.68
ORD_007257,cod,615.21
ORD_007258,credit_card,287.28
ORD_007259,cod,156.38
ORD_007260,credit_card,725.2
ORD_007261,credit_card,570.75
ORD_007262,cod,30.02
ORD_007263,e_wallet,139.72
ORD_007264,e_wallet,63.13
ORD_007265,e_wallet,37.37
ORD_007266,credit_card,416.26
ORD_007267,e_wallet,773.57
ORD_007268,credit_card,706.83
ORD_007269,credit_card,225.99
ORD_007270,bank_transfer,245.98
ORD_007271,credit_card,478.46
ORD_007272,e_wallet,543.57
ORD_007273,credit_card,133.21
ORD_007274,e_wallet,41.3
ORD_007275,credit_card,542.54
ORD_007276,e_wallet,259.61
ORD_007277,credit_card,314.07
ORD_007278,e_wallet,277.72
ORD_007279,e_wallet,699.39
ORD_007280,credit_card,36.93
ORD_007281,cod,79.68
ORD_007282,e_wallet,670.26
ORD_007283,credit_card,56.67
ORD_007284,bank_transfer,686.09
ORD_007285,credit_card,93.87
ORD_007286,bank_transfer,425.62
ORD_007287,bank_transfer,766.44
ORD_007288,credit_card,587.75
ORD_007289,e_wallet,742.21
ORD_007290,e_wallet,537.27
ORD_007291,credit_card,151.12
ORD_007292,e_wallet,96.85
ORD_007293,e_wallet,636.82
ORD_007294,e_wallet,594.0
ORD_007295,credit_card,559.05
ORD_007296,credit_card,547.67
ORD_007297,credit_card,129.94
ORD_007298,e_wallet,236.19
ORD_007299,e_wallet,445.96
ORD_007300,credit_card,680.73
ORD_007301,e_wallet,301.79
ORD_007302,bank_transfer,283.07
ORD_007303,e_wallet,509.53
ORD_007304,credit_card,140.69
ORD_007305,credit_card,114.36
ORD_007306,credit_card,750.54
ORD_007307,credit_card,713.39
ORD_007308,e_wallet,394.46
ORD_007309,e_wallet,550.32
ORD_007310,e_wallet,779.35
ORD_007311,credit_card,366.7
ORD_007312,bank_transfer,562.52
ORD_007313,credit_card,741.86
ORD_007314,credit_card,549.94
ORD_007315,credit_card,33.32
ORD_007316,e_wallet,599.74
ORD_007317,bank_transfer,136.62
ORD_007318,bank_transfer,57.15
ORD_007319,credit_card,478.82
ORD_007320,credit_card,471.23
ORD_007321,e_wallet,301.5
ORD_007322,credit_card,90.7
ORD_007323,e_wallet,683.19
ORD_007324,cod,507.1
ORD_007325,e_wallet,50.21
ORD_007326,e_wallet,141.37
ORD_007327,credit_card,68.43
ORD_007328,bank_transfer,555.72
ORD_007329,credit_card,799.96
ORD_007330,credit_card,665.81
ORD_007331,credit_card,451.66
ORD_007332,e_wallet,676.64
ORD_007333,credit_card,114.84
ORD_007334,credit_card,767.58
ORD_007335,credit_card,170.7
ORD_007336,cod,285.57
ORD_007337,bank_transfer,725.28
ORD_007338,credit_card,67.57
ORD_007339,credit_card,44.01
ORD_007340,credit_card,351.28
ORD_007341,bank_transfer,650.38
ORD_007342,bank_transfer,507.31
ORD_007343,e_wallet,263.25
ORD_007344,credit_card,712.81
ORD_007345,credit_card,81.53
ORD_007346,credit_card,39.88
ORD_007347,bank_transfer,379.91
ORD_007348,e_wallet,575.17
ORD_007349,credit_card,754.56
ORD_007350,bank_transfer,396.68
ORD_007351,credit_card,405.85
ORD_007352,credit_card,578.88
ORD_007353,e_wallet,479.95
ORD_007354,credit_card,44.31
ORD_007355,e_wallet,337.75
ORD_007356,e_wallet,199.99
ORD_007357,e_wallet,208.86
ORD_007358,credit_card,45.74
ORD_007359,e_wallet,279.76
ORD_007360,credit_card,637.04
ORD_007361,bank_transfer,128.88
ORD_007362,credit_card,382.6
ORD_007363,credit_card,68.53
ORD_007364,bank_transfer,382.77
ORD_007365,credit_card,687.99
ORD_007366,credit_card,297.59
ORD_007367,bank_transfer,92.06
ORD_007368,cod,636.11
ORD_007369,e_wallet,184.13
ORD_007370,e_wallet,168.34
ORD_007371,bank_transfer,390.91
ORD_007372,credit_card,192.53
ORD_007373,credit_card,228.12
ORD_007374,credit_card,480.96
ORD_007375,credit_card,568.86
ORD_007376,e_wallet,658.32
ORD_007377,e_wallet,725.09
ORD_007378,credit_card,142.96
ORD_007379,bank_transfer,53.26
ORD_007380,credit_card,92.73
ORD_007381,credit_card,797.6
ORD_007382,cod,722.0
ORD_007383,credit_card,431.33
ORD_007384,bank_transfer,239.24
ORD_007385,credit_card,81.33
ORD_007386,e_wallet,371.47
ORD_007387,credit_card,378.73
ORD_007388,credit_card,31.31
ORD_007389,e_wallet,523.08
ORD_007390,credit_card,303.83
ORD_007391,e_wallet,389.16
ORD_007392,cod,513.47
ORD_007393,cod,497.78
ORD_007394,credit_card,30.93
ORD_007395,credit_card,710.66
ORD_007396,e_wallet,333.21
ORD_007397,e_wallet,567.6
ORD_007398,credit_card,385.26
ORD_007399,credit_card,206.1
ORD_007400,e_wallet,335.87
ORD_007401,e_wallet,490.66
ORD_007402,bank_transfer,352.99
ORD_007403,credit_card,624.84
ORD_007404,cod,437.38
ORD_007405,credit_card,715.47
ORD_007406,cod,388.96
ORD_007407,credit_card,454.27
ORD_007408,e_wallet,344.88
ORD_007409,e_wallet,404.47
ORD_007410,credit_card,280.35
ORD_007411,e_wallet,43.47
ORD_007412,e_wallet,743.25
ORD_007413,credit_card,458.23
ORD_007414,bank_transfer,73.56
ORD_007415,credit_card,136.37
ORD_007416,credit_card,550.65
ORD_007417,bank_transfer,606.38
ORD_007418,bank_transfer,445.58
ORD_007419,e_wallet,83.6
ORD_007420,e_wallet,582.13
ORD_007421,credit_card,162.03
ORD_007422,e_wallet,581.38
ORD_007423,cod,88.22
ORD_007424,e_wallet,721.34
ORD_007425,e_wallet,118.34
ORD_007426,cod,218.42
ORD_007427,bank_transfer,482.23
ORD_007428,bank_transfer,390.97
ORD_007429,cod,57.86
ORD_007430,cod,276.89
ORD_007431,e_wallet,84.42
ORD_007432,e_wallet,118.53
ORD_007433,credit_card,778.73
ORD_007434,bank_transfer,345.07
ORD_007435,credit_card,170.52
ORD_007436,credit_card,673.27
ORD_007437,cod,702.95
ORD_007438,e_wallet,130.99
ORD_007439,bank_transfer,302.82
ORD_007440,credit_card,118.67
ORD_007441,credit_card,99.02
ORD_007442,bank_transfer,475.92
ORD_007443,credit_card,117.62
ORD_007444,bank_transfer,200.04
ORD_007445,credit_card,743.86
ORD_007446,cod,86.47
ORD_007447,credit_card,324.24
ORD_007448,e_wallet,710.92
ORD_007449,cod,632.1
ORD_007450,credit_card,523.32
ORD_007451,bank_transfer,540.86
ORD_007452,credit_card,300.69
ORD_007453,e_wallet,361.91
ORD_007454,e_wallet,502.27
ORD_007455,credit_card,417.07
ORD_007456,e_wallet,118.88
ORD_007457,e_wallet,660.03
ORD_007458,e_wallet,158.04
ORD_007459,e_wallet,104.79
ORD_007460,bank_transfer,277.78
ORD_007461,e_wallet,79.1
ORD_007462,bank_transfer,757.74
ORD_007463,e_wallet,671.44
ORD_007464,bank_transfer,449.18
ORD_007465,e_wallet,320.83
ORD_007466,credit_card,549.36
ORD_007467,e_wallet,651.97
ORD_007468,credit_card,680.24
ORD_007469,e_wallet,761.97
ORD_007470,credit_card,569.23
ORD_007471,credit_card,511.43
ORD_007472,e_wallet,272.29
ORD_007473,credit_card,650.48
ORD_007474,bank_transfer,164.94
ORD_007475,e_wallet,78.24
ORD_007476,credit_card,354.76
ORD_007477,credit_card,80.12
ORD_007478,e_wallet,283.1
ORD_007479,cod,709.46
ORD_007480,e_wallet,646.16
ORD_007481,cod,781.99
ORD_007482,credit_card,258.34
ORD_007483,credit_card,481.47
ORD_007484,bank_transfer,93.29
ORD_007485,cod,27.88
ORD_007486,credit_card,634.97
ORD_007487,credit_card,515.24
ORD_007488,credit_card,236.16
ORD_007489,bank_transfer,455.96
ORD_007490,bank_transfer,666.57
ORD_007491,bank_transfer,178.66
ORD_007492,e_wallet,188.08
ORD_007493,cod,759.41
ORD_007494,bank_transfer,514.59
ORD_007495,e_wallet,781.75
ORD_007496,credit_card,581.63
ORD_007497,credit_card,142.59
ORD_007498,e_wallet,183.38
ORD_007499,credit_card,606.04
ORD_007500,bank_transfer,125.33
ORD_007501,e_wallet,41.74
ORD_007502,credit_card,331.95
ORD_007503,credit_card,187.53
ORD_007504,credit_card,324.85
ORD_007505,credit_card,239.16
ORD_007506,credit_card,477.63
ORD_007507,e_wallet,84.94
ORD_007508,cod,657.85
ORD_007509,credit_card,22.34
ORD_007510,bank_transfer,79.07
ORD_007511,credit_card,199.09
ORD_007512,credit_card,218.97
ORD_007513,credit_card,344.85
ORD_007514,e_wallet,309.97
ORD_007515,credit_card,433.27
ORD_007516,bank_transfer,477.24
ORD_007517,cod,637.06
ORD_007518,e_wallet,332.08
ORD_007519,credit_card,567.27
ORD_007520,credit_card,120.31
ORD_007521,bank_transfer,580.67
ORD_007522,e_wallet,201.66
ORD_007523,e_wallet,177.95
ORD_007524,cod,61.65
ORD_007525,bank_transfer,71.06
ORD_007526,cod,490.8
ORD_007527,cod,221.23
ORD_007528,e_wallet,654.81
ORD_007529,bank_transfer,752.24
ORD_007530,bank_transfer,178.5
ORD_007531,e_wallet,229.35
ORD_007532,e_wallet,578.38
ORD_007533,e_wallet,82.4
ORD_007534,e_wallet,504.73
ORD_007535,credit_card,687.06
ORD_007536,bank_transfer,181.59
ORD_007537,cod,337.39
ORD_007538,credit_card,389.45
ORD_007539,e_wallet,36.35
ORD_007540,bank_transfer,531.04
ORD_007541,bank_transfer,681.95
ORD_007542,credit_card,727.79
ORD_007543,e_wallet,326.54
ORD_007544,credit_card,428.15
ORD_007545,e_wallet,583.77
ORD_007546,cod,251.82
ORD_007547,credit_card,440.82
ORD_007548,credit_card,328.47
ORD_007549,cod,138.18
ORD_007550,credit_card,597.32
ORD_007551,credit_card,540.99
ORD_007552,e_wallet,447.98
ORD_007553,e_wallet,561.25
ORD_007554,credit_card,785.46
ORD_007555,bank_transfer,666.04
ORD_007556,e_wallet,369.94
ORD_007557,credit_card,633.87
ORD_007558,e_wallet,620.25
ORD_007559,e_wallet,639.9
ORD_007560,e_wallet,437.62
ORD_007561,credit_card,417.31
ORD_007562,credit_card,601.85
ORD_007563,credit_card,91.08
ORD_007564,credit_card,70.1
ORD_007565,cod,146.01
ORD_007566,credit_card,622.58
ORD_007567,e_wallet,124.21
ORD_007568,e_wallet,181.5
ORD_007569,e_wallet,608.71
ORD_007570,credit_card,148.63
ORD_007571,cod,355.43
ORD_007572,e_wallet,286.23
ORD_007573,credit_card,540.89
ORD_007574,bank_transfer,305.32
ORD_007575,credit_card,582.57
ORD_007576,e_wallet,743.61
ORD_007577,e_wallet,691.91
ORD_007578,bank_transfer,308.41
ORD_007579,e_wallet,365.65
ORD_007580,credit_card,217.08
ORD_007581,credit_card,336.9
ORD_007582,credit_card,591.41
ORD_007583,bank_transfer,280.07
ORD_007584,credit_card,792.8
ORD_007585,credit_card,389.82
ORD_007586,e_wallet,170.82
ORD_007587,bank_transfer,695.43
ORD_007588,credit_card,317.48
ORD_007589,cod,642.9
ORD_007590,e_wallet,701.09
ORD_007591,credit_card,752.51
ORD_007592,bank_transfer,229.2
ORD_007593,credit_card,107.49
ORD_007594,e_wallet,173.41
ORD_007595,bank_transfer,96.3
ORD_007596,bank_transfer,328.99
ORD_007597,credit_card,43.83
ORD_007598,bank_transfer,25.91
ORD_007599,credit_card,70.92
ORD_007600,credit_card,469.73
ORD_007601,credit_card,570.13
ORD_007602,credit_card,198.44
ORD_007603,credit_card,124.44
ORD_007604,credit_card,263.47
ORD_007605,bank_transfer,485.65
ORD_007606,e_wallet,47.71
ORD_007607,bank_transfer,339.3
ORD_007608,credit_card,332.21
ORD_007609,bank_transfer,757.73
ORD_007610,e_wallet,663.02
ORD_007611,credit_card,565.66
ORD_007612,e_wallet,341.69
ORD_007613,e_wallet,663.8
ORD_007614,credit_card,312.52
ORD_007615,credit_card,730.1
ORD_007616,e_wallet,269.98
ORD_007617,credit_card,337.31
ORD_007618,bank_transfer,762.37
ORD_007619,cod,206.8
ORD_007620,credit_card,405.8
ORD_007621,credit_card,32.76
ORD_007622,e_wallet,483.7
ORD_007623,e_wallet,191.78
ORD_007624,bank_transfer,472.7
ORD_007625,credit_card,473.09
ORD_007626,bank_transfer,492.74
ORD_007627,bank_transfer,363.69
ORD_007628,credit_card,327.58
ORD_007629,e_wallet,88.15
ORD_007630,e_wallet,163.53
ORD_007631,bank_transfer,135.89
ORD_007632,cod,53.81
ORD_007633,e_wallet,322.94
ORD_007634,credit_card,731.91
ORD_007635,e_wallet,687.1
ORD_007636,credit_card,190.74
ORD_007637,e_wallet,799.39
ORD_007638,credit_card,360.17
ORD_007639,credit_card,235.23
ORD_007640,credit_card,530.67
ORD_007641,e_wallet,729.42
ORD_007642,bank_transfer,651.26
ORD_007643,e_wallet,311.87
ORD_007644,credit_card,433.71
ORD_007645,credit_card,757.46
ORD_007646,e_wallet,577.81
ORD_007647,credit_card,356.24
ORD_007648,bank_transfer,240.17
ORD_007649,bank_transfer,31.28
ORD_007650,bank_transfer,447.41
ORD_007651,credit_card,231.48
ORD_007652,credit_card,204.53
ORD_007653,e_wallet,751.36
ORD_007654,cod,599.79
ORD_007655,e_wallet,649.76
ORD_007656,credit_card,66.68
ORD_007657,credit_card,73.23
ORD_007658,credit_card,686.57
ORD_007659,bank_transfer,533.43
ORD_007660,e_wallet,47.97
ORD_007661,bank_transfer,354.86
ORD_007662,bank_transfer,613.86
ORD_007663,bank_transfer,457.98
ORD_007664,e_wallet,619.04
ORD_007665,bank_transfer,633.9
ORD_007666,e_wallet,100.67
ORD_007667,bank_transfer,480.12
ORD_007668,e_wallet,553.86
ORD_007669,credit_card,727.66
ORD_007670,credit_card,212.24
ORD_007671,e_wallet,651.89
ORD_007672,e_wallet,397.62
ORD_007673,credit_card,581.42
ORD_007674,bank_transfer,456.08
ORD_007675,credit_card,269.52
ORD_007676,e_wallet,366.25
ORD_007677,credit_card,334.4
ORD_007678,bank_transfer,558.91
ORD_007679,bank_transfer,198.24
ORD_007680,e_wallet,593.45
ORD_007681,credit_card,720.49
ORD_007682,e_wallet,788.8
ORD_007683,e_wallet,382.41
ORD_007684,credit_card,625.39
ORD_007685,e_wallet,241.36
ORD_007686,credit_card,56.35
ORD_007687,cod,249.98
ORD_007688,bank_transfer,624.46
ORD_007689,e_wallet,706.89
ORD_007690,credit_card,27.53
ORD_007691,credit_card,464.74
ORD_007692,cod,192.83
ORD_007693,credit_card,733.25
ORD_007694,e_wallet,106.43
ORD_007695,bank_transfer,412.65
ORD_007696,credit_card,523.46
ORD_007697,e_wallet,295.78
ORD_007698,e_wallet,424.45
ORD_007699,credit_card,719.27
ORD_007700,credit_card,332.34
ORD_007701,credit_card,575.49
ORD_007702,cod,148.06
ORD_007703,cod,422.65
ORD_007704,bank_transfer,312.29
ORD_007705,credit_card,658.45
ORD_007706,cod,446.25
ORD_007707,e_wallet,704.67
ORD_007708,e_wallet,791.63
ORD_007709,bank_transfer,403.41
ORD_007710,e_wallet,728.99
ORD_007711,e_wallet,496.78
ORD_007712,bank_transfer,758.25
ORD_007713,cod,142.05
ORD_007714,bank_transfer,240.22
ORD_007715,cod,629.76
ORD_007716,bank_transfer,666.08
ORD_007717,credit_card,494.11
ORD_007718,e_wallet,29.81
ORD_007719,e_wallet,290.11
ORD_007720,e_wallet,456.32
ORD_007721,bank_transfer,439.36
ORD_007722,cod,189.45
ORD_007723,bank_transfer,631.39
ORD_007724,e_wallet,335.68
ORD_007725,credit_card,528.36
ORD_007726,e_wallet,491.97
ORD_007727,e_wallet,700.09
ORD_007728,e_wallet,108.13
ORD_007729,credit_card,64.53
ORD_007730,credit_card,40.23
ORD_007731,e_wallet,570.49
ORD_007732,credit_card,696.16
ORD_007733,cod,225.55
ORD_007734,bank_transfer,268.96
ORD_007735,credit_card,782.25
ORD_007736,e_wallet,558.27
ORD_007737,bank_transfer,553.89
ORD_007738,credit_card,376.38
ORD_007739,bank_transfer,97.08
ORD_007740,credit_card,324.1
ORD_007741,bank_transfer,354.42
ORD_007742,e_wallet,655.14
ORD_007743,bank_transfer,514.69
ORD_007744,credit_card,372.81
ORD_007745,cod,263.86
ORD_007746,e_wallet,250.51
ORD_007747,e_wallet,436.64
ORD_007748,credit_card,656.78
ORD_007749,credit_card,493.25
ORD_007750,e_wallet,47.84
ORD_007751,bank_transfer,107.05
ORD_007752,bank_transfer,260.53
ORD_007753,credit_card,793.64
ORD_007754,bank_transfer,580.4
ORD_007755,bank_transfer,670.79
ORD_007756,credit_card,255.05
ORD_007757,credit_card,31.98
ORD_007758,credit_card,780.99
ORD_007759,e_wallet,22.77
ORD_007760,credit_card,239.9
ORD_007761,credit_card,701.65
ORD_007762,e_wallet,262.67
ORD_007763,credit_card,668.13
ORD_007764,e_wallet,383.26
ORD_007765,bank_transfer,135.13
ORD_007766,credit_card,634.45
ORD_007767,cod,659.41
ORD_007768,e_wallet,171.88
ORD_007769,bank_transfer,436.71
ORD_007770,credit_card,258.38
ORD_007771,credit_card,302.82
ORD_007772,credit_card,124.24
ORD_007773,credit_card,54.16
ORD_007774,bank_transfer,737.33
ORD_007775,credit_card,89.73
ORD_007776,e_wallet,701.08
ORD_007777,e_wallet,207.31
ORD_007778,credit_card,181.76
ORD_007779,bank_transfer,321.34
ORD_007780,bank_transfer,489.42
ORD_007781,bank_transfer,262.1
ORD_007782,credit_card,392.46
ORD_007783,credit_card,172.54
ORD_007784,bank_transfer,136.02
ORD_007785,credit_card,764.18
ORD_007786,e_wallet,279.94
ORD_007787,bank_transfer,537.34
ORD_007788,e_wallet,226.87
ORD_007789,credit_card,82.48
ORD_007790,credit_card,467.71
ORD_007791,bank_transfer,661.37
ORD_007792,credit_card,267.49
ORD_007793,credit_card,330.33
ORD_007794,cod,546.65
ORD_007795,credit_card,372.64
ORD_007796,credit_card,326.69
ORD_007797,e_wallet,31.67
ORD_007798,bank_transfer,320.1
ORD_007799,credit_card,411.32
ORD_007800,credit_card,443.02
ORD_007801,credit_card,477.32
ORD_007802,e_wallet,136.36
ORD_007803,credit_card,204.75
ORD_007804,credit_card,637.55
ORD_007805,credit_card,667.28
ORD_007806,bank_transfer,317.09
ORD_007807,credit_card,739.1
ORD_007808,e_wallet,570.83
ORD_007809,bank_transfer,267.91
ORD_007810,cod,276.58
ORD_007811,credit_card,528.97
ORD_007812,credit_card,164.61
ORD_007813,credit_card,205.58
ORD_007814,credit_card,580.12
ORD_007815,e_wallet,559.01
ORD_007816,e_wallet,788.9
ORD_007817,e_wallet,388.41
ORD_007818,credit_card,280.87
ORD_007819,bank_transfer,579.56
ORD_007820,credit_card,30.32
ORD_007821,credit_card,215.85
ORD_007822,credit_card,753.08
ORD_007823,e_wallet,148.09
ORD_007824,credit_card,664.45
ORD_007825,e_wallet,294.28
ORD_007826,credit_card,220.2
ORD_007827,credit_card,581.35
ORD_007828,cod,775.63
ORD_007829,credit_card,95.05
ORD_007830,cod,706.41
ORD_007831,e_wallet,272.4
ORD_007832,credit_card,758.01
ORD_007833,e_wallet,492.21
ORD_007834,e_wallet,762.69
ORD_007835,e_wallet,646.88
ORD_007836,credit_card,200.72
ORD_007837,credit_card,401.0
ORD_007838,bank_transfer,654.74
ORD_007839,credit_card,69.44
ORD_007840,credit_card,694.41
ORD_007841,bank_transfer,524.32
ORD_007842,e_wallet,568.09
ORD_007843,e_wallet,526.08
ORD_007844,e_wallet,572.55
ORD_007845,e_wallet,687.05
ORD_007846,bank_transfer,342.64
ORD_007847,bank_transfer,49.03
ORD_007848,e_wallet,749.98
ORD_007849,e_wallet,22.08
ORD_007850,credit_card,242.4
ORD_007851,credit_card,526.15
ORD_007852,credit_card,260.27
ORD_007853,bank_transfer,611.67
ORD_007854,cod,796.89
ORD_007855,bank_transfer,110.39
ORD_007856,credit_card,747.28
ORD_007857,credit_card,526.88
ORD_007858,credit_card,625.24
ORD_007859,credit_card,467.81
ORD_007860,credit_card,168.58
ORD_007861,credit_card,755.55
ORD_007862,credit_card,654.57
ORD_007863,e_wallet,196.61
ORD_007864,credit_card,713.51
ORD_007865,credit_card,369.05
ORD_007866,credit_card,734.6
ORD_007867,cod,538.22
ORD_007868,bank_transfer,614.0
ORD_007869,cod,795.38
ORD_007870,bank_transfer,154.44
ORD_007871,bank_transfer,98.38
ORD_007872,e_wallet,692.48
ORD_007873,credit_card,306.18
ORD_007874,bank_transfer,259.04
ORD_007875,bank_transfer,39.11
ORD_007876,bank_transfer,506.62
ORD_007877,cod,631.08
ORD_007878,bank_transfer,41.8
ORD_007879,bank_transfer,599.88
ORD_007880,credit_card,255.29
ORD_007881,e_wallet,193.08
ORD_007882,credit_card,541.06
ORD_007883,cod,62.7
ORD_007884,credit_card,286.34
ORD_007885,bank_transfer,509.65
ORD_007886,e_wallet,793.5
ORD_007887,credit_card,722.19
ORD_007888,e_wallet,624.24
ORD_007889,credit_card,296.82
ORD_007890,e_wallet,440.97
ORD_007891,e_wallet,767.71
ORD_007892,credit_card,464.49
ORD_007893,e_wallet,469.15
ORD_007894,e_wallet,298.22
ORD_007895,bank_transfer,397.23
ORD_007896,e_wallet,448.35
ORD_007897,bank_transfer,30.83
ORD_007898,credit_card,175.79
ORD_007899,e_wallet,100.0
ORD_007900,cod,326.3
ORD_007901,credit_card,240.43
ORD_007902,e_wallet,631.56
ORD_007903,bank_transfer,26.59
ORD_007904,credit_card,186.75
ORD_007905,credit_card,766.8
ORD_007906,bank_transfer,693.68
ORD_007907,cod,780.05
ORD_007908,e_wallet,658.12
ORD_007909,credit_card,124.11
ORD_007910,bank_transfer,197.36
ORD_007911,cod,34.16
ORD_007912,e_wallet,347.06
ORD_007913,credit_card,379.66
ORD_007914,credit_card,567.61
ORD_007915,credit_card,594.21
ORD_007916,cod,750.9
ORD_007917,e_wallet,388.24
ORD_007918,credit_card,58.04
ORD_007919,e_wallet,138.3
ORD_007920,credit_card,268.24
ORD_007921,credit_card,466.93
ORD_007922,bank_transfer,90.81
ORD_007923,e_wallet,158.79
ORD_007924,credit_card,120.85
ORD_007925,credit_card,741.38
ORD_007926,bank_transfer,445.89
ORD_007927,bank_transfer,529.53
ORD_007928,credit_card,679.37
ORD_007929,cod,117.64
ORD_007930,credit_card,299.68
ORD_007931,credit_card,757.4
ORD_007932,credit_card,359.42
ORD_007933,credit_card,182.39
ORD_007934,credit_card,545.13
ORD_007935,cod,791.59
ORD_007936,credit_card,491.54
ORD_007937,credit_card,153.09
ORD_007938,credit_card,374.31
ORD_007939,credit_card,464.29
ORD_007940,credit_card,308.68
ORD_007941,cod,483.29
ORD_007942,credit_card,706.22
ORD_007943,bank_transfer,111.99
ORD_007944,credit_card,525.19
ORD_007945,credit_card,248.62
ORD_007946,cod,615.58
ORD_007947,e_wallet,90.56
ORD_007948,credit_card,418.25
ORD_007949,credit_card,640.66
ORD_007950,cod,670.12
ORD_007951,credit_card,567.77
ORD_007952,credit_card,53.79
ORD_007953,credit_card,384.84
ORD_007954,credit_card,243.49
ORD_007955,credit_card,437.09
ORD_007956,credit_card,698.29
ORD_007957,e_wallet,510.06
ORD_007958,credit_card,257.75
ORD_007959,e_wallet,712.59
ORD_007960,credit_card,361.38
ORD_007961,bank_transfer,726.46
ORD_007962,e_wallet,338.78
ORD_007963,credit_card,350.75
ORD_007964,credit_card,615.03
ORD_007965,credit_card,112.62
ORD_007966,bank_transfer,465.13
ORD_007967,credit_card,138.33
ORD_007968,credit_card,687.07
ORD_007969,bank_transfer,289.36
ORD_007970,credit_card,295.35
ORD_007971,e_wallet,764.41
ORD_007972,e_wallet,777.3
ORD_007973,e_wallet,554.67
ORD_007974,credit_card,634.34
ORD_007975,credit_card,410.81
ORD_007976,credit_card,654.9
ORD_007977,bank_transfer,478.79
ORD_007978,cod,760.23
ORD_007979,credit_card,766.85
ORD_007980,e_wallet,588.5
ORD_007981,credit_card,656.91
ORD_007982,credit_card,417.49
ORD_007983,credit_card,72.41
ORD_007984,bank_transfer,767.19
ORD_007985,credit_card,213.41
ORD_007986,bank_transfer,366.69
ORD_007987,bank_transfer,748.4
ORD_007988,bank_transfer,511.03
ORD_007989,e_wallet,689.29
ORD_007990,cod,683.87
ORD_007991,e_wallet,508.58
ORD_007992,bank_transfer,609.39
ORD_007993,e_wallet,28.93
ORD_007994,credit_card,150.94
ORD_007995,credit_card,795.64
ORD_007996,bank_transfer,285.39
ORD_007997,bank_transfer,197.74
ORD_007998,bank_transfer,432.41
ORD_007999,e_wallet,680.14
ORD_008000,bank_transfer,47.59
ORD_008001,bank_transfer,320.98
ORD_008002,credit_card,482.44
ORD_008003,cod,142.68
ORD_008004,credit_card,340.06
ORD_008005,credit_card,259.9
ORD_008006,credit_card,360.0
ORD_008007,bank_transfer,727.83
ORD_008008,credit_card,627.59
ORD_008009,e_wallet,193.36
ORD_008010,e_wallet,340.65
ORD_008011,credit_card,624.77
ORD_008012,credit_card,217.71
ORD_008013,cod,244.41
ORD_008014,credit_card,601.87
ORD_008015,e_wallet,749.8
ORD_008016,credit_card,272.59
ORD_008017,credit_card,587.53
ORD_008018,e_wallet,784.87
ORD_008019,credit_card,783.48
ORD_008020,cod,733.24
ORD_008021,e_wallet,766.39
ORD_008022,credit_card,609.26
ORD_008023,e_wallet,264.04
ORD_008024,cod,29.76
ORD_008025,credit_card,493.61
ORD_008026,e_wallet,764.63
ORD_008027,cod,619.6
ORD_008028,e_wallet,319.06
ORD_008029,e_wallet,629.13
ORD_008030,credit_card,286.9
ORD_008031,bank_transfer,63.74
ORD_008032,credit_card,543.23
ORD_008033,credit_card,497.5
ORD_008034,bank_transfer,307.66
ORD_008035,cod,443.3
ORD_008036,credit_card,795.19
ORD_008037,bank_transfer,298.43
ORD_008038,bank_transfer,212.08
ORD_008039,credit_card,39.62
ORD_008040,credit_card,507.77
ORD_008041,cod,101.22
ORD_008042,bank_transfer,354.0
ORD_008043,credit_card,696.08
ORD_008044,cod,253.02
ORD_008045,bank_transfer,127.55
ORD_008046,credit_card,766.6
ORD_008047,e_wallet,572.9
ORD_008048,e_wallet,710.04
ORD_008049,bank_transfer,38.6
ORD_008050,credit_card,578.65
ORD_008051,credit_card,687.01
ORD_008052,bank_transfer,413.0
ORD_008053,credit_card,98.53
ORD_008054,credit_card,776.24
ORD_008055,credit_card,21.33
ORD_008056,credit_card,593.4
ORD_008057,e_wallet,764.16
ORD_008058,credit_card,553.82
ORD_008059,credit_card,537.99
ORD_008060,e_wallet,621.59
ORD_008061,e_wallet,331.89
ORD_008062,cod,362.06
ORD_008063,credit_card,123.04
ORD_008064,credit_card,387.59
ORD_008065,credit_card,737.94
ORD_008066,e_wallet,107.17
ORD_008067,bank_transfer,108.43
ORD_008068,bank_transfer,69.46
ORD_008069,credit_card,107.91
ORD_008070,credit_card,774.53
ORD_008071,e_wallet,669.16
ORD_008072,cod,410.64
ORD_008073,cod,316.46
ORD_008074,credit_card,340.19
ORD_008075,bank_transfer,461.2
ORD_008076,bank_transfer,756.43
ORD_008077,bank_transfer,498.55
ORD_008078,e_wallet,712.99
ORD_008079,credit_card,705.06
ORD_008080,e_wallet,388.0
ORD_008081,credit_card,165.91
ORD_008082,cod,424.37
ORD_008083,e_wallet,735.18
ORD_008084,bank_transfer,643.54
ORD_008085,e_wallet,785.95
ORD_008086,bank_transfer,85.5
ORD_008087,cod,236.51
ORD_008088,e_wallet,675.43
ORD_008089,cod,652.67
ORD_008090,bank_transfer,607.03
ORD_008091,credit_card,569.58
ORD_008092,bank_transfer,140.24
ORD_008093,credit_card,378.09
ORD_008094,e_wallet,724.96
ORD_008095,credit_card,304.65
ORD_008096,e_wallet,290.39
ORD_008097,e_wallet,364.2
ORD_008098,e_wallet,307.75
ORD_008099,credit_card,406.76
ORD_008100,bank_transfer,747.95
ORD_008101,e_wallet,432.1
ORD_008102,e_wallet,667.34
ORD_008103,e_wallet,320.63
ORD_008104,e_wallet,420.85
ORD_008105,credit_card,246.94
ORD_008106,credit_card,584.0
ORD_008107,cod,482.06
ORD_008108,cod,355.65
ORD_008109,credit_card,591.85
ORD_008110,credit_card,383.14
ORD_008111,credit_card,508.36
ORD_008112,e_wallet,241.32
ORD_008113,credit_card,439.7
ORD_008114,credit_card,788.8
ORD_008115,e_wallet,540.09
ORD_008116,e_wallet,60.14
ORD_008117,bank_transfer,220.9
ORD_008118,bank_transfer,315.14
ORD_008119,cod,312.14
ORD_008120,bank_transfer,292.88
ORD_008121,cod,554.52
ORD_008122,bank_transfer,684.71
ORD_008123,credit_card,605.63
ORD_008124,bank_transfer,587.4
ORD_008125,credit_card,160.93
ORD_008126,credit_card,633.81
ORD_008127,e_wallet,268.59
ORD_008128,e_wallet,599.11
ORD_008129,bank_transfer,643.35
ORD_008130,credit_card,739.03
ORD_008131,credit_card,62.0
ORD_008132,credit_card,288.62
ORD_008133,e_wallet,30.29
ORD_008134,credit_card,483.68
ORD_008135,e_wallet,459.65
ORD_008136,e_wallet,533.19
ORD_008137,credit_card,325.26
ORD_008138,e_wallet,171.2
ORD_008139,credit_card,370.47
ORD_008140,credit_card,95.71
ORD_008141,credit_card,121.36
ORD_008142,credit_card,236.19
ORD_008143,e_wallet,170.84
ORD_008144,e_wallet,61.18
ORD_008145,e_wallet,196.34
ORD_008146,e_wallet,421.44
ORD_008147,bank_transfer,762.54
ORD_008148,credit_card,419.27
ORD_008149,e_wallet,635.23
ORD_008150,credit_card,382.9
ORD_008151,e_wallet,284.18
ORD_008152,e_wallet,263.59
ORD_008153,e_wallet,117.0
ORD_008154,e_wallet,370.97
ORD_008155,e_wallet,225.7
ORD_008156,credit_card,569.61
ORD_008157,credit_card,27.57
ORD_008158,credit_card,612.36
ORD_008159,cod,485.25
ORD_008160,credit_card,143.8
ORD_008161,credit_card,539.68
ORD_008162,credit_card,101.75
ORD_008163,bank_transfer,626.9
ORD_008164,credit_card,503.71
ORD_008165,e_wallet,228.14
ORD_008166,bank_transfer,241.23
ORD_008167,bank_transfer,499.83
ORD_008168,credit_card,382.24
ORD_008169,e_wallet,145.79
ORD_008170,credit_card,119.17
ORD_008171,credit_card,388.47
ORD_008172,e_wallet,77.68
ORD_008173,cod,778.19
ORD_008174,e_wallet,461.27
ORD_008175,e_wallet,397.61
ORD_008176,bank_transfer,743.27
ORD_008177,credit_card,477.43
ORD_008178,e_wallet,254.92
ORD_008179,e_wallet,486.64
ORD_008180,bank_transfer,551.06
ORD_008181,credit_card,211.85
ORD_008182,e_wallet,277.69
ORD_008183,credit_card,186.54
ORD_008184,credit_card,326.55
ORD_008185,e_wallet,259.06
ORD_008186,e_wallet,107.36
ORD_008187,e_wallet,256.43
ORD_008188,e_wallet,346.98
ORD_008189,cod,343.01
ORD_008190,credit_card,497.05
ORD_008191,credit_card,363.0
ORD_008192,credit_card,360.93
ORD_008193,e_wallet,473.78
ORD_008194,e_wallet,650.61
ORD_008195,e_wallet,644.8
ORD_008196,bank_transfer,614.63
ORD_008197,credit_card,184.21
ORD_008198,e_wallet,533.0
ORD_008199,credit_card,197.46
ORD_008200,e_wallet,157.37
ORD_008201,cod,699.57
ORD_008202,e_wallet,657.76
ORD_008203,bank_transfer,255.74
ORD_008204,credit_card,302.84
ORD_008205,credit_card,20.83
ORD_008206,e_wallet,298.55
ORD_008207,bank_transfer,514.56
ORD_008208,credit_card,751.5
ORD_008209,credit_card,360.1
ORD_008210,e_wallet,478.47
ORD_008211,credit_card,382.38
ORD_008212,bank_transfer,251.92
ORD_008213,bank_transfer,279.44
ORD_008214,bank_transfer,486.3
ORD_008215,e_wallet,614.61
ORD_008216,e_wallet,502.2
ORD_008217,e_wallet,245.38
ORD_008218,e_wallet,554.41
ORD_008219,credit_card,615.45
ORD_008220,credit_card,624.46
ORD_008221,credit_card,297.49
ORD_008222,credit_card,262.81
ORD_008223,e_wallet,602.9
ORD_008224,credit_card,526.11
ORD_008225,credit_card,93.82
ORD_008226,e_wallet,40.95
ORD_008227,credit_card,438.98
ORD_008228,cod,399.63
ORD_008229,credit_card,481.35
ORD_008230,e_wallet,723.59
ORD_008231,cod,438.05
ORD_008232,e_wallet,325.45
ORD_008233,credit_card,47.29
ORD_008234,credit_card,721.35
ORD_008235,credit_card,328.83
ORD_008236,e_wallet,343.43
ORD_008237,cod,672.3
ORD_008238,e_wallet,526.61
ORD_008239,credit_card,177.45
ORD_008240,cod,457.5
ORD_008241,credit_card,546.44
ORD_008242,e_wallet,339.12
ORD_008243,credit_card,27.85
ORD_008244,cod,229.73
ORD_008245,e_wallet,224.74
ORD_008246,e_wallet,344.55
ORD_008247,credit_card,534.43
ORD_008248,credit_card,619.41
ORD_008249,e_wallet,243.49
ORD_008250,credit_card,448.36
ORD_008251,credit_card,736.97
ORD_008252,bank_transfer,566.32
ORD_008253,bank_transfer,777.53
ORD_008254,e_wallet,504.48
ORD_008255,e_wallet,81.5
ORD_008256,credit_card,764.15
ORD_008257,e_wallet,274.42
ORD_008258,cod,737.77
ORD_008259,cod,505.75
ORD_008260,credit_card,351.44
ORD_008261,cod,599.1
ORD_008262,e_wallet,368.47
ORD_008263,e_wallet,157.03
ORD_008264,bank_transfer,208.79
ORD_008265,bank_transfer,100.53
ORD_008266,credit_card,600.92
ORD_008267,cod,539.88
ORD_008268,credit_card,729.89
ORD_008269,credit_card,534.33
ORD_008270,credit_card,752.1
ORD_008271,bank_transfer,59.83
ORD_008272,credit_card,262.18
ORD_008273,bank_transfer,408.79
ORD_008274,credit_card,297.45
ORD_008275,cod,725.09
ORD_008276,cod,712.96
ORD_008277,e_wallet,38.8
ORD_008278,credit_card,628.89
ORD_008279,bank_transfer,559.98
ORD_008280,credit_card,591.0
ORD_008281,cod,272.68
ORD_008282,credit_card,594.49
ORD_008283,credit_card,660.35
ORD_008284,bank_transfer,186.94
ORD_008285,credit_card,163.04
ORD_008286,credit_card,57.75
ORD_008287,e_wallet,587.59
ORD_008288,credit_card,475.79
ORD_008289,credit_card,210.34
ORD_008290,cod,49.83
ORD_008291,credit_card,390.15
ORD_008292,credit_card,117.64
ORD_008293,e_wallet,539.65
ORD_008294,e_wallet,486.71
ORD_008295,credit_card,602.66
ORD_008296,e_wallet,637.77
ORD_008297,cod,626.85
ORD_008298,e_wallet,602.27
ORD_008299,credit_card,130.09
ORD_008300,credit_card,588.36
ORD_008301,credit_card,74.39
ORD_008302,credit_card,306.16
ORD_008303,e_wallet,292.53
ORD_008304,bank_transfer,470.46
ORD_008305,credit_card,623.85
ORD_008306,bank_transfer,638.72
ORD_008307,e_wallet,768.32
ORD_008308,e_wallet,60.5
ORD_008309,e_wallet,143.09
ORD_008310,e_wallet,373.88
ORD_008311,bank_transfer,107.71
ORD_008312,e_wallet,346.0
ORD_008313,credit_card,179.49
ORD_008314,credit_card,612.03
ORD_008315,cod,333.58
ORD_008316,cod,230.42
ORD_008317,credit_card,512.1
ORD_008318,e_wallet,357.83
ORD_008319,credit_card,323.69
ORD_008320,e_wallet,702.1
ORD_008321,e_wallet,770.11
ORD_008322,credit_card,764.22
ORD_008323,credit_card,485.59
ORD_008324,cod,527.39
ORD_008325,credit_card,179.08
ORD_008326,bank_transfer,750.92
ORD_008327,bank_transfer,781.06
ORD_008328,e_wallet,68.67
ORD_008329,credit_card,445.93
ORD_008330,credit_card,742.57
ORD_008331,bank_transfer,163.97
ORD_008332,bank_transfer,667.43
ORD_008333,e_wallet,678.29
ORD_008334,bank_transfer,438.9
ORD_008335,credit_card,365.22
ORD_008336,credit_card,86.73
ORD_008337,credit_card,417.73
ORD_008338,cod,45.49
ORD_008339,bank_transfer,562.93
ORD_008340,e_wallet,257.55
ORD_008341,bank_transfer,798.0
ORD_008342,bank_transfer,98.07
ORD_008343,credit_card,345.31
ORD_008344,cod,75.4
ORD_008345,credit_card,443.11
ORD_008346,bank_transfer,177.18
ORD_008347,credit_card,675.53
ORD_008348,e_wallet,24.59
ORD_008349,e_wallet,469.0
ORD_008350,credit_card,749.03
ORD_008351,credit_card,608.59
ORD_008352,e_wallet,201.45
ORD_008353,credit_card,218.05
ORD_008354,credit_card,144.47
ORD_008355,e_wallet,485.78
ORD_008356,credit_card,444.21
ORD_008357,e_wallet,355.08
ORD_008358,credit_card,27.24
ORD_008359,bank_transfer,736.33
ORD_008360,credit_card,78.26
ORD_008361,cod,227.63
ORD_008362,e_wallet,615.04
ORD_008363,bank_transfer,686.49
ORD_008364,e_wallet,734.96
ORD_008365,credit_card,241.6
ORD_008366,credit_card,613.63
ORD_008367,cod,765.21
ORD_008368,cod,380.31
ORD_008369,bank_transfer,286.81
ORD_008370,bank_transfer,287.13
ORD_008371,bank_transfer,664.63
ORD_008372,credit_card,346.09
ORD_008373,cod,527.06
ORD_008374,bank_transfer,489.75
ORD_008375,bank_transfer,708.74
ORD_008376,credit_card,479.06
ORD_008377,cod,340.12
ORD_008378,credit_card,253.93
ORD_008379,e_wallet,310.95
ORD_008380,bank_transfer,333.17
ORD_008381,credit_card,479.32
ORD_008382,credit_card,327.14
ORD_008383,credit_card,344.32
ORD_008384,credit_card,280.1
ORD_008385,cod,683.77
ORD_008386,credit_card,669.46
ORD_008387,bank_transfer,611.22
ORD_008388,credit_card,526.22
ORD_008389,e_wallet,336.56
ORD_008390,credit_card,142.58
ORD_008391,credit_card,474.86
ORD_008392,cod,720.76
ORD_008393,credit_card,41.72
ORD_008394,credit_card,112.09
ORD_008395,e_wallet,695.83
ORD_008396,bank_transfer,119.21
ORD_008397,credit_card,309.52
ORD_008398,e_wallet,749.77
ORD_008399,credit_card,309.78
ORD_008400,cod,776.44
ORD_008401,bank_transfer,475.65
ORD_008402,bank_transfer,562.0
ORD_008403,e_wallet,45.28
ORD_008404,credit_card,298.6
ORD_008405,credit_card,772.41
ORD_008406,bank_transfer,661.03
ORD_008407,credit_card,590.81
ORD_008408,credit_card,764.45
ORD_008409,e_wallet,248.22
ORD_008410,e_wallet,715.41
ORD_008411,e_wallet,528.27
ORD_008412,cod,210.36
ORD_008413,credit_card,366.04
ORD_008414,bank_transfer,708.27
ORD_008415,cod,134.3
ORD_008416,e_wallet,267.57
ORD_008417,cod,758.78
ORD_008418,cod,109.47
ORD_008419,bank_transfer,652.19
ORD_008420,bank_transfer,294.5
ORD_008421,bank_transfer,75.54
ORD_008422,bank_transfer,433.92
ORD_008423,credit_card,477.48
ORD_008424,cod,426.8
ORD_008425,cod,363.14
ORD_008426,e_wallet,101.52
ORD_008427,bank_transfer,426.78
ORD_008428,credit_card,379.45
ORD_008429,credit_card,786.59
ORD_008430,e_wallet,114.64
ORD_008431,e_wallet,395.19
ORD_008432,cod,554.93
ORD_008433,e_wallet,746.42
ORD_008434,e_wallet,149.06
ORD_008435,bank_transfer,568.19
ORD_008436,e_wallet,576.04
ORD_008437,e_wallet,78.31
ORD_008438,e_wallet,82.29
ORD_008439,bank_transfer,782.19
ORD_008440,e_wallet,290.57
ORD_008441,e_wallet,79.35
ORD_008442,credit_card,488.59
ORD_008443,credit_card,515.82
ORD_008444,credit_card,640.35
ORD_008445,credit_card,449.09
ORD_008446,e_wallet,581.15
ORD_008447,bank_transfer,145.99
ORD_008448,credit_card,52.24
ORD_008449,e_wallet,551.29
ORD_008450,bank_transfer,85.93
ORD_008451,credit_card,63.73
ORD_008452,cod,734.37
ORD_008453,bank_transfer,721.74
ORD_008454,cod,187.53
ORD_008455,e_wallet,530.68
ORD_008456,credit_card,634.67
ORD_008457,bank_transfer,635.21
ORD_008458,cod,133.13
ORD_008459,cod,108.2
ORD_008460,cod,742.58
ORD_008461,e_wallet,522.58
ORD_008462,bank_transfer,627.75
ORD_008463,credit_card,520.39
ORD_008464,e_wallet,166.2
ORD_008465,credit_card,125.45
ORD_008466,credit_card,116.37
ORD_008467,bank_transfer,267.93
ORD_008468,credit_card,161.43
ORD_008469,credit_card,277.71
ORD_008470,cod,29.38
ORD_008471,credit_card,136.23
ORD_008472,credit_card,737.18
ORD_008473,cod,255.49
ORD_008474,e_wallet,118.08
ORD_008475,cod,276.9
ORD_008476,credit_card,636.46
ORD_008477,credit_card,746.37
ORD_008478,credit_card,477.56
ORD_008479,credit_card,529.52
ORD_008480,e_wallet,85.54
ORD_008481,e_wallet,62.84
ORD_008482,credit_card,222.74
ORD_008483,e_wallet,252.28
ORD_008484,credit_card,120.13
ORD_008485,e_wallet,149.0
ORD_008486,credit_card,490.27
ORD_008487,credit_card,48.53
ORD_008488,e_wallet,623.23
ORD_008489,e_wallet,661.89
ORD_008490,credit_card,191.1
ORD_008491,credit_card,66.35
ORD_008492,credit_card,460.73
ORD_008493,cod,340.96
ORD_008494,cod,564.98
ORD_008495,credit_card,392.35
ORD_008496,cod,147.24
ORD_008497,credit_card,737.83
ORD_008498,credit_card,253.78
ORD_008499,credit_card,352.44
ORD_008500,cod,543.21
ORD_008501,credit_card,125.34
ORD_008502,e_wallet,293.87
ORD_008503,e_wallet,663.78
ORD_008504,cod,519.59
ORD_008505,e_wallet,740.81
ORD_008506,cod,110.8
ORD_008507,credit_card,30.5
ORD_008508,cod,83.09
ORD_008509,credit_card,27.29
ORD_008510,bank_transfer,358.31
ORD_008511,credit_card,687.48
ORD_008512,credit_card,597.6
ORD_008513,e_wallet,793.29
ORD_008514,e_wallet,358.52
ORD_008515,bank_transfer,497.71
ORD_008516,credit_card,163.11
ORD_008517,credit_card,446.33
ORD_008518,credit_card,66.57
ORD_008519,cod,319.77
ORD_008520,bank_transfer,273.25
ORD_008521,bank_transfer,38.72
ORD_008522,e_wallet,226.23
ORD_008523,e_wallet,666.02
ORD_008524,cod,228.75
ORD_008525,e_wallet,392.05
ORD_008526,e_wallet,595.1
ORD_008527,credit_card,337.86
ORD_008528,e_wallet,507.93
ORD_008529,e_wallet,563.04
ORD_008530,e_wallet,594.07
ORD_008531,cod,341.6
ORD_008532,credit_card,346.08
ORD_008533,credit_card,516.22
ORD_008534,bank_transfer,496.97
ORD_008535,cod,723.1
ORD_008536,e_wallet,480.15
ORD_008537,bank_transfer,681.99
ORD_008538,bank_transfer,324.4
ORD_008539,e_wallet,494.26
ORD_008540,e_wallet,494.1
ORD_008541,cod,731.36
ORD_008542,credit_card,126.59
ORD_008543,credit_card,481.37
ORD_008544,credit_card,734.87
ORD_008545,credit_card,310.78
ORD_008546,e_wallet,620.5
ORD_008547,bank_transfer,385.78
ORD_008548,credit_card,106.01
ORD_008549,e_wallet,254.98
ORD_008550,cod,222.75
ORD_008551,bank_transfer,31.11
ORD_008552,bank_transfer,777.44
ORD_008553,credit_card,769.48
ORD_008554,bank_transfer,145.89
ORD_008555,bank_transfer,27.47
ORD_008556,e_wallet,611.18
ORD_008557,credit_card,24.7
ORD_008558,e_wallet,104.12
ORD_008559,credit_card,703.51
ORD_008560,credit_card,608.45
ORD_008561,e_wallet,614.78
ORD_008562,e_wallet,313.76
ORD_008563,e_wallet,64.0
ORD_008564,bank_transfer,140.1
ORD_008565,bank_transfer,121.22
ORD_008566,credit_card,493.04
ORD_008567,credit_card,248.67
ORD_008568,bank_transfer,351.2
ORD_008569,credit_card,270.71
ORD_008570,e_wallet,212.9
ORD_008571,e_wallet,289.55
ORD_008572,bank_transfer,660.38
ORD_008573,credit_card,188.16
ORD_008574,e_wallet,497.67
ORD_008575,bank_transfer,367.06
ORD_008576,credit_card,683.73
ORD_008577,credit_card,705.91
ORD_008578,cod,649.4
ORD_008579,e_wallet,678.11
ORD_008580,e_wallet,643.27
ORD_008581,cod,198.21
ORD_008582,e_wallet,364.6
ORD_008583,credit_card,772.57
ORD_008584,bank_transfer,734.19
ORD_008585,bank_transfer,755.03
ORD_008586,credit_card,648.9
ORD_008587,credit_card,413.78
ORD_008588,credit_card,182.26
ORD_008589,bank_transfer,83.0
ORD_008590,credit_card,422.83
ORD_008591,credit_card,756.16
ORD_008592,bank_transfer,93.38
ORD_008593,bank_transfer,79.35
ORD_008594,credit_card,337.63
ORD_008595,bank_transfer,349.25
ORD_008596,cod,24.58
ORD_008597,bank_transfer,562.5
ORD_008598,e_wallet,236.28
ORD_008599,bank_transfer,40.94
ORD_008600,credit_card,323.16
ORD_008601,cod,255.97
ORD_008602,e_wallet,90.74
ORD_008603,e_wallet,419.88
ORD_008604,e_wallet,420.3
ORD_008605,credit_card,43.58
ORD_008606,credit_card,520.9
ORD_008607,e_wallet,451.3
ORD_008608,credit_card,754.12
ORD_008609,credit_card,725.55
ORD_008610,credit_card,52.82
ORD_008611,bank_transfer,93.83
ORD_008612,credit_card,508.83
ORD_008613,e_wallet,521.76
ORD_008614,e_wallet,202.52
ORD_008615,credit_card,219.7
ORD_008616,credit_card,301.74
ORD_008617,e_wallet,178.64
ORD_008618,credit_card,445.84
ORD_008619,credit_card,459.43
ORD_008620,bank_transfer,262.74
ORD_008621,credit_card,309.69
ORD_008622,e_wallet,792.45
ORD_008623,bank_transfer,294.61
ORD_008624,credit_card,694.05
ORD_008625,e_wallet,622.01
ORD_008626,credit_card,724.49
ORD_008627,credit_card,723.25
ORD_008628,credit_card,297.9
ORD_008629,bank_transfer,667.36
ORD_008630,e_wallet,241.58
ORD_008631,credit_card,779.75
ORD_008632,bank_transfer,46.2
ORD_008633,e_wallet,641.18
ORD_008634,bank_transfer,515.9
ORD_008635,e_wallet,345.0
ORD_008636,bank_transfer,613.71
ORD_008637,bank_transfer,221.28
ORD_008638,credit_card,90.18
ORD_008639,credit_card,123.33
ORD_008640,bank_transfer,136.95
ORD_008641,cod,347.29
ORD_008642,credit_card,120.5
ORD_008643,bank_transfer,626.52
ORD_008644,e_wallet,791.88
ORD_008645,credit_card,98.34
ORD_008646,credit_card,215.0
ORD_008647,cod,400.39
ORD_008648,credit_card,551.34
ORD_008649,bank_transfer,731.8
ORD_008650,credit_card,368.56
ORD_008651,bank_transfer,659.39
ORD_008652,e_wallet,164.43
ORD_008653,bank_transfer,550.98
ORD_008654,e_wallet,223.0
ORD_008655,cod,438.17
ORD_008656,credit_card,330.8
ORD_008657,bank_transfer,265.17
ORD_008658,credit_card,471.22
ORD_008659,cod,125.05
ORD_008660,e_wallet,453.58
ORD_008661,credit_card,664.25
ORD_008662,credit_card,325.63
ORD_008663,e_wallet,293.68
ORD_008664,credit_card,20.16
ORD_008665,e_wallet,186.85
ORD_008666,credit_card,164.78
ORD_008667,bank_transfer,522.73
ORD_008668,bank_transfer,47.68
ORD_008669,cod,117.1
ORD_008670,credit_card,562.78
ORD_008671,cod,182.83
ORD_008672,e_wallet,45.47
ORD_008673,credit_card,700.5
ORD_008674,e_wallet,181.29
ORD_008675,cod,589.69
ORD_008676,credit_card,659.24
ORD_008677,credit_card,78.17
ORD_008678,e_wallet,125.29
ORD_008679,bank_transfer,264.09
ORD_008680,credit_card,218.45
ORD_008681,e_wallet,159.3
ORD_008682,credit_card,357.64
ORD_008683,e_wallet,702.53
ORD_008684,credit_card,511.41
ORD_008685,e_wallet,620.05
ORD_008686,e_wallet,100.5
ORD_008687,bank_transfer,758.18
ORD_008688,credit_card,571.23
ORD_008689,credit_card,20.96
ORD_008690,credit_card,136.0
ORD_008691,credit_card,600.42
ORD_008692,bank_transfer,347.97
ORD_008693,credit_card,251.78
ORD_008694,credit_card,754.18
ORD_008695,e_wallet,535.4
ORD_008696,credit_card,454.55
ORD_008697,bank_transfer,739.81
ORD_008698,e_wallet,703.39
ORD_008699,cod,24.36
ORD_008700,credit_card,255.77
ORD_008701,credit_card,436.58
ORD_008702,bank_transfer,65.62
ORD_008703,credit_card,599.76
ORD_008704,bank_transfer,127.18
ORD_008705,e_wallet,441.14
ORD_008706,cod,774.92
ORD_008707,e_wallet,583.62
ORD_008708,credit_card,666.88
ORD_008709,e_wallet,628.74
ORD_008710,e_wallet,41.71
ORD_008711,e_wallet,294.31
ORD_008712,credit_card,393.61
ORD_008713,credit_card,758.6
ORD_008714,bank_transfer,313.96
ORD_008715,e_wallet,179.98
ORD_008716,credit_card,730.11
ORD_008717,e_wallet,729.13
ORD_008718,credit_card,352.42
ORD_008719,credit_card,229.13
ORD_008720,credit_card,216.39
ORD_008721,credit_card,730.41
ORD_008722,e_wallet,602.13
ORD_008723,credit_card,743.25
ORD_008724,e_wallet,646.81
ORD_008725,credit_card,579.59
ORD_008726,cod,581.83
ORD_008727,credit_card,284.09
ORD_008728,bank_transfer,703.54
ORD_008729,e_wallet,770.32
ORD_008730,cod,332.06
ORD_008731,e_wallet,380.75
ORD_008732,e_wallet,236.97
ORD_008733,e_wallet,519.77
ORD_008734,credit_card,530.48
ORD_008735,credit_card,247.43
ORD_008736,cod,135.56
ORD_008737,e_wallet,776.28
ORD_008738,credit_card,585.36
ORD_008739,credit_card,46.28
ORD_008740,bank_transfer,721.52
ORD_008741,e_wallet,735.41
ORD_008742,credit_card,293.62
ORD_008743,e_wallet,602.56
ORD_008744,e_wallet,582.43
ORD_008745,e_wallet,613.65
ORD_008746,credit_card,449.96
ORD_008747,credit_card,64.07
ORD_008748,e_wallet,799.36
ORD_008749,bank_transfer,27.35
ORD_008750,credit_card,500.24
ORD_008751,bank_transfer,698.69
ORD_008752,credit_card,112.5
ORD_008753,credit_card,505.71
ORD_008754,e_wallet,251.54
ORD_008755,bank_transfer,587.01
ORD_008756,credit_card,718.46
ORD_008757,credit_card,403.93
ORD_008758,bank_transfer,184.91
ORD_008759,credit_card,367.42
ORD_008760,e_wallet,526.95
ORD_008761,bank_transfer,28.56
ORD_008762,credit_card,85.44
ORD_008763,cod,514.54
ORD_008764,credit_card,470.35
ORD_008765,bank_transfer,700.85
ORD_008766,e_wallet,696.27
ORD_008767,cod,213.83
ORD_008768,credit_card,706.95
ORD_008769,credit_card,38.66
ORD_008770,credit_card,135.75
ORD_008771,e_wallet,451.37
ORD_008772,credit_card,438.59
ORD_008773,credit_card,771.6
ORD_008774,credit_card,787.24
ORD_008775,e_wallet,539.03
ORD_008776,e_wallet,75.31
ORD_008777,credit_card,677.26
ORD_008778,credit_card,796.9
ORD_008779,credit_card,21.34
ORD_008780,credit_card,195.74
ORD_008781,e_wallet,486.38
ORD_008782,credit_card,519.61
ORD_008783,cod,421.68
ORD_008784,bank_transfer,365.71
ORD_008785,credit_card,163.11
ORD_008786,e_wallet,499.89
ORD_008787,cod,506.27
ORD_008788,credit_card,350.62
ORD_008789,bank_transfer,716.01
ORD_008790,credit_card,406.9
ORD_008791,credit_card,467.79
ORD_008792,credit_card,240.01
ORD_008793,cod,257.53
ORD_008794,credit_card,782.02
ORD_008795,e_wallet,659.55
ORD_008796,bank_transfer,328.49
ORD_008797,credit_card,187.09
ORD_008798,credit_card,304.29
ORD_008799,credit_card,506.83
ORD_008800,credit_card,367.59
ORD_008801,e_wallet,661.31
ORD_008802,e_wallet,372.38
ORD_008803,credit_card,390.22
ORD_008804,e_wallet,516.69
ORD_008805,e_wallet,114.38
ORD_008806,credit_card,769.32
ORD_008807,credit_card,586.2
ORD_008808,cod,292.56
ORD_008809,credit_card,750.19
ORD_008810,credit_card,383.31
ORD_008811,e_wallet,729.08
ORD_008812,credit_card,360.72
ORD_008813,bank_transfer,501.56
ORD_008814,credit_card,608.21
ORD_008815,credit_card,578.58
ORD_008816,credit_card,677.85
ORD_008817,e_wallet,393.73
ORD_008818,e_wallet,274.39
ORD_008819,cod,31.82
ORD_008820,credit_card,406.16
ORD_008821,e_wallet,576.41
ORD_008822,credit_card,204.23
ORD_008823,bank_transfer,122.78
ORD_008824,credit_card,237.59
ORD_008825,credit_card,774.72
ORD_008826,e_wallet,533.46
ORD_008827,e_wallet,716.37
ORD_008828,bank_transfer,143.64
ORD_008829,e_wallet,681.33
ORD_008830,credit_card,445.24
ORD_008831,cod,618.29
ORD_008832,credit_card,355.51
ORD_008833,e_wallet,204.63
ORD_008834,bank_transfer,319.02
ORD_008835,credit_card,72.01
ORD_008836,credit_card,500.33
ORD_008837,e_wallet,558.0
ORD_008838,credit_card,413.56
ORD_008839,credit_card,410.51
ORD_008840,credit_card,24.74
ORD_008841,credit_card,540.54
ORD_008842,e_wallet,495.16
ORD_008843,credit_card,496.31
ORD_008844,bank_transfer,230.15
ORD_008845,cod,180.22
ORD_008846,credit_card,444.97
ORD_008847,e_wallet,22.79
ORD_008848,bank_transfer,571.66
ORD_008849,credit_card,46.31
ORD_008850,bank_transfer,50.25
ORD_008851,credit_card,678.28
ORD_008852,credit_card,594.87
ORD_008853,credit_card,761.55
ORD_008854,cod,109.43
ORD_008855,credit_card,421.01
ORD_008856,credit_card,761.34
ORD_008857,credit_card,375.65
ORD_008858,credit_card,585.74
ORD_008859,bank_transfer,451.26
ORD_008860,credit_card,579.41
ORD_008861,cod,245.11
ORD_008862,credit_card,562.02
ORD_008863,credit_card,191.79
ORD_008864,bank_transfer,446.64
ORD_008865,cod,701.11
ORD_008866,e_wallet,99.09
ORD_008867,e_wallet,794.21
ORD_008868,e_wallet,422.18
ORD_008869,bank_transfer,570.79
ORD_008870,bank_transfer,714.82
ORD_008871,credit_card,571.9
ORD_008872,credit_card,86.32
ORD_008873,credit_card,250.76
ORD_008874,cod,81.18
ORD_008875,credit_card,572.04
ORD_008876,credit_card,173.7
ORD_008877,e_wallet,276.82
ORD_008878,bank_transfer,294.62
ORD_008879,bank_transfer,644.06
ORD_008880,credit_card,269.79
ORD_008881,cod,755.82
ORD_008882,credit_card,37.2
ORD_008883,credit_card,196.0
ORD_008884,cod,484.9
ORD_008885,credit_card,754.06
ORD_008886,e_wallet,788.57
ORD_008887,credit_card,737.03
ORD_008888,credit_card,576.05
ORD_008889,bank_transfer,167.67
ORD_008890,e_wallet,283.82
ORD_008891,credit_card,693.48
ORD_008892,e_wallet,597.04
ORD_008893,credit_card,393.92
ORD_008894,bank_transfer,200.65
ORD_008895,bank_transfer,314.79
ORD_008896,bank_transfer,199.03
ORD_008897,credit_card,80.66
ORD_008898,e_wallet,67.15
ORD_008899,credit_card,473.57
ORD_008900,credit_card,183.1
ORD_008901,credit_card,62.23
ORD_008902,bank_transfer,377.84
ORD_008903,bank_transfer,226.31
ORD_008904,credit_card,593.74
ORD_008905,bank_transfer,769.5
ORD_008906,e_wallet,589.11
ORD_008907,credit_card,720.71
ORD_008908,credit_card,553.69
ORD_008909,cod,488.68
ORD_008910,credit_card,710.35
ORD_008911,credit_card,391.58
ORD_008912,credit_card,622.2
ORD_008913,e_wallet,128.44
ORD_008914,e_wallet,286.42
ORD_008915,bank_transfer,229.67
ORD_008916,e_wallet,96.8
ORD_008917,credit_card,550.94
ORD_008918,cod,29.07
ORD_008919,bank_transfer,668.93
ORD_008920,credit_card,599.54
ORD_008921,e_wallet,654.69
ORD_008922,cod,380.0
ORD_008923,e_wallet,384.86
ORD_008924,credit_card,429.47
ORD_008925,e_wallet,689.45
ORD_008926,credit_card,761.27
ORD_008927,credit_card,119.31
ORD_008928,credit_card,465.32
ORD_008929,bank_transfer,520.6
ORD_008930,credit_card,314.14
ORD_008931,e_wallet,464.98
ORD_008932,credit_card,422.01
ORD_008933,bank_transfer,665.87
ORD_008934,bank_transfer,192.86
ORD_008935,e_wallet,514.62
ORD_008936,e_wallet,483.93
ORD_008937,bank_transfer,748.11
ORD_008938,e_wallet,462.65
ORD_008939,cod,256.81
ORD_008940,cod,169.63
ORD_008941,e_wallet,613.14
ORD_008942,bank_transfer,582.19
ORD_008943,e_wallet,111.48
ORD_008944,credit_card,584.92
ORD_008945,cod,673.79
ORD_008946,bank_transfer,542.84
ORD_008947,e_wallet,513.02
ORD_008948,e_wallet,286.33
ORD_008949,bank_transfer,764.31
ORD_008950,credit_card,613.66
ORD_008951,e_wallet,148.34
ORD_008952,e_wallet,544.66
ORD_008953,e_wallet,337.9
ORD_008954,e_wallet,415.6
ORD_008955,credit_card,485.55
ORD_008956,bank_transfer,338.29
ORD_008957,e_wallet,140.53
ORD_008958,e_wallet,784.78
ORD_008959,e_wallet,127.01
ORD_008960,bank_transfer,340.89
ORD_008961,credit_card,790.68
ORD_008962,credit_card,330.47
ORD_008963,credit_card,509.11
ORD_008964,credit_card,624.38
ORD_008965,credit_card,148.06
ORD_008966,credit_card,508.93
ORD_008967,e_wallet,779.46
ORD_008968,credit_card,122.72
ORD_008969,cod,190.94
ORD_008970,bank_transfer,656.81
ORD_008971,cod,45.79
ORD_008972,bank_transfer,139.07
ORD_008973,bank_transfer,707.02
ORD_008974,bank_transfer,382.66
ORD_008975,e_wallet,168.67
ORD_008976,e_wallet,203.46
ORD_008977,credit_card,574.39
ORD_008978,credit_card,386.49
ORD_008979,credit_card,290.23
ORD_008980,bank_transfer,454.17
ORD_008981,bank_transfer,186.09
ORD_008982,credit_card,658.31
ORD_008983,bank_transfer,413.33
ORD_008984,bank_transfer,227.81
ORD_008985,bank_transfer,661.7
ORD_008986,e_wallet,776.29
ORD_008987,e_wallet,113.49
ORD_008988,credit_card,364.79
ORD_008989,e_wallet,572.46
ORD_008990,credit_card,202.49
ORD_008991,credit_card,635.58
ORD_008992,e_wallet,460.41
ORD_008993,credit_card,675.13
ORD_008994,bank_transfer,404.16
ORD_008995,e_wallet,123.78
ORD_008996,credit_card,271.54
ORD_008997,bank_transfer,671.24
ORD_008998,credit_card,769.01
ORD_008999,e_wallet,396.01
ORD_009000,e_wallet,603.64
ORD_009001,cod,174.47
ORD_009002,e_wallet,635.03
ORD_009003,bank_transfer,110.02
ORD_009004,bank_transfer,450.91
ORD_009005,e_wallet,542.67
ORD_009006,credit_card,152.05
ORD_009007,bank_transfer,742.13
ORD_009008,bank_transfer,154.05
ORD_009009,bank_transfer,52.01
ORD_009010,e_wallet,358.0
ORD_009011,e_wallet,541.3
ORD_009012,bank_transfer,335.99
ORD_009013,credit_card,615.33
ORD_009014,e_wallet,20.55
ORD_009015,credit_card,283.35
ORD_009016,bank_transfer,181.64
ORD_009017,credit_card,242.04
ORD_009018,cod,558.82
ORD_009019,bank_transfer,61.23
ORD_009020,e_wallet,704.59
ORD_009021,e_wallet,752.38
ORD_009022,e_wallet,340.98
ORD_009023,e_wallet,693.98
ORD_009024,bank_transfer,205.17
ORD_009025,credit_card,467.3
ORD_009026,bank_transfer,279.25
ORD_009027,e_wallet,452.41
ORD_009028,bank_transfer,246.9
ORD_009029,e_wallet,433.74
ORD_009030,credit_card,660.76
ORD_009031,credit_card,180.16
ORD_009032,credit_card,269.97
ORD_009033,e_wallet,299.64
ORD_009034,e_wallet,262.03
ORD_009035,bank_transfer,370.69
ORD_009036,credit_card,277.98
ORD_009037,credit_card,601.86
ORD_009038,bank_transfer,757.65
ORD_009039,bank_transfer,447.21
ORD_009040,credit_card,652.22
ORD_009041,cod,388.94
ORD_009042,credit_card,750.18
ORD_009043,credit_card,339.76
ORD_009044,credit_card,165.2
ORD_009045,e_wallet,756.11
ORD_009046,bank_transfer,409.88
ORD_009047,credit_card,305.19
ORD_009048,credit_card,527.78
ORD_009049,e_wallet,571.23
ORD_009050,credit_card,85.74
ORD_009051,credit_card,242.15
ORD_009052,bank_transfer,424.87
ORD_009053,e_wallet,124.93
ORD_009054,e_wallet,220.15
ORD_009055,credit_card,542.35
ORD_009056,bank_transfer,357.3
ORD_009057,bank_transfer,223.98
ORD_009058,credit_card,88.35
ORD_009059,e_wallet,262.78
ORD_009060,e_wallet,619.57
ORD_009061,e_wallet,765.44
ORD_009062,bank_transfer,501.35
ORD_009063,credit_card,542.96
ORD_009064,bank_transfer,782.27
ORD_009065,credit_card,759.42
ORD_009066,e_wallet,768.23
ORD_009067,bank_transfer,217.76
ORD_009068,e_wallet,203.83
ORD_009069,e_wallet,48.97
ORD_009070,cod,346.02
ORD_009071,credit_card,687.79
ORD_009072,e_wallet,327.39
ORD_009073,bank_transfer,687.96
ORD_009074,credit_card,84.42
ORD_009075,e_wallet,673.53
ORD_009076,bank_transfer,548.5
ORD_009077,cod,688.98
ORD_009078,cod,200.77
ORD_009079,credit_card,559.99
ORD_009080,credit_card,272.9
ORD_009081,e_wallet,698.36
ORD_009082,e_wallet,617.47
ORD_009083,bank_transfer,554.16
ORD_009084,e_wallet,353.97
ORD_009085,credit_card,590.95
ORD_009086,e_wallet,327.74
ORD_009087,cod,347.45
ORD_009088,credit_card,533.77
ORD_009089,e_wallet,593.4
ORD_009090,e_wallet,44.93
ORD_009091,e_wallet,190.33
ORD_009092,credit_card,443.19
ORD_009093,e_wallet,616.19
ORD_009094,credit_card,251.37
ORD_009095,e_wallet,409.91
ORD_009096,credit_card,734.34
ORD_009097,bank_transfer,201.39
ORD_009098,bank_transfer,198.18
ORD_009099,e_wallet,475.66
ORD_009100,e_wallet,373.64
ORD_009101,credit_card,533.93
ORD_009102,credit_card,550.67
ORD_009103,e_wallet,225.49
ORD_009104,credit_card,187.74
ORD_009105,bank_transfer,394.83
ORD_009106,credit_card,28.53
ORD_009107,credit_card,576.84
ORD_009108,bank_transfer,313.45
ORD_009109,credit_card,652.19
ORD_009110,e_wallet,127.38
ORD_009111,e_wallet,539.7
ORD_009112,e_wallet,200.78
ORD_009113,e_wallet,182.62
ORD_009114,cod,115.54
ORD_009115,bank_transfer,345.42
ORD_009116,e_wallet,319.87
ORD_009117,bank_transfer,713.33
ORD_009118,e_wallet,706.45
ORD_009119,credit_card,124.07
ORD_009120,credit_card,411.44
ORD_009121,bank_transfer,673.77
ORD_009122,credit_card,196.05
ORD_009123,bank_transfer,475.93
ORD_009124,bank_transfer,249.78
ORD_009125,bank_transfer,79.53
ORD_009126,credit_card,775.14
ORD_009127,credit_card,88.53
ORD_009128,e_wallet,294.24
ORD_009129,credit_card,27.08
ORD_009130,credit_card,357.88
ORD_009131,bank_transfer,330.97
ORD_009132,credit_card,304.13
ORD_009133,credit_card,683.27
ORD_009134,credit_card,287.74
ORD_009135,e_wallet,564.75
ORD_009136,cod,688.96
ORD_009137,bank_transfer,508.31
ORD_009138,cod,102.54
ORD_009139,credit_card,121.16
ORD_009140,credit_card,116.51
ORD_009141,credit_card,237.29
ORD_009142,credit_card,332.47
ORD_009143,e_wallet,449.19
ORD_009144,cod,235.54
ORD_009145,bank_transfer,156.81
ORD_009146,credit_card,212.39
ORD_009147,cod,505.05
ORD_009148,e_wallet,211.29
ORD_009149,credit_card,130.06
ORD_009150,credit_card,196.98
ORD_009151,e_wallet,746.37
ORD_009152,e_wallet,299.17
ORD_009153,credit_card,480.78
ORD_009154,e_wallet,744.67
ORD_009155,e_wallet,515.01
ORD_009156,bank_transfer,376.42
ORD_009157,credit_card,190.36
ORD_009158,e_wallet,201.42
ORD_009159,credit_card,151.94
ORD_009160,e_wallet,600.98
ORD_009161,e_wallet,534.55
ORD_009162,credit_card,296.98
ORD_009163,credit_card,644.25
ORD_009164,e_wallet,628.54
ORD_009165,e_wallet,305.77
ORD_009166,bank_transfer,398.17
ORD_009167,credit_card,548.07
ORD_009168,e_wallet,254.07
ORD_009169,credit_card,65.41
ORD_009170,bank_transfer,199.23
ORD_009171,e_wallet,146.56
ORD_009172,credit_card,397.5
ORD_009173,cod,454.85
ORD_009174,credit_card,197.08
ORD_009175,credit_card,475.09
ORD_009176,credit_card,184.45
ORD_009177,e_wallet,428.81
ORD_009178,credit_card,780.94
ORD_009179,e_wallet,268.86
ORD_009180,e_wallet,772.74
ORD_009181,credit_card,782.16
ORD_009182,e_wallet,736.77
ORD_009183,bank_transfer,768.82
ORD_009184,credit_card,496.66
ORD_009185,credit_card,521.38
ORD_009186,e_wallet,346.49
ORD_009187,bank_transfer,712.26
ORD_009188,e_wallet,791.8
ORD_009189,e_wallet,799.59
ORD_009190,e_wallet,166.15
ORD_009191,credit_card,260.15
ORD_009192,e_wallet,191.06
ORD_009193,credit_card,530.06
ORD_009194,bank_transfer,795.99
ORD_009195,credit_card,775.67
ORD_009196,bank_transfer,401.69
ORD_009197,e_wallet,302.87
ORD_009198,credit_card,673.06
ORD_009199,credit_card,59.69
ORD_009200,e_wallet,275.98
ORD_009201,bank_transfer,410.89
ORD_009202,bank_transfer,235.98
ORD_009203,e_wallet,252.23
ORD_009204,e_wallet,383.82
ORD_009205,bank_transfer,276.4
ORD_009206,bank_transfer,498.47
ORD_009207,e_wallet,542.29
ORD_009208,credit_card,154.96
ORD_009209,e_wallet,463.21
ORD_009210,e_wallet,166.02
ORD_009211,cod,547.35
ORD_009212,e_wallet,667.8
ORD_009213,e_wallet,233.41
ORD_009214,credit_card,333.92
ORD_009215,e_wallet,536.73
ORD_009216,bank_transfer,126.96
ORD_009217,e_wallet,23.18
ORD_009218,credit_card,239.67
ORD_009219,cod,121.42
ORD_009220,e_wallet,333.82
ORD_009221,credit_card,553.91
ORD_009222,e_wallet,695.09
ORD_009223,e_wallet,197.22
ORD_009224,e_wallet,769.8
ORD_009225,e_wallet,527.52
ORD_009226,bank_transfer,718.82
ORD_009227,e_wallet,313.86
ORD_009228,e_wallet,248.23
ORD_009229,cod,782.98
ORD_009230,e_wallet,112.32
ORD_009231,credit_card,363.92
ORD_009232,credit_card,412.46
ORD_009233,e_wallet,449.96
ORD_009234,credit_card,217.88
ORD_009235,e_wallet,697.31
ORD_009236,e_wallet,160.44
ORD_009237,bank_transfer,576.52
ORD_009238,e_wallet,669.8
ORD_009239,e_wallet,284.28
ORD_009240,credit_card,475.74
ORD_009241,bank_transfer,80.35
ORD_009242,cod,612.68
ORD_009243,cod,570.01
ORD_009244,cod,445.4
ORD_009245,e_wallet,610.08
ORD_009246,credit_card,539.66
ORD_009247,e_wallet,760.41
ORD_009248,credit_card,400.28
ORD_009249,credit_card,296.61
ORD_009250,credit_card,287.63
ORD_009251,credit_card,299.57
ORD_009252,credit_card,219.64
ORD_009253,credit_card,53.66
ORD_009254,credit_card,116.2
ORD_009255,credit_card,640.31
ORD_009256,e_wallet,204.53
ORD_009257,e_wallet,648.13
ORD_009258,cod,76.5
ORD_009259,e_wallet,657.3
ORD_009260,credit_card,526.85
ORD_009261,e_wallet,614.89
ORD_009262,bank_transfer,690.19
ORD_009263,credit_card,148.03
ORD_009264,e_wallet,707.79
ORD_009265,cod,268.11
ORD_009266,e_wallet,68.21
ORD_009267,credit_card,320.5
ORD_009268,e_wallet,127.07
ORD_009269,bank_transfer,322.71
ORD_009270,credit_card,226.32
ORD_009271,e_wallet,700.87
ORD_009272,credit_card,703.38
ORD_009273,credit_card,163.77
ORD_009274,e_wallet,245.67
ORD_009275,credit_card,230.57
ORD_009276,bank_transfer,154.18
ORD_009277,e_wallet,645.04
ORD_009278,bank_transfer,207.86
ORD_009279,credit_card,310.26
ORD_009280,credit_card,109.92
ORD_009281,bank_transfer,601.22
ORD_009282,e_wallet,360.05
ORD_009283,e_wallet,455.24
ORD_009284,bank_transfer,526.1
ORD_009285,e_wallet,168.07
ORD_009286,credit_card,112.25
ORD_009287,e_wallet,714.75
ORD_009288,cod,282.23
ORD_009289,bank_transfer,599.46
ORD_009290,bank_transfer,661.86
ORD_009291,credit_card,21.06
ORD_009292,bank_transfer,766.12
ORD_009293,bank_transfer,633.77
ORD_009294,credit_card,376.4
ORD_009295,e_wallet,694.0
ORD_009296,cod,168.15
ORD_009297,bank_transfer,329.35
ORD_009298,bank_transfer,245.7
ORD_009299,bank_transfer,605.45
ORD_009300,cod,362.84
ORD_009301,cod,412.18
ORD_009302,bank_transfer,426.61
ORD_009303,e_wallet,75.25
ORD_009304,credit_card,711.86
ORD_009305,e_wallet,32.41
ORD_009306,e_wallet,355.83
ORD_009307,cod,269.77
ORD_009308,credit_card,315.87
ORD_009309,credit_card,705.83
ORD_009310,cod,703.89
ORD_009311,credit_card,608.68
ORD_009312,e_wallet,779.96
ORD_009313,credit_card,353.32
ORD_009314,credit_card,443.61
ORD_009315,credit_card,660.1
ORD_009316,cod,356.22
ORD_009317,credit_card,632.03
ORD_009318,e_wallet,421.33
ORD_009319,credit_card,665.54
ORD_009320,bank_transfer,753.52
ORD_009321,bank_transfer,189.94
ORD_009322,e_wallet,77.52
ORD_009323,credit_card,384.18
ORD_009324,e_wallet,672.79
ORD_009325,credit_card,651.8
ORD_009326,credit_card,35.85
ORD_009327,bank_transfer,36.87
ORD_009328,credit_card,190.06
ORD_009329,e_wallet,247.75
ORD_009330,bank_transfer,67.97
ORD_009331,e_wallet,453.68
ORD_009332,e_wallet,525.27
ORD_009333,bank_transfer,491.34
ORD_009334,bank_transfer,355.49
ORD_009335,credit_card,373.67
ORD_009336,credit_card,36.22
ORD_009337,e_wallet,48.91
ORD_009338,e_wallet,588.31
ORD_009339,credit_card,275.07
ORD_009340,cod,51.58
ORD_009341,credit_card,748.26
ORD_009342,credit_card,319.62
ORD_009343,credit_card,100.21
ORD_009344,bank_transfer,693.54
ORD_009345,credit_card,539.27
ORD_009346,bank_transfer,291.99
ORD_009347,credit_card,88.38
ORD_009348,credit_card,574.64
ORD_009349,bank_transfer,384.87
ORD_009350,credit_card,299.83
ORD_009351,cod,771.2
ORD_009352,credit_card,45.92
ORD_009353,bank_transfer,96.15
ORD_009354,e_wallet,761.64
ORD_009355,e_wallet,554.08
ORD_009356,credit_card,123.35
ORD_009357,bank_transfer,775.38
ORD_009358,cod,563.07
ORD_009359,credit_card,623.66
ORD_009360,credit_card,124.58
ORD_009361,credit_card,92.46
ORD_009362,credit_card,457.85
ORD_009363,credit_card,99.5
ORD_009364,credit_card,611.69
ORD_009365,e_wallet,266.58
ORD_009366,credit_card,413.47
ORD_009367,e_wallet,781.56
ORD_009368,credit_card,236.56
ORD_009369,e_wallet,634.24
ORD_009370,cod,484.99
ORD_009371,credit_card,791.11
ORD_009372,bank_transfer,435.24
ORD_009373,cod,540.7
ORD_009374,e_wallet,404.99
ORD_009375,bank_transfer,399.39
ORD_009376,e_wallet,135.77
ORD_009377,bank_transfer,632.62
ORD_009378,credit_card,784.25
ORD_009379,e_wallet,588.88
ORD_009380,bank_transfer,359.6
ORD_009381,e_wallet,670.75
ORD_009382,cod,96.42
ORD_009383,e_wallet,386.32
ORD_009384,e_wallet,100.96
ORD_009385,bank_transfer,379.09
ORD_009386,bank_transfer,694.85
ORD_009387,e_wallet,721.81
ORD_009388,credit_card,329.84
ORD_009389,credit_card,290.93
ORD_009390,credit_card,646.71
ORD_009391,bank_transfer,183.92
ORD_009392,credit_card,664.61
ORD_009393,e_wallet,473.14
ORD_009394,bank_transfer,526.63
ORD_009395,credit_card,123.6
ORD_009396,credit_card,604.93
ORD_009397,credit_card,199.07
ORD_009398,bank_transfer,566.69
ORD_009399,credit_card,335.94
ORD_009400,credit_card,695.96
ORD_009401,e_wallet,194.82
ORD_009402,bank_transfer,738.0
ORD_009403,cod,358.88
ORD_009404,bank_transfer,258.03
ORD_009405,cod,492.34
ORD_009406,e_wallet,480.62
ORD_009407,credit_card,94.71
ORD_009408,e_wallet,25.78
ORD_009409,credit_card,392.72
ORD_009410,e_wallet,492.87
ORD_009411,bank_transfer,640.95
ORD_009412,e_wallet,547.16
ORD_009413,credit_card,585.78
ORD_009414,credit_card,425.5
ORD_009415,credit_card,662.83
ORD_009416,credit_card,791.57
ORD_009417,e_wallet,33.27
ORD_009418,e_wallet,747.03
ORD_009419,credit_card,105.25
ORD_009420,credit_card,134.07
ORD_009421,cod,128.81
ORD_009422,credit_card,797.08
ORD_009423,bank_transfer,229.65
ORD_009424,bank_transfer,200.1
ORD_009425,cod,432.94
ORD_009426,credit_card,690.6
ORD_009427,credit_card,30.56
ORD_009428,credit_card,790.43
ORD_009429,cod,242.22
ORD_009430,credit_card,22.12
ORD_009431,e_wallet,455.99
ORD_009432,e_wallet,33.94
ORD_009433,cod,33.45
ORD_009434,bank_transfer,34.12
ORD_009435,e_wallet,646.79
ORD_009436,credit_card,761.89
ORD_009437,e_wallet,440.58
ORD_009438,bank_transfer,727.43
ORD_009439,credit_card,363.5
ORD_009440,credit_card,650.87
ORD_009441,credit_card,512.63
ORD_009442,cod,508.79
ORD_009443,e_wallet,652.97
ORD_009444,cod,45.65
ORD_009445,credit_card,320.86
ORD_009446,cod,94.84
ORD_009447,credit_card,619.72
ORD_009448,bank_transfer,577.13
ORD_009449,e_wallet,274.62
ORD_009450,credit_card,70.06
ORD_009451,credit_card,141.52
ORD_009452,cod,61.69
ORD_009453,e_wallet,380.65
ORD_009454,e_wallet,52.0
ORD_009455,credit_card,388.56
ORD_009456,e_wallet,472.23
ORD_009457,e_wallet,705.2
ORD_009458,credit_card,687.93
ORD_009459,e_wallet,437.26
ORD_009460,bank_transfer,56.99
ORD_009461,e_wallet,88.45
ORD_009462,e_wallet,639.01
ORD_009463,credit_card,489.43
ORD_009464,credit_card,755.75
ORD_009465,e_wallet,712.09
ORD_009466,credit_card,719.47
ORD_009467,credit_card,790.14
ORD_009468,credit_card,578.56
ORD_009469,cod,616.11
ORD_009470,bank_transfer,118.29
ORD_009471,credit_card,434.51
ORD_009472,bank_transfer,132.74
ORD_009473,e_wallet,69.75
ORD_009474,credit_card,344.36
ORD_009475,cod,788.95
ORD_009476,credit_card,487.9
ORD_009477,e_wallet,43.54
ORD_009478,credit_card,437.96
ORD_009479,credit_card,222.09
ORD_009480,bank_transfer,777.9
ORD_009481,cod,786.09
ORD_009482,bank_transfer,155.16
ORD_009483,credit_card,491.29
ORD_009484,e_wallet,459.12
ORD_009485,bank_transfer,253.65
ORD_009486,credit_card,106.93
ORD_009487,e_wallet,457.33
ORD_009488,bank_transfer,308.47
ORD_009489,e_wallet,211.1
ORD_009490,credit_card,568.21
ORD_009491,bank_transfer,260.33
ORD_009492,cod,754.53
ORD_009493,cod,253.87
ORD_009494,cod,748.49
ORD_009495,credit_card,411.53
ORD_009496,bank_transfer,533.41
ORD_009497,credit_card,68.13
ORD_009498,credit_card,436.74
ORD_009499,e_wallet,314.29
ORD_009500,credit_card,538.76
ORD_009501,cod,234.19
ORD_009502,credit_card,229.01
ORD_009503,e_wallet,505.62
ORD_009504,e_wallet,207.59
ORD_009505,credit_card,206.41
ORD_009506,bank_transfer,505.59
ORD_009507,e_wallet,676.8
ORD_009508,credit_card,195.54
ORD_009509,cod,443.68
ORD_009510,e_wallet,327.59
ORD_009511,credit_card,657.33
ORD_009512,credit_card,146.28
ORD_009513,bank_transfer,170.02
ORD_009514,cod,465.29
ORD_009515,credit_card,646.1
ORD_009516,e_wallet,611.24
ORD_009517,bank_transfer,343.46
ORD_009518,credit_card,98.32
ORD_009519,credit_card,148.91
ORD_009520,e_wallet,707.56
ORD_009521,bank_transfer,642.89
ORD_009522,bank_transfer,374.24
ORD_009523,credit_card,729.8
ORD_009524,e_wallet,466.02
ORD_009525,e_wallet,442.9
ORD_009526,bank_transfer,618.04
ORD_009527,credit_card,635.89
ORD_009528,credit_card,759.65
ORD_009529,e_wallet,741.34
ORD_009530,bank_transfer,167.75
ORD_009531,credit_card,410.5
ORD_009532,credit_card,316.17
ORD_009533,cod,540.02
ORD_009534,credit_card,180.44
ORD_009535,cod,518.48
ORD_009536,e_wallet,460.43
ORD_009537,cod,29.13
ORD_009538,e_wallet,30.57
ORD_009539,bank_transfer,694.97
ORD_009540,bank_transfer,256.73
ORD_009541,credit_card,35.98
ORD_009542,credit_card,559.53
ORD_009543,e_wallet,121.94
ORD_009544,cod,54.11
ORD_009545,e_wallet,772.31
ORD_009546,e_wallet,512.64
ORD_009547,credit_card,577.52
ORD_009548,credit_card,502.37
ORD_009549,credit_card,510.07
ORD_009550,bank_transfer,589.8
ORD_009551,credit_card,721.42
ORD_009552,bank_transfer,482.29
ORD_009553,e_wallet,227.68
ORD_009554,e_wallet,203.17
ORD_009555,credit_card,690.33
ORD_009556,cod,62.27
ORD_009557,e_wallet,246.27
ORD_009558,credit_card,620.48
ORD_009559,e_wallet,96.64
ORD_009560,credit_card,298.86
ORD_009561,bank_transfer,327.37
ORD_009562,bank_transfer,399.35
ORD_009563,bank_transfer,754.37
ORD_009564,e_wallet,291.8
ORD_009565,credit_card,480.2
ORD_009566,e_wallet,240.91
ORD_009567,e_wallet,761.85
ORD_009568,credit_card,252.46
ORD_009569,e_wallet,431.81
ORD_009570,credit_card,476.24
ORD_009571,bank_transfer,403.58
ORD_009572,credit_card,711.83
ORD_009573,credit_card,640.8
ORD_009574,credit_card,420.79
ORD_009575,e_wallet,726.91
ORD_009576,e_wallet,743.03
ORD_009577,bank_transfer,242.66
ORD_009578,credit_card,332.72
ORD_009579,credit_card,601.91
ORD_009580,e_wallet,743.41
ORD_009581,bank_transfer,729.58
ORD_009582,credit_card,54.65
ORD_009583,credit_card,203.31
ORD_009584,credit_card,630.25
ORD_009585,e_wallet,683.04
ORD_009586,bank_transfer,102.44
ORD_009587,bank_transfer,61.32
ORD_009588,e_wallet,615.17
ORD_009589,credit_card,430.91
ORD_009590,cod,309.58
ORD_009591,bank_transfer,643.28
ORD_009592,e_wallet,744.02
ORD_009593,bank_transfer,719.07
ORD_009594,cod,223.17
ORD_009595,credit_card,562.85
ORD_009596,e_wallet,664.27
ORD_009597,e_wallet,500.78
ORD_009598,e_wallet,98.23
ORD_009599,credit_card,467.3
ORD_009600,bank_transfer,409.88
ORD_009601,bank_transfer,703.94
ORD_009602,cod,264.5
ORD_009603,bank_transfer,341.86
ORD_009604,bank_transfer,607.66
ORD_009605,credit_card,608.9
ORD_009606,credit_card,125.54
ORD_009607,cod,308.27
ORD_009608,cod,392.61
ORD_009609,cod,583.83
ORD_009610,bank_transfer,664.22
ORD_009611,e_wallet,745.96
ORD_009612,cod,474.09
ORD_009613,e_wallet,97.42
ORD_009614,credit_card,101.96
ORD_009615,e_wallet,173.0
ORD_009616,e_wallet,777.91
ORD_009617,e_wallet,703.13
ORD_009618,credit_card,248.52
ORD_009619,bank_transfer,625.46
ORD_009620,e_wallet,713.75
ORD_009621,cod,472.07
ORD_009622,credit_card,165.89
ORD_009623,bank_transfer,317.33
ORD_009624,credit_card,414.29
ORD_009625,bank_transfer,192.74
ORD_009626,credit_card,770.12
ORD_009627,cod,212.92
ORD_009628,bank_transfer,643.32
ORD_009629,e_wallet,624.91
ORD_009630,e_wallet,106.49
ORD_009631,credit_card,53.53
ORD_009632,e_wallet,410.65
ORD_009633,e_wallet,455.41
ORD_009634,credit_card,613.09
ORD_009635,credit_card,23.67
ORD_009636,e_wallet,786.11
ORD_009637,e_wallet,136.31
ORD_009638,credit_card,299.59
ORD_009639,e_wallet,354.24
ORD_009640,bank_transfer,492.16
ORD_009641,bank_transfer,541.68
ORD_009642,credit_card,789.88
ORD_009643,credit_card,697.61
ORD_009644,credit_card,46.2
ORD_009645,credit_card,452.38
ORD_009646,credit_card,213.69
ORD_009647,cod,497.44
ORD_009648,credit_card,722.18
ORD_009649,e_wallet,518.79
ORD_009650,bank_transfer,128.99
ORD_009651,credit_card,540.93
ORD_009652,bank_transfer,307.53
ORD_009653,bank_transfer,153.21
ORD_009654,credit_card,303.35
ORD_009655,bank_transfer,152.08
ORD_009656,e_wallet,517.71
ORD_009657,bank_transfer,90.31
ORD_009658,credit_card,133.36
ORD_009659,e_wallet,606.73
ORD_009660,e_wallet,87.31
ORD_009661,e_wallet,611.43
ORD_009662,cod,331.7
ORD_009663,credit_card,587.26
ORD_009664,e_wallet,44.16
ORD_009665,bank_transfer,216.98
ORD_009666,credit_card,212.19
ORD_009667,credit_card,192.74
ORD_009668,credit_card,314.65
ORD_009669,e_wallet,38.58
ORD_009670,e_wallet,580.87
ORD_009671,credit_card,450.6
ORD_009672,e_wallet,740.92
ORD_009673,credit_card,178.02
ORD_009674,credit_card,275.91
ORD_009675,e_wallet,232.06
ORD_009676,credit_card,545.18
ORD_009677,e_wallet,758.13
ORD_009678,e_wallet,658.26
ORD_009679,bank_transfer,335.74
ORD_009680,credit_card,646.64
ORD_009681,bank_transfer,46.37
ORD_009682,e_wallet,452.52
ORD_009683,bank_transfer,185.06
ORD_009684,credit_card,259.73
ORD_009685,credit_card,330.45
ORD_009686,bank_transfer,515.4
ORD_009687,bank_transfer,325.17
ORD_009688,e_wallet,58.84
ORD_009689,credit_card,310.47
ORD_009690,bank_transfer,176.18
ORD_009691,e_wallet,194.7
ORD_009692,e_wallet,369.26
ORD_009693,cod,274.08
ORD_009694,cod,447.75
ORD_009695,credit_card,384.94
ORD_009696,bank_transfer,686.85
ORD_009697,bank_transfer,588.46
ORD_009698,credit_card,761.37
ORD_009699,credit_card,781.78
ORD_009700,e_wallet,175.74
ORD_009701,e_wallet,454.99
ORD_009702,credit_card,784.83
ORD_009703,e_wallet,546.3
ORD_009704,credit_card,88.38
ORD_009705,e_wallet,325.02
ORD_009706,credit_card,568.44
ORD_009707,credit_card,130.37
ORD_009708,credit_card,697.8
ORD_009709,e_wallet,458.13
ORD_009710,credit_card,260.67
ORD_009711,e_wallet,608.98
ORD_009712,credit_card,323.29
ORD_009713,bank_transfer,32.08
ORD_009714,e_wallet,295.95
ORD_009715,credit_card,739.12
ORD_009716,e_wallet,303.95
ORD_009717,credit_card,259.09
ORD_009718,bank_transfer,785.73
ORD_009719,credit_card,455.55
ORD_009720,credit_card,780.95
ORD_009721,credit_card,500.82
ORD_009722,e_wallet,235.59
ORD_009723,credit_card,476.03
ORD_009724,credit_card,199.3
ORD_009725,e_wallet,783.09
ORD_009726,credit_card,618.18
ORD_009727,cod,68.72
ORD_009728,e_wallet,104.31
ORD_009729,credit_card,86.64
ORD_009730,e_wallet,626.09
ORD_009731,credit_card,187.96
ORD_009732,credit_card,465.92
ORD_009733,cod,344.23
ORD_009734,e_wallet,420.31
ORD_009735,credit_card,73.91
ORD_009736,credit_card,782.8
ORD_009737,e_wallet,325.32
ORD_009738,credit_card,431.23
ORD_009739,cod,264.05
ORD_009740,e_wallet,119.94
ORD_009741,bank_transfer,413.62
ORD_009742,cod,407.34
ORD_009743,e_wallet,97.55
ORD_009744,bank_transfer,671.52
ORD_009745,bank_transfer,429.62
ORD_009746,e_wallet,469.67
ORD_009747,cod,738.57
ORD_009748,e_wallet,760.59
ORD_009749,e_wallet,602.76
ORD_009750,bank_transfer,330.09
ORD_009751,credit_card,191.37
ORD_009752,credit_card,743.78
ORD_009753,credit_card,569.94
ORD_009754,credit_card,395.81
ORD_009755,e_wallet,380.03
ORD_009756,credit_card,263.72
ORD_009757,bank_transfer,68.04
ORD_009758,cod,190.54
ORD_009759,e_wallet,236.66
ORD_009760,credit_card,745.79
ORD_009761,bank_transfer,218.54
ORD_009762,bank_transfer,182.0
ORD_009763,e_wallet,558.25
ORD_009764,e_wallet,350.97
ORD_009765,bank_transfer,487.69
ORD_009766,credit_card,190.59
ORD_009767,credit_card,593.13
ORD_009768,credit_card,681.42
ORD_009769,bank_transfer,635.4
ORD_009770,credit_card,334.17
ORD_009771,credit_card,486.18
ORD_009772,bank_transfer,735.32
ORD_009773,credit_card,127.7
ORD_009774,e_wallet,183.18
ORD_009775,bank_transfer,167.46
ORD_009776,e_wallet,287.66
ORD_009777,e_wallet,273.35
ORD_009778,bank_transfer,354.0
ORD_009779,bank_transfer,653.37
ORD_009780,credit_card,317.38
ORD_009781,e_wallet,637.49
ORD_009782,bank_transfer,92.06
ORD_009783,bank_transfer,258.12
ORD_009784,bank_transfer,530.38
ORD_009785,bank_transfer,348.36
ORD_009786,e_wallet,548.44
ORD_009787,bank_transfer,718.83
ORD_009788,cod,356.63
ORD_009789,cod,98.0
ORD_009790,credit_card,261.6
ORD_009791,cod,772.74
ORD_009792,credit_card,502.1
ORD_009793,e_wallet,59.93
ORD_009794,credit_card,119.47
ORD_009795,e_wallet,699.06
ORD_009796,credit_card,663.45
ORD_009797,credit_card,272.17
ORD_009798,e_wallet,700.4
ORD_009799,credit_card,717.62
ORD_009800,e_wallet,301.14
ORD_009801,e_wallet,494.33
ORD_009802,e_wallet,746.83
ORD_009803,cod,482.81
ORD_009804,credit_card,711.51
ORD_009805,e_wallet,734.24
ORD_009806,credit_card,678.64
ORD_009807,e_wallet,630.6
ORD_009808,credit_card,409.99
ORD_009809,credit_card,143.15
ORD_009810,credit_card,460.69
ORD_009811,credit_card,191.32
ORD_009812,bank_transfer,360.22
ORD_009813,credit_card,507.57
ORD_009814,cod,236.67
ORD_009815,credit_card,719.35
ORD_009816,credit_card,262.51
ORD_009817,credit_card,629.01
ORD_009818,e_wallet,350.22
ORD_009819,bank_transfer,245.08
ORD_009820,credit_card,239.08
ORD_009821,credit_card,739.82
ORD_009822,e_wallet,414.37
ORD_009823,bank_transfer,496.16
ORD_009824,e_wallet,656.62
ORD_009825,e_wallet,540.69
ORD_009826,credit_card,199.23
ORD_009827,credit_card,603.55
ORD_009828,credit_card,277.32
ORD_009829,credit_card,583.41
ORD_009830,cod,375.07
ORD_009831,credit_card,612.7
ORD_009832,credit_card,106.72
ORD_009833,credit_card,764.81
ORD_009834,credit_card,44.25
ORD_009835,credit_card,159.46
ORD_009836,e_wallet,227.0
ORD_009837,bank_transfer,252.49
ORD_009838,credit_card,592.63
ORD_009839,e_wallet,67.25
ORD_009840,credit_card,137.54
ORD_009841,credit_card,531.93
ORD_009842,bank_transfer,588.56
ORD_009843,credit_card,761.31
ORD_009844,bank_transfer,744.29
ORD_009845,e_wallet,199.12
ORD_009846,credit_card,722.08
ORD_009847,e_wallet,385.9
ORD_009848,e_wallet,119.81
ORD_009849,credit_card,515.91
ORD_009850,bank_transfer,329.03
ORD_009851,credit_card,373.59
ORD_009852,e_wallet,514.95
ORD_009853,e_wallet,515.33
ORD_009854,e_wallet,483.97
ORD_009855,credit_card,138.88
ORD_009856,credit_card,101.71
ORD_009857,e_wallet,518.41
ORD_009858,credit_card,522.71
ORD_009859,bank_transfer,534.0
ORD_009860,cod,590.41
ORD_009861,credit_card,706.33
ORD_009862,e_wallet,562.7
ORD_009863,credit_card,149.49
ORD_009864,credit_card,644.22
ORD_009865,cod,201.01
ORD_009866,e_wallet,104.7
ORD_009867,e_wallet,338.36
ORD_009868,cod,672.51
ORD_009869,credit_card,732.49
ORD_009870,bank_transfer,158.61
ORD_009871,credit_card,709.73
ORD_009872,bank_transfer,395.27
ORD_009873,credit_card,289.61
ORD_009874,credit_card,402.26
ORD_009875,credit_card,287.7
ORD_009876,bank_transfer,736.13
ORD_009877,bank_transfer,636.47
ORD_009878,credit_card,38.43
ORD_009879,bank_transfer,631.04
ORD_009880,credit_card,463.74
ORD_009881,bank_transfer,352.37
ORD_009882,bank_transfer,258.36
ORD_009883,cod,108.99
ORD_009884,credit_card,185.23
ORD_009885,e_wallet,155.38
ORD_009886,e_wallet,647.89
ORD_009887,credit_card,502.81
ORD_009888,bank_transfer,483.28
ORD_009889,e_wallet,421.59
ORD_009890,cod,349.33
ORD_009891,bank_transfer,784.08
ORD_009892,cod,674.94
ORD_009893,credit_card,151.98
ORD_009894,e_wallet,314.5
ORD_009895,credit_card,394.0
ORD_009896,bank_transfer,749.2
ORD_009897,e_wallet,502.37
ORD_009898,bank_transfer,224.99
ORD_009899,credit_card,307.57
ORD_009900,e_wallet,100.43
ORD_009901,e_wallet,711.81
ORD_009902,e_wallet,799.73
ORD_009903,e_wallet,649.4
ORD_009904,credit_card,710.04
ORD_009905,e_wallet,669.75
ORD_009906,credit_card,301.03
ORD_009907,credit_card,304.82
ORD_009908,cod,40.23
ORD_009909,credit_card,321.66
ORD_009910,cod,242.12
ORD_009911,credit_card,231.25
ORD_009912,credit_card,718.72
ORD_009913,bank_transfer,411.42
ORD_009914,bank_transfer,624.96
ORD_009915,e_wallet,741.74
ORD_009916,bank_transfer,641.84
ORD_009917,bank_transfer,632.52
ORD_009918,credit_card,647.24
ORD_009919,credit_card,329.85
ORD_009920,credit_card,205.87
ORD_009921,credit_card,551.42
ORD_009922,credit_card,229.24
ORD_009923,bank_transfer,698.81
ORD_009924,bank_transfer,577.6
ORD_009925,e_wallet,136.52
ORD_009926,credit_card,281.64
ORD_009927,bank_transfer,685.67
ORD_009928,credit_card,315.11
ORD_009929,credit_card,231.77
ORD_009930,e_wallet,210.29
ORD_009931,bank_transfer,76.86
ORD_009932,e_wallet,538.93
ORD_009933,e_wallet,34.29
ORD_009934,e_wallet,437.85
ORD_009935,credit_card,792.08
ORD_009936,credit_card,481.25
ORD_009937,credit_card,182.77
ORD_009938,credit_card,40.96
ORD_009939,credit_card,92.18
ORD_009940,credit_card,739.88
ORD_009941,cod,511.1
ORD_009942,credit_card,640.58
ORD_009943,credit_card,541.04
ORD_009944,bank_transfer,328.8
ORD_009945,e_wallet,486.14
ORD_009946,credit_card,231.74
ORD_009947,e_wallet,111.75
ORD_009948,e_wallet,690.39
ORD_009949,bank_transfer,524.28
ORD_009950,e_wallet,357.28
ORD_009951,credit_card,673.87
ORD_009952,bank_transfer,127.83
ORD_009953,e_wallet,206.79
ORD_009954,credit_card,175.18
ORD_009955,bank_transfer,513.39
ORD_009956,bank_transfer,449.72
ORD_009957,credit_card,526.78
ORD_009958,credit_card,177.37
ORD_009959,e_wallet,647.07
ORD_009960,credit_card,67.4
ORD_009961,credit_card,744.91
ORD_009962,credit_card,495.12
ORD_009963,credit_card,90.25
ORD_009964,credit_card,316.81
ORD_009965,e_wallet,150.85
ORD_009966,credit_card,387.63
ORD_009967,e_wallet,698.57
ORD_009968,credit_card,446.81
ORD_009969,credit_card,213.11
ORD_009970,bank_transfer,743.58
ORD_009971,credit_card,350.9
ORD_009972,credit_card,577.3
ORD_009973,bank_transfer,459.41
ORD_009974,e_wallet,434.3
ORD_009975,credit_card,89.66
ORD_009976,bank_transfer,415.26
ORD_009977,cod,44.42
ORD_009978,credit_card,530.26
ORD_009979,e_wallet,257.54
ORD_009980,e_wallet,536.67
ORD_009981,bank_transfer,640.85
ORD_009982,e_wallet,551.15
ORD_009983,credit_card,457.64
ORD_009984,credit_card,772.09
ORD_009985,credit_card,730.35
ORD_009986,e_wallet,692.27
ORD_009987,credit_card,65.2
ORD_009988,e_wallet,579.5
ORD_009989,e_wallet,31.61
ORD_009990,e_wallet,405.48
ORD_009991,cod,560.72
ORD_009992,bank_transfer,161.91
ORD_009993,e_wallet,451.98
ORD_009994,credit_card,432.68
ORD_009995,credit_card,676.67
ORD_009996,credit_card,386.94
ORD_009997,e_wallet,373.47
ORD_009998,e_wallet,530.74
ORD_009999,credit_card,737.5
ORD_010000,e_wallet,41.67
