order_id,customer_id,amount,order_status,created_at,discount
ETL_ORD_000001,CUST_01593,550.75,COMPLETED,2026-03-15,19.4
ETL_ORD_000002,CUST_00743,174.22,INVALID_STATUS,2026-03-11,36.22
ETL_ORD_000003,CUST_00993,668.76,CANCELLED,2026-03-21,27.77
ETL_ORD_000004,CUST_00057,121.71,PENDING,2026-03-24,0.69
ETL_ORD_000005,CUST_01291,635.81,COMPLETED,2026-03-06,46.42
ETL_ORD_000006,CUST_01419,294.38,COMPLETED,2026-03-07,11.52
ETL_ORD_000007,CUST_00878,1220.79,COMPLETED,2026-03-03,47.7
ETL_ORD_000008,CUST_00794,418.2,COMPLETED,2026-03-28,47.33
ETL_ORD_000009,CUST_01477,421.51,COMPLETED,2026-03-26,8.54
ETL_ORD_000010,CUST_00066,233.44,CANCELLED,2026-03-26,37.18
ETL_ORD_000011,CUST_00220,828.57,CANCELLED,2026-03-21,19.32
ETL_ORD_000012,CUST_00162,547.06,COMPLETED,2026-03-25,44.92
ETL_ORD_000013,CUST_00273,1196.49,COMPLETED,2026-03-08,16.32
ETL_ORD_000014,CUST_00409,134.1,COMPLETED,2026-03-20,7.55
ETL_ORD_000015,CUST_01787,1222.22,COMPLETED,2026-03-03,25.88
ETL_ORD_000016,CUST_00083,1187.12,COMPLETED,2026-03-28,10.59
ETL_ORD_000017,CUST_00670,636.8,COMPLETED,2026-03-26,4.71
ETL_ORD_000018,CUST_01225,614.23,COMPLETED,2026-03-11,32.56
ETL_ORD_000019,CUST_01018,1461.09,COMPLETED,2026-03-18,28.26
ETL_ORD_000020,CUST_00688,1419.63,PENDING,2026-03-05,46.7
ETL_ORD_000021,CUST_00959,582.04,COMPLETED,2026-03-11,35.83
ETL_ORD_000022,CUST_01889,452.21,COMPLETED,2026-03-15,28.02
ETL_ORD_000023,CUST_00467,88.64,COMPLETED,2026-03-21,25.01
ETL_ORD_000024,CUST_00638,336.63,COMPLETED,2026-03-08,29.1
ETL_ORD_000025,CUST_01019,243.53,COMPLETED,2026-03-23,28.33
ETL_ORD_000026,CUST_01779,613.5,COMPLETED,2026-03-24,48.36
ETL_ORD_000027,CUST_00905,1247.9,COMPLETED,2026-03-29,6.96
ETL_ORD_000028,CUST_01220,745.35,COMPLETED,2026-03-24,6.07
ETL_ORD_000029,CUST_01564,294.62,PENDING,2026-03-27,7.85
ETL_ORD_000030,CUST_01972,1235.09,COMPLETED,2026-03-08,30.03
ETL_ORD_000031,CUST_00972,1097.79,COMPLETED,2026-03-04,47.79
ETL_ORD_000032,CUST_00383,218.73,CANCELLED,2026-03-28,17.26
ETL_ORD_000033,CUST_01304,637.48,COMPLETED,2026-03-15,15.38
ETL_ORD_000034,CUST_00908,1191.09,COMPLETED,2026-03-08,30.38
ETL_ORD_000035,CUST_00431,11.44,COMPLETED,2026-03-23,45.53
ETL_ORD_000036,CUST_00964,1148.87,COMPLETED,2026-03-08,9.51
ETL_ORD_000037,CUST_01318,36.21,COMPLETED,2026-03-28,32.43
ETL_ORD_000038,CUST_00006,431.61,COMPLETED,2026-03-17,29.34
ETL_ORD_000039,CUST_00788,395.24,COMPLETED,2026-03-01,46.47
ETL_ORD_000040,CUST_01951,384.07,COMPLETED,2026-03-27,6.41
ETL_ORD_000041,CUST_01190,725.28,COMPLETED,2026-03-09,33.58
ETL_ORD_000042,CUST_00538,1287.8,COMPLETED,2026-03-11,22.58
ETL_ORD_000043,CUST_00645,1021.23,CANCELLED,2026-03-07,16.84
ETL_ORD_000044,CUST_00624,618.59,COMPLETED,2026-03-01,38.22
ETL_ORD_000045,CUST_01712,645.0,COMPLETED,2026-03-27,46.7
ETL_ORD_000046,CUST_00135,745.27,COMPLETED,2026-03-10,24.38
ETL_ORD_000047,CUST_00987,351.87,CANCELLED,2026-03-16,18.87
ETL_ORD_000048,CUST_00219,268.16,COMPLETED,2026-03-23,23.34
ETL_ORD_000049,CUST_00956,827.77,COMPLETED,2026-03-01,37.21
ETL_ORD_000050,CUST_00446,1367.01,COMPLETED,2026-03-01,17.31
ETL_ORD_000051,CUST_00261,701.96,COMPLETED,2026-03-24,9.09
ETL_ORD_000052,CUST_01129,1005.97,COMPLETED,2026-03-05,41.32
ETL_ORD_000053,CUST_01063,1465.13,COMPLETED,2026-03-06,38.43
ETL_ORD_000054,CUST_01824,1471.84,PENDING,2026-03-07,16.09
ETL_ORD_000055,CUST_01674,599.78,COMPLETED,2026-03-05,47.88
ETL_ORD_000056,CUST_00530,600.24,COMPLETED,2026-03-16,30.76
ETL_ORD_000057,CUST_01591,294.45,COMPLETED,2026-03-28,21.8
ETL_ORD_000058,CUST_00978,590.47,COMPLETED,2026-03-07,0.83
ETL_ORD_000059,CUST_00623,688.89,COMPLETED,2026-03-02,35.9
ETL_ORD_000060,CUST_00099,141.73,COMPLETED,2026-03-11,6.16
ETL_ORD_000061,CUST_01441,1411.08,COMPLETED,2026-03-16,47.56
ETL_ORD_000062,CUST_00904,1439.64,PENDING,2026-03-20,4.03
ETL_ORD_000063,CUST_01444,1313.85,COMPLETED,2026-03-01,5.88
ETL_ORD_000064,CUST_01837,204.05,COMPLETED,2026-03-06,28.52
ETL_ORD_000065,CUST_00244,1382.06,COMPLETED,2026-03-12,9.43
ETL_ORD_000066,CUST_01440,599.17,COMPLETED,2026-03-05,36.25
ETL_ORD_000067,CUST_00091,975.46,COMPLETED,2026-03-08,15.21
ETL_ORD_000068,CUST_00366,464.75,COMPLETED,2026-03-01,26.24
ETL_ORD_000069,CUST_01490,71.26,COMPLETED,2026-03-09,10.96
ETL_ORD_000070,CUST_01357,695.43,COMPLETED,2026-03-21,22.07
ETL_ORD_000071,CUST_01813,659.28,COMPLETED,2026-03-15,5.58
ETL_ORD_000072,CUST_00390,122.66,COMPLETED,2026-03-18,22.93
ETL_ORD_000073,CUST_00890,858.91,PENDING,2026-03-25,32.74
ETL_ORD_000074,CUST_01232,769.14,COMPLETED,2026-03-18,42.81
ETL_ORD_000075,CUST_01456,838.02,CANCELLED,2026-03-16,17.43
ETL_ORD_000076,CUST_00005,1026.55,COMPLETED,2026-03-17,9.61
ETL_ORD_000077,CUST_01974,1267.46,COMPLETED,2026-03-03,13.99
ETL_ORD_000078,CUST_01449,558.66,COMPLETED,2026-03-10,0.8
ETL_ORD_000079,CUST_01797,933.48,COMPLETED,2026-03-08,32.17
ETL_ORD_000080,CUST_00463,520.3,COMPLETED,2026-03-26,28.86
ETL_ORD_000081,CUST_00840,1267.31,CANCELLED,2026-03-21,3.11
ETL_ORD_000082,CUST_01590,1008.75,PENDING,2026-03-23,15.19
ETL_ORD_000083,CUST_00242,584.92,COMPLETED,2026-03-08,35.95
ETL_ORD_000084,CUST_01677,966.48,COMPLETED,2026-03-23,29.84
ETL_ORD_000085,CUST_01357,196.15,CANCELLED,2026-03-07,37.07
ETL_ORD_000086,CUST_00282,1273.42,COMPLETED,2026-03-24,23.98
ETL_ORD_000087,CUST_01886,466.92,COMPLETED,2026-03-18,18.36
ETL_ORD_000088,CUST_01283,619.45,COMPLETED,2026-03-19,44.03
ETL_ORD_000089,CUST_00184,447.24,COMPLETED,2026-03-25,34.73
ETL_ORD_000090,CUST_00733,201.49,COMPLETED,2026-03-01,36.26
ETL_ORD_000091,CUST_00948,944.24,COMPLETED,2026-03-03,23.48
ETL_ORD_000092,CUST_01158,1346.45,COMPLETED,2026-03-28,46.72
ETL_ORD_000093,CUST_00951,1231.95,COMPLETED,2026-03-02,16.99
ETL_ORD_000094,CUST_01960,1025.79,COMPLETED,2026-03-14,41.64
ETL_ORD_000095,CUST_01370,1028.24,COMPLETED,2026-03-27,9.24
ETL_ORD_000096,CUST_00813,1276.61,COMPLETED,2026-03-24,43.2
ETL_ORD_000097,CUST_00639,559.11,COMPLETED,2026-03-20,14.14
ETL_ORD_000098,CUST_00800,928.04,COMPLETED,2026-03-12,32.53
ETL_ORD_000099,CUST_00496,1079.08,COMPLETED,2026-03-03,15.94
ETL_ORD_000100,CUST_00681,283.34,CANCELLED,2026-03-10,49.6
ETL_ORD_000101,CUST_01101,1051.64,COMPLETED,2026-03-12,48.82
ETL_ORD_000102,CUST_00961,1497.67,COMPLETED,2026-03-03,35.39
ETL_ORD_000103,CUST_01854,1411.95,COMPLETED,2026-03-02,42.17
ETL_ORD_000104,CUST_00310,1409.56,COMPLETED,2026-03-24,8.66
ETL_ORD_000105,CUST_01436,642.62,COMPLETED,2026-03-05,18.81
ETL_ORD_000106,CUST_01908,1078.79,COMPLETED,2026-03-12,21.45
ETL_ORD_000107,CUST_00765,17.07,COMPLETED,2026-03-01,47.92
ETL_ORD_000108,CUST_01518,440.7,COMPLETED,2026-03-20,30.73
ETL_ORD_000109,CUST_01762,1293.41,COMPLETED,2026-03-08,38.67
ETL_ORD_000110,CUST_00111,486.74,COMPLETED,2026-03-04,24.69
ETL_ORD_000111,CUST_01836,224.45,COMPLETED,2026-03-27,24.9
ETL_ORD_000112,CUST_01478,1288.69,COMPLETED,2026-03-21,2.62
ETL_ORD_000113,CUST_01717,62.79,CANCELLED,2026-03-11,30.43
ETL_ORD_000114,CUST_00213,580.01,COMPLETED,2026-03-24,10.98
ETL_ORD_000115,CUST_01351,920.79,INVALID_STATUS,2026-03-11,0.07
ETL_ORD_000116,CUST_01760,682.26,COMPLETED,2026-03-05,42.83
ETL_ORD_000117,CUST_01189,858.5,COMPLETED,2026-03-19,3.48
ETL_ORD_000118,CUST_01680,-10.0,COMPLETED,2026-03-17,46.87
ETL_ORD_000119,CUST_01702,385.34,COMPLETED,2026-03-11,1.97
ETL_ORD_000120,CUST_00080,1374.14,COMPLETED,2026-03-21,5.19
ETL_ORD_000121,CUST_01203,980.29,PENDING,2026-03-06,45.16
ETL_ORD_000122,CUST_00202,969.96,COMPLETED,2026-03-26,46.58
ETL_ORD_000123,CUST_01626,1390.64,CANCELLED,2026-03-17,3.25
ETL_ORD_000124,CUST_01707,1318.92,COMPLETED,2026-03-27,2.57
ETL_ORD_000125,CUST_00917,602.22,COMPLETED,2026-03-17,32.47
ETL_ORD_000126,CUST_00402,946.23,COMPLETED,2026-03-28,47.59
ETL_ORD_000127,CUST_00013,745.56,COMPLETED,2026-03-26,18.23
ETL_ORD_000128,CUST_01678,1479.46,COMPLETED,2026-03-05,5.49
ETL_ORD_000129,CUST_01458,546.02,COMPLETED,2026-03-12,30.52
ETL_ORD_000130,CUST_01960,1242.13,COMPLETED,2026-03-18,2.6
ETL_ORD_000131,CUST_01187,748.98,COMPLETED,2026-03-14,7.07
ETL_ORD_000132,CUST_01631,1175.03,CANCELLED,2026-03-15,18.17
ETL_ORD_000133,CUST_01887,765.16,COMPLETED,2026-03-26,47.03
ETL_ORD_000134,CUST_01373,211.94,COMPLETED,2026-03-19,28.56
ETL_ORD_000135,CUST_01990,197.91,COMPLETED,2026-03-02,19.39
ETL_ORD_000136,CUST_01326,1141.8,PENDING,2026-03-04,13.46
ETL_ORD_000137,CUST_01565,892.16,COMPLETED,2026-03-23,32.99
ETL_ORD_000138,CUST_01863,864.7,COMPLETED,2026-03-27,8.59
ETL_ORD_000139,CUST_01820,549.96,COMPLETED,2026-03-07,44.61
ETL_ORD_000140,CUST_00942,1179.3,COMPLETED,2026-03-26,23.44
ETL_ORD_000141,CUST_00544,1113.09,COMPLETED,2026-03-15,13.53
ETL_ORD_000142,CUST_00685,230.03,COMPLETED,2026-03-03,42.86
ETL_ORD_000143,CUST_00613,136.65,COMPLETED,2026-03-11,41.45
ETL_ORD_000144,CUST_00612,1035.98,COMPLETED,2026-03-03,29.23
ETL_ORD_000145,CUST_01414,176.58,COMPLETED,2026-03-07,30.67
ETL_ORD_000146,CUST_00173,94.69,COMPLETED,2026-03-04,42.34
ETL_ORD_000147,CUST_00157,1010.48,COMPLETED,2026-03-03,35.6
ETL_ORD_000148,CUST_00332,125.93,COMPLETED,2026-03-24,20.52
ETL_ORD_000149,CUST_00455,889.38,COMPLETED,2026-03-10,30.39
ETL_ORD_000150,CUST_01517,1419.94,COMPLETED,2026-03-16,12.26
ETL_ORD_000151,CUST_01598,794.42,COMPLETED,2026-03-14,31.03
ETL_ORD_000152,CUST_00306,1193.44,COMPLETED,2026-03-27,47.31
ETL_ORD_000153,CUST_01276,1254.54,COMPLETED,2026-03-21,18.03
ETL_ORD_000154,CUST_00820,530.63,COMPLETED,2026-03-12,49.12
ETL_ORD_000155,CUST_00470,1324.27,COMPLETED,2026-03-06,30.92
ETL_ORD_000156,CUST_00519,1006.93,COMPLETED,2026-03-26,3.03
ETL_ORD_000157,CUST_01482,1413.85,COMPLETED,2026-03-08,5.13
ETL_ORD_000158,CUST_01622,412.62,COMPLETED,2026-03-15,5.83
ETL_ORD_000159,CUST_00386,422.7,COMPLETED,2026-03-17,15.03
ETL_ORD_000160,CUST_00211,873.58,COMPLETED,2026-03-11,36.73
ETL_ORD_000161,CUST_01973,551.29,COMPLETED,2026-03-20,5.94
ETL_ORD_000162,CUST_01136,603.35,COMPLETED,2026-03-28,14.38
ETL_ORD_000163,CUST_01685,1123.81,COMPLETED,2026-03-22,23.29
ETL_ORD_000164,CUST_00833,1157.3,COMPLETED,2026-03-29,17.17
ETL_ORD_000165,CUST_00328,412.21,COMPLETED,2026-03-19,48.83
ETL_ORD_000166,CUST_00465,740.29,COMPLETED,2026-03-10,36.08
ETL_ORD_000167,CUST_00054,1008.04,PENDING,2026-03-03,15.47
ETL_ORD_000168,CUST_00653,950.25,COMPLETED,2026-03-07,35.89
ETL_ORD_000169,CUST_00369,469.94,PENDING,2026-03-03,28.91
ETL_ORD_000170,CUST_01098,431.75,COMPLETED,2026-03-01,11.16
ETL_ORD_000171,CUST_01761,334.44,CANCELLED,2026-03-03,34.65
ETL_ORD_000172,CUST_01834,799.06,CANCELLED,2026-03-07,17.36
ETL_ORD_000173,CUST_00574,619.35,CANCELLED,2026-03-14,42.04
ETL_ORD_000174,CUST_00260,687.45,COMPLETED,2026-03-24,21.8
ETL_ORD_000175,CUST_00899,1198.34,INVALID_STATUS,2026-03-16,9.04
ETL_ORD_000176,CUST_00124,1076.32,COMPLETED,2026-03-18,48.22
ETL_ORD_000177,CUST_01268,903.22,COMPLETED,2026-03-24,18.09
ETL_ORD_000178,CUST_00135,51.58,COMPLETED,2026-03-12,8.45
ETL_ORD_000179,CUST_00307,942.25,COMPLETED,2026-03-29,9.77
ETL_ORD_000180,CUST_01600,607.73,CANCELLED,2026-03-27,5.97
ETL_ORD_000181,CUST_00014,1225.27,COMPLETED,2026-03-28,20.1
ETL_ORD_000182,CUST_01599,367.1,COMPLETED,2026-03-12,0.55
ETL_ORD_000183,CUST_01857,897.45,COMPLETED,2026-03-15,14.57
ETL_ORD_000184,CUST_00029,974.08,COMPLETED,2026-03-08,43.82
ETL_ORD_000185,CUST_00283,375.8,COMPLETED,2026-03-07,45.13
ETL_ORD_000186,CUST_00581,1207.09,COMPLETED,2026-03-25,19.79
ETL_ORD_000187,CUST_00580,658.28,COMPLETED,2026-03-22,48.55
ETL_ORD_000188,CUST_01835,1213.7,CANCELLED,2026-03-02,23.99
ETL_ORD_000189,CUST_01076,338.86,PENDING,2026-03-29,3.89
ETL_ORD_000190,CUST_00599,143.94,COMPLETED,2026-03-29,5.71
ETL_ORD_000191,CUST_00967,232.09,PENDING,2026-03-07,42.78
ETL_ORD_000192,CUST_00007,785.1,PENDING,2026-03-08,44.97
ETL_ORD_000193,CUST_00360,1152.87,COMPLETED,2026-03-01,32.6
ETL_ORD_000194,CUST_01692,411.49,COMPLETED,2026-03-11,38.06
ETL_ORD_000195,CUST_00884,502.75,COMPLETED,2026-03-12,17.4
ETL_ORD_000196,CUST_00251,908.8,PENDING,2026-03-22,36.4
ETL_ORD_000197,CUST_01096,986.16,PENDING,2026-03-01,1.0
ETL_ORD_000198,CUST_00928,754.38,INVALID_STATUS,2026-03-29,16.0
ETL_ORD_000199,CUST_00273,829.65,COMPLETED,2026-03-28,24.04
ETL_ORD_000200,CUST_01422,1482.75,COMPLETED,2026-03-27,37.53
ETL_ORD_000201,CUST_00048,1008.84,COMPLETED,2026-03-19,35.67
ETL_ORD_000202,CUST_00920,671.21,COMPLETED,2026-03-25,0.64
ETL_ORD_000203,CUST_00832,276.82,COMPLETED,2026-03-02,24.91
ETL_ORD_000204,CUST_00256,1452.05,CANCELLED,2026-03-05,2.45
ETL_ORD_000205,CUST_00286,758.83,COMPLETED,2026-03-14,5.88
ETL_ORD_000206,CUST_01534,265.17,COMPLETED,2026-03-23,45.24
ETL_ORD_000207,CUST_01312,54.45,COMPLETED,2026-03-17,30.46
ETL_ORD_000208,CUST_01276,105.61,COMPLETED,2026-03-18,20.41
ETL_ORD_000209,CUST_01900,827.2,COMPLETED,2026-03-08,8.3
ETL_ORD_000210,CUST_00387,323.95,COMPLETED,2026-03-09,9.85
ETL_ORD_000211,CUST_01406,289.68,COMPLETED,2026-03-15,47.69
ETL_ORD_000212,CUST_00128,778.4,COMPLETED,2026-03-24,7.58
ETL_ORD_000213,CUST_01802,1132.81,COMPLETED,2026-03-14,13.01
ETL_ORD_000214,CUST_00854,1365.96,COMPLETED,2026-03-20,7.95
ETL_ORD_000215,CUST_01574,629.45,PENDING,2026-03-16,14.88
ETL_ORD_000216,CUST_01234,-10.0,COMPLETED,2026-03-15,5.22
ETL_ORD_000217,CUST_01370,867.51,COMPLETED,2026-03-18,30.49
ETL_ORD_000218,CUST_00583,51.74,CANCELLED,2026-03-06,11.79
ETL_ORD_000219,CUST_01820,785.57,COMPLETED,2026-03-17,26.67
ETL_ORD_000220,CUST_01810,1321.12,COMPLETED,2026-03-22,15.91
ETL_ORD_000221,CUST_01315,462.55,COMPLETED,2026-03-29,27.35
ETL_ORD_000222,CUST_01054,951.32,COMPLETED,2026-03-10,30.66
ETL_ORD_000223,CUST_00365,1138.85,PENDING,2026-03-28,1.35
ETL_ORD_000224,CUST_01759,110.84,COMPLETED,2026-03-17,28.12
ETL_ORD_000225,CUST_00963,78.97,COMPLETED,2026-03-26,11.4
ETL_ORD_000226,CUST_00505,338.05,COMPLETED,2026-03-19,47.95
ETL_ORD_000227,CUST_01947,566.75,COMPLETED,2026-03-05,18.41
ETL_ORD_000228,CUST_01086,1361.29,COMPLETED,2026-03-10,33.11
ETL_ORD_000229,CUST_00089,-10.0,COMPLETED,2026-03-07,7.23
ETL_ORD_000230,CUST_01644,246.4,PENDING,2026-03-11,33.14
ETL_ORD_000231,CUST_00086,786.31,COMPLETED,2026-03-14,41.67
ETL_ORD_000232,CUST_01174,-10.0,CANCELLED,2026-03-01,15.07
ETL_ORD_000233,CUST_01958,265.23,COMPLETED,2026-03-17,9.93
ETL_ORD_000234,CUST_00107,1301.96,INVALID_STATUS,2026-03-03,12.38
ETL_ORD_000235,CUST_01208,1150.82,COMPLETED,2026-03-16,35.37
ETL_ORD_000236,CUST_01772,-10.0,COMPLETED,2026-03-14,24.21
ETL_ORD_000237,CUST_00157,1231.38,CANCELLED,2026-03-15,8.97
ETL_ORD_000238,CUST_00670,406.91,COMPLETED,2026-03-22,20.83
ETL_ORD_000239,CUST_01990,1198.26,COMPLETED,2026-03-28,11.76
ETL_ORD_000240,CUST_01408,1424.91,COMPLETED,2026-03-05,29.55
ETL_ORD_000241,CUST_00755,559.18,COMPLETED,2026-03-05,46.93
ETL_ORD_000242,CUST_01839,837.77,PENDING,2026-03-03,0.26
ETL_ORD_000243,CUST_00498,884.02,CANCELLED,2026-03-16,18.88
ETL_ORD_000244,CUST_01419,200.42,COMPLETED,2026-03-20,36.45
ETL_ORD_000245,CUST_01658,1149.0,COMPLETED,2026-03-26,3.49
ETL_ORD_000246,CUST_00179,901.66,COMPLETED,2026-03-17,37.8
ETL_ORD_000247,CUST_01272,231.01,PENDING,2026-03-02,3.56
ETL_ORD_000248,CUST_01615,810.05,COMPLETED,2026-03-22,4.77
ETL_ORD_000249,CUST_00628,501.59,COMPLETED,2026-03-06,7.4
ETL_ORD_000250,CUST_01128,69.26,INVALID_STATUS,2026-03-28,18.59
ETL_ORD_000251,CUST_00548,1165.13,COMPLETED,2026-03-28,0.04
ETL_ORD_000252,CUST_00009,208.75,COMPLETED,2026-03-28,2.47
ETL_ORD_000253,CUST_00243,1444.94,COMPLETED,2026-03-13,36.29
ETL_ORD_000254,CUST_00520,1167.24,INVALID_STATUS,2026-03-28,35.1
ETL_ORD_000255,CUST_00572,536.75,COMPLETED,2026-03-21,11.56
ETL_ORD_000256,CUST_01260,1062.7,COMPLETED,2026-03-15,37.24
ETL_ORD_000257,CUST_00710,1258.36,COMPLETED,2026-03-15,3.48
ETL_ORD_000258,CUST_00272,1327.55,COMPLETED,2026-03-14,22.47
ETL_ORD_000259,CUST_00472,1328.12,CANCELLED,2026-03-28,17.51
ETL_ORD_000260,CUST_00048,37.41,COMPLETED,2026-03-07,25.79
ETL_ORD_000261,CUST_01601,878.91,COMPLETED,2026-03-27,35.0
ETL_ORD_000262,CUST_01763,1197.24,CANCELLED,2026-03-17,21.2
ETL_ORD_000263,CUST_00536,222.27,COMPLETED,2026-03-01,4.5
ETL_ORD_000264,CUST_01857,999.72,INVALID_STATUS,2026-03-02,1.68
ETL_ORD_000265,CUST_01267,905.56,COMPLETED,2026-03-26,41.58
ETL_ORD_000266,CUST_00896,998.97,COMPLETED,2026-03-21,6.99
ETL_ORD_000267,CUST_00579,1236.92,PENDING,2026-03-06,49.25
ETL_ORD_000268,CUST_00556,760.29,COMPLETED,2026-03-16,35.4
ETL_ORD_000269,CUST_01254,590.73,COMPLETED,2026-03-02,4.98
ETL_ORD_000270,CUST_00345,77.73,COMPLETED,2026-03-13,13.4
ETL_ORD_000271,CUST_01999,1153.3,COMPLETED,2026-03-13,20.32
ETL_ORD_000272,CUST_00603,1456.86,COMPLETED,2026-03-19,22.37
ETL_ORD_000273,CUST_01287,198.76,COMPLETED,2026-03-28,27.86
ETL_ORD_000274,CUST_01549,84.29,COMPLETED,2026-03-21,13.44
ETL_ORD_000275,CUST_01589,1337.38,COMPLETED,2026-03-20,30.34
ETL_ORD_000276,CUST_01263,658.18,COMPLETED,2026-03-26,22.17
ETL_ORD_000277,CUST_01528,924.73,COMPLETED,2026-03-13,23.71
ETL_ORD_000278,CUST_00291,506.21,COMPLETED,2026-03-08,5.85
ETL_ORD_000279,CUST_00538,576.25,COMPLETED,2026-03-23,47.64
ETL_ORD_000280,CUST_00743,1103.42,COMPLETED,2026-03-06,6.19
ETL_ORD_000281,CUST_01527,932.02,COMPLETED,2026-03-21,0.51
ETL_ORD_000282,CUST_01326,1092.81,COMPLETED,2026-03-07,19.58
ETL_ORD_000283,CUST_01686,109.47,COMPLETED,2026-03-09,19.81
ETL_ORD_000284,CUST_01062,1373.42,COMPLETED,2026-03-29,31.11
ETL_ORD_000285,CUST_01936,845.44,COMPLETED,2026-03-05,37.12
ETL_ORD_000286,CUST_00950,25.84,COMPLETED,2026-03-25,17.46
ETL_ORD_000287,CUST_01634,924.95,COMPLETED,2026-03-02,26.56
ETL_ORD_000288,CUST_00365,545.95,COMPLETED,2026-03-26,11.79
ETL_ORD_000289,CUST_00943,279.75,COMPLETED,2026-03-23,28.49
ETL_ORD_000290,CUST_01429,82.93,COMPLETED,2026-03-06,5.08
ETL_ORD_000291,CUST_01673,365.71,COMPLETED,2026-03-06,34.79
ETL_ORD_000292,CUST_01097,1391.98,COMPLETED,2026-03-02,27.63
ETL_ORD_000293,CUST_00307,299.04,COMPLETED,2026-03-29,28.85
ETL_ORD_000294,CUST_00556,402.5,COMPLETED,2026-03-18,36.31
ETL_ORD_000295,CUST_01629,654.34,COMPLETED,2026-03-07,4.82
ETL_ORD_000296,CUST_01830,559.61,COMPLETED,2026-03-28,0.5
ETL_ORD_000297,CUST_00981,1347.39,COMPLETED,2026-03-04,2.17
ETL_ORD_000298,CUST_00133,1010.78,COMPLETED,2026-03-08,19.29
ETL_ORD_000299,CUST_01724,296.72,COMPLETED,2026-03-21,22.53
ETL_ORD_000300,CUST_01285,358.97,COMPLETED,2026-03-15,9.79
ETL_ORD_000301,CUST_00995,1281.19,PENDING,2026-03-23,19.55
ETL_ORD_000302,CUST_01227,1118.6,COMPLETED,2026-03-20,27.14
ETL_ORD_000303,CUST_01299,30.34,COMPLETED,2026-03-29,22.21
ETL_ORD_000304,CUST_00110,1319.47,COMPLETED,2026-03-04,1.73
ETL_ORD_000305,CUST_01015,1306.18,COMPLETED,2026-03-17,16.41
ETL_ORD_000306,CUST_00886,266.14,COMPLETED,2026-03-05,41.69
ETL_ORD_000307,CUST_01521,807.3,COMPLETED,2026-03-02,12.76
ETL_ORD_000308,CUST_01216,917.08,COMPLETED,2026-03-24,15.47
ETL_ORD_000309,CUST_00716,239.88,COMPLETED,2026-03-22,44.12
ETL_ORD_000310,CUST_00352,504.64,PENDING,2026-03-02,30.66
ETL_ORD_000311,CUST_00894,731.86,COMPLETED,2026-03-06,31.04
ETL_ORD_000312,CUST_00560,193.13,COMPLETED,2026-03-05,4.73
ETL_ORD_000313,CUST_01177,1021.8,COMPLETED,2026-03-25,28.16
ETL_ORD_000314,CUST_01636,819.18,COMPLETED,2026-03-22,28.24
ETL_ORD_000315,CUST_01428,740.64,COMPLETED,2026-03-15,45.02
ETL_ORD_000316,CUST_00132,12.91,COMPLETED,2026-03-04,26.53
ETL_ORD_000317,CUST_01368,1380.2,CANCELLED,2026-03-17,1.74
ETL_ORD_000318,CUST_00792,1063.71,COMPLETED,2026-03-18,15.59
ETL_ORD_000319,CUST_01633,292.69,COMPLETED,2026-03-22,41.1
ETL_ORD_000320,CUST_00999,592.32,COMPLETED,2026-03-15,13.96
ETL_ORD_000321,CUST_00552,753.69,PENDING,2026-03-15,13.77
ETL_ORD_000322,CUST_01463,533.62,PENDING,2026-03-14,9.32
ETL_ORD_000323,CUST_01201,1108.53,COMPLETED,2026-03-26,20.02
ETL_ORD_000324,CUST_01401,840.54,COMPLETED,2026-03-27,10.58
ETL_ORD_000325,CUST_00637,444.07,PENDING,2026-03-20,21.07
ETL_ORD_000326,CUST_00134,441.3,PENDING,2026-03-17,10.17
ETL_ORD_000327,CUST_01801,1021.93,COMPLETED,2026-03-15,10.48
ETL_ORD_000328,CUST_00792,655.7,COMPLETED,2026-03-15,2.53
ETL_ORD_000329,CUST_00510,-10.0,COMPLETED,2026-03-20,45.95
ETL_ORD_000330,CUST_01120,1328.34,COMPLETED,2026-03-21,47.72
ETL_ORD_000331,CUST_00986,483.03,COMPLETED,2026-03-28,11.36
ETL_ORD_000332,CUST_00312,690.96,COMPLETED,2026-03-16,35.99
ETL_ORD_000333,CUST_01723,1114.21,COMPLETED,2026-03-19,18.99
ETL_ORD_000334,CUST_00035,657.56,COMPLETED,2026-03-09,34.46
ETL_ORD_000335,CUST_00749,1246.02,COMPLETED,2026-03-26,1.71
ETL_ORD_000336,CUST_01563,479.05,COMPLETED,2026-03-06,28.36
ETL_ORD_000337,CUST_00362,535.04,COMPLETED,2026-03-17,37.23
ETL_ORD_000338,CUST_01887,1358.38,COMPLETED,2026-03-21,25.39
ETL_ORD_000339,CUST_01823,1352.83,COMPLETED,2026-03-03,29.32
ETL_ORD_000340,CUST_01583,910.31,COMPLETED,2026-03-05,23.88
ETL_ORD_000341,CUST_01113,138.02,COMPLETED,2026-03-29,17.09
ETL_ORD_000342,CUST_01389,1406.05,COMPLETED,2026-03-26,27.32
ETL_ORD_000343,CUST_01783,752.92,COMPLETED,2026-03-07,28.33
ETL_ORD_000344,CUST_00032,388.91,COMPLETED,2026-03-03,49.43
ETL_ORD_000345,CUST_00821,1168.33,COMPLETED,2026-03-07,3.64
ETL_ORD_000346,CUST_01250,495.93,COMPLETED,2026-03-27,30.65
ETL_ORD_000347,CUST_01564,543.89,COMPLETED,2026-03-10,33.21
ETL_ORD_000348,CUST_01785,499.07,COMPLETED,2026-03-04,0.27
ETL_ORD_000349,CUST_01593,75.98,COMPLETED,2026-03-01,22.54
ETL_ORD_000350,CUST_00608,1462.62,COMPLETED,2026-03-10,15.71
ETL_ORD_000351,CUST_00783,94.34,COMPLETED,2026-03-09,0.61
ETL_ORD_000352,CUST_00939,1165.85,COMPLETED,2026-03-26,38.36
ETL_ORD_000353,CUST_00292,747.51,COMPLETED,2026-03-22,37.98
ETL_ORD_000354,CUST_00815,1419.0,COMPLETED,2026-03-06,14.01
ETL_ORD_000355,CUST_00488,422.28,PENDING,2026-03-10,41.56
ETL_ORD_000356,CUST_00895,733.02,COMPLETED,2026-03-01,43.96
ETL_ORD_000357,CUST_01475,566.12,COMPLETED,2026-03-29,31.6
ETL_ORD_000358,CUST_01746,1268.68,PENDING,2026-03-04,24.99
ETL_ORD_000359,CUST_01649,1173.32,COMPLETED,2026-03-19,49.8
ETL_ORD_000360,CUST_01582,1199.99,COMPLETED,2026-03-18,44.44
ETL_ORD_000361,CUST_01983,179.94,COMPLETED,2026-03-27,31.06
ETL_ORD_000362,CUST_01468,1289.97,COMPLETED,2026-03-04,23.21
ETL_ORD_000363,CUST_00393,277.03,PENDING,2026-03-13,27.67
ETL_ORD_000364,CUST_00699,1122.81,COMPLETED,2026-03-27,27.74
ETL_ORD_000365,CUST_00705,796.79,CANCELLED,2026-03-10,6.67
ETL_ORD_000366,CUST_00521,671.97,PENDING,2026-03-08,12.85
ETL_ORD_000367,CUST_01448,844.47,COMPLETED,2026-03-18,45.35
ETL_ORD_000368,CUST_01217,89.53,COMPLETED,2026-03-09,27.54
ETL_ORD_000369,CUST_01806,1281.56,COMPLETED,2026-03-10,49.36
ETL_ORD_000370,CUST_01955,1272.73,COMPLETED,2026-03-04,33.22
ETL_ORD_000371,CUST_00808,957.83,CANCELLED,2026-03-09,2.01
ETL_ORD_000372,CUST_01847,302.62,COMPLETED,2026-03-13,34.26
ETL_ORD_000373,CUST_00373,607.13,PENDING,2026-03-09,37.87
ETL_ORD_000374,CUST_01579,566.88,CANCELLED,2026-03-01,18.16
ETL_ORD_000375,CUST_01038,740.78,PENDING,2026-03-11,33.86
ETL_ORD_000376,CUST_00594,1413.65,PENDING,2026-03-14,10.79
ETL_ORD_000377,CUST_01939,510.84,COMPLETED,2026-03-22,27.58
ETL_ORD_000378,CUST_00545,131.14,COMPLETED,2026-03-01,10.94
ETL_ORD_000379,CUST_01019,513.5,COMPLETED,2026-03-12,43.83
ETL_ORD_000380,CUST_00596,72.97,CANCELLED,2026-03-09,8.77
ETL_ORD_000381,CUST_00853,1450.33,COMPLETED,2026-03-27,45.29
ETL_ORD_000382,CUST_01317,532.87,COMPLETED,2026-03-06,18.62
ETL_ORD_000383,CUST_01164,467.48,PENDING,2026-03-16,6.56
ETL_ORD_000384,CUST_01916,709.26,CANCELLED,2026-03-22,31.01
ETL_ORD_000385,CUST_00314,1184.73,PENDING,2026-03-01,22.48
ETL_ORD_000386,CUST_01783,683.52,COMPLETED,2026-03-08,1.21
ETL_ORD_000387,CUST_00341,20.79,COMPLETED,2026-03-02,7.82
ETL_ORD_000388,CUST_00463,423.69,COMPLETED,2026-03-17,22.94
ETL_ORD_000389,CUST_00913,-10.0,COMPLETED,2026-03-06,10.85
ETL_ORD_000390,CUST_00332,645.14,INVALID_STATUS,2026-03-25,17.86
ETL_ORD_000391,CUST_00400,7.63,COMPLETED,2026-03-19,31.15
ETL_ORD_000392,CUST_00848,853.33,COMPLETED,2026-03-11,3.64
ETL_ORD_000393,CUST_00357,639.09,CANCELLED,2026-03-19,8.84
ETL_ORD_000394,CUST_00419,1491.25,COMPLETED,2026-03-02,35.6
ETL_ORD_000395,CUST_00853,338.67,PENDING,2026-03-19,2.19
ETL_ORD_000396,CUST_00236,945.21,COMPLETED,2026-03-04,46.19
ETL_ORD_000397,CUST_01413,1251.03,COMPLETED,2026-03-24,28.74
ETL_ORD_000398,CUST_01335,198.8,COMPLETED,2026-03-18,8.67
ETL_ORD_000399,CUST_00466,976.97,COMPLETED,2026-03-04,4.11
ETL_ORD_000400,CUST_00504,585.34,COMPLETED,2026-03-03,48.63
ETL_ORD_000401,CUST_00081,33.33,COMPLETED,2026-03-16,24.77
ETL_ORD_000402,CUST_00028,1308.17,PENDING,2026-03-27,42.61
ETL_ORD_000403,CUST_01562,148.98,COMPLETED,2026-03-12,30.52
ETL_ORD_000404,CUST_01556,878.16,COMPLETED,2026-03-18,15.92
ETL_ORD_000405,CUST_00915,1480.15,COMPLETED,2026-03-05,29.1
ETL_ORD_000406,CUST_00867,1265.43,COMPLETED,2026-03-24,21.09
ETL_ORD_000407,CUST_01345,165.64,COMPLETED,2026-03-12,0.84
ETL_ORD_000408,CUST_00127,1100.65,COMPLETED,2026-03-03,18.0
ETL_ORD_000409,CUST_00193,985.28,COMPLETED,2026-03-20,3.86
ETL_ORD_000410,CUST_01447,301.17,COMPLETED,2026-03-17,26.32
ETL_ORD_000411,CUST_01743,839.92,COMPLETED,2026-03-05,47.44
ETL_ORD_000412,CUST_01480,1244.43,COMPLETED,2026-03-18,2.99
ETL_ORD_000413,CUST_00001,595.05,COMPLETED,2026-03-03,5.79
ETL_ORD_000414,CUST_01722,174.89,COMPLETED,2026-03-02,1.77
ETL_ORD_000415,CUST_00191,843.67,COMPLETED,2026-03-14,32.97
ETL_ORD_000416,CUST_00829,1418.23,COMPLETED,2026-03-14,49.45
ETL_ORD_000417,CUST_01444,568.65,COMPLETED,2026-03-26,37.26
ETL_ORD_000418,CUST_00067,637.38,COMPLETED,2026-03-06,23.23
ETL_ORD_000419,CUST_01376,233.37,COMPLETED,2026-03-06,22.59
ETL_ORD_000420,CUST_00713,37.76,COMPLETED,2026-03-29,23.04
ETL_ORD_000421,CUST_01527,944.82,COMPLETED,2026-03-01,33.48
ETL_ORD_000422,CUST_01665,1071.81,COMPLETED,2026-03-11,21.37
ETL_ORD_000423,CUST_01949,1478.16,COMPLETED,2026-03-13,9.48
ETL_ORD_000424,CUST_01322,983.99,COMPLETED,2026-03-05,29.9
ETL_ORD_000425,CUST_00082,284.61,COMPLETED,2026-03-09,15.22
ETL_ORD_000426,CUST_01060,353.2,COMPLETED,2026-03-14,23.78
ETL_ORD_000427,CUST_00093,196.53,COMPLETED,2026-03-09,11.38
ETL_ORD_000428,CUST_00541,1358.35,COMPLETED,2026-03-22,9.11
ETL_ORD_000429,CUST_01436,1316.68,COMPLETED,2026-03-05,38.96
ETL_ORD_000430,CUST_01812,284.69,COMPLETED,2026-03-03,46.74
ETL_ORD_000431,CUST_01737,186.35,PENDING,2026-03-07,12.64
ETL_ORD_000432,CUST_01647,1002.97,COMPLETED,2026-03-26,4.31
ETL_ORD_000433,CUST_00452,1406.37,COMPLETED,2026-03-10,11.36
ETL_ORD_000434,CUST_01524,19.81,COMPLETED,2026-03-27,19.24
ETL_ORD_000435,CUST_01632,1139.15,COMPLETED,2026-03-19,19.46
ETL_ORD_000436,CUST_01827,260.54,COMPLETED,2026-03-20,18.91
ETL_ORD_000437,CUST_00004,43.59,COMPLETED,2026-03-21,28.3
ETL_ORD_000438,CUST_01750,701.94,PENDING,2026-03-06,31.22
ETL_ORD_000439,CUST_01972,745.96,PENDING,2026-03-21,43.48
ETL_ORD_000440,CUST_01283,1482.66,COMPLETED,2026-03-12,19.32
ETL_ORD_000441,CUST_01405,664.0,COMPLETED,2026-03-18,21.02
ETL_ORD_000442,CUST_01913,1057.48,COMPLETED,2026-03-13,30.62
ETL_ORD_000443,CUST_00840,536.79,COMPLETED,2026-03-12,30.71
ETL_ORD_000444,CUST_01591,8.28,COMPLETED,2026-03-07,39.34
ETL_ORD_000445,CUST_00349,878.66,COMPLETED,2026-03-03,13.99
ETL_ORD_000446,CUST_00820,592.93,COMPLETED,2026-03-04,13.86
ETL_ORD_000447,CUST_01147,707.94,COMPLETED,2026-03-13,35.71
ETL_ORD_000448,CUST_01577,845.24,COMPLETED,2026-03-13,3.24
ETL_ORD_000449,CUST_00695,1317.12,COMPLETED,2026-03-22,19.01
ETL_ORD_000450,CUST_00194,1340.65,COMPLETED,2026-03-21,1.4
ETL_ORD_000451,CUST_00107,937.14,COMPLETED,2026-03-20,43.62
ETL_ORD_000452,CUST_01907,1375.5,COMPLETED,2026-03-16,32.43
ETL_ORD_000453,CUST_00175,897.61,COMPLETED,2026-03-19,24.8
ETL_ORD_000454,CUST_00189,1158.2,PENDING,2026-03-08,43.93
ETL_ORD_000455,CUST_00969,215.05,COMPLETED,2026-03-04,16.19
ETL_ORD_000456,CUST_00627,331.89,INVALID_STATUS,2026-03-28,9.02
ETL_ORD_000457,CUST_00340,1052.24,COMPLETED,2026-03-12,18.29
ETL_ORD_000458,CUST_01285,952.73,COMPLETED,2026-03-13,20.87
ETL_ORD_000459,CUST_00081,236.7,INVALID_STATUS,2026-03-21,12.03
ETL_ORD_000460,CUST_01797,684.24,PENDING,2026-03-09,18.74
ETL_ORD_000461,CUST_00658,975.01,COMPLETED,2026-03-23,1.85
ETL_ORD_000462,CUST_00124,1361.41,PENDING,2026-03-12,17.76
ETL_ORD_000463,CUST_00113,443.74,COMPLETED,2026-03-10,19.89
ETL_ORD_000464,CUST_01595,-10.0,COMPLETED,2026-03-10,4.79
ETL_ORD_000465,CUST_00481,1392.85,COMPLETED,2026-03-28,5.03
ETL_ORD_000466,CUST_01229,968.9,COMPLETED,2026-03-10,20.6
ETL_ORD_000467,CUST_01576,601.7,COMPLETED,2026-03-23,11.44
ETL_ORD_000468,CUST_00275,1140.77,COMPLETED,2026-03-03,1.32
ETL_ORD_000469,CUST_01635,677.86,COMPLETED,2026-03-07,30.88
ETL_ORD_000470,CUST_00004,1230.62,COMPLETED,2026-03-02,24.61
ETL_ORD_000471,CUST_01634,9.5,COMPLETED,2026-03-07,19.78
ETL_ORD_000472,CUST_00908,36.83,COMPLETED,2026-03-03,31.81
ETL_ORD_000473,CUST_00651,425.17,COMPLETED,2026-03-02,15.55
ETL_ORD_000474,CUST_00530,1365.73,COMPLETED,2026-03-20,31.1
ETL_ORD_000475,CUST_01855,765.55,COMPLETED,2026-03-23,28.57
ETL_ORD_000476,CUST_00343,144.74,COMPLETED,2026-03-03,41.78
ETL_ORD_000477,CUST_01035,218.64,COMPLETED,2026-03-12,5.89
ETL_ORD_000478,CUST_00722,1311.15,COMPLETED,2026-03-02,7.86
ETL_ORD_000479,CUST_00985,943.71,COMPLETED,2026-03-05,49.8
ETL_ORD_000480,CUST_00058,1030.64,COMPLETED,2026-03-27,29.73
ETL_ORD_000481,CUST_00159,738.09,CANCELLED,2026-03-13,17.3
ETL_ORD_000482,CUST_01088,242.82,COMPLETED,2026-03-29,48.39
ETL_ORD_000483,CUST_00907,282.02,COMPLETED,2026-03-08,37.55
ETL_ORD_000484,CUST_01899,1377.87,PENDING,2026-03-06,10.36
ETL_ORD_000485,CUST_01222,1462.2,COMPLETED,2026-03-14,12.48
ETL_ORD_000486,CUST_00568,288.49,COMPLETED,2026-03-22,0.73
ETL_ORD_000487,CUST_01154,1299.85,COMPLETED,2026-03-18,37.65
ETL_ORD_000488,CUST_00671,884.87,COMPLETED,2026-03-15,47.89
ETL_ORD_000489,CUST_01040,1192.67,COMPLETED,2026-03-19,6.52
ETL_ORD_000490,CUST_01951,545.32,COMPLETED,2026-03-10,40.86
ETL_ORD_000491,CUST_00430,391.59,COMPLETED,2026-03-04,25.7
ETL_ORD_000492,CUST_00736,247.02,COMPLETED,2026-03-10,34.19
ETL_ORD_000493,CUST_01907,958.07,PENDING,2026-03-13,22.08
ETL_ORD_000494,CUST_00416,1073.95,COMPLETED,2026-03-03,24.03
ETL_ORD_000495,CUST_00780,700.78,COMPLETED,2026-03-27,21.05
ETL_ORD_000496,CUST_00360,180.9,COMPLETED,2026-03-17,16.37
ETL_ORD_000497,CUST_00987,1135.3,COMPLETED,2026-03-09,39.07
ETL_ORD_000498,CUST_00377,705.84,COMPLETED,2026-03-21,15.66
ETL_ORD_000499,CUST_00871,666.3,COMPLETED,2026-03-11,15.34
ETL_ORD_000500,CUST_00917,1466.71,PENDING,2026-03-14,31.31
ETL_ORD_000501,CUST_01776,160.21,COMPLETED,2026-03-10,19.25
ETL_ORD_000502,CUST_00485,17.36,COMPLETED,2026-03-12,17.49
ETL_ORD_000503,CUST_01978,27.28,COMPLETED,2026-03-18,46.05
ETL_ORD_000504,CUST_00171,959.74,COMPLETED,2026-03-22,49.4
ETL_ORD_000505,CUST_01669,448.35,COMPLETED,2026-03-15,9.04
ETL_ORD_000506,CUST_01290,249.08,COMPLETED,2026-03-15,45.53
ETL_ORD_000507,CUST_01464,1110.64,COMPLETED,2026-03-14,29.32
ETL_ORD_000508,CUST_01763,496.12,PENDING,2026-03-01,46.44
ETL_ORD_000509,CUST_00396,1198.63,COMPLETED,2026-03-28,24.76
ETL_ORD_000510,CUST_00388,1482.49,COMPLETED,2026-03-23,47.04
ETL_ORD_000511,CUST_01580,396.64,COMPLETED,2026-03-07,21.0
ETL_ORD_000512,CUST_00186,390.84,COMPLETED,2026-03-21,43.21
ETL_ORD_000513,CUST_00723,1120.42,COMPLETED,2026-03-25,5.87
ETL_ORD_000514,CUST_01654,282.86,COMPLETED,2026-03-28,29.73
ETL_ORD_000515,CUST_01816,689.78,COMPLETED,2026-03-08,38.11
ETL_ORD_000516,CUST_01765,633.44,PENDING,2026-03-24,27.5
ETL_ORD_000517,CUST_00784,-10.0,COMPLETED,2026-03-03,31.28
ETL_ORD_000518,CUST_00681,329.81,COMPLETED,2026-03-28,18.52
ETL_ORD_000519,CUST_01799,892.46,COMPLETED,2026-03-08,45.28
ETL_ORD_000520,CUST_01741,938.0,COMPLETED,2026-03-21,14.57
ETL_ORD_000521,CUST_01750,838.4,COMPLETED,2026-03-24,1.53
ETL_ORD_000522,CUST_00430,76.39,COMPLETED,2026-03-22,5.31
ETL_ORD_000523,CUST_00646,6.83,CANCELLED,2026-03-03,45.52
ETL_ORD_000524,CUST_01485,-10.0,COMPLETED,2026-03-21,34.77
ETL_ORD_000525,CUST_00871,340.39,CANCELLED,2026-03-12,4.53
ETL_ORD_000526,CUST_00460,254.11,COMPLETED,2026-03-13,49.59
ETL_ORD_000527,CUST_01076,616.55,CANCELLED,2026-03-23,41.57
ETL_ORD_000528,CUST_00553,211.08,COMPLETED,2026-03-26,16.82
ETL_ORD_000529,CUST_01986,426.14,COMPLETED,2026-03-01,9.49
ETL_ORD_000530,CUST_01014,1100.94,COMPLETED,2026-03-27,22.68
ETL_ORD_000531,CUST_01118,21.3,COMPLETED,2026-03-14,24.95
ETL_ORD_000532,CUST_00709,1013.36,COMPLETED,2026-03-04,32.51
ETL_ORD_000533,CUST_00942,1340.36,PENDING,2026-03-23,14.57
ETL_ORD_000534,CUST_00977,286.04,COMPLETED,2026-03-08,38.46
ETL_ORD_000535,CUST_00673,428.01,COMPLETED,2026-03-13,30.94
ETL_ORD_000536,CUST_00636,233.01,COMPLETED,2026-03-05,10.17
ETL_ORD_000537,CUST_01153,1441.29,CANCELLED,2026-03-01,12.36
ETL_ORD_000538,CUST_00020,946.98,COMPLETED,2026-03-09,26.31
ETL_ORD_000539,CUST_00673,1049.11,COMPLETED,2026-03-08,14.78
ETL_ORD_000540,CUST_00498,793.55,COMPLETED,2026-03-23,15.84
ETL_ORD_000541,CUST_01519,492.62,COMPLETED,2026-03-16,45.53
ETL_ORD_000542,CUST_01146,1286.6,COMPLETED,2026-03-05,8.46
ETL_ORD_000543,CUST_01689,341.06,COMPLETED,2026-03-25,10.94
ETL_ORD_000544,CUST_01345,871.28,COMPLETED,2026-03-04,15.1
ETL_ORD_000545,CUST_01941,1449.7,COMPLETED,2026-03-02,31.49
ETL_ORD_000546,CUST_00151,929.35,COMPLETED,2026-03-12,41.12
ETL_ORD_000547,CUST_00996,279.31,PENDING,2026-03-18,33.13
ETL_ORD_000548,CUST_01933,708.48,COMPLETED,2026-03-03,37.87
ETL_ORD_000549,CUST_01245,300.15,COMPLETED,2026-03-02,37.57
ETL_ORD_000550,CUST_01247,807.38,COMPLETED,2026-03-23,45.9
ETL_ORD_000551,CUST_00111,797.66,PENDING,2026-03-11,15.93
ETL_ORD_000552,CUST_00671,467.28,COMPLETED,2026-03-27,8.13
ETL_ORD_000553,CUST_01262,425.26,COMPLETED,2026-03-11,40.44
ETL_ORD_000554,CUST_00019,896.89,COMPLETED,2026-03-20,11.93
ETL_ORD_000555,CUST_01273,104.75,PENDING,2026-03-14,37.78
ETL_ORD_000556,CUST_00100,1398.88,COMPLETED,2026-03-05,13.29
ETL_ORD_000557,CUST_00857,1153.77,COMPLETED,2026-03-18,49.83
ETL_ORD_000558,CUST_01294,566.59,COMPLETED,2026-03-19,9.35
ETL_ORD_000559,CUST_00934,623.89,CANCELLED,2026-03-23,10.74
ETL_ORD_000560,CUST_00590,704.25,COMPLETED,2026-03-03,1.47
ETL_ORD_000561,CUST_00476,749.18,COMPLETED,2026-03-28,33.3
ETL_ORD_000562,CUST_01055,1217.22,COMPLETED,2026-03-28,31.52
ETL_ORD_000563,CUST_00938,529.42,PENDING,2026-03-27,17.91
ETL_ORD_000564,CUST_00682,214.62,CANCELLED,2026-03-22,11.54
ETL_ORD_000565,CUST_01797,932.25,INVALID_STATUS,2026-03-24,43.96
ETL_ORD_000566,CUST_00393,215.82,COMPLETED,2026-03-24,36.11
ETL_ORD_000567,CUST_01531,455.3,CANCELLED,2026-03-04,28.15
ETL_ORD_000568,CUST_01316,11.81,COMPLETED,2026-03-21,8.99
ETL_ORD_000569,CUST_01020,1094.97,COMPLETED,2026-03-04,4.98
ETL_ORD_000570,CUST_01842,300.94,CANCELLED,2026-03-18,48.22
ETL_ORD_000571,CUST_01619,1133.49,CANCELLED,2026-03-28,42.91
ETL_ORD_000572,CUST_01434,667.23,COMPLETED,2026-03-20,29.94
ETL_ORD_000573,CUST_00402,1008.02,COMPLETED,2026-03-15,16.21
ETL_ORD_000574,CUST_00356,318.47,COMPLETED,2026-03-08,22.95
ETL_ORD_000575,CUST_01178,176.23,COMPLETED,2026-03-28,35.33
ETL_ORD_000576,CUST_00707,1051.67,PENDING,2026-03-18,7.21
ETL_ORD_000577,CUST_00940,334.67,COMPLETED,2026-03-24,7.81
ETL_ORD_000578,CUST_00111,844.42,PENDING,2026-03-22,30.7
ETL_ORD_000579,CUST_01838,1471.54,COMPLETED,2026-03-13,13.88
ETL_ORD_000580,CUST_00816,64.58,COMPLETED,2026-03-24,3.44
ETL_ORD_000581,CUST_01753,569.64,COMPLETED,2026-03-21,0.45
ETL_ORD_000582,CUST_00890,773.46,COMPLETED,2026-03-22,16.63
ETL_ORD_000583,CUST_00582,299.79,CANCELLED,2026-03-07,42.01
ETL_ORD_000584,CUST_01929,638.63,COMPLETED,2026-03-23,37.34
ETL_ORD_000585,CUST_00369,1145.15,COMPLETED,2026-03-17,20.81
ETL_ORD_000586,CUST_00121,86.19,COMPLETED,2026-03-25,37.44
ETL_ORD_000587,CUST_00186,413.03,COMPLETED,2026-03-05,28.58
ETL_ORD_000588,CUST_01086,78.47,COMPLETED,2026-03-21,30.3
ETL_ORD_000589,CUST_01879,1048.01,COMPLETED,2026-03-28,34.93
ETL_ORD_000590,CUST_00737,33.94,COMPLETED,2026-03-15,11.34
ETL_ORD_000591,CUST_00408,1241.07,COMPLETED,2026-03-04,16.55
ETL_ORD_000592,CUST_00919,320.25,COMPLETED,2026-03-12,7.22
ETL_ORD_000593,CUST_01128,757.96,COMPLETED,2026-03-24,17.94
ETL_ORD_000594,CUST_00522,989.55,COMPLETED,2026-03-23,29.8
ETL_ORD_000595,CUST_01363,1062.23,COMPLETED,2026-03-25,3.58
ETL_ORD_000596,CUST_01828,321.23,COMPLETED,2026-03-25,6.44
ETL_ORD_000597,CUST_01039,251.81,COMPLETED,2026-03-11,10.18
ETL_ORD_000598,CUST_01452,431.95,COMPLETED,2026-03-05,31.69
ETL_ORD_000599,CUST_01423,363.54,CANCELLED,2026-03-19,27.99
ETL_ORD_000600,CUST_00257,114.52,COMPLETED,2026-03-19,3.79
ETL_ORD_000601,CUST_01939,204.23,COMPLETED,2026-03-06,23.46
ETL_ORD_000602,CUST_01461,235.28,COMPLETED,2026-03-20,29.4
ETL_ORD_000603,CUST_01324,1365.06,COMPLETED,2026-03-24,37.37
ETL_ORD_000604,CUST_00688,488.58,COMPLETED,2026-03-12,36.95
ETL_ORD_000605,CUST_00963,402.49,COMPLETED,2026-03-11,34.15
ETL_ORD_000606,CUST_00677,614.99,PENDING,2026-03-14,25.43
ETL_ORD_000607,CUST_01798,945.07,COMPLETED,2026-03-26,45.0
ETL_ORD_000608,CUST_00804,891.58,CANCELLED,2026-03-01,49.3
ETL_ORD_000609,CUST_01205,481.2,COMPLETED,2026-03-18,31.68
ETL_ORD_000610,CUST_01524,1117.58,COMPLETED,2026-03-09,2.82
ETL_ORD_000611,CUST_00250,1149.87,COMPLETED,2026-03-06,48.53
ETL_ORD_000612,CUST_00056,351.84,COMPLETED,2026-03-22,3.62
ETL_ORD_000613,CUST_01781,191.45,COMPLETED,2026-03-27,26.64
ETL_ORD_000614,CUST_01264,458.61,PENDING,2026-03-03,26.33
ETL_ORD_000615,CUST_01325,1485.85,COMPLETED,2026-03-02,10.83
ETL_ORD_000616,CUST_00468,1108.29,COMPLETED,2026-03-17,17.53
ETL_ORD_000617,CUST_01183,1411.61,PENDING,2026-03-06,40.11
ETL_ORD_000618,CUST_01604,212.13,COMPLETED,2026-03-03,31.27
ETL_ORD_000619,CUST_01553,1215.32,PENDING,2026-03-03,8.46
ETL_ORD_000620,CUST_01609,895.15,COMPLETED,2026-03-20,41.97
ETL_ORD_000621,CUST_00921,1060.76,COMPLETED,2026-03-27,34.72
ETL_ORD_000622,CUST_01014,1010.04,COMPLETED,2026-03-15,40.86
ETL_ORD_000623,CUST_01971,1403.78,PENDING,2026-03-14,49.59
ETL_ORD_000624,CUST_00816,505.6,PENDING,2026-03-09,16.5
ETL_ORD_000625,CUST_00290,426.18,COMPLETED,2026-03-15,2.33
ETL_ORD_000626,CUST_00810,1498.68,COMPLETED,2026-03-29,17.0
ETL_ORD_000627,CUST_01114,1470.37,COMPLETED,2026-03-06,4.38
ETL_ORD_000628,CUST_01863,388.91,PENDING,2026-03-22,17.11
ETL_ORD_000629,CUST_01766,490.84,INVALID_STATUS,2026-03-27,36.99
ETL_ORD_000630,CUST_01566,1357.83,COMPLETED,2026-03-22,4.43
ETL_ORD_000631,CUST_00524,568.69,COMPLETED,2026-03-21,23.91
ETL_ORD_000632,CUST_01182,956.5,COMPLETED,2026-03-25,31.79
ETL_ORD_000633,CUST_00990,881.15,COMPLETED,2026-03-17,31.53
ETL_ORD_000634,CUST_00150,284.56,COMPLETED,2026-03-26,46.12
ETL_ORD_000635,CUST_00570,832.66,COMPLETED,2026-03-29,13.81
ETL_ORD_000636,CUST_00794,1155.69,COMPLETED,2026-03-20,4.97
ETL_ORD_000637,CUST_01654,211.67,COMPLETED,2026-03-19,22.93
ETL_ORD_000638,CUST_01672,1128.75,CANCELLED,2026-03-06,24.21
ETL_ORD_000639,CUST_00485,214.17,COMPLETED,2026-03-15,22.71
ETL_ORD_000640,CUST_01374,9.88,CANCELLED,2026-03-08,7.22
ETL_ORD_000641,CUST_01262,925.84,COMPLETED,2026-03-01,43.3
ETL_ORD_000642,CUST_01490,440.0,COMPLETED,2026-03-22,6.93
ETL_ORD_000643,CUST_00577,894.55,COMPLETED,2026-03-22,46.71
ETL_ORD_000644,CUST_01465,965.52,COMPLETED,2026-03-12,45.62
ETL_ORD_000645,CUST_01190,885.84,COMPLETED,2026-03-01,32.81
ETL_ORD_000646,CUST_01701,1181.05,COMPLETED,2026-03-23,33.52
ETL_ORD_000647,CUST_01150,1152.9,CANCELLED,2026-03-07,45.06
ETL_ORD_000648,CUST_01110,1268.11,COMPLETED,2026-03-14,11.87
ETL_ORD_000649,CUST_01171,1331.43,COMPLETED,2026-03-17,20.07
ETL_ORD_000650,CUST_01571,822.57,COMPLETED,2026-03-05,12.6
ETL_ORD_000651,CUST_01171,976.5,COMPLETED,2026-03-19,10.51
ETL_ORD_000652,CUST_01158,234.45,PENDING,2026-03-01,12.68
ETL_ORD_000653,CUST_01123,232.62,COMPLETED,2026-03-08,41.92
ETL_ORD_000654,CUST_01124,1105.99,COMPLETED,2026-03-03,3.84
ETL_ORD_000655,CUST_00770,25.77,COMPLETED,2026-03-26,24.76
ETL_ORD_000656,CUST_00489,873.01,COMPLETED,2026-03-27,47.95
ETL_ORD_000657,CUST_01731,1169.71,COMPLETED,2026-03-14,12.04
ETL_ORD_000658,CUST_00606,720.92,COMPLETED,2026-03-16,14.79
ETL_ORD_000659,CUST_01154,176.27,COMPLETED,2026-03-15,31.84
ETL_ORD_000660,CUST_01003,161.08,COMPLETED,2026-03-01,6.65
ETL_ORD_000661,CUST_00917,661.42,COMPLETED,2026-03-25,1.67
ETL_ORD_000662,CUST_01660,760.99,COMPLETED,2026-03-17,14.05
ETL_ORD_000663,CUST_01318,463.8,COMPLETED,2026-03-03,38.4
ETL_ORD_000664,CUST_01568,804.12,COMPLETED,2026-03-14,41.19
ETL_ORD_000665,CUST_00738,72.55,COMPLETED,2026-03-17,12.11
ETL_ORD_000666,CUST_00025,216.45,COMPLETED,2026-03-18,35.84
ETL_ORD_000667,CUST_00575,105.15,PENDING,2026-03-23,12.76
ETL_ORD_000668,CUST_00687,74.08,COMPLETED,2026-03-02,29.91
ETL_ORD_000669,CUST_01972,1342.96,COMPLETED,2026-03-11,20.25
ETL_ORD_000670,CUST_00344,910.28,COMPLETED,2026-03-09,44.77
ETL_ORD_000671,CUST_01809,1430.05,COMPLETED,2026-03-02,27.71
ETL_ORD_000672,CUST_00746,385.72,COMPLETED,2026-03-11,31.16
ETL_ORD_000673,CUST_01327,192.2,INVALID_STATUS,2026-03-18,2.42
ETL_ORD_000674,CUST_01292,222.32,COMPLETED,2026-03-19,31.62
ETL_ORD_000675,CUST_01719,1337.01,CANCELLED,2026-03-05,41.92
ETL_ORD_000676,CUST_00695,173.74,COMPLETED,2026-03-09,13.45
ETL_ORD_000677,CUST_00990,1468.88,COMPLETED,2026-03-15,33.93
ETL_ORD_000678,CUST_01731,264.29,COMPLETED,2026-03-29,11.77
ETL_ORD_000679,CUST_00582,11.37,COMPLETED,2026-03-08,5.22
ETL_ORD_000680,CUST_00164,559.75,COMPLETED,2026-03-06,44.09
ETL_ORD_000681,CUST_00599,1004.39,COMPLETED,2026-03-07,17.47
ETL_ORD_000682,CUST_00821,848.35,COMPLETED,2026-03-01,21.83
ETL_ORD_000683,CUST_01485,1365.89,COMPLETED,2026-03-16,27.78
ETL_ORD_000684,CUST_00044,1496.12,INVALID_STATUS,2026-03-04,25.05
ETL_ORD_000685,CUST_00563,1386.9,COMPLETED,2026-03-06,1.75
ETL_ORD_000686,CUST_01010,695.38,CANCELLED,2026-03-22,3.81
ETL_ORD_000687,CUST_00960,909.73,COMPLETED,2026-03-22,24.06
ETL_ORD_000688,CUST_01448,1040.32,COMPLETED,2026-03-03,4.26
ETL_ORD_000689,CUST_02000,479.39,COMPLETED,2026-03-26,14.86
ETL_ORD_000690,CUST_01508,315.96,CANCELLED,2026-03-22,13.08
ETL_ORD_000691,CUST_00182,1141.3,COMPLETED,2026-03-17,11.12
ETL_ORD_000692,CUST_01147,1370.58,COMPLETED,2026-03-17,5.52
ETL_ORD_000693,CUST_01367,826.8,COMPLETED,2026-03-24,11.28
ETL_ORD_000694,CUST_01160,327.91,PENDING,2026-03-03,10.01
ETL_ORD_000695,CUST_00028,137.09,COMPLETED,2026-03-09,30.53
ETL_ORD_000696,CUST_01944,828.27,COMPLETED,2026-03-05,16.06
ETL_ORD_000697,CUST_00293,1351.71,COMPLETED,2026-03-27,31.71
ETL_ORD_000698,CUST_01083,552.57,COMPLETED,2026-03-08,23.87
ETL_ORD_000699,CUST_01824,995.24,COMPLETED,2026-03-03,5.98
ETL_ORD_000700,CUST_00072,119.89,PENDING,2026-03-20,42.49
ETL_ORD_000701,CUST_00512,310.7,COMPLETED,2026-03-06,46.18
ETL_ORD_000702,CUST_01712,546.81,COMPLETED,2026-03-10,44.89
ETL_ORD_000703,CUST_01505,1404.22,COMPLETED,2026-03-26,32.33
ETL_ORD_000704,CUST_01261,697.73,PENDING,2026-03-09,7.9
ETL_ORD_000705,CUST_00561,1081.21,PENDING,2026-03-16,29.55
ETL_ORD_000706,CUST_01926,-10.0,COMPLETED,2026-03-27,2.58
ETL_ORD_000707,CUST_00275,260.47,COMPLETED,2026-03-05,43.3
ETL_ORD_000708,CUST_00032,1269.24,COMPLETED,2026-03-28,19.77
ETL_ORD_000709,CUST_01335,701.81,COMPLETED,2026-03-09,21.46
ETL_ORD_000710,CUST_00176,21.11,COMPLETED,2026-03-23,41.72
ETL_ORD_000711,CUST_00689,208.21,CANCELLED,2026-03-20,0.92
ETL_ORD_000712,CUST_01274,443.14,COMPLETED,2026-03-06,8.32
ETL_ORD_000713,CUST_00371,696.29,PENDING,2026-03-09,29.65
ETL_ORD_000714,CUST_01196,652.56,COMPLETED,2026-03-23,24.69
ETL_ORD_000715,CUST_00128,79.65,COMPLETED,2026-03-18,14.49
ETL_ORD_000716,CUST_01734,490.76,COMPLETED,2026-03-09,27.31
ETL_ORD_000717,CUST_00844,730.8,COMPLETED,2026-03-24,29.05
ETL_ORD_000718,CUST_01851,1325.53,COMPLETED,2026-03-04,45.13
ETL_ORD_000719,CUST_00339,1041.78,COMPLETED,2026-03-17,43.29
ETL_ORD_000720,CUST_01068,1139.06,COMPLETED,2026-03-16,12.73
ETL_ORD_000721,CUST_01458,1462.83,COMPLETED,2026-03-25,29.97
ETL_ORD_000722,CUST_01667,972.41,COMPLETED,2026-03-24,7.41
ETL_ORD_000723,CUST_00694,186.6,PENDING,2026-03-19,11.88
ETL_ORD_000724,CUST_00283,304.5,COMPLETED,2026-03-14,49.6
ETL_ORD_000725,CUST_00956,1035.3,COMPLETED,2026-03-25,21.54
ETL_ORD_000726,CUST_00699,1403.6,COMPLETED,2026-03-21,18.19
ETL_ORD_000727,CUST_00759,191.57,COMPLETED,2026-03-05,34.31
ETL_ORD_000728,CUST_00548,156.2,COMPLETED,2026-03-25,7.2
ETL_ORD_000729,CUST_00900,491.45,COMPLETED,2026-03-05,13.08
ETL_ORD_000730,CUST_01311,136.07,COMPLETED,2026-03-26,32.45
ETL_ORD_000731,CUST_01668,24.47,COMPLETED,2026-03-12,36.98
ETL_ORD_000732,CUST_01709,1266.34,COMPLETED,2026-03-03,27.79
ETL_ORD_000733,CUST_01501,1205.0,COMPLETED,2026-03-09,41.45
ETL_ORD_000734,CUST_00927,401.41,COMPLETED,2026-03-23,7.35
ETL_ORD_000735,CUST_00427,1122.38,COMPLETED,2026-03-02,46.32
ETL_ORD_000736,CUST_01992,102.8,COMPLETED,2026-03-23,37.26
ETL_ORD_000737,CUST_00657,1144.84,COMPLETED,2026-03-24,25.03
ETL_ORD_000738,CUST_01148,309.46,COMPLETED,2026-03-12,34.44
ETL_ORD_000739,CUST_00196,1190.32,COMPLETED,2026-03-26,47.03
ETL_ORD_000740,CUST_01811,746.61,PENDING,2026-03-26,0.51
ETL_ORD_000741,CUST_01378,1125.44,CANCELLED,2026-03-15,48.44
ETL_ORD_000742,CUST_00319,1075.9,COMPLETED,2026-03-15,33.84
ETL_ORD_000743,CUST_01161,507.46,COMPLETED,2026-03-18,48.89
ETL_ORD_000744,CUST_00059,-10.0,COMPLETED,2026-03-05,31.23
ETL_ORD_000745,CUST_00532,739.99,INVALID_STATUS,2026-03-21,30.65
ETL_ORD_000746,CUST_01719,239.4,CANCELLED,2026-03-11,10.83
ETL_ORD_000747,CUST_01566,1086.32,COMPLETED,2026-03-19,20.67
ETL_ORD_000748,CUST_01092,81.28,PENDING,2026-03-01,27.97
ETL_ORD_000749,CUST_00907,1295.82,COMPLETED,2026-03-08,12.29
ETL_ORD_000750,CUST_00772,842.99,COMPLETED,2026-03-01,40.33
ETL_ORD_000751,CUST_01871,214.98,COMPLETED,2026-03-22,0.99
ETL_ORD_000752,CUST_01497,291.68,COMPLETED,2026-03-07,46.84
ETL_ORD_000753,CUST_01574,836.61,COMPLETED,2026-03-22,0.6
ETL_ORD_000754,CUST_01509,1390.02,COMPLETED,2026-03-11,48.79
ETL_ORD_000755,CUST_01986,56.29,COMPLETED,2026-03-20,36.85
ETL_ORD_000756,CUST_01610,165.7,COMPLETED,2026-03-15,49.99
ETL_ORD_000757,CUST_01197,1343.06,COMPLETED,2026-03-21,27.9
ETL_ORD_000758,CUST_00773,633.5,COMPLETED,2026-03-29,25.33
ETL_ORD_000759,CUST_01245,742.22,COMPLETED,2026-03-02,49.5
ETL_ORD_000760,CUST_01884,71.71,COMPLETED,2026-03-19,46.66
ETL_ORD_000761,CUST_00770,272.78,COMPLETED,2026-03-20,19.26
ETL_ORD_000762,CUST_00523,973.27,COMPLETED,2026-03-03,12.63
ETL_ORD_000763,CUST_01083,488.45,COMPLETED,2026-03-28,34.05
ETL_ORD_000764,CUST_00296,1393.5,PENDING,2026-03-13,41.43
ETL_ORD_000765,CUST_01014,827.97,COMPLETED,2026-03-03,6.78
ETL_ORD_000766,CUST_01222,438.51,COMPLETED,2026-03-19,23.21
ETL_ORD_000767,CUST_00683,1100.73,COMPLETED,2026-03-03,17.64
ETL_ORD_000768,CUST_00560,948.93,COMPLETED,2026-03-10,21.72
ETL_ORD_000769,CUST_00925,801.09,COMPLETED,2026-03-10,14.02
ETL_ORD_000770,CUST_01709,1300.58,COMPLETED,2026-03-13,44.98
ETL_ORD_000771,CUST_01918,668.04,COMPLETED,2026-03-18,33.03
ETL_ORD_000772,CUST_01574,195.57,COMPLETED,2026-03-20,28.71
ETL_ORD_000773,CUST_00686,739.41,COMPLETED,2026-03-27,46.02
ETL_ORD_000774,CUST_00812,558.07,COMPLETED,2026-03-13,21.92
ETL_ORD_000775,CUST_01037,921.15,CANCELLED,2026-03-07,31.19
ETL_ORD_000776,CUST_01602,1234.21,COMPLETED,2026-03-20,12.58
ETL_ORD_000777,CUST_01231,1073.19,COMPLETED,2026-03-17,31.25
ETL_ORD_000778,CUST_01245,364.34,COMPLETED,2026-03-12,39.94
ETL_ORD_000779,CUST_01090,284.17,INVALID_STATUS,2026-03-07,48.03
ETL_ORD_000780,CUST_00825,332.06,PENDING,2026-03-17,16.09
ETL_ORD_000781,CUST_01867,875.92,PENDING,2026-03-07,17.07
ETL_ORD_000782,CUST_01975,64.01,COMPLETED,2026-03-17,38.39
ETL_ORD_000783,CUST_00624,985.14,COMPLETED,2026-03-22,11.34
ETL_ORD_000784,CUST_01281,822.61,COMPLETED,2026-03-09,39.36
ETL_ORD_000785,CUST_01989,357.17,COMPLETED,2026-03-20,9.67
ETL_ORD_000786,CUST_00018,980.58,COMPLETED,2026-03-18,14.06
ETL_ORD_000787,CUST_01729,1188.32,COMPLETED,2026-03-01,13.88
ETL_ORD_000788,CUST_00849,1431.18,COMPLETED,2026-03-18,3.64
ETL_ORD_000789,CUST_01039,946.64,COMPLETED,2026-03-01,41.0
ETL_ORD_000790,CUST_00555,251.94,COMPLETED,2026-03-15,46.27
ETL_ORD_000791,CUST_00254,891.43,COMPLETED,2026-03-16,26.02
ETL_ORD_000792,CUST_01534,133.46,CANCELLED,2026-03-08,41.82
ETL_ORD_000793,CUST_00480,1022.5,COMPLETED,2026-03-23,32.85
ETL_ORD_000794,CUST_01646,815.57,COMPLETED,2026-03-12,43.87
ETL_ORD_000795,CUST_00633,707.58,COMPLETED,2026-03-29,25.06
ETL_ORD_000796,CUST_01631,707.25,INVALID_STATUS,2026-03-23,17.1
ETL_ORD_000797,CUST_00520,1092.56,COMPLETED,2026-03-09,18.88
ETL_ORD_000798,CUST_01824,596.78,COMPLETED,2026-03-29,23.43
ETL_ORD_000799,CUST_01409,433.21,COMPLETED,2026-03-08,16.17
ETL_ORD_000800,CUST_01650,510.36,COMPLETED,2026-03-09,22.46
ETL_ORD_000801,CUST_00361,916.68,PENDING,2026-03-13,4.86
ETL_ORD_000802,CUST_00563,1193.3,COMPLETED,2026-03-02,20.19
ETL_ORD_000803,CUST_00622,354.96,COMPLETED,2026-03-02,47.66
ETL_ORD_000804,CUST_01049,1470.29,INVALID_STATUS,2026-03-01,27.41
ETL_ORD_000805,CUST_01867,675.32,COMPLETED,2026-03-11,23.2
ETL_ORD_000806,CUST_01688,758.11,COMPLETED,2026-03-16,12.75
ETL_ORD_000807,CUST_00062,525.43,COMPLETED,2026-03-08,15.0
ETL_ORD_000808,CUST_01530,693.2,COMPLETED,2026-03-28,21.34
ETL_ORD_000809,CUST_00511,1331.55,COMPLETED,2026-03-04,35.39
ETL_ORD_000810,CUST_00543,505.14,COMPLETED,2026-03-28,7.92
ETL_ORD_000811,CUST_01666,483.87,PENDING,2026-03-02,12.75
ETL_ORD_000812,CUST_00845,424.73,CANCELLED,2026-03-25,31.72
ETL_ORD_000813,CUST_01672,1165.72,COMPLETED,2026-03-03,4.32
ETL_ORD_000814,CUST_00979,6.72,COMPLETED,2026-03-01,26.57
ETL_ORD_000815,CUST_01596,159.7,INVALID_STATUS,2026-03-23,34.2
ETL_ORD_000816,CUST_00372,456.62,COMPLETED,2026-03-18,33.64
ETL_ORD_000817,CUST_00317,129.31,COMPLETED,2026-03-19,14.12
ETL_ORD_000818,CUST_01263,74.14,COMPLETED,2026-03-25,36.81
ETL_ORD_000819,CUST_01634,127.08,COMPLETED,2026-03-16,27.41
ETL_ORD_000820,CUST_00857,-10.0,COMPLETED,2026-03-26,47.98
ETL_ORD_000821,CUST_00311,497.14,COMPLETED,2026-03-25,27.24
ETL_ORD_000822,CUST_00705,525.71,CANCELLED,2026-03-27,28.74
ETL_ORD_000823,CUST_00828,902.76,COMPLETED,2026-03-01,1.94
ETL_ORD_000824,CUST_00221,224.33,COMPLETED,2026-03-15,27.39
ETL_ORD_000825,CUST_01657,120.91,COMPLETED,2026-03-22,6.66
ETL_ORD_000826,CUST_00720,917.98,COMPLETED,2026-03-27,48.85
ETL_ORD_000827,CUST_01850,577.26,COMPLETED,2026-03-02,45.53
ETL_ORD_000828,CUST_00513,-10.0,COMPLETED,2026-03-21,49.09
ETL_ORD_000829,CUST_00379,861.82,COMPLETED,2026-03-08,19.15
ETL_ORD_000830,CUST_00749,498.55,COMPLETED,2026-03-15,45.65
ETL_ORD_000831,CUST_01548,916.53,COMPLETED,2026-03-04,3.79
ETL_ORD_000832,CUST_00457,59.51,COMPLETED,2026-03-22,43.94
ETL_ORD_000833,CUST_00651,417.09,COMPLETED,2026-03-20,23.96
ETL_ORD_000834,CUST_01839,-10.0,COMPLETED,2026-03-06,30.13
ETL_ORD_000835,CUST_01432,1020.36,COMPLETED,2026-03-21,8.01
ETL_ORD_000836,CUST_01979,964.04,COMPLETED,2026-03-25,27.06
ETL_ORD_000837,CUST_01709,1335.24,COMPLETED,2026-03-06,44.99
ETL_ORD_000838,CUST_00460,272.68,COMPLETED,2026-03-27,11.66
ETL_ORD_000839,CUST_00517,18.07,COMPLETED,2026-03-22,5.05
ETL_ORD_000840,CUST_01300,672.73,COMPLETED,2026-03-11,5.91
ETL_ORD_000841,CUST_00015,1397.46,COMPLETED,2026-03-13,45.81
ETL_ORD_000842,CUST_01139,783.2,COMPLETED,2026-03-15,44.89
ETL_ORD_000843,CUST_01162,910.38,COMPLETED,2026-03-11,30.86
ETL_ORD_000844,CUST_01269,503.28,COMPLETED,2026-03-22,0.56
ETL_ORD_000845,CUST_00312,232.93,COMPLETED,2026-03-17,3.56
ETL_ORD_000846,CUST_00209,1122.3,COMPLETED,2026-03-17,48.35
ETL_ORD_000847,CUST_00785,456.23,COMPLETED,2026-03-11,23.89
ETL_ORD_000848,CUST_00540,114.78,PENDING,2026-03-27,13.18
ETL_ORD_000849,CUST_01420,1496.82,PENDING,2026-03-26,35.43
ETL_ORD_000850,CUST_01108,1472.17,CANCELLED,2026-03-21,48.38
ETL_ORD_000851,CUST_00854,789.05,COMPLETED,2026-03-29,26.26
ETL_ORD_000852,CUST_01993,815.72,COMPLETED,2026-03-27,29.66
ETL_ORD_000853,CUST_00037,164.36,COMPLETED,2026-03-05,14.65
ETL_ORD_000854,CUST_01854,728.48,COMPLETED,2026-03-06,28.33
ETL_ORD_000855,CUST_01933,786.48,CANCELLED,2026-03-11,8.48
ETL_ORD_000856,CUST_01429,689.74,COMPLETED,2026-03-02,23.34
ETL_ORD_000857,CUST_01608,463.89,COMPLETED,2026-03-04,0.46
ETL_ORD_000858,CUST_00846,264.69,COMPLETED,2026-03-11,7.79
ETL_ORD_000859,CUST_01312,944.84,COMPLETED,2026-03-05,9.21
ETL_ORD_000860,CUST_00516,954.99,PENDING,2026-03-13,34.1
ETL_ORD_000861,CUST_01433,353.62,COMPLETED,2026-03-04,38.12
ETL_ORD_000862,CUST_01219,599.37,COMPLETED,2026-03-08,44.87
ETL_ORD_000863,CUST_00129,1363.2,COMPLETED,2026-03-24,3.55
ETL_ORD_000864,CUST_01116,295.94,COMPLETED,2026-03-23,17.88
ETL_ORD_000865,CUST_00179,915.76,COMPLETED,2026-03-25,17.76
ETL_ORD_000866,CUST_00307,29.69,COMPLETED,2026-03-10,18.12
ETL_ORD_000867,CUST_01588,196.2,COMPLETED,2026-03-13,16.12
ETL_ORD_000868,CUST_00401,525.61,COMPLETED,2026-03-05,48.25
ETL_ORD_000869,CUST_00853,508.45,COMPLETED,2026-03-15,21.52
ETL_ORD_000870,CUST_01397,1380.15,CANCELLED,2026-03-25,12.19
ETL_ORD_000871,CUST_01138,1357.61,COMPLETED,2026-03-23,19.56
ETL_ORD_000872,CUST_01267,584.35,PENDING,2026-03-13,20.6
ETL_ORD_000873,CUST_00075,49.23,COMPLETED,2026-03-05,48.73
ETL_ORD_000874,CUST_01942,456.27,COMPLETED,2026-03-11,32.07
ETL_ORD_000875,CUST_01029,835.62,COMPLETED,2026-03-27,8.64
ETL_ORD_000876,CUST_01411,437.84,COMPLETED,2026-03-11,4.98
ETL_ORD_000877,CUST_00176,375.52,COMPLETED,2026-03-08,43.31
ETL_ORD_000878,CUST_00243,779.28,COMPLETED,2026-03-13,38.2
ETL_ORD_000879,CUST_00380,404.9,CANCELLED,2026-03-19,37.24
ETL_ORD_000880,CUST_01077,1315.61,PENDING,2026-03-28,15.95
ETL_ORD_000881,CUST_00398,412.45,PENDING,2026-03-21,24.5
ETL_ORD_000882,CUST_00859,1276.87,COMPLETED,2026-03-06,20.66
ETL_ORD_000883,CUST_01066,676.45,COMPLETED,2026-03-12,26.81
ETL_ORD_000884,CUST_00394,89.98,COMPLETED,2026-03-22,15.25
ETL_ORD_000885,CUST_01065,164.01,COMPLETED,2026-03-09,37.39
ETL_ORD_000886,CUST_01657,429.43,COMPLETED,2026-03-05,0.76
ETL_ORD_000887,CUST_00076,1195.14,COMPLETED,2026-03-17,23.8
ETL_ORD_000888,CUST_01543,1105.69,COMPLETED,2026-03-07,32.17
ETL_ORD_000889,CUST_00662,275.79,COMPLETED,2026-03-26,28.59
ETL_ORD_000890,CUST_01892,439.97,COMPLETED,2026-03-15,0.94
ETL_ORD_000891,CUST_00702,1067.29,COMPLETED,2026-03-27,29.91
ETL_ORD_000892,CUST_00682,27.82,INVALID_STATUS,2026-03-28,21.22
ETL_ORD_000893,CUST_00921,1480.86,COMPLETED,2026-03-21,7.77
ETL_ORD_000894,CUST_01558,228.21,COMPLETED,2026-03-10,38.4
ETL_ORD_000895,CUST_00527,761.56,PENDING,2026-03-15,39.55
ETL_ORD_000896,CUST_00071,52.1,COMPLETED,2026-03-07,49.7
ETL_ORD_000897,CUST_01547,888.79,COMPLETED,2026-03-01,22.67
ETL_ORD_000898,CUST_01391,287.51,COMPLETED,2026-03-05,8.59
ETL_ORD_000899,CUST_00927,1316.45,COMPLETED,2026-03-20,39.11
ETL_ORD_000900,CUST_01316,919.93,COMPLETED,2026-03-06,45.03
ETL_ORD_000901,CUST_00341,97.4,CANCELLED,2026-03-02,26.65
ETL_ORD_000902,CUST_01486,835.2,COMPLETED,2026-03-12,3.91
ETL_ORD_000903,CUST_01661,200.76,COMPLETED,2026-03-18,34.59
ETL_ORD_000904,CUST_00934,827.01,COMPLETED,2026-03-14,38.58
ETL_ORD_000905,CUST_01406,1089.83,CANCELLED,2026-03-16,44.05
ETL_ORD_000906,CUST_00061,345.32,COMPLETED,2026-03-07,31.49
ETL_ORD_000907,CUST_01030,190.66,COMPLETED,2026-03-28,20.83
ETL_ORD_000908,CUST_01802,643.83,COMPLETED,2026-03-01,10.0
ETL_ORD_000909,CUST_00567,686.35,PENDING,2026-03-03,42.97
ETL_ORD_000910,CUST_01839,401.56,COMPLETED,2026-03-09,38.61
ETL_ORD_000911,CUST_01317,344.89,CANCELLED,2026-03-11,7.31
ETL_ORD_000912,CUST_00346,817.95,COMPLETED,2026-03-05,3.67
ETL_ORD_000913,CUST_00390,1205.55,COMPLETED,2026-03-10,3.21
ETL_ORD_000914,CUST_01860,526.04,PENDING,2026-03-27,17.08
ETL_ORD_000915,CUST_00493,192.31,PENDING,2026-03-07,0.87
ETL_ORD_000916,CUST_00493,1223.15,CANCELLED,2026-03-06,37.73
ETL_ORD_000917,CUST_00118,1428.21,COMPLETED,2026-03-04,45.7
ETL_ORD_000918,CUST_00086,610.01,COMPLETED,2026-03-27,39.46
ETL_ORD_000919,CUST_00429,662.43,COMPLETED,2026-03-28,34.93
ETL_ORD_000920,CUST_00591,1369.49,COMPLETED,2026-03-07,37.36
ETL_ORD_000921,CUST_01289,1340.16,COMPLETED,2026-03-20,13.92
ETL_ORD_000922,CUST_01796,961.36,COMPLETED,2026-03-17,38.33
ETL_ORD_000923,CUST_01666,822.76,COMPLETED,2026-03-21,43.95
ETL_ORD_000924,CUST_00337,214.44,COMPLETED,2026-03-25,41.54
ETL_ORD_000925,CUST_01218,796.4,COMPLETED,2026-03-05,31.62
ETL_ORD_000926,CUST_00792,610.02,COMPLETED,2026-03-09,33.2
ETL_ORD_000927,CUST_01430,1185.72,COMPLETED,2026-03-06,7.77
ETL_ORD_000928,CUST_01499,249.49,COMPLETED,2026-03-29,11.45
ETL_ORD_000929,CUST_01402,796.21,COMPLETED,2026-03-01,49.76
ETL_ORD_000930,CUST_00951,1204.71,COMPLETED,2026-03-06,36.79
ETL_ORD_000931,CUST_01104,784.34,COMPLETED,2026-03-16,21.22
ETL_ORD_000932,CUST_00509,765.28,COMPLETED,2026-03-17,27.89
ETL_ORD_000933,CUST_01452,1379.46,COMPLETED,2026-03-21,32.03
ETL_ORD_000934,CUST_00504,515.27,COMPLETED,2026-03-05,29.18
ETL_ORD_000935,CUST_01365,597.22,COMPLETED,2026-03-29,35.76
ETL_ORD_000936,CUST_01546,1425.08,COMPLETED,2026-03-07,31.3
ETL_ORD_000937,CUST_01794,1417.23,CANCELLED,2026-03-05,16.86
ETL_ORD_000938,CUST_00590,331.72,COMPLETED,2026-03-16,30.65
ETL_ORD_000939,CUST_01509,1076.55,COMPLETED,2026-03-03,5.37
ETL_ORD_000940,CUST_00692,178.28,COMPLETED,2026-03-26,4.27
ETL_ORD_000941,CUST_01263,636.39,PENDING,2026-03-16,37.62
ETL_ORD_000942,CUST_01050,18.31,COMPLETED,2026-03-07,12.1
ETL_ORD_000943,CUST_00272,393.09,COMPLETED,2026-03-07,47.44
ETL_ORD_000944,CUST_00812,1175.42,COMPLETED,2026-03-16,49.51
ETL_ORD_000945,CUST_00860,1149.48,COMPLETED,2026-03-23,8.82
ETL_ORD_000946,CUST_00251,493.13,COMPLETED,2026-03-28,11.15
ETL_ORD_000947,CUST_00645,1424.07,INVALID_STATUS,2026-03-19,39.83
ETL_ORD_000948,CUST_01722,1234.77,COMPLETED,2026-03-22,48.67
ETL_ORD_000949,CUST_01606,1321.82,COMPLETED,2026-03-01,13.45
ETL_ORD_000950,CUST_01577,887.36,CANCELLED,2026-03-06,4.84
ETL_ORD_000951,CUST_00310,1119.71,COMPLETED,2026-03-16,36.57
ETL_ORD_000952,CUST_00177,874.66,PENDING,2026-03-15,26.01
ETL_ORD_000953,CUST_01560,540.95,COMPLETED,2026-03-22,9.38
ETL_ORD_000954,CUST_01294,880.59,COMPLETED,2026-03-22,28.62
ETL_ORD_000955,CUST_00380,1162.12,COMPLETED,2026-03-10,27.64
ETL_ORD_000956,CUST_00850,40.46,COMPLETED,2026-03-13,20.55
ETL_ORD_000957,CUST_01782,1140.15,COMPLETED,2026-03-28,34.36
ETL_ORD_000958,CUST_01405,306.79,COMPLETED,2026-03-20,27.46
ETL_ORD_000959,CUST_01925,631.79,PENDING,2026-03-18,45.39
ETL_ORD_000960,CUST_01725,555.51,COMPLETED,2026-03-19,41.48
ETL_ORD_000961,CUST_00001,769.45,CANCELLED,2026-03-18,31.84
ETL_ORD_000962,CUST_01284,746.74,COMPLETED,2026-03-27,28.83
ETL_ORD_000963,CUST_00309,275.73,COMPLETED,2026-03-15,21.36
ETL_ORD_000964,CUST_01120,185.43,CANCELLED,2026-03-12,18.31
ETL_ORD_000965,CUST_01700,770.86,COMPLETED,2026-03-18,39.43
ETL_ORD_000966,CUST_01626,1001.3,COMPLETED,2026-03-06,30.93
ETL_ORD_000967,CUST_00607,781.64,COMPLETED,2026-03-17,21.6
ETL_ORD_000968,CUST_01736,770.83,COMPLETED,2026-03-06,6.48
ETL_ORD_000969,CUST_00809,1142.01,COMPLETED,2026-03-08,46.97
ETL_ORD_000970,CUST_01311,572.15,PENDING,2026-03-01,44.39
ETL_ORD_000971,CUST_01226,267.67,COMPLETED,2026-03-29,0.31
ETL_ORD_000972,CUST_00536,771.71,COMPLETED,2026-03-10,35.8
ETL_ORD_000973,CUST_01235,891.05,COMPLETED,2026-03-16,46.27
ETL_ORD_000974,CUST_00564,274.4,COMPLETED,2026-03-22,2.98
ETL_ORD_000975,CUST_01902,120.44,COMPLETED,2026-03-27,29.83
ETL_ORD_000976,CUST_01458,943.71,COMPLETED,2026-03-28,9.28
ETL_ORD_000977,CUST_00177,666.69,COMPLETED,2026-03-12,13.12
ETL_ORD_000978,CUST_01885,595.53,COMPLETED,2026-03-13,36.5
ETL_ORD_000979,CUST_00111,751.15,COMPLETED,2026-03-22,47.22
ETL_ORD_000980,CUST_00196,1446.0,COMPLETED,2026-03-11,34.77
ETL_ORD_000981,CUST_01978,884.26,COMPLETED,2026-03-28,15.79
ETL_ORD_000982,CUST_00036,1015.32,COMPLETED,2026-03-17,23.13
ETL_ORD_000983,CUST_01775,434.03,COMPLETED,2026-03-17,25.82
ETL_ORD_000984,CUST_00514,442.94,COMPLETED,2026-03-06,0.83
ETL_ORD_000985,CUST_01531,443.4,COMPLETED,2026-03-26,11.96
ETL_ORD_000986,CUST_00971,401.54,COMPLETED,2026-03-10,19.16
ETL_ORD_000987,CUST_01164,80.56,COMPLETED,2026-03-07,21.74
ETL_ORD_000988,CUST_00158,336.8,COMPLETED,2026-03-01,1.83
ETL_ORD_000989,CUST_00295,1403.73,INVALID_STATUS,2026-03-21,11.34
ETL_ORD_000990,CUST_00470,769.86,COMPLETED,2026-03-24,43.39
ETL_ORD_000991,CUST_00448,824.65,COMPLETED,2026-03-04,17.31
ETL_ORD_000992,CUST_00431,559.59,COMPLETED,2026-03-09,18.85
ETL_ORD_000993,CUST_00541,1018.91,COMPLETED,2026-03-04,37.85
ETL_ORD_000994,CUST_01670,1092.64,COMPLETED,2026-03-28,23.29
ETL_ORD_000995,CUST_01688,1077.07,COMPLETED,2026-03-24,49.57
ETL_ORD_000996,CUST_00662,649.74,COMPLETED,2026-03-26,19.44
ETL_ORD_000997,CUST_00728,1168.54,COMPLETED,2026-03-09,28.89
ETL_ORD_000998,CUST_00150,1061.65,COMPLETED,2026-03-16,46.57
ETL_ORD_000999,CUST_01608,413.95,COMPLETED,2026-03-20,25.84
ETL_ORD_001000,CUST_01955,1414.8,COMPLETED,2026-03-25,4.98
ETL_ORD_001001,CUST_01177,576.4,COMPLETED,2026-03-02,25.39
ETL_ORD_001002,CUST_00407,1081.62,CANCELLED,2026-03-10,10.82
ETL_ORD_001003,CUST_01897,954.51,COMPLETED,2026-03-15,43.73
ETL_ORD_001004,CUST_00310,1230.58,PENDING,2026-03-06,38.42
ETL_ORD_001005,CUST_00347,817.62,INVALID_STATUS,2026-03-22,41.32
ETL_ORD_001006,CUST_01812,133.91,COMPLETED,2026-03-04,26.16
ETL_ORD_001007,CUST_00118,594.69,COMPLETED,2026-03-08,49.3
ETL_ORD_001008,CUST_01520,1084.89,COMPLETED,2026-03-14,23.9
ETL_ORD_001009,CUST_01180,453.07,CANCELLED,2026-03-14,45.06
ETL_ORD_001010,CUST_00450,604.35,COMPLETED,2026-03-14,33.49
ETL_ORD_001011,CUST_00174,1025.14,COMPLETED,2026-03-10,6.82
ETL_ORD_001012,CUST_00845,44.21,COMPLETED,2026-03-06,35.93
ETL_ORD_001013,CUST_01657,52.64,COMPLETED,2026-03-21,10.61
ETL_ORD_001014,CUST_00333,911.63,COMPLETED,2026-03-10,48.67
ETL_ORD_001015,CUST_01242,716.26,COMPLETED,2026-03-13,39.51
ETL_ORD_001016,CUST_00528,1371.31,COMPLETED,2026-03-28,5.92
ETL_ORD_001017,CUST_01915,1127.44,PENDING,2026-03-14,45.12
ETL_ORD_001018,CUST_00397,1411.11,COMPLETED,2026-03-01,43.29
ETL_ORD_001019,CUST_01100,417.55,COMPLETED,2026-03-02,11.11
ETL_ORD_001020,CUST_01764,1201.59,COMPLETED,2026-03-05,11.2
ETL_ORD_001021,CUST_00942,796.0,COMPLETED,2026-03-08,24.74
ETL_ORD_001022,CUST_01546,468.42,COMPLETED,2026-03-08,13.4
ETL_ORD_001023,CUST_01040,79.24,COMPLETED,2026-03-29,49.56
ETL_ORD_001024,CUST_00344,114.66,COMPLETED,2026-03-28,39.44
ETL_ORD_001025,CUST_01003,1216.96,COMPLETED,2026-03-10,1.59
ETL_ORD_001026,CUST_01548,72.29,COMPLETED,2026-03-01,29.73
ETL_ORD_001027,CUST_00754,440.67,PENDING,2026-03-05,27.24
ETL_ORD_001028,CUST_00881,1164.35,PENDING,2026-03-03,24.64
ETL_ORD_001029,CUST_01136,1308.17,COMPLETED,2026-03-27,32.82
ETL_ORD_001030,CUST_01609,956.85,COMPLETED,2026-03-15,40.3
ETL_ORD_001031,CUST_00564,593.15,COMPLETED,2026-03-25,4.8
ETL_ORD_001032,CUST_00068,549.9,COMPLETED,2026-03-12,33.25
ETL_ORD_001033,CUST_01894,389.13,COMPLETED,2026-03-12,36.1
ETL_ORD_001034,CUST_01494,1073.09,COMPLETED,2026-03-05,22.15
ETL_ORD_001035,CUST_00757,712.61,COMPLETED,2026-03-16,22.63
ETL_ORD_001036,CUST_01121,189.43,COMPLETED,2026-03-22,13.25
ETL_ORD_001037,CUST_00864,659.75,COMPLETED,2026-03-21,11.79
ETL_ORD_001038,CUST_01440,292.73,COMPLETED,2026-03-13,32.39
ETL_ORD_001039,CUST_00039,774.72,COMPLETED,2026-03-13,27.96
ETL_ORD_001040,CUST_01165,1435.83,PENDING,2026-03-04,33.17
ETL_ORD_001041,CUST_01205,1140.36,CANCELLED,2026-03-27,21.84
ETL_ORD_001042,CUST_01757,732.28,COMPLETED,2026-03-04,41.5
ETL_ORD_001043,CUST_00160,211.15,PENDING,2026-03-01,28.56
ETL_ORD_001044,CUST_01848,1132.88,CANCELLED,2026-03-28,21.69
ETL_ORD_001045,CUST_00851,1462.37,COMPLETED,2026-03-15,47.9
ETL_ORD_001046,CUST_00812,1248.5,COMPLETED,2026-03-24,20.59
ETL_ORD_001047,CUST_01455,225.27,COMPLETED,2026-03-12,23.6
ETL_ORD_001048,CUST_00054,134.17,COMPLETED,2026-03-29,49.21
ETL_ORD_001049,CUST_01697,1337.09,COMPLETED,2026-03-17,39.16
ETL_ORD_001050,CUST_00884,855.67,COMPLETED,2026-03-22,31.07
ETL_ORD_001051,CUST_01562,491.3,PENDING,2026-03-05,36.6
ETL_ORD_001052,CUST_01621,121.48,COMPLETED,2026-03-03,29.84
ETL_ORD_001053,CUST_01332,1477.32,PENDING,2026-03-24,45.85
ETL_ORD_001054,CUST_00914,1331.28,COMPLETED,2026-03-06,40.59
ETL_ORD_001055,CUST_01466,398.15,COMPLETED,2026-03-01,10.96
ETL_ORD_001056,CUST_00272,286.19,PENDING,2026-03-23,49.44
ETL_ORD_001057,CUST_00935,907.39,COMPLETED,2026-03-19,42.92
ETL_ORD_001058,CUST_00238,1104.55,COMPLETED,2026-03-27,36.02
ETL_ORD_001059,CUST_00878,1366.1,COMPLETED,2026-03-21,2.72
ETL_ORD_001060,CUST_01202,1004.89,CANCELLED,2026-03-22,34.23
ETL_ORD_001061,CUST_00241,1423.68,CANCELLED,2026-03-13,44.46
ETL_ORD_001062,CUST_01798,391.51,PENDING,2026-03-11,8.29
ETL_ORD_001063,CUST_01985,459.86,COMPLETED,2026-03-14,31.12
ETL_ORD_001064,CUST_00588,793.26,COMPLETED,2026-03-27,45.27
ETL_ORD_001065,CUST_00695,250.3,COMPLETED,2026-03-08,20.3
ETL_ORD_001066,CUST_00208,1183.49,COMPLETED,2026-03-11,17.14
ETL_ORD_001067,CUST_00448,1063.63,COMPLETED,2026-03-13,32.63
ETL_ORD_001068,CUST_00574,1445.98,COMPLETED,2026-03-20,9.73
ETL_ORD_001069,CUST_01848,734.47,PENDING,2026-03-15,22.21
ETL_ORD_001070,CUST_00346,292.39,COMPLETED,2026-03-27,1.73
ETL_ORD_001071,CUST_01980,1325.66,COMPLETED,2026-03-01,28.18
ETL_ORD_001072,CUST_01253,1373.82,COMPLETED,2026-03-12,45.2
ETL_ORD_001073,CUST_01631,759.19,COMPLETED,2026-03-07,42.52
ETL_ORD_001074,CUST_01726,1417.35,COMPLETED,2026-03-18,3.15
ETL_ORD_001075,CUST_00779,-10.0,COMPLETED,2026-03-18,36.86
ETL_ORD_001076,CUST_01889,171.57,INVALID_STATUS,2026-03-14,15.43
ETL_ORD_001077,CUST_00449,1176.84,CANCELLED,2026-03-28,34.15
ETL_ORD_001078,CUST_00863,452.35,PENDING,2026-03-23,44.78
ETL_ORD_001079,CUST_01435,1366.01,COMPLETED,2026-03-10,26.38
ETL_ORD_001080,CUST_00757,260.8,COMPLETED,2026-03-06,28.61
ETL_ORD_001081,CUST_00995,172.91,PENDING,2026-03-26,49.13
ETL_ORD_001082,CUST_01212,683.06,COMPLETED,2026-03-16,3.4
ETL_ORD_001083,CUST_00790,1352.94,CANCELLED,2026-03-24,0.32
ETL_ORD_001084,CUST_00840,-10.0,COMPLETED,2026-03-22,24.2
ETL_ORD_001085,CUST_01535,711.94,COMPLETED,2026-03-08,17.59
ETL_ORD_001086,CUST_00121,726.37,CANCELLED,2026-03-21,5.6
ETL_ORD_001087,CUST_01913,146.77,COMPLETED,2026-03-08,44.71
ETL_ORD_001088,CUST_00204,532.04,COMPLETED,2026-03-26,3.37
ETL_ORD_001089,CUST_00288,440.52,COMPLETED,2026-03-14,26.45
ETL_ORD_001090,CUST_01053,482.5,COMPLETED,2026-03-19,31.3
ETL_ORD_001091,CUST_01666,622.88,COMPLETED,2026-03-09,28.56
ETL_ORD_001092,CUST_01060,409.4,COMPLETED,2026-03-16,16.34
ETL_ORD_001093,CUST_00908,536.7,COMPLETED,2026-03-25,26.8
ETL_ORD_001094,CUST_00793,1331.38,COMPLETED,2026-03-11,31.32
ETL_ORD_001095,CUST_00272,1041.52,COMPLETED,2026-03-15,18.61
ETL_ORD_001096,CUST_00590,1478.18,CANCELLED,2026-03-28,0.29
ETL_ORD_001097,CUST_01156,321.18,COMPLETED,2026-03-10,8.65
ETL_ORD_001098,CUST_01359,371.41,COMPLETED,2026-03-27,14.04
ETL_ORD_001099,CUST_00950,429.65,COMPLETED,2026-03-01,7.04
ETL_ORD_001100,CUST_01442,876.52,COMPLETED,2026-03-04,39.5
ETL_ORD_001101,CUST_00611,1087.24,CANCELLED,2026-03-04,17.55
ETL_ORD_001102,CUST_01212,1386.3,CANCELLED,2026-03-08,18.14
ETL_ORD_001103,CUST_01204,1288.34,COMPLETED,2026-03-19,8.94
ETL_ORD_001104,CUST_00108,959.74,COMPLETED,2026-03-19,10.09
ETL_ORD_001105,CUST_00959,49.09,PENDING,2026-03-03,21.31
ETL_ORD_001106,CUST_00914,-10.0,COMPLETED,2026-03-02,5.23
ETL_ORD_001107,CUST_00091,570.36,COMPLETED,2026-03-06,26.61
ETL_ORD_001108,CUST_00630,1496.33,COMPLETED,2026-03-22,13.95
ETL_ORD_001109,CUST_00028,438.81,COMPLETED,2026-03-28,6.91
ETL_ORD_001110,CUST_00315,488.19,COMPLETED,2026-03-27,18.12
ETL_ORD_001111,CUST_01787,479.54,COMPLETED,2026-03-26,17.19
ETL_ORD_001112,CUST_01728,1462.07,COMPLETED,2026-03-08,0.89
ETL_ORD_001113,CUST_00358,867.12,COMPLETED,2026-03-03,34.4
ETL_ORD_001114,CUST_01168,197.52,INVALID_STATUS,2026-03-14,23.12
ETL_ORD_001115,CUST_00653,684.21,COMPLETED,2026-03-29,39.04
ETL_ORD_001116,CUST_00356,1490.33,INVALID_STATUS,2026-03-10,9.17
ETL_ORD_001117,CUST_01341,1213.91,COMPLETED,2026-03-20,0.43
ETL_ORD_001118,CUST_01234,853.86,COMPLETED,2026-03-15,29.0
ETL_ORD_001119,CUST_00221,-10.0,COMPLETED,2026-03-04,38.4
ETL_ORD_001120,CUST_00085,1378.06,CANCELLED,2026-03-16,14.13
ETL_ORD_001121,CUST_00410,104.7,COMPLETED,2026-03-27,48.19
ETL_ORD_001122,CUST_00614,434.1,COMPLETED,2026-03-27,15.55
ETL_ORD_001123,CUST_00558,1056.3,COMPLETED,2026-03-24,15.03
ETL_ORD_001124,CUST_00099,220.7,COMPLETED,2026-03-19,47.79
ETL_ORD_001125,CUST_01379,633.18,COMPLETED,2026-03-12,21.01
ETL_ORD_001126,CUST_00379,405.23,PENDING,2026-03-19,27.28
ETL_ORD_001127,CUST_00771,1104.49,COMPLETED,2026-03-18,15.97
ETL_ORD_001128,CUST_01171,969.95,COMPLETED,2026-03-29,33.11
ETL_ORD_001129,CUST_01755,639.56,COMPLETED,2026-03-17,48.38
ETL_ORD_001130,CUST_00662,1020.47,COMPLETED,2026-03-14,17.58
ETL_ORD_001131,CUST_00905,235.59,COMPLETED,2026-03-21,13.34
ETL_ORD_001132,CUST_00138,1283.33,COMPLETED,2026-03-04,9.49
ETL_ORD_001133,CUST_00229,377.03,CANCELLED,2026-03-10,22.51
ETL_ORD_001134,CUST_01588,1203.49,COMPLETED,2026-03-28,3.89
ETL_ORD_001135,CUST_00827,1325.08,COMPLETED,2026-03-17,7.99
ETL_ORD_001136,CUST_00480,131.38,COMPLETED,2026-03-19,14.33
ETL_ORD_001137,CUST_00849,860.42,COMPLETED,2026-03-07,9.08
ETL_ORD_001138,CUST_00773,375.59,COMPLETED,2026-03-28,33.36
ETL_ORD_001139,CUST_01078,899.06,COMPLETED,2026-03-09,41.48
ETL_ORD_001140,CUST_01121,472.07,COMPLETED,2026-03-28,0.34
ETL_ORD_001141,CUST_01121,425.59,COMPLETED,2026-03-12,36.77
ETL_ORD_001142,CUST_00467,796.96,COMPLETED,2026-03-16,38.66
ETL_ORD_001143,CUST_01266,1241.28,COMPLETED,2026-03-22,45.0
ETL_ORD_001144,CUST_01194,880.66,COMPLETED,2026-03-18,9.7
ETL_ORD_001145,CUST_00164,355.6,COMPLETED,2026-03-04,2.57
ETL_ORD_001146,CUST_00726,212.67,COMPLETED,2026-03-27,23.22
ETL_ORD_001147,CUST_01896,1162.86,PENDING,2026-03-28,29.83
ETL_ORD_001148,CUST_01473,532.78,COMPLETED,2026-03-03,28.54
ETL_ORD_001149,CUST_01757,603.01,COMPLETED,2026-03-09,16.82
ETL_ORD_001150,CUST_01894,344.08,COMPLETED,2026-03-17,42.5
ETL_ORD_001151,CUST_00210,895.93,COMPLETED,2026-03-05,47.44
ETL_ORD_001152,CUST_01195,422.64,COMPLETED,2026-03-25,12.66
ETL_ORD_001153,CUST_01265,1128.72,COMPLETED,2026-03-28,17.44
ETL_ORD_001154,CUST_01656,957.9,COMPLETED,2026-03-26,33.52
ETL_ORD_001155,CUST_00048,754.98,COMPLETED,2026-03-19,26.98
ETL_ORD_001156,CUST_00682,182.06,COMPLETED,2026-03-07,2.47
ETL_ORD_001157,CUST_00233,1393.82,CANCELLED,2026-03-14,27.83
ETL_ORD_001158,CUST_00106,572.38,COMPLETED,2026-03-25,26.62
ETL_ORD_001159,CUST_00352,881.06,CANCELLED,2026-03-06,43.43
ETL_ORD_001160,CUST_01536,1315.29,PENDING,2026-03-08,6.04
ETL_ORD_001161,CUST_01274,497.4,COMPLETED,2026-03-08,25.5
ETL_ORD_001162,CUST_00136,206.61,COMPLETED,2026-03-08,21.84
ETL_ORD_001163,CUST_00827,739.59,COMPLETED,2026-03-04,40.1
ETL_ORD_001164,CUST_00938,-10.0,COMPLETED,2026-03-25,32.0
ETL_ORD_001165,CUST_01509,851.65,COMPLETED,2026-03-15,26.82
ETL_ORD_001166,CUST_00609,182.22,COMPLETED,2026-03-25,19.91
ETL_ORD_001167,CUST_00585,998.88,COMPLETED,2026-03-29,43.9
ETL_ORD_001168,CUST_00918,870.35,INVALID_STATUS,2026-03-28,28.94
ETL_ORD_001169,CUST_00685,1060.77,COMPLETED,2026-03-01,28.38
ETL_ORD_001170,CUST_00649,436.79,COMPLETED,2026-03-14,0.73
ETL_ORD_001171,CUST_01224,1381.88,COMPLETED,2026-03-15,23.62
ETL_ORD_001172,CUST_00216,1189.18,COMPLETED,2026-03-29,41.99
ETL_ORD_001173,CUST_01215,294.83,COMPLETED,2026-03-23,22.09
ETL_ORD_001174,CUST_00456,1059.35,COMPLETED,2026-03-28,27.42
ETL_ORD_001175,CUST_01599,289.57,PENDING,2026-03-25,45.23
ETL_ORD_001176,CUST_00133,993.71,COMPLETED,2026-03-04,7.5
ETL_ORD_001177,CUST_00844,911.17,COMPLETED,2026-03-20,3.99
ETL_ORD_001178,CUST_00901,191.35,COMPLETED,2026-03-01,31.72
ETL_ORD_001179,CUST_00308,962.45,COMPLETED,2026-03-29,17.82
ETL_ORD_001180,CUST_01484,1158.77,COMPLETED,2026-03-06,38.11
ETL_ORD_001181,CUST_01495,-10.0,CANCELLED,2026-03-01,15.22
ETL_ORD_001182,CUST_00714,1486.16,COMPLETED,2026-03-25,37.9
ETL_ORD_001183,CUST_01690,1447.64,INVALID_STATUS,2026-03-24,47.86
ETL_ORD_001184,CUST_00027,210.68,CANCELLED,2026-03-19,38.75
ETL_ORD_001185,CUST_01390,141.94,COMPLETED,2026-03-05,37.1
ETL_ORD_001186,CUST_00358,380.67,COMPLETED,2026-03-21,20.44
ETL_ORD_001187,CUST_01539,1228.1,COMPLETED,2026-03-11,28.97
ETL_ORD_001188,CUST_01106,1487.62,COMPLETED,2026-03-29,6.18
ETL_ORD_001189,CUST_01952,221.06,PENDING,2026-03-14,37.23
ETL_ORD_001190,CUST_00137,696.57,COMPLETED,2026-03-19,27.8
ETL_ORD_001191,CUST_01102,1345.14,CANCELLED,2026-03-04,28.14
ETL_ORD_001192,CUST_00394,643.38,COMPLETED,2026-03-28,4.65
ETL_ORD_001193,CUST_01153,1324.94,COMPLETED,2026-03-15,30.87
ETL_ORD_001194,CUST_00391,1129.84,COMPLETED,2026-03-25,5.61
ETL_ORD_001195,CUST_01523,1308.2,COMPLETED,2026-03-29,6.26
ETL_ORD_001196,CUST_01907,1145.84,COMPLETED,2026-03-26,8.5
ETL_ORD_001197,CUST_00569,1307.19,COMPLETED,2026-03-24,41.25
ETL_ORD_001198,CUST_00637,479.54,COMPLETED,2026-03-06,0.81
ETL_ORD_001199,CUST_01058,1314.32,COMPLETED,2026-03-26,46.03
ETL_ORD_001200,CUST_01971,1353.35,COMPLETED,2026-03-26,28.3
ETL_ORD_001201,CUST_00800,1320.82,COMPLETED,2026-03-23,29.41
ETL_ORD_001202,CUST_01487,1230.38,COMPLETED,2026-03-25,5.97
ETL_ORD_001203,CUST_01131,1406.23,CANCELLED,2026-03-20,36.43
ETL_ORD_001204,CUST_01579,540.89,COMPLETED,2026-03-03,35.43
ETL_ORD_001205,CUST_00452,1304.29,COMPLETED,2026-03-08,19.11
ETL_ORD_001206,CUST_01332,1010.95,COMPLETED,2026-03-04,27.12
ETL_ORD_001207,CUST_00725,1334.99,COMPLETED,2026-03-04,33.04
ETL_ORD_001208,CUST_00695,772.73,PENDING,2026-03-28,36.42
ETL_ORD_001209,CUST_01550,1314.56,COMPLETED,2026-03-27,35.79
ETL_ORD_001210,CUST_01314,1437.3,COMPLETED,2026-03-22,1.59
ETL_ORD_001211,CUST_00616,402.62,COMPLETED,2026-03-04,48.17
ETL_ORD_001212,CUST_01094,258.2,COMPLETED,2026-03-08,13.18
ETL_ORD_001213,CUST_01321,396.16,COMPLETED,2026-03-29,13.44
ETL_ORD_001214,CUST_01512,143.43,COMPLETED,2026-03-14,12.62
ETL_ORD_001215,CUST_01830,106.29,COMPLETED,2026-03-23,33.13
ETL_ORD_001216,CUST_01820,963.17,COMPLETED,2026-03-27,25.25
ETL_ORD_001217,CUST_01395,66.2,COMPLETED,2026-03-15,44.82
ETL_ORD_001218,CUST_00517,1312.21,COMPLETED,2026-03-27,4.0
ETL_ORD_001219,CUST_01929,853.37,COMPLETED,2026-03-26,48.49
ETL_ORD_001220,CUST_00370,856.06,COMPLETED,2026-03-27,8.26
ETL_ORD_001221,CUST_00439,1210.75,COMPLETED,2026-03-17,26.75
ETL_ORD_001222,CUST_00882,977.12,PENDING,2026-03-27,41.62
ETL_ORD_001223,CUST_01200,1340.78,COMPLETED,2026-03-08,35.67
ETL_ORD_001224,CUST_00265,218.53,PENDING,2026-03-12,21.49
ETL_ORD_001225,CUST_01022,1268.13,COMPLETED,2026-03-14,34.95
ETL_ORD_001226,CUST_01473,949.85,COMPLETED,2026-03-29,45.95
ETL_ORD_001227,CUST_01637,778.38,COMPLETED,2026-03-12,48.73
ETL_ORD_001228,CUST_00234,403.81,COMPLETED,2026-03-10,41.94
ETL_ORD_001229,CUST_01620,725.65,COMPLETED,2026-03-29,30.08
ETL_ORD_001230,CUST_01387,511.76,PENDING,2026-03-21,0.28
ETL_ORD_001231,CUST_01043,75.52,COMPLETED,2026-03-03,0.62
ETL_ORD_001232,CUST_00262,854.34,COMPLETED,2026-03-10,14.4
ETL_ORD_001233,CUST_01475,634.01,CANCELLED,2026-03-18,36.09
ETL_ORD_001234,CUST_00005,1213.29,COMPLETED,2026-03-17,4.77
ETL_ORD_001235,CUST_01785,157.03,COMPLETED,2026-03-22,3.9
ETL_ORD_001236,CUST_01786,885.57,PENDING,2026-03-06,33.15
ETL_ORD_001237,CUST_00787,678.04,COMPLETED,2026-03-23,10.62
ETL_ORD_001238,CUST_00900,1297.34,COMPLETED,2026-03-11,9.92
ETL_ORD_001239,CUST_01919,1266.22,COMPLETED,2026-03-06,24.24
ETL_ORD_001240,CUST_00411,539.25,COMPLETED,2026-03-12,40.84
ETL_ORD_001241,CUST_00512,614.66,COMPLETED,2026-03-02,37.48
ETL_ORD_001242,CUST_00574,1079.76,COMPLETED,2026-03-07,11.85
ETL_ORD_001243,CUST_01674,31.1,COMPLETED,2026-03-08,19.99
ETL_ORD_001244,CUST_01754,1459.11,COMPLETED,2026-03-21,5.25
ETL_ORD_001245,CUST_01558,632.21,COMPLETED,2026-03-25,48.14
ETL_ORD_001246,CUST_00341,1231.52,COMPLETED,2026-03-11,29.8
ETL_ORD_001247,CUST_01820,630.8,COMPLETED,2026-03-06,42.88
ETL_ORD_001248,CUST_01010,972.62,COMPLETED,2026-03-01,23.47
ETL_ORD_001249,CUST_01888,160.05,COMPLETED,2026-03-20,31.61
ETL_ORD_001250,CUST_00998,134.91,CANCELLED,2026-03-17,7.99
ETL_ORD_001251,CUST_01787,298.37,COMPLETED,2026-03-02,13.69
ETL_ORD_001252,CUST_00454,394.41,COMPLETED,2026-03-22,11.2
ETL_ORD_001253,CUST_01973,1284.06,COMPLETED,2026-03-05,34.12
ETL_ORD_001254,CUST_00334,1418.64,COMPLETED,2026-03-01,38.35
ETL_ORD_001255,CUST_01966,1305.33,COMPLETED,2026-03-15,6.6
ETL_ORD_001256,CUST_01817,978.78,COMPLETED,2026-03-04,48.94
ETL_ORD_001257,CUST_00417,452.24,COMPLETED,2026-03-05,39.78
ETL_ORD_001258,CUST_00410,690.58,COMPLETED,2026-03-25,40.21
ETL_ORD_001259,CUST_01661,538.95,PENDING,2026-03-08,41.21
ETL_ORD_001260,CUST_00418,-10.0,COMPLETED,2026-03-28,4.49
ETL_ORD_001261,CUST_01782,218.26,COMPLETED,2026-03-03,48.57
ETL_ORD_001262,CUST_00316,244.65,COMPLETED,2026-03-05,39.44
ETL_ORD_001263,CUST_01009,311.52,COMPLETED,2026-03-19,47.24
ETL_ORD_001264,CUST_00668,930.94,COMPLETED,2026-03-20,38.29
ETL_ORD_001265,CUST_00859,716.67,COMPLETED,2026-03-29,0.91
ETL_ORD_001266,CUST_00808,403.81,COMPLETED,2026-03-26,41.53
ETL_ORD_001267,CUST_00203,982.64,CANCELLED,2026-03-24,40.83
ETL_ORD_001268,CUST_01342,584.08,COMPLETED,2026-03-16,16.55
ETL_ORD_001269,CUST_01931,1016.42,COMPLETED,2026-03-04,2.46
ETL_ORD_001270,CUST_01703,1127.09,COMPLETED,2026-03-05,49.8
ETL_ORD_001271,CUST_01425,1472.65,COMPLETED,2026-03-04,10.13
ETL_ORD_001272,CUST_01272,1390.16,COMPLETED,2026-03-17,49.5
ETL_ORD_001273,CUST_00326,1048.57,COMPLETED,2026-03-27,31.03
ETL_ORD_001274,CUST_00029,1481.82,PENDING,2026-03-11,2.81
ETL_ORD_001275,CUST_00980,374.53,COMPLETED,2026-03-21,11.64
ETL_ORD_001276,CUST_01627,672.72,COMPLETED,2026-03-18,39.39
ETL_ORD_001277,CUST_01946,1398.11,COMPLETED,2026-03-03,44.71
ETL_ORD_001278,CUST_00914,1139.52,COMPLETED,2026-03-20,48.03
ETL_ORD_001279,CUST_00977,731.19,COMPLETED,2026-03-14,32.72
ETL_ORD_001280,CUST_00143,1448.08,COMPLETED,2026-03-12,35.04
ETL_ORD_001281,CUST_00974,891.94,COMPLETED,2026-03-10,44.7
ETL_ORD_001282,CUST_00976,961.9,COMPLETED,2026-03-05,49.56
ETL_ORD_001283,CUST_01935,132.59,COMPLETED,2026-03-22,26.84
ETL_ORD_001284,CUST_00786,870.75,COMPLETED,2026-03-07,7.91
ETL_ORD_001285,CUST_01540,84.17,COMPLETED,2026-03-07,7.1
ETL_ORD_001286,CUST_00526,1374.18,PENDING,2026-03-17,46.58
ETL_ORD_001287,CUST_00177,1087.75,COMPLETED,2026-03-04,26.71
ETL_ORD_001288,CUST_00670,1461.58,PENDING,2026-03-18,34.47
ETL_ORD_001289,CUST_01707,655.86,COMPLETED,2026-03-13,1.31
ETL_ORD_001290,CUST_00042,203.92,COMPLETED,2026-03-21,45.17
ETL_ORD_001291,CUST_00170,267.92,COMPLETED,2026-03-03,21.77
ETL_ORD_001292,CUST_00819,127.39,COMPLETED,2026-03-07,21.76
ETL_ORD_001293,CUST_01953,1412.38,COMPLETED,2026-03-24,33.19
ETL_ORD_001294,CUST_00549,116.78,COMPLETED,2026-03-02,47.34
ETL_ORD_001295,CUST_01047,1039.36,COMPLETED,2026-03-19,29.1
ETL_ORD_001296,CUST_00956,1249.5,COMPLETED,2026-03-10,29.7
ETL_ORD_001297,CUST_00122,967.61,COMPLETED,2026-03-12,7.89
ETL_ORD_001298,CUST_01660,185.35,COMPLETED,2026-03-19,12.8
ETL_ORD_001299,CUST_00580,987.67,COMPLETED,2026-03-21,1.72
ETL_ORD_001300,CUST_01563,541.62,COMPLETED,2026-03-23,34.59
ETL_ORD_001301,CUST_00543,1276.26,COMPLETED,2026-03-28,14.02
ETL_ORD_001302,CUST_00210,658.46,COMPLETED,2026-03-27,37.77
ETL_ORD_001303,CUST_00414,904.89,COMPLETED,2026-03-09,41.51
ETL_ORD_001304,CUST_00285,1039.15,COMPLETED,2026-03-14,25.25
ETL_ORD_001305,CUST_01671,1446.45,COMPLETED,2026-03-02,26.39
ETL_ORD_001306,CUST_01913,422.08,COMPLETED,2026-03-07,30.55
ETL_ORD_001307,CUST_00234,1266.88,COMPLETED,2026-03-03,2.96
ETL_ORD_001308,CUST_00249,440.7,COMPLETED,2026-03-25,47.22
ETL_ORD_001309,CUST_00580,395.64,COMPLETED,2026-03-01,38.0
ETL_ORD_001310,CUST_01589,649.43,COMPLETED,2026-03-24,10.76
ETL_ORD_001311,CUST_00872,866.04,COMPLETED,2026-03-14,25.36
ETL_ORD_001312,CUST_00249,1452.61,COMPLETED,2026-03-12,24.92
ETL_ORD_001313,CUST_00683,632.55,COMPLETED,2026-03-27,9.32
ETL_ORD_001314,CUST_01574,1129.26,COMPLETED,2026-03-01,8.8
ETL_ORD_001315,CUST_00540,922.95,COMPLETED,2026-03-18,49.28
ETL_ORD_001316,CUST_00953,1235.98,COMPLETED,2026-03-19,2.34
ETL_ORD_001317,CUST_01858,-10.0,PENDING,2026-03-22,1.85
ETL_ORD_001318,CUST_00985,-10.0,CANCELLED,2026-03-27,11.22
ETL_ORD_001319,CUST_01879,1288.11,COMPLETED,2026-03-26,21.17
ETL_ORD_001320,CUST_00925,787.75,COMPLETED,2026-03-14,42.51
ETL_ORD_001321,CUST_01893,1059.55,COMPLETED,2026-03-22,30.93
ETL_ORD_001322,CUST_01161,213.59,COMPLETED,2026-03-01,30.59
ETL_ORD_001323,CUST_00880,658.27,COMPLETED,2026-03-26,36.58
ETL_ORD_001324,CUST_01864,617.85,COMPLETED,2026-03-11,14.67
ETL_ORD_001325,CUST_00436,305.77,COMPLETED,2026-03-18,1.87
ETL_ORD_001326,CUST_01028,650.79,COMPLETED,2026-03-14,32.87
ETL_ORD_001327,CUST_00560,238.79,COMPLETED,2026-03-06,5.05
ETL_ORD_001328,CUST_00354,774.81,COMPLETED,2026-03-04,27.68
ETL_ORD_001329,CUST_00211,568.49,COMPLETED,2026-03-06,17.67
ETL_ORD_001330,CUST_01249,-10.0,PENDING,2026-03-10,2.93
ETL_ORD_001331,CUST_00681,756.86,COMPLETED,2026-03-23,16.04
ETL_ORD_001332,CUST_00743,432.66,CANCELLED,2026-03-13,2.69
ETL_ORD_001333,CUST_01208,1286.92,COMPLETED,2026-03-16,7.14
ETL_ORD_001334,CUST_01856,1339.26,COMPLETED,2026-03-28,38.91
ETL_ORD_001335,CUST_01961,751.19,COMPLETED,2026-03-08,37.91
ETL_ORD_001336,CUST_00244,49.88,PENDING,2026-03-20,19.21
ETL_ORD_001337,CUST_00165,1498.74,COMPLETED,2026-03-12,31.24
ETL_ORD_001338,CUST_01642,929.37,CANCELLED,2026-03-24,44.43
ETL_ORD_001339,CUST_01304,1429.69,COMPLETED,2026-03-02,32.01
ETL_ORD_001340,CUST_00586,234.59,COMPLETED,2026-03-10,26.44
ETL_ORD_001341,CUST_01131,54.04,COMPLETED,2026-03-04,6.86
ETL_ORD_001342,CUST_01515,1193.66,COMPLETED,2026-03-02,10.68
ETL_ORD_001343,CUST_00511,523.14,COMPLETED,2026-03-28,9.78
ETL_ORD_001344,CUST_00067,938.41,COMPLETED,2026-03-14,11.34
ETL_ORD_001345,CUST_00976,360.87,COMPLETED,2026-03-08,49.13
ETL_ORD_001346,CUST_00105,1000.35,COMPLETED,2026-03-03,5.95
ETL_ORD_001347,CUST_00793,1274.34,CANCELLED,2026-03-26,4.37
ETL_ORD_001348,CUST_01357,237.44,COMPLETED,2026-03-13,47.88
ETL_ORD_001349,CUST_00063,987.65,COMPLETED,2026-03-04,25.35
ETL_ORD_001350,CUST_00613,1329.89,COMPLETED,2026-03-29,37.39
ETL_ORD_001351,CUST_00966,1262.37,COMPLETED,2026-03-29,47.96
ETL_ORD_001352,CUST_01416,876.5,COMPLETED,2026-03-20,28.08
ETL_ORD_001353,CUST_00465,1453.98,COMPLETED,2026-03-15,38.68
ETL_ORD_001354,CUST_00875,1022.82,COMPLETED,2026-03-15,31.55
ETL_ORD_001355,CUST_01478,913.23,COMPLETED,2026-03-28,12.48
ETL_ORD_001356,CUST_00292,56.21,COMPLETED,2026-03-01,38.28
ETL_ORD_001357,CUST_00571,497.6,COMPLETED,2026-03-07,28.02
ETL_ORD_001358,CUST_01648,1345.09,COMPLETED,2026-03-23,46.67
ETL_ORD_001359,CUST_01327,1082.56,CANCELLED,2026-03-18,49.23
ETL_ORD_001360,CUST_01799,834.19,COMPLETED,2026-03-18,31.79
ETL_ORD_001361,CUST_01633,242.18,COMPLETED,2026-03-10,14.4
ETL_ORD_001362,CUST_00328,878.08,COMPLETED,2026-03-25,24.36
ETL_ORD_001363,CUST_01326,481.5,COMPLETED,2026-03-05,45.34
ETL_ORD_001364,CUST_00791,1215.46,COMPLETED,2026-03-26,16.42
ETL_ORD_001365,CUST_00461,608.46,COMPLETED,2026-03-27,26.23
ETL_ORD_001366,CUST_00203,465.44,COMPLETED,2026-03-28,23.09
ETL_ORD_001367,CUST_00443,1185.49,COMPLETED,2026-03-17,17.1
ETL_ORD_001368,CUST_00136,1074.05,COMPLETED,2026-03-19,11.31
ETL_ORD_001369,CUST_00736,793.29,COMPLETED,2026-03-25,44.62
ETL_ORD_001370,CUST_00119,192.86,CANCELLED,2026-03-06,47.11
ETL_ORD_001371,CUST_00059,629.08,CANCELLED,2026-03-10,6.42
ETL_ORD_001372,CUST_00386,341.12,PENDING,2026-03-23,9.61
ETL_ORD_001373,CUST_01780,1447.22,COMPLETED,2026-03-14,31.35
ETL_ORD_001374,CUST_01312,610.45,COMPLETED,2026-03-25,1.59
ETL_ORD_001375,CUST_00531,863.49,CANCELLED,2026-03-26,10.49
ETL_ORD_001376,CUST_01374,581.99,COMPLETED,2026-03-03,27.94
ETL_ORD_001377,CUST_00053,775.54,COMPLETED,2026-03-24,34.63
ETL_ORD_001378,CUST_00126,298.93,COMPLETED,2026-03-18,29.82
ETL_ORD_001379,CUST_01851,835.64,COMPLETED,2026-03-25,33.04
ETL_ORD_001380,CUST_01599,810.89,COMPLETED,2026-03-16,21.73
ETL_ORD_001381,CUST_01932,62.45,COMPLETED,2026-03-27,49.96
ETL_ORD_001382,CUST_00560,735.42,COMPLETED,2026-03-17,49.66
ETL_ORD_001383,CUST_00087,882.15,COMPLETED,2026-03-12,36.44
ETL_ORD_001384,CUST_00464,117.23,COMPLETED,2026-03-02,42.09
ETL_ORD_001385,CUST_00200,560.72,INVALID_STATUS,2026-03-29,36.79
ETL_ORD_001386,CUST_01760,727.88,COMPLETED,2026-03-21,17.49
ETL_ORD_001387,CUST_00911,935.52,COMPLETED,2026-03-26,36.41
ETL_ORD_001388,CUST_00936,1048.04,COMPLETED,2026-03-02,36.56
ETL_ORD_001389,CUST_01899,279.62,CANCELLED,2026-03-08,21.57
ETL_ORD_001390,CUST_00228,1099.09,CANCELLED,2026-03-04,5.72
ETL_ORD_001391,CUST_01974,826.43,COMPLETED,2026-03-25,4.45
ETL_ORD_001392,CUST_00619,1397.42,COMPLETED,2026-03-13,9.64
ETL_ORD_001393,CUST_01360,873.29,COMPLETED,2026-03-14,39.22
ETL_ORD_001394,CUST_01715,1335.79,COMPLETED,2026-03-04,16.47
ETL_ORD_001395,CUST_00603,-10.0,COMPLETED,2026-03-01,12.1
ETL_ORD_001396,CUST_00357,950.92,COMPLETED,2026-03-21,12.02
ETL_ORD_001397,CUST_01387,27.94,COMPLETED,2026-03-12,1.32
ETL_ORD_001398,CUST_00870,1148.38,COMPLETED,2026-03-18,20.23
ETL_ORD_001399,CUST_01325,1486.31,COMPLETED,2026-03-20,10.22
ETL_ORD_001400,CUST_01956,80.4,COMPLETED,2026-03-27,22.39
ETL_ORD_001401,CUST_01955,634.81,COMPLETED,2026-03-27,4.66
ETL_ORD_001402,CUST_01676,1004.25,CANCELLED,2026-03-20,49.66
ETL_ORD_001403,CUST_01384,523.44,COMPLETED,2026-03-20,4.37
ETL_ORD_001404,CUST_00768,1498.43,COMPLETED,2026-03-18,35.98
ETL_ORD_001405,CUST_00418,744.64,COMPLETED,2026-03-10,49.79
ETL_ORD_001406,CUST_01555,574.18,COMPLETED,2026-03-20,30.42
ETL_ORD_001407,CUST_01983,1409.29,COMPLETED,2026-03-15,41.08
ETL_ORD_001408,CUST_00356,466.49,COMPLETED,2026-03-10,47.22
ETL_ORD_001409,CUST_00087,885.63,COMPLETED,2026-03-02,48.65
ETL_ORD_001410,CUST_00444,534.98,COMPLETED,2026-03-03,44.88
ETL_ORD_001411,CUST_00301,1132.08,COMPLETED,2026-03-12,17.72
ETL_ORD_001412,CUST_01732,915.87,COMPLETED,2026-03-25,24.45
ETL_ORD_001413,CUST_01202,1492.64,COMPLETED,2026-03-09,26.49
ETL_ORD_001414,CUST_00534,-10.0,COMPLETED,2026-03-10,42.85
ETL_ORD_001415,CUST_01948,1285.44,COMPLETED,2026-03-24,42.18
ETL_ORD_001416,CUST_01239,1461.35,COMPLETED,2026-03-18,3.75
ETL_ORD_001417,CUST_01459,1354.36,COMPLETED,2026-03-16,5.08
ETL_ORD_001418,CUST_01085,922.94,COMPLETED,2026-03-14,23.14
ETL_ORD_001419,CUST_01017,616.89,COMPLETED,2026-03-12,45.66
ETL_ORD_001420,CUST_00163,376.98,INVALID_STATUS,2026-03-05,12.12
ETL_ORD_001421,CUST_01702,433.55,PENDING,2026-03-27,30.11
ETL_ORD_001422,CUST_00605,72.53,COMPLETED,2026-03-04,2.06
ETL_ORD_001423,CUST_01138,106.27,COMPLETED,2026-03-15,44.68
ETL_ORD_001424,CUST_01026,611.44,COMPLETED,2026-03-11,2.08
ETL_ORD_001425,CUST_01715,1398.31,COMPLETED,2026-03-05,22.55
ETL_ORD_001426,CUST_00515,564.78,COMPLETED,2026-03-26,13.68
ETL_ORD_001427,CUST_00382,403.26,PENDING,2026-03-26,12.94
ETL_ORD_001428,CUST_01996,1209.02,COMPLETED,2026-03-28,3.66
ETL_ORD_001429,CUST_01060,219.63,COMPLETED,2026-03-24,45.0
ETL_ORD_001430,CUST_01304,775.78,CANCELLED,2026-03-12,1.86
ETL_ORD_001431,CUST_01306,589.58,COMPLETED,2026-03-25,35.03
ETL_ORD_001432,CUST_01790,878.54,COMPLETED,2026-03-05,20.45
ETL_ORD_001433,CUST_00670,289.68,COMPLETED,2026-03-05,40.94
ETL_ORD_001434,CUST_01671,859.2,COMPLETED,2026-03-14,13.95
ETL_ORD_001435,CUST_01368,925.76,COMPLETED,2026-03-21,18.36
ETL_ORD_001436,CUST_00759,1364.17,COMPLETED,2026-03-20,37.64
ETL_ORD_001437,CUST_01505,1223.57,COMPLETED,2026-03-24,15.05
ETL_ORD_001438,CUST_01425,896.99,COMPLETED,2026-03-10,19.6
ETL_ORD_001439,CUST_01194,247.74,COMPLETED,2026-03-26,31.74
ETL_ORD_001440,CUST_01098,1229.95,COMPLETED,2026-03-24,30.34
ETL_ORD_001441,CUST_01762,993.42,PENDING,2026-03-16,7.93
ETL_ORD_001442,CUST_01288,1108.48,COMPLETED,2026-03-14,33.45
ETL_ORD_001443,CUST_01738,458.51,COMPLETED,2026-03-11,36.92
ETL_ORD_001444,CUST_01898,625.23,INVALID_STATUS,2026-03-04,0.12
ETL_ORD_001445,CUST_01444,254.61,COMPLETED,2026-03-26,22.4
ETL_ORD_001446,CUST_00199,907.98,COMPLETED,2026-03-18,6.56
ETL_ORD_001447,CUST_01948,672.85,CANCELLED,2026-03-16,45.11
ETL_ORD_001448,CUST_00599,753.94,COMPLETED,2026-03-16,35.49
ETL_ORD_001449,CUST_00417,1125.41,COMPLETED,2026-03-13,0.67
ETL_ORD_001450,CUST_00897,-10.0,COMPLETED,2026-03-20,34.23
ETL_ORD_001451,CUST_00190,322.22,CANCELLED,2026-03-09,20.65
ETL_ORD_001452,CUST_01628,1183.28,INVALID_STATUS,2026-03-17,8.69
ETL_ORD_001453,CUST_01478,895.8,COMPLETED,2026-03-23,14.6
ETL_ORD_001454,CUST_01609,820.77,COMPLETED,2026-03-01,13.36
ETL_ORD_001455,CUST_01563,1236.93,CANCELLED,2026-03-11,4.23
ETL_ORD_001456,CUST_00794,1432.66,COMPLETED,2026-03-15,10.54
ETL_ORD_001457,CUST_00871,1081.21,COMPLETED,2026-03-09,9.62
ETL_ORD_001458,CUST_00509,1356.44,COMPLETED,2026-03-07,25.97
ETL_ORD_001459,CUST_00596,1466.34,COMPLETED,2026-03-19,34.08
ETL_ORD_001460,CUST_01536,594.26,COMPLETED,2026-03-24,1.37
ETL_ORD_001461,CUST_01149,225.34,COMPLETED,2026-03-28,0.77
ETL_ORD_001462,CUST_00595,409.24,COMPLETED,2026-03-22,45.44
ETL_ORD_001463,CUST_01696,1147.02,COMPLETED,2026-03-16,36.92
ETL_ORD_001464,CUST_00151,363.47,COMPLETED,2026-03-05,24.42
ETL_ORD_001465,CUST_01113,166.13,COMPLETED,2026-03-19,32.5
ETL_ORD_001466,CUST_00943,1242.21,COMPLETED,2026-03-03,26.43
ETL_ORD_001467,CUST_01305,682.27,PENDING,2026-03-25,12.02
ETL_ORD_001468,CUST_00501,5.22,COMPLETED,2026-03-22,12.24
ETL_ORD_001469,CUST_00345,985.12,PENDING,2026-03-21,31.63
ETL_ORD_001470,CUST_00435,393.54,COMPLETED,2026-03-14,23.67
ETL_ORD_001471,CUST_01386,527.02,COMPLETED,2026-03-21,26.04
ETL_ORD_001472,CUST_01547,310.5,COMPLETED,2026-03-19,38.39
ETL_ORD_001473,CUST_00875,556.73,COMPLETED,2026-03-24,18.89
ETL_ORD_001474,CUST_00625,492.22,PENDING,2026-03-26,15.75
ETL_ORD_001475,CUST_01768,1059.94,COMPLETED,2026-03-28,0.87
ETL_ORD_001476,CUST_00538,62.99,PENDING,2026-03-04,17.46
ETL_ORD_001477,CUST_00210,493.7,CANCELLED,2026-03-24,39.43
ETL_ORD_001478,CUST_01224,723.77,COMPLETED,2026-03-02,43.09
ETL_ORD_001479,CUST_00575,841.19,COMPLETED,2026-03-23,31.16
ETL_ORD_001480,CUST_00369,164.19,PENDING,2026-03-09,21.69
ETL_ORD_001481,CUST_00133,686.87,COMPLETED,2026-03-03,1.65
ETL_ORD_001482,CUST_00711,922.68,PENDING,2026-03-06,35.67
ETL_ORD_001483,CUST_00658,1235.54,COMPLETED,2026-03-25,43.58
ETL_ORD_001484,CUST_00387,1295.7,PENDING,2026-03-26,44.62
ETL_ORD_001485,CUST_01541,755.6,COMPLETED,2026-03-17,28.73
ETL_ORD_001486,CUST_00690,893.3,COMPLETED,2026-03-02,18.41
ETL_ORD_001487,CUST_00864,676.4,COMPLETED,2026-03-28,41.47
ETL_ORD_001488,CUST_01089,1146.55,COMPLETED,2026-03-20,6.49
ETL_ORD_001489,CUST_00558,-10.0,COMPLETED,2026-03-03,32.45
ETL_ORD_001490,CUST_01202,306.27,COMPLETED,2026-03-19,37.58
ETL_ORD_001491,CUST_01058,1208.21,COMPLETED,2026-03-17,25.87
ETL_ORD_001492,CUST_01650,1022.08,CANCELLED,2026-03-09,48.18
ETL_ORD_001493,CUST_00431,226.41,COMPLETED,2026-03-01,44.72
ETL_ORD_001494,CUST_01432,917.23,COMPLETED,2026-03-14,22.94
ETL_ORD_001495,CUST_00119,1424.5,COMPLETED,2026-03-28,22.52
ETL_ORD_001496,CUST_01678,449.08,COMPLETED,2026-03-28,12.79
ETL_ORD_001497,CUST_01714,25.2,COMPLETED,2026-03-15,31.83
ETL_ORD_001498,CUST_00589,474.88,PENDING,2026-03-13,15.41
ETL_ORD_001499,CUST_01161,768.9,COMPLETED,2026-03-07,16.02
ETL_ORD_001500,CUST_01816,764.31,PENDING,2026-03-03,4.58
ETL_ORD_001501,CUST_01163,330.95,COMPLETED,2026-03-22,15.96
ETL_ORD_001502,CUST_01353,135.61,COMPLETED,2026-03-25,21.59
ETL_ORD_001503,CUST_01666,116.33,COMPLETED,2026-03-21,17.64
ETL_ORD_001504,CUST_01393,398.93,COMPLETED,2026-03-01,49.23
ETL_ORD_001505,CUST_01169,670.43,CANCELLED,2026-03-23,26.31
ETL_ORD_001506,CUST_01383,685.86,COMPLETED,2026-03-16,43.88
ETL_ORD_001507,CUST_00944,1221.43,COMPLETED,2026-03-14,42.25
ETL_ORD_001508,CUST_00293,954.27,COMPLETED,2026-03-22,14.12
ETL_ORD_001509,CUST_01209,335.85,COMPLETED,2026-03-22,1.94
ETL_ORD_001510,CUST_00819,1033.85,COMPLETED,2026-03-19,22.07
ETL_ORD_001511,CUST_01940,-10.0,PENDING,2026-03-13,21.75
ETL_ORD_001512,CUST_01865,1138.36,COMPLETED,2026-03-20,33.6
ETL_ORD_001513,CUST_01323,418.69,COMPLETED,2026-03-18,30.51
ETL_ORD_001514,CUST_01720,260.88,COMPLETED,2026-03-17,35.2
ETL_ORD_001515,CUST_01467,365.01,COMPLETED,2026-03-02,41.35
ETL_ORD_001516,CUST_01883,517.07,COMPLETED,2026-03-11,15.99
ETL_ORD_001517,CUST_01079,1377.66,CANCELLED,2026-03-25,44.93
ETL_ORD_001518,CUST_00951,1095.32,CANCELLED,2026-03-25,16.2
ETL_ORD_001519,CUST_01539,195.34,COMPLETED,2026-03-07,46.83
ETL_ORD_001520,CUST_00850,1257.83,COMPLETED,2026-03-08,5.73
ETL_ORD_001521,CUST_00845,461.38,PENDING,2026-03-05,28.46
ETL_ORD_001522,CUST_00556,38.29,PENDING,2026-03-15,48.38
ETL_ORD_001523,CUST_00844,1350.36,COMPLETED,2026-03-26,41.15
ETL_ORD_001524,CUST_00405,305.0,COMPLETED,2026-03-02,24.57
ETL_ORD_001525,CUST_01538,411.63,COMPLETED,2026-03-18,18.25
ETL_ORD_001526,CUST_00424,310.92,COMPLETED,2026-03-08,24.3
ETL_ORD_001527,CUST_01809,622.33,COMPLETED,2026-03-01,24.74
ETL_ORD_001528,CUST_01568,154.44,INVALID_STATUS,2026-03-06,14.36
ETL_ORD_001529,CUST_00936,375.72,CANCELLED,2026-03-08,42.9
ETL_ORD_001530,CUST_00092,1212.6,COMPLETED,2026-03-22,41.6
ETL_ORD_001531,CUST_00530,406.43,COMPLETED,2026-03-14,0.95
ETL_ORD_001532,CUST_01287,985.82,COMPLETED,2026-03-18,33.5
ETL_ORD_001533,CUST_00139,404.04,COMPLETED,2026-03-28,46.73
ETL_ORD_001534,CUST_00499,143.45,COMPLETED,2026-03-17,21.14
ETL_ORD_001535,CUST_00653,1488.06,COMPLETED,2026-03-13,19.43
ETL_ORD_001536,CUST_01817,1120.44,COMPLETED,2026-03-20,28.62
ETL_ORD_001537,CUST_00924,1333.56,CANCELLED,2026-03-29,30.26
ETL_ORD_001538,CUST_01634,253.71,COMPLETED,2026-03-10,49.17
ETL_ORD_001539,CUST_01706,1403.49,COMPLETED,2026-03-29,24.48
ETL_ORD_001540,CUST_01753,1041.37,COMPLETED,2026-03-15,3.63
ETL_ORD_001541,CUST_00465,66.85,COMPLETED,2026-03-13,26.69
ETL_ORD_001542,CUST_00505,285.36,CANCELLED,2026-03-10,28.65
ETL_ORD_001543,CUST_01856,745.46,COMPLETED,2026-03-09,14.38
ETL_ORD_001544,CUST_00146,453.89,PENDING,2026-03-20,30.17
ETL_ORD_001545,CUST_01480,1093.12,COMPLETED,2026-03-17,36.65
ETL_ORD_001546,CUST_00537,1190.03,COMPLETED,2026-03-19,17.58
ETL_ORD_001547,CUST_01702,1114.91,COMPLETED,2026-03-27,15.38
ETL_ORD_001548,CUST_01105,244.45,COMPLETED,2026-03-12,14.05
ETL_ORD_001549,CUST_01784,1179.13,COMPLETED,2026-03-05,2.8
ETL_ORD_001550,CUST_01272,28.22,COMPLETED,2026-03-17,37.39
ETL_ORD_001551,CUST_01844,690.09,COMPLETED,2026-03-13,43.66
ETL_ORD_001552,CUST_01416,866.6,COMPLETED,2026-03-20,15.22
ETL_ORD_001553,CUST_01188,270.34,PENDING,2026-03-06,13.33
ETL_ORD_001554,CUST_01628,864.97,COMPLETED,2026-03-19,14.77
ETL_ORD_001555,CUST_01613,1026.1,COMPLETED,2026-03-02,44.15
ETL_ORD_001556,CUST_01219,673.3,COMPLETED,2026-03-17,38.11
ETL_ORD_001557,CUST_00028,1150.13,PENDING,2026-03-29,26.95
ETL_ORD_001558,CUST_00054,320.49,CANCELLED,2026-03-18,25.64
ETL_ORD_001559,CUST_00196,215.36,COMPLETED,2026-03-16,5.15
ETL_ORD_001560,CUST_00073,1072.84,CANCELLED,2026-03-03,5.09
ETL_ORD_001561,CUST_01085,587.44,COMPLETED,2026-03-03,26.89
ETL_ORD_001562,CUST_01574,1235.51,PENDING,2026-03-02,23.99
ETL_ORD_001563,CUST_00988,1022.98,COMPLETED,2026-03-29,39.33
ETL_ORD_001564,CUST_01733,1452.49,COMPLETED,2026-03-07,36.2
ETL_ORD_001565,CUST_01641,1350.98,COMPLETED,2026-03-26,44.46
ETL_ORD_001566,CUST_01251,626.91,COMPLETED,2026-03-21,2.11
ETL_ORD_001567,CUST_01146,815.09,COMPLETED,2026-03-08,31.49
ETL_ORD_001568,CUST_00263,654.14,COMPLETED,2026-03-20,23.55
ETL_ORD_001569,CUST_01968,494.81,COMPLETED,2026-03-27,27.99
ETL_ORD_001570,CUST_01044,695.42,COMPLETED,2026-03-27,11.09
ETL_ORD_001571,CUST_01460,1025.28,COMPLETED,2026-03-26,6.03
ETL_ORD_001572,CUST_01341,445.71,COMPLETED,2026-03-05,37.82
ETL_ORD_001573,CUST_01877,1457.17,COMPLETED,2026-03-14,9.27
ETL_ORD_001574,CUST_01789,950.2,COMPLETED,2026-03-16,22.31
ETL_ORD_001575,CUST_00671,867.45,PENDING,2026-03-07,32.41
ETL_ORD_001576,CUST_01950,1367.24,PENDING,2026-03-22,14.29
ETL_ORD_001577,CUST_00255,590.75,COMPLETED,2026-03-29,39.91
ETL_ORD_001578,CUST_01162,1153.47,COMPLETED,2026-03-19,44.36
ETL_ORD_001579,CUST_01735,877.05,COMPLETED,2026-03-28,34.45
ETL_ORD_001580,CUST_00379,28.51,COMPLETED,2026-03-02,47.13
ETL_ORD_001581,CUST_01267,325.53,CANCELLED,2026-03-22,12.53
ETL_ORD_001582,CUST_01259,1294.51,COMPLETED,2026-03-20,37.27
ETL_ORD_001583,CUST_01653,45.46,COMPLETED,2026-03-15,20.01
ETL_ORD_001584,CUST_01351,760.61,COMPLETED,2026-03-16,27.21
ETL_ORD_001585,CUST_00013,674.47,COMPLETED,2026-03-09,43.83
ETL_ORD_001586,CUST_00183,68.7,CANCELLED,2026-03-25,5.43
ETL_ORD_001587,CUST_00892,61.93,COMPLETED,2026-03-20,29.1
ETL_ORD_001588,CUST_00562,1416.2,CANCELLED,2026-03-25,49.47
ETL_ORD_001589,CUST_00978,119.13,COMPLETED,2026-03-22,34.6
ETL_ORD_001590,CUST_00532,1131.3,PENDING,2026-03-02,45.89
ETL_ORD_001591,CUST_01658,1265.2,COMPLETED,2026-03-11,22.88
ETL_ORD_001592,CUST_00509,1452.2,COMPLETED,2026-03-28,8.82
ETL_ORD_001593,CUST_01885,159.59,COMPLETED,2026-03-13,21.75
ETL_ORD_001594,CUST_00253,645.03,COMPLETED,2026-03-03,13.2
ETL_ORD_001595,CUST_00933,1385.55,COMPLETED,2026-03-06,40.95
ETL_ORD_001596,CUST_00200,422.63,COMPLETED,2026-03-12,4.35
ETL_ORD_001597,CUST_00430,341.02,COMPLETED,2026-03-21,20.69
ETL_ORD_001598,CUST_01006,1470.83,COMPLETED,2026-03-05,1.95
ETL_ORD_001599,CUST_01810,218.26,CANCELLED,2026-03-17,29.02
ETL_ORD_001600,CUST_00123,1278.51,COMPLETED,2026-03-14,2.54
ETL_ORD_001601,CUST_00879,888.12,CANCELLED,2026-03-25,19.84
ETL_ORD_001602,CUST_01822,451.21,COMPLETED,2026-03-15,2.1
ETL_ORD_001603,CUST_01155,381.61,COMPLETED,2026-03-05,12.66
ETL_ORD_001604,CUST_00622,227.94,COMPLETED,2026-03-29,5.33
ETL_ORD_001605,CUST_01227,1121.5,COMPLETED,2026-03-14,46.65
ETL_ORD_001606,CUST_01291,429.08,PENDING,2026-03-25,23.82
ETL_ORD_001607,CUST_01533,453.79,COMPLETED,2026-03-03,23.49
ETL_ORD_001608,CUST_01191,813.01,COMPLETED,2026-03-11,23.42
ETL_ORD_001609,CUST_00868,701.34,COMPLETED,2026-03-18,33.53
ETL_ORD_001610,CUST_00176,151.28,COMPLETED,2026-03-26,28.28
ETL_ORD_001611,CUST_00288,1123.81,COMPLETED,2026-03-20,35.22
ETL_ORD_001612,CUST_00868,946.96,COMPLETED,2026-03-24,47.07
ETL_ORD_001613,CUST_00470,181.29,COMPLETED,2026-03-07,8.43
ETL_ORD_001614,CUST_01679,999.41,COMPLETED,2026-03-29,44.06
ETL_ORD_001615,CUST_00156,310.72,COMPLETED,2026-03-17,43.19
ETL_ORD_001616,CUST_01709,1103.03,CANCELLED,2026-03-27,34.2
ETL_ORD_001617,CUST_01519,444.32,COMPLETED,2026-03-01,27.92
ETL_ORD_001618,CUST_00588,954.74,COMPLETED,2026-03-19,14.46
ETL_ORD_001619,CUST_00667,1000.15,COMPLETED,2026-03-09,26.54
ETL_ORD_001620,CUST_01389,827.64,COMPLETED,2026-03-16,44.93
ETL_ORD_001621,CUST_01725,980.6,COMPLETED,2026-03-11,15.73
ETL_ORD_001622,CUST_00019,1434.22,PENDING,2026-03-08,18.33
ETL_ORD_001623,CUST_00221,22.38,CANCELLED,2026-03-13,1.37
ETL_ORD_001624,CUST_01193,981.84,COMPLETED,2026-03-17,34.32
ETL_ORD_001625,CUST_00834,1437.42,PENDING,2026-03-20,9.88
ETL_ORD_001626,CUST_01595,848.34,COMPLETED,2026-03-24,33.24
ETL_ORD_001627,CUST_01051,166.37,COMPLETED,2026-03-22,30.83
ETL_ORD_001628,CUST_00810,212.89,PENDING,2026-03-12,23.17
ETL_ORD_001629,CUST_01614,1360.97,PENDING,2026-03-20,16.13
ETL_ORD_001630,CUST_00685,585.13,COMPLETED,2026-03-26,14.58
ETL_ORD_001631,CUST_01274,481.38,COMPLETED,2026-03-21,34.47
ETL_ORD_001632,CUST_00007,162.0,COMPLETED,2026-03-01,27.23
ETL_ORD_001633,CUST_01147,93.06,COMPLETED,2026-03-13,23.35
ETL_ORD_001634,CUST_01644,434.04,COMPLETED,2026-03-16,19.23
ETL_ORD_001635,CUST_01006,610.64,COMPLETED,2026-03-12,22.89
ETL_ORD_001636,CUST_00702,1448.79,COMPLETED,2026-03-22,45.08
ETL_ORD_001637,CUST_01524,104.61,COMPLETED,2026-03-12,42.59
ETL_ORD_001638,CUST_01099,651.6,PENDING,2026-03-13,31.55
ETL_ORD_001639,CUST_01919,822.89,COMPLETED,2026-03-23,3.19
ETL_ORD_001640,CUST_01441,600.01,COMPLETED,2026-03-24,6.32
ETL_ORD_001641,CUST_01822,892.36,CANCELLED,2026-03-16,45.57
ETL_ORD_001642,CUST_00921,1272.82,COMPLETED,2026-03-27,47.78
ETL_ORD_001643,CUST_00090,987.56,COMPLETED,2026-03-17,8.05
ETL_ORD_001644,CUST_00218,260.92,PENDING,2026-03-05,11.08
ETL_ORD_001645,CUST_01208,1114.95,COMPLETED,2026-03-20,7.25
ETL_ORD_001646,CUST_00565,42.17,COMPLETED,2026-03-22,4.95
ETL_ORD_001647,CUST_00855,960.11,COMPLETED,2026-03-16,18.31
ETL_ORD_001648,CUST_00047,200.04,COMPLETED,2026-03-11,6.9
ETL_ORD_001649,CUST_01212,76.63,COMPLETED,2026-03-04,49.2
ETL_ORD_001650,CUST_01119,353.28,COMPLETED,2026-03-12,26.01
ETL_ORD_001651,CUST_00725,72.88,COMPLETED,2026-03-08,13.33
ETL_ORD_001652,CUST_00886,1337.21,COMPLETED,2026-03-08,36.0
ETL_ORD_001653,CUST_01440,1215.03,COMPLETED,2026-03-24,44.19
ETL_ORD_001654,CUST_00954,989.76,COMPLETED,2026-03-05,22.84
ETL_ORD_001655,CUST_01915,90.82,COMPLETED,2026-03-19,13.75
ETL_ORD_001656,CUST_01428,209.87,COMPLETED,2026-03-08,42.13
ETL_ORD_001657,CUST_00412,227.82,COMPLETED,2026-03-17,14.87
ETL_ORD_001658,CUST_01789,550.51,COMPLETED,2026-03-02,49.99
ETL_ORD_001659,CUST_01713,1209.31,CANCELLED,2026-03-02,8.64
ETL_ORD_001660,CUST_00060,843.92,CANCELLED,2026-03-07,46.12
ETL_ORD_001661,CUST_01214,925.2,COMPLETED,2026-03-28,44.93
ETL_ORD_001662,CUST_00082,1136.83,COMPLETED,2026-03-28,45.91
ETL_ORD_001663,CUST_00992,1233.14,COMPLETED,2026-03-13,3.33
ETL_ORD_001664,CUST_00684,832.66,COMPLETED,2026-03-11,4.95
ETL_ORD_001665,CUST_01397,591.78,COMPLETED,2026-03-25,22.87
ETL_ORD_001666,CUST_00718,1006.42,COMPLETED,2026-03-10,15.01
ETL_ORD_001667,CUST_00362,797.15,COMPLETED,2026-03-20,15.19
ETL_ORD_001668,CUST_01922,689.09,CANCELLED,2026-03-02,28.06
ETL_ORD_001669,CUST_01677,120.47,COMPLETED,2026-03-07,45.09
ETL_ORD_001670,CUST_01142,-10.0,COMPLETED,2026-03-28,27.99
ETL_ORD_001671,CUST_00848,577.04,COMPLETED,2026-03-22,6.03
ETL_ORD_001672,CUST_01819,1183.9,COMPLETED,2026-03-29,10.34
ETL_ORD_001673,CUST_00542,9.34,COMPLETED,2026-03-22,42.19
ETL_ORD_001674,CUST_01272,1372.77,COMPLETED,2026-03-27,19.22
ETL_ORD_001675,CUST_00660,1208.2,COMPLETED,2026-03-21,35.15
ETL_ORD_001676,CUST_01659,64.96,COMPLETED,2026-03-22,26.66
ETL_ORD_001677,CUST_01428,-10.0,COMPLETED,2026-03-17,22.7
ETL_ORD_001678,CUST_01274,485.8,PENDING,2026-03-21,37.43
ETL_ORD_001679,CUST_01010,171.02,COMPLETED,2026-03-27,25.2
ETL_ORD_001680,CUST_01873,-10.0,COMPLETED,2026-03-20,8.13
ETL_ORD_001681,CUST_01757,238.56,COMPLETED,2026-03-05,19.65
ETL_ORD_001682,CUST_00382,1480.58,COMPLETED,2026-03-04,36.96
ETL_ORD_001683,CUST_01354,523.68,PENDING,2026-03-04,20.22
ETL_ORD_001684,CUST_01138,988.9,COMPLETED,2026-03-12,19.5
ETL_ORD_001685,CUST_01517,812.05,COMPLETED,2026-03-04,12.75
ETL_ORD_001686,CUST_00491,1296.76,COMPLETED,2026-03-18,15.77
ETL_ORD_001687,CUST_01634,811.72,COMPLETED,2026-03-28,46.61
ETL_ORD_001688,CUST_00845,769.56,COMPLETED,2026-03-23,42.85
ETL_ORD_001689,CUST_01466,873.86,COMPLETED,2026-03-23,22.79
ETL_ORD_001690,CUST_01927,419.47,CANCELLED,2026-03-18,31.3
ETL_ORD_001691,CUST_00086,591.25,COMPLETED,2026-03-22,21.7
ETL_ORD_001692,CUST_01948,1178.78,PENDING,2026-03-10,23.86
ETL_ORD_001693,CUST_01759,14.36,COMPLETED,2026-03-03,4.48
ETL_ORD_001694,CUST_01256,1040.22,COMPLETED,2026-03-11,6.11
ETL_ORD_001695,CUST_01023,576.01,PENDING,2026-03-17,44.44
ETL_ORD_001696,CUST_00603,1252.49,COMPLETED,2026-03-29,26.6
ETL_ORD_001697,CUST_00713,994.61,COMPLETED,2026-03-04,11.69
ETL_ORD_001698,CUST_01718,1351.36,COMPLETED,2026-03-16,22.39
ETL_ORD_001699,CUST_00297,98.73,PENDING,2026-03-16,2.44
ETL_ORD_001700,CUST_00944,802.45,COMPLETED,2026-03-26,14.79
ETL_ORD_001701,CUST_01706,1485.24,COMPLETED,2026-03-08,2.77
ETL_ORD_001702,CUST_01960,1083.31,COMPLETED,2026-03-16,16.31
ETL_ORD_001703,CUST_00836,765.98,CANCELLED,2026-03-09,20.76
ETL_ORD_001704,CUST_01411,948.78,COMPLETED,2026-03-16,46.55
ETL_ORD_001705,CUST_01049,843.08,COMPLETED,2026-03-21,27.51
ETL_ORD_001706,CUST_00604,1412.75,COMPLETED,2026-03-09,19.58
ETL_ORD_001707,CUST_01641,1138.67,COMPLETED,2026-03-18,25.7
ETL_ORD_001708,CUST_00695,896.8,COMPLETED,2026-03-14,23.37
ETL_ORD_001709,CUST_00581,446.0,COMPLETED,2026-03-17,44.77
ETL_ORD_001710,CUST_00326,1184.19,COMPLETED,2026-03-13,43.18
ETL_ORD_001711,CUST_00565,301.08,CANCELLED,2026-03-04,42.36
ETL_ORD_001712,CUST_01476,44.2,COMPLETED,2026-03-16,9.57
ETL_ORD_001713,CUST_01105,7.66,COMPLETED,2026-03-27,9.94
ETL_ORD_001714,CUST_01977,709.56,CANCELLED,2026-03-12,6.37
ETL_ORD_001715,CUST_00399,372.65,PENDING,2026-03-15,33.33
ETL_ORD_001716,CUST_01901,-10.0,COMPLETED,2026-03-12,17.57
ETL_ORD_001717,CUST_00679,265.71,COMPLETED,2026-03-05,45.28
ETL_ORD_001718,CUST_00404,990.05,COMPLETED,2026-03-18,5.54
ETL_ORD_001719,CUST_01515,1025.15,COMPLETED,2026-03-15,20.2
ETL_ORD_001720,CUST_01241,1153.67,COMPLETED,2026-03-22,20.24
ETL_ORD_001721,CUST_00213,763.74,COMPLETED,2026-03-20,24.88
ETL_ORD_001722,CUST_00714,414.42,COMPLETED,2026-03-01,8.85
ETL_ORD_001723,CUST_01572,274.48,COMPLETED,2026-03-23,28.78
ETL_ORD_001724,CUST_01608,469.63,COMPLETED,2026-03-04,11.28
ETL_ORD_001725,CUST_00412,1300.03,COMPLETED,2026-03-24,17.75
ETL_ORD_001726,CUST_00435,1192.42,COMPLETED,2026-03-15,10.91
ETL_ORD_001727,CUST_01803,118.05,INVALID_STATUS,2026-03-21,47.64
ETL_ORD_001728,CUST_00400,867.21,CANCELLED,2026-03-25,2.0
ETL_ORD_001729,CUST_00166,1224.19,COMPLETED,2026-03-18,7.27
ETL_ORD_001730,CUST_00807,732.6,COMPLETED,2026-03-15,6.18
ETL_ORD_001731,CUST_01912,1377.03,COMPLETED,2026-03-20,48.28
ETL_ORD_001732,CUST_00677,903.71,COMPLETED,2026-03-03,32.36
ETL_ORD_001733,CUST_00179,576.51,COMPLETED,2026-03-19,38.53
ETL_ORD_001734,CUST_00208,641.79,COMPLETED,2026-03-16,3.92
ETL_ORD_001735,CUST_00126,1419.47,COMPLETED,2026-03-07,10.71
ETL_ORD_001736,CUST_00444,91.31,COMPLETED,2026-03-01,11.46
ETL_ORD_001737,CUST_01611,1126.04,PENDING,2026-03-16,36.02
ETL_ORD_001738,CUST_00342,480.21,COMPLETED,2026-03-08,33.01
ETL_ORD_001739,CUST_01645,529.17,COMPLETED,2026-03-13,4.43
ETL_ORD_001740,CUST_01254,480.82,COMPLETED,2026-03-13,25.69
ETL_ORD_001741,CUST_00861,145.77,COMPLETED,2026-03-23,32.02
ETL_ORD_001742,CUST_00437,1416.77,COMPLETED,2026-03-19,8.38
ETL_ORD_001743,CUST_01777,662.65,PENDING,2026-03-21,40.85
ETL_ORD_001744,CUST_01580,604.72,CANCELLED,2026-03-11,48.88
ETL_ORD_001745,CUST_00083,384.95,COMPLETED,2026-03-24,34.65
ETL_ORD_001746,CUST_01862,548.7,CANCELLED,2026-03-23,18.62
ETL_ORD_001747,CUST_01750,983.99,COMPLETED,2026-03-12,48.31
ETL_ORD_001748,CUST_00269,963.81,COMPLETED,2026-03-14,40.5
ETL_ORD_001749,CUST_01690,478.3,COMPLETED,2026-03-09,2.04
ETL_ORD_001750,CUST_01648,113.43,COMPLETED,2026-03-01,23.21
ETL_ORD_001751,CUST_00099,543.85,PENDING,2026-03-24,0.42
ETL_ORD_001752,CUST_01597,1480.3,COMPLETED,2026-03-14,21.61
ETL_ORD_001753,CUST_01534,157.29,COMPLETED,2026-03-04,22.75
ETL_ORD_001754,CUST_00164,661.46,COMPLETED,2026-03-16,40.34
ETL_ORD_001755,CUST_01479,189.02,COMPLETED,2026-03-07,12.13
ETL_ORD_001756,CUST_00977,774.76,COMPLETED,2026-03-11,4.18
ETL_ORD_001757,CUST_00411,365.42,COMPLETED,2026-03-06,35.34
ETL_ORD_001758,CUST_00430,1325.64,CANCELLED,2026-03-13,16.1
ETL_ORD_001759,CUST_01308,1246.42,COMPLETED,2026-03-29,42.33
ETL_ORD_001760,CUST_01287,821.34,COMPLETED,2026-03-15,29.88
ETL_ORD_001761,CUST_00904,24.54,COMPLETED,2026-03-24,14.15
ETL_ORD_001762,CUST_00920,136.29,PENDING,2026-03-28,9.04
ETL_ORD_001763,CUST_00635,1261.7,COMPLETED,2026-03-08,33.07
ETL_ORD_001764,CUST_00442,644.66,COMPLETED,2026-03-17,8.44
ETL_ORD_001765,CUST_00556,980.98,COMPLETED,2026-03-08,33.33
ETL_ORD_001766,CUST_00158,53.86,COMPLETED,2026-03-28,4.25
ETL_ORD_001767,CUST_01647,971.16,COMPLETED,2026-03-19,31.75
ETL_ORD_001768,CUST_00406,209.8,COMPLETED,2026-03-09,40.19
ETL_ORD_001769,CUST_01624,1072.05,PENDING,2026-03-21,14.11
ETL_ORD_001770,CUST_01583,223.08,COMPLETED,2026-03-09,22.47
ETL_ORD_001771,CUST_00973,66.24,COMPLETED,2026-03-23,22.02
ETL_ORD_001772,CUST_01453,1305.55,COMPLETED,2026-03-20,11.85
ETL_ORD_001773,CUST_01160,446.98,COMPLETED,2026-03-01,37.83
ETL_ORD_001774,CUST_01249,1022.5,COMPLETED,2026-03-23,21.04
ETL_ORD_001775,CUST_00313,478.13,COMPLETED,2026-03-09,8.41
ETL_ORD_001776,CUST_01930,1475.97,COMPLETED,2026-03-14,27.48
ETL_ORD_001777,CUST_00956,528.07,COMPLETED,2026-03-29,28.19
ETL_ORD_001778,CUST_00533,-10.0,CANCELLED,2026-03-03,2.84
ETL_ORD_001779,CUST_01138,1478.31,COMPLETED,2026-03-04,23.13
ETL_ORD_001780,CUST_01615,427.48,COMPLETED,2026-03-04,34.08
ETL_ORD_001781,CUST_01031,401.84,COMPLETED,2026-03-22,22.33
ETL_ORD_001782,CUST_01424,994.94,COMPLETED,2026-03-29,23.12
ETL_ORD_001783,CUST_00050,1240.33,COMPLETED,2026-03-12,22.16
ETL_ORD_001784,CUST_00487,1095.04,COMPLETED,2026-03-27,34.18
ETL_ORD_001785,CUST_01582,578.08,COMPLETED,2026-03-28,16.26
ETL_ORD_001786,CUST_01418,56.15,COMPLETED,2026-03-24,34.19
ETL_ORD_001787,CUST_00394,717.13,COMPLETED,2026-03-28,25.69
ETL_ORD_001788,CUST_01995,331.76,COMPLETED,2026-03-13,16.79
ETL_ORD_001789,CUST_01444,205.13,COMPLETED,2026-03-03,16.81
ETL_ORD_001790,CUST_01543,348.2,COMPLETED,2026-03-15,36.69
ETL_ORD_001791,CUST_01421,374.01,COMPLETED,2026-03-15,30.02
ETL_ORD_001792,CUST_01720,918.92,PENDING,2026-03-23,23.97
ETL_ORD_001793,CUST_01992,121.94,COMPLETED,2026-03-29,36.0
ETL_ORD_001794,CUST_01128,508.42,COMPLETED,2026-03-16,13.39
ETL_ORD_001795,CUST_01940,237.1,COMPLETED,2026-03-24,27.75
ETL_ORD_001796,CUST_01128,1389.58,COMPLETED,2026-03-09,14.84
ETL_ORD_001797,CUST_01503,1206.42,COMPLETED,2026-03-27,34.76
ETL_ORD_001798,CUST_01353,1363.97,COMPLETED,2026-03-04,37.66
ETL_ORD_001799,CUST_00873,374.53,COMPLETED,2026-03-09,45.06
ETL_ORD_001800,CUST_00958,866.29,COMPLETED,2026-03-24,8.81
ETL_ORD_001801,CUST_01959,1232.01,CANCELLED,2026-03-20,20.28
ETL_ORD_001802,CUST_01271,800.14,COMPLETED,2026-03-16,7.12
ETL_ORD_001803,CUST_01466,847.85,COMPLETED,2026-03-12,8.99
ETL_ORD_001804,CUST_01129,919.48,COMPLETED,2026-03-27,16.43
ETL_ORD_001805,CUST_01701,940.02,COMPLETED,2026-03-22,1.44
ETL_ORD_001806,CUST_00649,576.75,CANCELLED,2026-03-27,49.23
ETL_ORD_001807,CUST_00587,1078.58,COMPLETED,2026-03-15,48.27
ETL_ORD_001808,CUST_00965,914.33,COMPLETED,2026-03-16,11.8
ETL_ORD_001809,CUST_00998,7.87,COMPLETED,2026-03-11,7.44
ETL_ORD_001810,CUST_01404,1261.94,PENDING,2026-03-01,9.74
ETL_ORD_001811,CUST_00607,1225.25,COMPLETED,2026-03-01,35.49
ETL_ORD_001812,CUST_00106,952.11,COMPLETED,2026-03-08,26.79
ETL_ORD_001813,CUST_01862,491.43,COMPLETED,2026-03-24,5.13
ETL_ORD_001814,CUST_01949,1199.81,COMPLETED,2026-03-27,36.69
ETL_ORD_001815,CUST_00100,1183.16,PENDING,2026-03-23,40.29
ETL_ORD_001816,CUST_01729,1054.6,COMPLETED,2026-03-06,41.44
ETL_ORD_001817,CUST_00952,1132.3,COMPLETED,2026-03-22,16.29
ETL_ORD_001818,CUST_00805,686.87,COMPLETED,2026-03-02,17.58
ETL_ORD_001819,CUST_00705,1360.45,COMPLETED,2026-03-02,48.8
ETL_ORD_001820,CUST_01071,465.82,COMPLETED,2026-03-08,17.17
ETL_ORD_001821,CUST_00321,1409.66,CANCELLED,2026-03-04,31.41
ETL_ORD_001822,CUST_01693,657.45,COMPLETED,2026-03-22,5.2
ETL_ORD_001823,CUST_00905,155.53,COMPLETED,2026-03-20,17.3
ETL_ORD_001824,CUST_01358,688.05,CANCELLED,2026-03-22,5.38
ETL_ORD_001825,CUST_00766,1029.17,COMPLETED,2026-03-23,41.33
ETL_ORD_001826,CUST_00125,967.63,COMPLETED,2026-03-02,14.02
ETL_ORD_001827,CUST_00740,30.63,PENDING,2026-03-29,24.62
ETL_ORD_001828,CUST_00863,1150.7,COMPLETED,2026-03-05,48.65
ETL_ORD_001829,CUST_00845,234.4,COMPLETED,2026-03-27,45.6
ETL_ORD_001830,CUST_00674,394.12,COMPLETED,2026-03-06,10.66
ETL_ORD_001831,CUST_01625,444.2,COMPLETED,2026-03-02,23.65
ETL_ORD_001832,CUST_01505,1463.41,COMPLETED,2026-03-03,44.46
ETL_ORD_001833,CUST_00419,882.75,COMPLETED,2026-03-04,38.83
ETL_ORD_001834,CUST_00511,715.38,COMPLETED,2026-03-27,10.65
ETL_ORD_001835,CUST_01989,598.79,COMPLETED,2026-03-22,34.65
ETL_ORD_001836,CUST_01999,173.91,COMPLETED,2026-03-11,3.73
ETL_ORD_001837,CUST_00059,937.01,COMPLETED,2026-03-06,31.23
ETL_ORD_001838,CUST_01915,986.76,PENDING,2026-03-17,13.8
ETL_ORD_001839,CUST_00068,394.51,COMPLETED,2026-03-24,18.88
ETL_ORD_001840,CUST_00269,348.98,COMPLETED,2026-03-03,13.66
ETL_ORD_001841,CUST_00597,577.57,COMPLETED,2026-03-08,24.57
ETL_ORD_001842,CUST_00206,1480.9,COMPLETED,2026-03-08,16.23
ETL_ORD_001843,CUST_00702,1404.46,COMPLETED,2026-03-19,6.74
ETL_ORD_001844,CUST_00387,361.65,INVALID_STATUS,2026-03-07,23.56
ETL_ORD_001845,CUST_00542,132.09,COMPLETED,2026-03-19,10.2
ETL_ORD_001846,CUST_01809,54.64,COMPLETED,2026-03-20,29.53
ETL_ORD_001847,CUST_00294,1053.03,COMPLETED,2026-03-06,31.24
ETL_ORD_001848,CUST_01320,1248.76,COMPLETED,2026-03-11,18.1
ETL_ORD_001849,CUST_00711,536.31,COMPLETED,2026-03-08,10.66
ETL_ORD_001850,CUST_00024,937.08,COMPLETED,2026-03-20,43.64
ETL_ORD_001851,CUST_00878,1082.64,COMPLETED,2026-03-27,39.25
ETL_ORD_001852,CUST_00324,792.89,COMPLETED,2026-03-22,43.75
ETL_ORD_001853,CUST_00083,568.8,COMPLETED,2026-03-03,27.44
ETL_ORD_001854,CUST_01338,66.97,PENDING,2026-03-25,27.61
ETL_ORD_001855,CUST_00145,1184.56,COMPLETED,2026-03-20,19.97
ETL_ORD_001856,CUST_01511,1485.05,COMPLETED,2026-03-03,13.41
ETL_ORD_001857,CUST_00081,1402.01,COMPLETED,2026-03-01,33.84
ETL_ORD_001858,CUST_00147,183.38,COMPLETED,2026-03-25,33.09
ETL_ORD_001859,CUST_00781,1460.66,COMPLETED,2026-03-28,19.39
ETL_ORD_001860,CUST_01420,760.13,COMPLETED,2026-03-13,32.71
ETL_ORD_001861,CUST_00455,525.72,COMPLETED,2026-03-27,18.77
ETL_ORD_001862,CUST_01726,616.02,COMPLETED,2026-03-11,14.27
ETL_ORD_001863,CUST_01224,217.63,COMPLETED,2026-03-26,2.45
ETL_ORD_001864,CUST_01082,740.1,PENDING,2026-03-08,50.0
ETL_ORD_001865,CUST_00750,735.38,INVALID_STATUS,2026-03-02,22.33
ETL_ORD_001866,CUST_01095,993.62,COMPLETED,2026-03-10,43.03
ETL_ORD_001867,CUST_01411,1465.82,CANCELLED,2026-03-05,3.34
ETL_ORD_001868,CUST_00052,711.39,COMPLETED,2026-03-20,0.08
ETL_ORD_001869,CUST_00786,431.68,COMPLETED,2026-03-29,11.15
ETL_ORD_001870,CUST_00189,513.77,COMPLETED,2026-03-10,33.17
ETL_ORD_001871,CUST_01688,318.4,COMPLETED,2026-03-13,44.77
ETL_ORD_001872,CUST_00492,387.3,COMPLETED,2026-03-05,24.87
ETL_ORD_001873,CUST_01163,780.25,COMPLETED,2026-03-27,5.33
ETL_ORD_001874,CUST_00434,1075.3,INVALID_STATUS,2026-03-29,16.85
ETL_ORD_001875,CUST_01702,784.24,COMPLETED,2026-03-11,28.26
ETL_ORD_001876,CUST_00886,1050.71,COMPLETED,2026-03-27,0.86
ETL_ORD_001877,CUST_01531,400.0,COMPLETED,2026-03-29,23.67
ETL_ORD_001878,CUST_01132,1484.38,COMPLETED,2026-03-10,33.21
ETL_ORD_001879,CUST_01711,34.29,COMPLETED,2026-03-16,40.46
ETL_ORD_001880,CUST_01451,225.3,COMPLETED,2026-03-24,41.61
ETL_ORD_001881,CUST_00678,903.13,COMPLETED,2026-03-04,33.86
ETL_ORD_001882,CUST_00320,207.43,COMPLETED,2026-03-05,3.07
ETL_ORD_001883,CUST_01898,869.19,CANCELLED,2026-03-10,22.99
ETL_ORD_001884,CUST_01607,285.3,COMPLETED,2026-03-29,37.46
ETL_ORD_001885,CUST_01832,475.67,COMPLETED,2026-03-22,42.35
ETL_ORD_001886,CUST_01733,431.98,INVALID_STATUS,2026-03-24,39.16
ETL_ORD_001887,CUST_01496,695.66,COMPLETED,2026-03-04,36.71
ETL_ORD_001888,CUST_00305,333.81,COMPLETED,2026-03-20,16.3
ETL_ORD_001889,CUST_00540,657.53,COMPLETED,2026-03-27,35.49
ETL_ORD_001890,CUST_01418,1127.99,COMPLETED,2026-03-01,28.91
ETL_ORD_001891,CUST_00027,905.12,PENDING,2026-03-08,18.87
ETL_ORD_001892,CUST_01657,396.04,COMPLETED,2026-03-22,18.68
ETL_ORD_001893,CUST_00136,845.55,COMPLETED,2026-03-14,22.82
ETL_ORD_001894,CUST_00762,992.48,COMPLETED,2026-03-03,8.72
ETL_ORD_001895,CUST_00388,875.14,INVALID_STATUS,2026-03-20,28.09
ETL_ORD_001896,CUST_01838,638.22,COMPLETED,2026-03-20,40.32
ETL_ORD_001897,CUST_00698,315.5,INVALID_STATUS,2026-03-08,15.1
ETL_ORD_001898,CUST_00717,1268.98,COMPLETED,2026-03-27,35.73
ETL_ORD_001899,CUST_00474,235.04,COMPLETED,2026-03-14,14.43
ETL_ORD_001900,CUST_01550,1028.96,CANCELLED,2026-03-19,30.81
ETL_ORD_001901,CUST_00737,579.05,COMPLETED,2026-03-12,49.89
ETL_ORD_001902,CUST_01775,761.87,COMPLETED,2026-03-03,17.47
ETL_ORD_001903,CUST_01436,1089.5,COMPLETED,2026-03-21,29.47
ETL_ORD_001904,CUST_01247,227.19,COMPLETED,2026-03-08,19.66
ETL_ORD_001905,CUST_00147,570.55,PENDING,2026-03-14,16.51
ETL_ORD_001906,CUST_01884,606.76,COMPLETED,2026-03-22,3.93
ETL_ORD_001907,CUST_01362,22.17,COMPLETED,2026-03-26,42.18
ETL_ORD_001908,CUST_00909,457.73,COMPLETED,2026-03-07,28.25
ETL_ORD_001909,CUST_01073,156.82,COMPLETED,2026-03-25,18.91
ETL_ORD_001910,CUST_00924,760.37,COMPLETED,2026-03-28,13.09
ETL_ORD_001911,CUST_00242,-10.0,CANCELLED,2026-03-24,13.14
ETL_ORD_001912,CUST_01895,857.37,COMPLETED,2026-03-28,45.1
ETL_ORD_001913,CUST_00166,216.97,COMPLETED,2026-03-02,15.79
ETL_ORD_001914,CUST_00282,382.92,COMPLETED,2026-03-03,19.78
ETL_ORD_001915,CUST_00668,341.75,COMPLETED,2026-03-29,11.3
ETL_ORD_001916,CUST_01137,1103.36,COMPLETED,2026-03-12,36.64
ETL_ORD_001917,CUST_01111,-10.0,COMPLETED,2026-03-28,11.67
ETL_ORD_001918,CUST_00400,1294.04,COMPLETED,2026-03-21,43.53
ETL_ORD_001919,CUST_01050,1358.8,CANCELLED,2026-03-13,37.41
ETL_ORD_001920,CUST_01496,1283.44,COMPLETED,2026-03-19,21.98
ETL_ORD_001921,CUST_00773,111.36,PENDING,2026-03-28,33.51
ETL_ORD_001922,CUST_01671,1011.31,COMPLETED,2026-03-18,31.65
ETL_ORD_001923,CUST_01784,64.06,CANCELLED,2026-03-27,0.45
ETL_ORD_001924,CUST_00962,1310.78,COMPLETED,2026-03-12,13.22
ETL_ORD_001925,CUST_00143,1498.63,COMPLETED,2026-03-28,9.46
ETL_ORD_001926,CUST_00203,246.64,COMPLETED,2026-03-27,11.3
ETL_ORD_001927,CUST_00979,176.07,COMPLETED,2026-03-04,11.15
ETL_ORD_001928,CUST_01288,121.37,CANCELLED,2026-03-11,49.76
ETL_ORD_001929,CUST_00693,85.93,PENDING,2026-03-04,20.75
ETL_ORD_001930,CUST_00323,1473.56,COMPLETED,2026-03-24,35.12
ETL_ORD_001931,CUST_01316,1107.08,COMPLETED,2026-03-01,28.24
ETL_ORD_001932,CUST_00825,396.55,CANCELLED,2026-03-22,48.24
ETL_ORD_001933,CUST_00299,633.44,COMPLETED,2026-03-01,5.51
ETL_ORD_001934,CUST_00227,7.77,COMPLETED,2026-03-23,19.77
ETL_ORD_001935,CUST_01355,20.79,PENDING,2026-03-18,24.01
ETL_ORD_001936,CUST_00554,315.16,CANCELLED,2026-03-05,9.12
ETL_ORD_001937,CUST_01819,426.87,PENDING,2026-03-22,21.31
ETL_ORD_001938,CUST_00185,171.38,COMPLETED,2026-03-23,44.27
ETL_ORD_001939,CUST_00271,1081.11,COMPLETED,2026-03-08,39.14
ETL_ORD_001940,CUST_01918,571.09,PENDING,2026-03-08,0.22
ETL_ORD_001941,CUST_00157,319.1,COMPLETED,2026-03-18,25.18
ETL_ORD_001942,CUST_01448,1459.31,COMPLETED,2026-03-15,44.88
ETL_ORD_001943,CUST_01329,970.27,COMPLETED,2026-03-05,18.13
ETL_ORD_001944,CUST_01123,1374.62,COMPLETED,2026-03-26,46.17
ETL_ORD_001945,CUST_01527,797.92,CANCELLED,2026-03-22,43.85
ETL_ORD_001946,CUST_00476,926.59,COMPLETED,2026-03-10,9.05
ETL_ORD_001947,CUST_00132,618.75,COMPLETED,2026-03-14,37.94
ETL_ORD_001948,CUST_00990,507.72,COMPLETED,2026-03-27,15.56
ETL_ORD_001949,CUST_01138,331.71,COMPLETED,2026-03-04,30.96
ETL_ORD_001950,CUST_00700,407.63,COMPLETED,2026-03-27,39.04
ETL_ORD_001951,CUST_00190,217.15,COMPLETED,2026-03-19,31.57
ETL_ORD_001952,CUST_01890,630.27,COMPLETED,2026-03-27,33.16
ETL_ORD_001953,CUST_00580,925.77,COMPLETED,2026-03-24,31.37
ETL_ORD_001954,CUST_01616,129.28,COMPLETED,2026-03-19,26.94
ETL_ORD_001955,CUST_01253,11.81,COMPLETED,2026-03-03,23.96
ETL_ORD_001956,CUST_00852,238.14,COMPLETED,2026-03-03,0.3
ETL_ORD_001957,CUST_00039,755.28,COMPLETED,2026-03-01,47.12
ETL_ORD_001958,CUST_00037,1103.42,COMPLETED,2026-03-18,47.04
ETL_ORD_001959,CUST_01071,523.65,CANCELLED,2026-03-17,28.06
ETL_ORD_001960,CUST_01590,442.01,COMPLETED,2026-03-23,39.69
ETL_ORD_001961,CUST_00260,222.64,PENDING,2026-03-29,47.19
ETL_ORD_001962,CUST_01699,316.47,COMPLETED,2026-03-15,4.36
ETL_ORD_001963,CUST_01367,1004.88,COMPLETED,2026-03-18,41.69
ETL_ORD_001964,CUST_01203,1299.62,COMPLETED,2026-03-24,15.35
ETL_ORD_001965,CUST_00059,926.82,COMPLETED,2026-03-09,36.68
ETL_ORD_001966,CUST_01188,1290.9,COMPLETED,2026-03-27,2.23
ETL_ORD_001967,CUST_00153,1254.07,COMPLETED,2026-03-08,21.35
ETL_ORD_001968,CUST_00170,30.44,COMPLETED,2026-03-28,39.98
ETL_ORD_001969,CUST_00725,1152.11,COMPLETED,2026-03-01,42.39
ETL_ORD_001970,CUST_00240,842.51,COMPLETED,2026-03-01,32.48
ETL_ORD_001971,CUST_00130,223.92,CANCELLED,2026-03-19,10.77
ETL_ORD_001972,CUST_00987,194.29,COMPLETED,2026-03-27,37.45
ETL_ORD_001973,CUST_01184,1482.77,COMPLETED,2026-03-03,9.18
ETL_ORD_001974,CUST_01179,121.99,COMPLETED,2026-03-05,42.65
ETL_ORD_001975,CUST_01742,459.75,PENDING,2026-03-08,4.88
ETL_ORD_001976,CUST_01574,1029.29,COMPLETED,2026-03-07,12.13
ETL_ORD_001977,CUST_01638,639.74,CANCELLED,2026-03-19,21.42
ETL_ORD_001978,CUST_01671,1312.32,COMPLETED,2026-03-26,10.97
ETL_ORD_001979,CUST_01053,1441.86,COMPLETED,2026-03-06,11.7
ETL_ORD_001980,CUST_00912,942.06,COMPLETED,2026-03-27,29.1
ETL_ORD_001981,CUST_01740,811.63,COMPLETED,2026-03-19,22.15
ETL_ORD_001982,CUST_01774,751.1,COMPLETED,2026-03-13,38.52
ETL_ORD_001983,CUST_00140,419.41,COMPLETED,2026-03-09,8.72
ETL_ORD_001984,CUST_01813,1203.56,COMPLETED,2026-03-05,45.41
ETL_ORD_001985,CUST_00325,95.19,COMPLETED,2026-03-18,29.93
ETL_ORD_001986,CUST_01706,925.59,CANCELLED,2026-03-09,44.86
ETL_ORD_001987,CUST_01696,356.89,COMPLETED,2026-03-02,43.61
ETL_ORD_001988,CUST_01342,1298.91,COMPLETED,2026-03-15,31.37
ETL_ORD_001989,CUST_00519,197.23,COMPLETED,2026-03-03,19.83
ETL_ORD_001990,CUST_01326,396.49,COMPLETED,2026-03-06,34.29
ETL_ORD_001991,CUST_00622,1174.39,COMPLETED,2026-03-28,16.82
ETL_ORD_001992,CUST_01520,855.98,COMPLETED,2026-03-20,41.81
ETL_ORD_001993,CUST_01299,1209.45,COMPLETED,2026-03-03,36.86
ETL_ORD_001994,CUST_00434,1498.77,COMPLETED,2026-03-14,7.69
ETL_ORD_001995,CUST_01550,934.4,COMPLETED,2026-03-04,41.63
ETL_ORD_001996,CUST_01362,204.41,CANCELLED,2026-03-13,2.25
ETL_ORD_001997,CUST_01102,164.25,PENDING,2026-03-21,12.76
ETL_ORD_001998,CUST_00704,1100.74,COMPLETED,2026-03-22,25.19
ETL_ORD_001999,CUST_00633,483.88,COMPLETED,2026-03-04,2.84
ETL_ORD_002000,CUST_00441,204.38,COMPLETED,2026-03-06,20.43
ETL_ORD_002001,CUST_00924,136.35,COMPLETED,2026-03-04,38.49
ETL_ORD_002002,CUST_01114,101.42,PENDING,2026-03-22,24.5
ETL_ORD_002003,CUST_00850,1391.18,COMPLETED,2026-03-07,31.83
ETL_ORD_002004,CUST_01815,-10.0,COMPLETED,2026-03-27,7.02
ETL_ORD_002005,CUST_00567,51.9,PENDING,2026-03-21,2.33
ETL_ORD_002006,CUST_00588,560.61,COMPLETED,2026-03-09,42.66
ETL_ORD_002007,CUST_01917,319.38,COMPLETED,2026-03-13,14.23
ETL_ORD_002008,CUST_01008,856.42,COMPLETED,2026-03-09,23.34
ETL_ORD_002009,CUST_01577,275.87,COMPLETED,2026-03-12,7.67
ETL_ORD_002010,CUST_01622,1435.05,COMPLETED,2026-03-13,6.09
ETL_ORD_002011,CUST_01098,132.85,COMPLETED,2026-03-16,3.57
ETL_ORD_002012,CUST_01599,260.73,COMPLETED,2026-03-10,18.62
ETL_ORD_002013,CUST_01564,336.12,COMPLETED,2026-03-25,37.93
ETL_ORD_002014,CUST_00830,1394.04,COMPLETED,2026-03-16,1.68
ETL_ORD_002015,CUST_00960,1294.27,COMPLETED,2026-03-11,10.13
ETL_ORD_002016,CUST_01823,1494.2,COMPLETED,2026-03-14,8.97
ETL_ORD_002017,CUST_01092,1160.54,COMPLETED,2026-03-28,3.3
ETL_ORD_002018,CUST_01466,778.6,COMPLETED,2026-03-08,33.33
ETL_ORD_002019,CUST_00514,457.25,COMPLETED,2026-03-20,40.74
ETL_ORD_002020,CUST_00927,1218.88,COMPLETED,2026-03-11,30.31
ETL_ORD_002021,CUST_00993,1259.35,COMPLETED,2026-03-20,43.81
ETL_ORD_002022,CUST_01694,1042.25,COMPLETED,2026-03-22,45.31
ETL_ORD_002023,CUST_01739,333.55,COMPLETED,2026-03-13,5.28
ETL_ORD_002024,CUST_01674,1243.93,COMPLETED,2026-03-09,0.82
ETL_ORD_002025,CUST_00573,1299.16,COMPLETED,2026-03-17,35.52
ETL_ORD_002026,CUST_01143,-10.0,COMPLETED,2026-03-20,32.56
ETL_ORD_002027,CUST_01545,720.08,COMPLETED,2026-03-07,10.73
ETL_ORD_002028,CUST_01127,1413.44,COMPLETED,2026-03-13,39.3
ETL_ORD_002029,CUST_01101,638.26,CANCELLED,2026-03-20,32.63
ETL_ORD_002030,CUST_00522,279.8,COMPLETED,2026-03-25,1.21
ETL_ORD_002031,CUST_00537,1268.71,COMPLETED,2026-03-06,46.0
ETL_ORD_002032,CUST_01751,101.85,COMPLETED,2026-03-15,29.33
ETL_ORD_002033,CUST_00810,358.48,CANCELLED,2026-03-20,45.03
ETL_ORD_002034,CUST_00960,966.64,COMPLETED,2026-03-15,21.08
ETL_ORD_002035,CUST_00221,445.01,COMPLETED,2026-03-10,4.75
ETL_ORD_002036,CUST_01197,1153.58,COMPLETED,2026-03-02,12.33
ETL_ORD_002037,CUST_00203,1227.48,COMPLETED,2026-03-29,5.86
ETL_ORD_002038,CUST_00530,1070.54,COMPLETED,2026-03-25,6.23
ETL_ORD_002039,CUST_00756,483.71,INVALID_STATUS,2026-03-05,11.9
ETL_ORD_002040,CUST_00183,832.04,COMPLETED,2026-03-13,6.44
ETL_ORD_002041,CUST_00979,1433.6,COMPLETED,2026-03-14,19.38
ETL_ORD_002042,CUST_00593,140.13,COMPLETED,2026-03-12,44.56
ETL_ORD_002043,CUST_01359,764.67,INVALID_STATUS,2026-03-29,28.34
ETL_ORD_002044,CUST_00131,988.32,COMPLETED,2026-03-11,15.8
ETL_ORD_002045,CUST_00056,391.79,COMPLETED,2026-03-28,0.76
ETL_ORD_002046,CUST_00707,67.86,COMPLETED,2026-03-03,20.88
ETL_ORD_002047,CUST_01389,1435.24,COMPLETED,2026-03-04,18.51
ETL_ORD_002048,CUST_01581,505.89,COMPLETED,2026-03-25,49.44
ETL_ORD_002049,CUST_01433,620.08,COMPLETED,2026-03-03,41.98
ETL_ORD_002050,CUST_00672,1343.85,COMPLETED,2026-03-08,29.3
ETL_ORD_002051,CUST_01795,654.51,PENDING,2026-03-11,21.39
ETL_ORD_002052,CUST_00739,69.05,COMPLETED,2026-03-29,38.42
ETL_ORD_002053,CUST_01299,1462.91,COMPLETED,2026-03-29,14.84
ETL_ORD_002054,CUST_01614,544.76,COMPLETED,2026-03-18,7.26
ETL_ORD_002055,CUST_00400,443.55,COMPLETED,2026-03-21,45.46
ETL_ORD_002056,CUST_01269,1270.42,COMPLETED,2026-03-05,26.34
ETL_ORD_002057,CUST_01177,463.54,COMPLETED,2026-03-06,13.89
ETL_ORD_002058,CUST_00517,302.69,COMPLETED,2026-03-28,14.05
ETL_ORD_002059,CUST_00077,400.55,COMPLETED,2026-03-23,24.95
ETL_ORD_002060,CUST_01251,857.66,COMPLETED,2026-03-29,6.37
ETL_ORD_002061,CUST_00901,126.59,COMPLETED,2026-03-14,28.71
ETL_ORD_002062,CUST_00709,493.13,COMPLETED,2026-03-16,33.38
ETL_ORD_002063,CUST_01974,14.32,COMPLETED,2026-03-22,36.75
ETL_ORD_002064,CUST_01337,426.95,COMPLETED,2026-03-03,11.61
ETL_ORD_002065,CUST_00170,1171.88,CANCELLED,2026-03-11,46.9
ETL_ORD_002066,CUST_01902,1132.61,COMPLETED,2026-03-13,1.05
ETL_ORD_002067,CUST_01286,759.7,COMPLETED,2026-03-16,16.73
ETL_ORD_002068,CUST_01876,1276.35,COMPLETED,2026-03-08,23.77
ETL_ORD_002069,CUST_00815,376.15,COMPLETED,2026-03-01,39.54
ETL_ORD_002070,CUST_00831,93.02,COMPLETED,2026-03-08,2.66
ETL_ORD_002071,CUST_01523,1424.17,COMPLETED,2026-03-28,32.81
ETL_ORD_002072,CUST_00477,187.15,COMPLETED,2026-03-01,9.49
ETL_ORD_002073,CUST_01187,491.85,PENDING,2026-03-06,24.39
ETL_ORD_002074,CUST_00990,357.32,COMPLETED,2026-03-24,30.18
ETL_ORD_002075,CUST_00548,99.19,COMPLETED,2026-03-29,26.5
ETL_ORD_002076,CUST_00131,69.02,COMPLETED,2026-03-26,2.18
ETL_ORD_002077,CUST_01287,512.95,PENDING,2026-03-16,29.16
ETL_ORD_002078,CUST_00875,75.59,COMPLETED,2026-03-05,4.73
ETL_ORD_002079,CUST_01285,1253.16,COMPLETED,2026-03-20,35.4
ETL_ORD_002080,CUST_00661,902.79,COMPLETED,2026-03-29,24.58
ETL_ORD_002081,CUST_01434,1454.59,COMPLETED,2026-03-14,39.62
ETL_ORD_002082,CUST_00048,1479.99,COMPLETED,2026-03-02,46.16
ETL_ORD_002083,CUST_01581,981.25,PENDING,2026-03-12,27.61
ETL_ORD_002084,CUST_00202,873.33,COMPLETED,2026-03-16,38.72
ETL_ORD_002085,CUST_00974,642.43,COMPLETED,2026-03-05,36.03
ETL_ORD_002086,CUST_00459,409.94,COMPLETED,2026-03-24,49.1
ETL_ORD_002087,CUST_01339,1027.11,COMPLETED,2026-03-11,39.77
ETL_ORD_002088,CUST_01259,312.56,COMPLETED,2026-03-11,39.28
ETL_ORD_002089,CUST_00003,168.76,COMPLETED,2026-03-28,32.93
ETL_ORD_002090,CUST_01036,383.96,COMPLETED,2026-03-01,5.31
ETL_ORD_002091,CUST_01986,1166.76,COMPLETED,2026-03-17,32.24
ETL_ORD_002092,CUST_00418,551.26,COMPLETED,2026-03-13,33.59
ETL_ORD_002093,CUST_01064,850.18,COMPLETED,2026-03-21,29.81
ETL_ORD_002094,CUST_01022,679.7,COMPLETED,2026-03-18,39.95
ETL_ORD_002095,CUST_01639,1243.26,COMPLETED,2026-03-06,46.16
ETL_ORD_002096,CUST_00546,114.26,CANCELLED,2026-03-29,16.23
ETL_ORD_002097,CUST_00481,559.16,COMPLETED,2026-03-14,16.31
ETL_ORD_002098,CUST_01861,665.42,COMPLETED,2026-03-22,17.56
ETL_ORD_002099,CUST_00482,1320.95,COMPLETED,2026-03-11,38.83
ETL_ORD_002100,CUST_00231,1207.95,PENDING,2026-03-04,37.34
ETL_ORD_002101,CUST_01969,599.33,COMPLETED,2026-03-04,23.41
ETL_ORD_002102,CUST_00389,288.03,CANCELLED,2026-03-23,12.58
ETL_ORD_002103,CUST_01612,234.29,CANCELLED,2026-03-17,48.79
ETL_ORD_002104,CUST_01313,89.14,COMPLETED,2026-03-25,6.97
ETL_ORD_002105,CUST_00622,528.38,COMPLETED,2026-03-09,14.57
ETL_ORD_002106,CUST_01139,468.59,COMPLETED,2026-03-28,10.27
ETL_ORD_002107,CUST_01124,983.27,COMPLETED,2026-03-05,21.39
ETL_ORD_002108,CUST_00051,1056.1,COMPLETED,2026-03-03,34.82
ETL_ORD_002109,CUST_01949,443.07,COMPLETED,2026-03-04,18.08
ETL_ORD_002110,CUST_00132,977.21,COMPLETED,2026-03-10,36.01
ETL_ORD_002111,CUST_00107,1038.95,COMPLETED,2026-03-04,10.48
ETL_ORD_002112,CUST_00711,1369.76,COMPLETED,2026-03-16,17.36
ETL_ORD_002113,CUST_01370,1365.37,COMPLETED,2026-03-06,39.98
ETL_ORD_002114,CUST_01728,127.34,COMPLETED,2026-03-17,2.75
ETL_ORD_002115,CUST_00214,1240.62,COMPLETED,2026-03-22,31.16
ETL_ORD_002116,CUST_00084,714.01,COMPLETED,2026-03-13,24.57
ETL_ORD_002117,CUST_00022,378.71,COMPLETED,2026-03-10,15.24
ETL_ORD_002118,CUST_00266,522.39,COMPLETED,2026-03-04,42.58
ETL_ORD_002119,CUST_00787,695.6,CANCELLED,2026-03-11,14.04
ETL_ORD_002120,CUST_01605,1195.89,COMPLETED,2026-03-11,26.31
ETL_ORD_002121,CUST_01425,400.04,COMPLETED,2026-03-23,20.07
ETL_ORD_002122,CUST_01300,754.81,COMPLETED,2026-03-08,3.59
ETL_ORD_002123,CUST_01476,262.61,COMPLETED,2026-03-10,34.75
ETL_ORD_002124,CUST_01970,295.76,PENDING,2026-03-02,18.85
ETL_ORD_002125,CUST_01992,1488.77,CANCELLED,2026-03-14,23.41
ETL_ORD_002126,CUST_00423,578.83,COMPLETED,2026-03-09,23.86
ETL_ORD_002127,CUST_01812,476.46,COMPLETED,2026-03-14,41.81
ETL_ORD_002128,CUST_01452,894.57,PENDING,2026-03-03,45.02
ETL_ORD_002129,CUST_00485,1140.05,COMPLETED,2026-03-28,42.95
ETL_ORD_002130,CUST_01445,758.61,COMPLETED,2026-03-17,8.86
ETL_ORD_002131,CUST_00586,697.35,COMPLETED,2026-03-17,0.74
ETL_ORD_002132,CUST_01745,500.15,COMPLETED,2026-03-20,14.45
ETL_ORD_002133,CUST_01423,961.95,COMPLETED,2026-03-26,46.29
ETL_ORD_002134,CUST_00578,1306.28,COMPLETED,2026-03-07,22.1
ETL_ORD_002135,CUST_01869,481.44,COMPLETED,2026-03-02,13.86
ETL_ORD_002136,CUST_01645,1078.98,COMPLETED,2026-03-10,48.36
ETL_ORD_002137,CUST_00998,1211.7,COMPLETED,2026-03-03,22.96
ETL_ORD_002138,CUST_00982,675.41,COMPLETED,2026-03-11,12.08
ETL_ORD_002139,CUST_00697,897.1,COMPLETED,2026-03-14,32.23
ETL_ORD_002140,CUST_01328,1093.63,COMPLETED,2026-03-20,14.45
ETL_ORD_002141,CUST_01735,560.11,COMPLETED,2026-03-14,5.56
ETL_ORD_002142,CUST_01150,1192.34,COMPLETED,2026-03-04,15.53
ETL_ORD_002143,CUST_01192,1192.8,COMPLETED,2026-03-05,20.99
ETL_ORD_002144,CUST_01932,1019.19,COMPLETED,2026-03-13,21.39
ETL_ORD_002145,CUST_01084,1104.74,COMPLETED,2026-03-15,23.89
ETL_ORD_002146,CUST_01228,1196.03,COMPLETED,2026-03-05,10.59
ETL_ORD_002147,CUST_00657,730.46,COMPLETED,2026-03-06,48.59
ETL_ORD_002148,CUST_00009,1365.51,COMPLETED,2026-03-14,9.71
ETL_ORD_002149,CUST_00580,1046.86,COMPLETED,2026-03-10,45.19
ETL_ORD_002150,CUST_01929,216.62,COMPLETED,2026-03-05,6.74
ETL_ORD_002151,CUST_00564,234.15,COMPLETED,2026-03-08,27.41
ETL_ORD_002152,CUST_01382,50.56,PENDING,2026-03-26,6.92
ETL_ORD_002153,CUST_01439,1463.39,COMPLETED,2026-03-13,37.4
ETL_ORD_002154,CUST_00247,614.75,COMPLETED,2026-03-10,34.67
ETL_ORD_002155,CUST_00915,850.71,COMPLETED,2026-03-14,18.09
ETL_ORD_002156,CUST_01458,295.79,COMPLETED,2026-03-02,43.33
ETL_ORD_002157,CUST_01222,498.22,COMPLETED,2026-03-17,10.83
ETL_ORD_002158,CUST_00475,1233.59,PENDING,2026-03-13,30.02
ETL_ORD_002159,CUST_01700,74.28,CANCELLED,2026-03-10,43.37
ETL_ORD_002160,CUST_00015,23.46,COMPLETED,2026-03-18,44.54
ETL_ORD_002161,CUST_01455,741.41,COMPLETED,2026-03-02,6.33
ETL_ORD_002162,CUST_01827,1137.96,COMPLETED,2026-03-04,4.55
ETL_ORD_002163,CUST_00248,1052.71,COMPLETED,2026-03-16,4.31
ETL_ORD_002164,CUST_01767,1288.58,COMPLETED,2026-03-03,3.75
ETL_ORD_002165,CUST_01140,828.39,PENDING,2026-03-09,12.13
ETL_ORD_002166,CUST_00083,432.63,PENDING,2026-03-06,40.19
ETL_ORD_002167,CUST_00401,1036.72,COMPLETED,2026-03-25,2.28
ETL_ORD_002168,CUST_01118,1300.56,COMPLETED,2026-03-15,23.4
ETL_ORD_002169,CUST_01891,1465.91,CANCELLED,2026-03-21,24.94
ETL_ORD_002170,CUST_00703,915.83,COMPLETED,2026-03-18,4.65
ETL_ORD_002171,CUST_00968,431.76,COMPLETED,2026-03-25,17.2
ETL_ORD_002172,CUST_01781,195.51,COMPLETED,2026-03-03,6.95
ETL_ORD_002173,CUST_00319,1078.34,COMPLETED,2026-03-22,43.61
ETL_ORD_002174,CUST_01728,898.01,COMPLETED,2026-03-07,3.79
ETL_ORD_002175,CUST_00179,419.05,COMPLETED,2026-03-07,43.34
ETL_ORD_002176,CUST_00610,626.52,COMPLETED,2026-03-01,9.12
ETL_ORD_002177,CUST_00463,1155.29,COMPLETED,2026-03-07,38.45
ETL_ORD_002178,CUST_01166,391.49,COMPLETED,2026-03-14,49.02
ETL_ORD_002179,CUST_01509,828.1,PENDING,2026-03-17,11.46
ETL_ORD_002180,CUST_00414,1120.37,COMPLETED,2026-03-04,2.96
ETL_ORD_002181,CUST_01705,1158.58,CANCELLED,2026-03-05,0.35
ETL_ORD_002182,CUST_01571,1378.49,COMPLETED,2026-03-27,44.24
ETL_ORD_002183,CUST_01619,1499.92,COMPLETED,2026-03-25,21.63
ETL_ORD_002184,CUST_00230,390.15,COMPLETED,2026-03-03,32.66
ETL_ORD_002185,CUST_00899,1353.78,COMPLETED,2026-03-26,5.05
ETL_ORD_002186,CUST_01117,572.3,CANCELLED,2026-03-26,47.08
ETL_ORD_002187,CUST_00617,905.62,COMPLETED,2026-03-25,43.34
ETL_ORD_002188,CUST_00046,169.02,COMPLETED,2026-03-18,27.85
ETL_ORD_002189,CUST_00378,838.81,CANCELLED,2026-03-20,18.09
ETL_ORD_002190,CUST_00507,838.11,COMPLETED,2026-03-08,45.13
ETL_ORD_002191,CUST_01909,943.5,COMPLETED,2026-03-29,0.71
ETL_ORD_002192,CUST_00414,295.83,COMPLETED,2026-03-16,36.21
ETL_ORD_002193,CUST_01327,388.47,COMPLETED,2026-03-04,34.8
ETL_ORD_002194,CUST_01242,742.89,COMPLETED,2026-03-08,15.82
ETL_ORD_002195,CUST_01193,1258.04,COMPLETED,2026-03-19,6.07
ETL_ORD_002196,CUST_01979,1301.73,COMPLETED,2026-03-12,7.13
ETL_ORD_002197,CUST_00002,379.03,COMPLETED,2026-03-24,32.59
ETL_ORD_002198,CUST_01269,990.74,CANCELLED,2026-03-26,19.6
ETL_ORD_002199,CUST_00658,786.3,COMPLETED,2026-03-01,5.07
ETL_ORD_002200,CUST_01803,1177.63,COMPLETED,2026-03-29,17.49
ETL_ORD_002201,CUST_01500,140.32,COMPLETED,2026-03-21,21.59
ETL_ORD_002202,CUST_01939,570.51,CANCELLED,2026-03-10,33.75
ETL_ORD_002203,CUST_01267,511.44,COMPLETED,2026-03-13,10.23
ETL_ORD_002204,CUST_01521,74.45,COMPLETED,2026-03-08,1.86
ETL_ORD_002205,CUST_00045,1282.68,COMPLETED,2026-03-04,12.17
ETL_ORD_002206,CUST_01474,1124.46,PENDING,2026-03-13,42.94
ETL_ORD_002207,CUST_00705,234.42,COMPLETED,2026-03-07,39.04
ETL_ORD_002208,CUST_01801,529.97,COMPLETED,2026-03-05,6.39
ETL_ORD_002209,CUST_01036,1056.17,COMPLETED,2026-03-13,8.79
ETL_ORD_002210,CUST_00203,1149.85,COMPLETED,2026-03-04,12.86
ETL_ORD_002211,CUST_01822,549.17,COMPLETED,2026-03-26,46.82
ETL_ORD_002212,CUST_00251,1459.17,PENDING,2026-03-26,2.46
ETL_ORD_002213,CUST_00518,112.14,PENDING,2026-03-22,22.17
ETL_ORD_002214,CUST_01058,1162.18,COMPLETED,2026-03-12,20.52
ETL_ORD_002215,CUST_01619,378.21,PENDING,2026-03-10,24.98
ETL_ORD_002216,CUST_00697,987.54,COMPLETED,2026-03-13,17.16
ETL_ORD_002217,CUST_00026,571.56,COMPLETED,2026-03-04,30.69
ETL_ORD_002218,CUST_00467,110.37,COMPLETED,2026-03-04,27.99
ETL_ORD_002219,CUST_01373,1243.85,PENDING,2026-03-27,10.7
ETL_ORD_002220,CUST_00603,1049.92,COMPLETED,2026-03-27,1.89
ETL_ORD_002221,CUST_01881,810.53,COMPLETED,2026-03-19,6.97
ETL_ORD_002222,CUST_01069,1339.53,COMPLETED,2026-03-24,8.27
ETL_ORD_002223,CUST_01193,1454.96,CANCELLED,2026-03-24,44.9
ETL_ORD_002224,CUST_00023,1147.65,COMPLETED,2026-03-29,14.8
ETL_ORD_002225,CUST_00560,600.68,COMPLETED,2026-03-11,3.63
ETL_ORD_002226,CUST_01903,1348.13,COMPLETED,2026-03-13,42.31
ETL_ORD_002227,CUST_00922,8.15,COMPLETED,2026-03-25,2.39
ETL_ORD_002228,CUST_01242,453.5,COMPLETED,2026-03-28,49.49
ETL_ORD_002229,CUST_01087,1178.8,COMPLETED,2026-03-20,22.92
ETL_ORD_002230,CUST_01394,926.56,COMPLETED,2026-03-15,39.16
ETL_ORD_002231,CUST_00125,1397.21,COMPLETED,2026-03-28,25.84
ETL_ORD_002232,CUST_01621,160.89,COMPLETED,2026-03-19,44.04
ETL_ORD_002233,CUST_01847,630.14,COMPLETED,2026-03-12,19.86
ETL_ORD_002234,CUST_00872,811.34,COMPLETED,2026-03-07,42.83
ETL_ORD_002235,CUST_00505,1333.07,COMPLETED,2026-03-17,45.06
ETL_ORD_002236,CUST_01127,1437.29,COMPLETED,2026-03-04,12.1
ETL_ORD_002237,CUST_01375,817.63,COMPLETED,2026-03-21,17.25
ETL_ORD_002238,CUST_00338,30.2,COMPLETED,2026-03-17,12.22
ETL_ORD_002239,CUST_01186,248.2,COMPLETED,2026-03-04,10.51
ETL_ORD_002240,CUST_01120,981.18,PENDING,2026-03-15,36.64
ETL_ORD_002241,CUST_01960,1351.44,COMPLETED,2026-03-07,30.15
ETL_ORD_002242,CUST_00954,1169.77,COMPLETED,2026-03-03,12.46
ETL_ORD_002243,CUST_00739,1005.22,COMPLETED,2026-03-03,7.46
ETL_ORD_002244,CUST_01599,48.48,COMPLETED,2026-03-19,23.83
ETL_ORD_002245,CUST_01938,1249.89,COMPLETED,2026-03-08,8.5
ETL_ORD_002246,CUST_00291,1494.87,COMPLETED,2026-03-13,48.14
ETL_ORD_002247,CUST_00831,781.62,COMPLETED,2026-03-23,47.44
ETL_ORD_002248,CUST_00669,26.17,COMPLETED,2026-03-21,5.05
ETL_ORD_002249,CUST_01947,493.86,COMPLETED,2026-03-19,10.62
ETL_ORD_002250,CUST_01632,484.06,COMPLETED,2026-03-14,49.42
ETL_ORD_002251,CUST_00643,545.51,COMPLETED,2026-03-14,46.7
ETL_ORD_002252,CUST_01306,142.86,COMPLETED,2026-03-23,2.19
ETL_ORD_002253,CUST_01932,102.78,COMPLETED,2026-03-28,13.89
ETL_ORD_002254,CUST_00423,894.95,COMPLETED,2026-03-29,31.2
ETL_ORD_002255,CUST_00142,1163.49,COMPLETED,2026-03-28,27.55
ETL_ORD_002256,CUST_01557,6.04,COMPLETED,2026-03-22,37.81
ETL_ORD_002257,CUST_00663,439.89,CANCELLED,2026-03-11,34.67
ETL_ORD_002258,CUST_01075,1036.71,COMPLETED,2026-03-05,7.78
ETL_ORD_002259,CUST_01148,774.74,PENDING,2026-03-01,48.17
ETL_ORD_002260,CUST_00307,323.53,COMPLETED,2026-03-16,14.96
ETL_ORD_002261,CUST_00104,344.54,COMPLETED,2026-03-15,34.25
ETL_ORD_002262,CUST_00577,806.47,COMPLETED,2026-03-11,2.54
ETL_ORD_002263,CUST_00310,264.43,COMPLETED,2026-03-23,36.49
ETL_ORD_002264,CUST_00371,587.2,CANCELLED,2026-03-19,12.78
ETL_ORD_002265,CUST_01769,845.9,COMPLETED,2026-03-14,39.55
ETL_ORD_002266,CUST_01565,394.09,INVALID_STATUS,2026-03-29,31.55
ETL_ORD_002267,CUST_00024,328.34,COMPLETED,2026-03-12,16.92
ETL_ORD_002268,CUST_00064,304.92,COMPLETED,2026-03-28,19.44
ETL_ORD_002269,CUST_01878,471.1,CANCELLED,2026-03-04,33.95
ETL_ORD_002270,CUST_00687,322.91,COMPLETED,2026-03-18,32.42
ETL_ORD_002271,CUST_00276,1425.92,PENDING,2026-03-11,39.24
ETL_ORD_002272,CUST_00770,1123.46,COMPLETED,2026-03-17,0.57
ETL_ORD_002273,CUST_00274,1334.82,COMPLETED,2026-03-27,38.93
ETL_ORD_002274,CUST_00559,539.15,COMPLETED,2026-03-07,17.62
ETL_ORD_002275,CUST_01522,1122.8,COMPLETED,2026-03-04,29.17
ETL_ORD_002276,CUST_00025,137.02,COMPLETED,2026-03-28,3.18
ETL_ORD_002277,CUST_00617,1244.39,COMPLETED,2026-03-20,18.17
ETL_ORD_002278,CUST_00929,748.13,COMPLETED,2026-03-29,19.89
ETL_ORD_002279,CUST_00489,1069.18,COMPLETED,2026-03-07,35.94
ETL_ORD_002280,CUST_00684,535.34,COMPLETED,2026-03-08,11.71
ETL_ORD_002281,CUST_00050,118.81,COMPLETED,2026-03-28,31.76
ETL_ORD_002282,CUST_01259,1211.08,COMPLETED,2026-03-29,21.96
ETL_ORD_002283,CUST_01548,586.65,COMPLETED,2026-03-27,6.52
ETL_ORD_002284,CUST_00369,240.53,COMPLETED,2026-03-02,14.67
ETL_ORD_002285,CUST_01876,363.89,COMPLETED,2026-03-09,14.04
ETL_ORD_002286,CUST_01005,963.44,COMPLETED,2026-03-11,8.31
ETL_ORD_002287,CUST_00323,1497.24,PENDING,2026-03-11,43.3
ETL_ORD_002288,CUST_00685,198.64,COMPLETED,2026-03-07,43.7
ETL_ORD_002289,CUST_01684,758.78,COMPLETED,2026-03-27,37.31
ETL_ORD_002290,CUST_01840,388.57,COMPLETED,2026-03-06,28.63
ETL_ORD_002291,CUST_00587,523.51,COMPLETED,2026-03-07,19.93
ETL_ORD_002292,CUST_01249,338.69,COMPLETED,2026-03-18,17.86
ETL_ORD_002293,CUST_01286,745.78,COMPLETED,2026-03-29,9.14
ETL_ORD_002294,CUST_01728,915.95,COMPLETED,2026-03-07,32.75
ETL_ORD_002295,CUST_01333,997.31,COMPLETED,2026-03-06,35.5
ETL_ORD_002296,CUST_01791,342.24,COMPLETED,2026-03-03,13.19
ETL_ORD_002297,CUST_01575,515.93,PENDING,2026-03-12,0.44
ETL_ORD_002298,CUST_00297,642.94,COMPLETED,2026-03-16,6.08
ETL_ORD_002299,CUST_01414,1109.43,COMPLETED,2026-03-08,27.84
ETL_ORD_002300,CUST_00485,498.58,COMPLETED,2026-03-26,23.11
ETL_ORD_002301,CUST_01092,740.39,COMPLETED,2026-03-22,27.43
ETL_ORD_002302,CUST_01283,13.12,COMPLETED,2026-03-17,19.39
ETL_ORD_002303,CUST_01741,1383.13,COMPLETED,2026-03-13,17.5
ETL_ORD_002304,CUST_01601,431.19,COMPLETED,2026-03-09,11.7
ETL_ORD_002305,CUST_00197,303.62,COMPLETED,2026-03-10,17.44
ETL_ORD_002306,CUST_01201,507.34,COMPLETED,2026-03-29,31.77
ETL_ORD_002307,CUST_01734,513.72,COMPLETED,2026-03-29,39.95
ETL_ORD_002308,CUST_00611,482.62,COMPLETED,2026-03-27,20.43
ETL_ORD_002309,CUST_01389,866.75,COMPLETED,2026-03-05,17.94
ETL_ORD_002310,CUST_01319,119.43,COMPLETED,2026-03-01,2.94
ETL_ORD_002311,CUST_00616,765.46,COMPLETED,2026-03-02,9.98
ETL_ORD_002312,CUST_01404,834.16,COMPLETED,2026-03-17,26.96
ETL_ORD_002313,CUST_00959,-10.0,COMPLETED,2026-03-18,5.9
ETL_ORD_002314,CUST_01914,848.62,PENDING,2026-03-21,0.04
ETL_ORD_002315,CUST_01975,1062.06,COMPLETED,2026-03-19,19.55
ETL_ORD_002316,CUST_01611,155.83,COMPLETED,2026-03-16,12.87
ETL_ORD_002317,CUST_00151,303.31,PENDING,2026-03-27,28.62
ETL_ORD_002318,CUST_00451,1031.03,COMPLETED,2026-03-25,16.22
ETL_ORD_002319,CUST_00348,737.4,COMPLETED,2026-03-05,11.64
ETL_ORD_002320,CUST_00210,851.67,CANCELLED,2026-03-08,26.11
ETL_ORD_002321,CUST_00829,1002.37,COMPLETED,2026-03-12,38.65
ETL_ORD_002322,CUST_01446,690.65,COMPLETED,2026-03-07,26.18
ETL_ORD_002323,CUST_00600,247.88,COMPLETED,2026-03-11,25.41
ETL_ORD_002324,CUST_01600,871.92,PENDING,2026-03-08,2.55
ETL_ORD_002325,CUST_00100,1292.18,CANCELLED,2026-03-22,11.78
ETL_ORD_002326,CUST_00052,696.55,COMPLETED,2026-03-26,15.76
ETL_ORD_002327,CUST_00072,1324.23,COMPLETED,2026-03-04,13.61
ETL_ORD_002328,CUST_01063,727.19,COMPLETED,2026-03-24,2.29
ETL_ORD_002329,CUST_00746,906.4,COMPLETED,2026-03-28,49.88
ETL_ORD_002330,CUST_01480,1476.32,PENDING,2026-03-23,32.79
ETL_ORD_002331,CUST_00048,1108.64,COMPLETED,2026-03-14,15.78
ETL_ORD_002332,CUST_00061,375.11,COMPLETED,2026-03-29,13.67
ETL_ORD_002333,CUST_01702,1292.09,COMPLETED,2026-03-03,38.05
ETL_ORD_002334,CUST_00325,1117.49,COMPLETED,2026-03-23,18.77
ETL_ORD_002335,CUST_00300,529.2,COMPLETED,2026-03-15,34.12
ETL_ORD_002336,CUST_00606,153.53,COMPLETED,2026-03-07,20.73
ETL_ORD_002337,CUST_01572,864.16,COMPLETED,2026-03-05,1.25
ETL_ORD_002338,CUST_00990,246.31,COMPLETED,2026-03-17,22.92
ETL_ORD_002339,CUST_01075,414.42,COMPLETED,2026-03-11,37.78
ETL_ORD_002340,CUST_00662,406.8,COMPLETED,2026-03-28,45.12
ETL_ORD_002341,CUST_00333,211.42,PENDING,2026-03-02,18.47
ETL_ORD_002342,CUST_00368,308.89,PENDING,2026-03-10,23.95
ETL_ORD_002343,CUST_01288,206.05,COMPLETED,2026-03-03,14.17
ETL_ORD_002344,CUST_01711,1381.86,COMPLETED,2026-03-20,30.43
ETL_ORD_002345,CUST_00451,88.1,COMPLETED,2026-03-16,22.29
ETL_ORD_002346,CUST_00956,114.98,COMPLETED,2026-03-14,30.09
ETL_ORD_002347,CUST_01586,1306.03,COMPLETED,2026-03-09,23.95
ETL_ORD_002348,CUST_01355,70.52,COMPLETED,2026-03-21,37.87
ETL_ORD_002349,CUST_01966,388.45,PENDING,2026-03-19,19.89
ETL_ORD_002350,CUST_01248,408.64,COMPLETED,2026-03-27,36.1
ETL_ORD_002351,CUST_00204,167.1,COMPLETED,2026-03-05,18.4
ETL_ORD_002352,CUST_00848,133.35,COMPLETED,2026-03-01,7.02
ETL_ORD_002353,CUST_01925,1240.42,COMPLETED,2026-03-22,44.5
ETL_ORD_002354,CUST_00480,1445.39,COMPLETED,2026-03-13,31.33
ETL_ORD_002355,CUST_00247,839.04,COMPLETED,2026-03-21,9.34
ETL_ORD_002356,CUST_00455,-10.0,COMPLETED,2026-03-26,41.57
ETL_ORD_002357,CUST_00607,225.7,COMPLETED,2026-03-22,14.64
ETL_ORD_002358,CUST_00666,1432.54,COMPLETED,2026-03-16,30.57
ETL_ORD_002359,CUST_01408,453.03,COMPLETED,2026-03-26,13.07
ETL_ORD_002360,CUST_00524,1477.91,COMPLETED,2026-03-17,3.23
ETL_ORD_002361,CUST_00071,340.8,COMPLETED,2026-03-26,16.11
ETL_ORD_002362,CUST_01641,364.02,COMPLETED,2026-03-02,4.51
ETL_ORD_002363,CUST_01822,1208.52,COMPLETED,2026-03-24,26.67
ETL_ORD_002364,CUST_01928,1148.02,COMPLETED,2026-03-15,49.7
ETL_ORD_002365,CUST_00138,68.28,COMPLETED,2026-03-19,37.12
ETL_ORD_002366,CUST_01098,1051.88,COMPLETED,2026-03-29,19.12
ETL_ORD_002367,CUST_01016,719.7,COMPLETED,2026-03-23,17.68
ETL_ORD_002368,CUST_00277,1337.53,INVALID_STATUS,2026-03-26,37.26
ETL_ORD_002369,CUST_01635,1111.19,COMPLETED,2026-03-25,5.8
ETL_ORD_002370,CUST_01568,874.94,COMPLETED,2026-03-10,44.97
ETL_ORD_002371,CUST_01027,184.97,COMPLETED,2026-03-15,29.58
ETL_ORD_002372,CUST_01801,658.76,COMPLETED,2026-03-26,7.82
ETL_ORD_002373,CUST_00372,-10.0,COMPLETED,2026-03-13,1.23
ETL_ORD_002374,CUST_00336,668.04,CANCELLED,2026-03-13,21.18
ETL_ORD_002375,CUST_00998,1248.26,PENDING,2026-03-19,29.43
ETL_ORD_002376,CUST_00308,1040.06,COMPLETED,2026-03-25,18.72
ETL_ORD_002377,CUST_01416,59.71,CANCELLED,2026-03-03,3.51
ETL_ORD_002378,CUST_01187,106.36,COMPLETED,2026-03-10,22.09
ETL_ORD_002379,CUST_01003,1320.41,COMPLETED,2026-03-09,26.17
ETL_ORD_002380,CUST_01198,551.6,COMPLETED,2026-03-13,47.68
ETL_ORD_002381,CUST_01806,106.83,COMPLETED,2026-03-22,1.22
ETL_ORD_002382,CUST_01584,358.05,COMPLETED,2026-03-21,34.97
ETL_ORD_002383,CUST_01204,425.68,CANCELLED,2026-03-04,26.05
ETL_ORD_002384,CUST_01720,1464.25,COMPLETED,2026-03-28,0.57
ETL_ORD_002385,CUST_00978,957.6,COMPLETED,2026-03-10,5.16
ETL_ORD_002386,CUST_01751,537.34,COMPLETED,2026-03-25,17.82
ETL_ORD_002387,CUST_01127,636.12,PENDING,2026-03-13,22.6
ETL_ORD_002388,CUST_01464,937.34,COMPLETED,2026-03-28,7.19
ETL_ORD_002389,CUST_01163,204.59,COMPLETED,2026-03-24,47.76
ETL_ORD_002390,CUST_00561,1155.44,CANCELLED,2026-03-01,35.22
ETL_ORD_002391,CUST_00796,1143.03,COMPLETED,2026-03-04,33.2
ETL_ORD_002392,CUST_00807,454.79,COMPLETED,2026-03-08,10.63
ETL_ORD_002393,CUST_00056,348.32,COMPLETED,2026-03-29,8.34
ETL_ORD_002394,CUST_01944,424.76,COMPLETED,2026-03-26,26.25
ETL_ORD_002395,CUST_00765,21.64,COMPLETED,2026-03-05,34.83
ETL_ORD_002396,CUST_01615,391.9,COMPLETED,2026-03-21,16.76
ETL_ORD_002397,CUST_01977,210.73,COMPLETED,2026-03-15,24.78
ETL_ORD_002398,CUST_00863,1145.44,COMPLETED,2026-03-23,48.9
ETL_ORD_002399,CUST_01139,1395.45,COMPLETED,2026-03-27,23.47
ETL_ORD_002400,CUST_01332,243.77,COMPLETED,2026-03-04,17.22
ETL_ORD_002401,CUST_01506,1407.65,CANCELLED,2026-03-14,6.89
ETL_ORD_002402,CUST_01841,1029.42,COMPLETED,2026-03-23,13.68
ETL_ORD_002403,CUST_00368,585.54,COMPLETED,2026-03-09,30.21
ETL_ORD_002404,CUST_01104,1299.26,COMPLETED,2026-03-07,35.92
ETL_ORD_002405,CUST_01434,1159.9,COMPLETED,2026-03-18,44.65
ETL_ORD_002406,CUST_00898,1423.05,COMPLETED,2026-03-04,45.15
ETL_ORD_002407,CUST_01247,447.32,COMPLETED,2026-03-02,19.49
ETL_ORD_002408,CUST_01582,905.01,COMPLETED,2026-03-19,41.09
ETL_ORD_002409,CUST_00728,45.5,COMPLETED,2026-03-05,1.61
ETL_ORD_002410,CUST_00423,1320.3,COMPLETED,2026-03-29,7.26
ETL_ORD_002411,CUST_00983,1299.39,COMPLETED,2026-03-01,45.21
ETL_ORD_002412,CUST_01860,1071.82,COMPLETED,2026-03-06,17.45
ETL_ORD_002413,CUST_00390,407.36,COMPLETED,2026-03-04,13.51
ETL_ORD_002414,CUST_01793,522.17,COMPLETED,2026-03-27,30.77
ETL_ORD_002415,CUST_01709,922.18,PENDING,2026-03-13,20.34
ETL_ORD_002416,CUST_01781,812.8,COMPLETED,2026-03-09,35.99
ETL_ORD_002417,CUST_00435,910.71,COMPLETED,2026-03-01,37.07
ETL_ORD_002418,CUST_00598,1025.26,PENDING,2026-03-26,26.43
ETL_ORD_002419,CUST_00931,244.85,PENDING,2026-03-01,38.74
ETL_ORD_002420,CUST_01087,1042.76,COMPLETED,2026-03-11,13.49
ETL_ORD_002421,CUST_00566,728.48,COMPLETED,2026-03-18,33.87
ETL_ORD_002422,CUST_00045,1157.58,COMPLETED,2026-03-28,36.8
ETL_ORD_002423,CUST_01628,169.55,COMPLETED,2026-03-16,16.4
ETL_ORD_002424,CUST_00757,507.33,COMPLETED,2026-03-18,49.09
ETL_ORD_002425,CUST_01665,1321.22,PENDING,2026-03-21,17.21
ETL_ORD_002426,CUST_00242,130.7,PENDING,2026-03-12,13.37
ETL_ORD_002427,CUST_01939,734.72,COMPLETED,2026-03-05,33.07
ETL_ORD_002428,CUST_00728,1312.23,CANCELLED,2026-03-03,16.81
ETL_ORD_002429,CUST_01663,1377.58,PENDING,2026-03-22,27.31
ETL_ORD_002430,CUST_01329,1216.68,CANCELLED,2026-03-01,3.74
ETL_ORD_002431,CUST_00647,151.36,COMPLETED,2026-03-18,20.99
ETL_ORD_002432,CUST_00674,485.71,COMPLETED,2026-03-09,30.48
ETL_ORD_002433,CUST_00555,449.41,COMPLETED,2026-03-10,24.96
ETL_ORD_002434,CUST_00358,1383.05,COMPLETED,2026-03-25,44.03
ETL_ORD_002435,CUST_00733,392.48,COMPLETED,2026-03-14,1.43
ETL_ORD_002436,CUST_00934,1298.78,COMPLETED,2026-03-03,47.17
ETL_ORD_002437,CUST_01620,1330.84,COMPLETED,2026-03-12,8.12
ETL_ORD_002438,CUST_01199,1110.23,PENDING,2026-03-12,1.54
ETL_ORD_002439,CUST_00430,347.05,PENDING,2026-03-11,19.64
ETL_ORD_002440,CUST_01119,1368.97,COMPLETED,2026-03-16,15.99
ETL_ORD_002441,CUST_01364,-10.0,CANCELLED,2026-03-27,3.55
ETL_ORD_002442,CUST_01398,509.45,COMPLETED,2026-03-29,42.14
ETL_ORD_002443,CUST_00965,1275.53,COMPLETED,2026-03-22,46.81
ETL_ORD_002444,CUST_01815,1211.21,COMPLETED,2026-03-15,40.98
ETL_ORD_002445,CUST_01910,1344.71,COMPLETED,2026-03-27,37.49
ETL_ORD_002446,CUST_00960,1362.85,PENDING,2026-03-04,17.82
ETL_ORD_002447,CUST_00297,454.56,COMPLETED,2026-03-09,28.61
ETL_ORD_002448,CUST_00975,1342.13,COMPLETED,2026-03-28,17.63
ETL_ORD_002449,CUST_01470,17.92,COMPLETED,2026-03-27,3.26
ETL_ORD_002450,CUST_00848,435.83,COMPLETED,2026-03-24,34.53
ETL_ORD_002451,CUST_01258,683.78,COMPLETED,2026-03-18,34.91
ETL_ORD_002452,CUST_00164,1266.02,COMPLETED,2026-03-05,4.2
ETL_ORD_002453,CUST_00526,1296.84,COMPLETED,2026-03-06,16.17
ETL_ORD_002454,CUST_00354,1093.63,COMPLETED,2026-03-06,21.11
ETL_ORD_002455,CUST_01744,1215.18,COMPLETED,2026-03-21,26.67
ETL_ORD_002456,CUST_01045,941.49,COMPLETED,2026-03-04,42.34
ETL_ORD_002457,CUST_00362,542.67,COMPLETED,2026-03-20,8.33
ETL_ORD_002458,CUST_01384,508.54,COMPLETED,2026-03-04,48.95
ETL_ORD_002459,CUST_01263,-10.0,PENDING,2026-03-16,31.91
ETL_ORD_002460,CUST_01380,1261.18,COMPLETED,2026-03-14,27.18
ETL_ORD_002461,CUST_00631,902.67,COMPLETED,2026-03-25,41.11
ETL_ORD_002462,CUST_00938,339.32,COMPLETED,2026-03-06,22.11
ETL_ORD_002463,CUST_01778,-10.0,PENDING,2026-03-24,45.79
ETL_ORD_002464,CUST_00153,809.05,COMPLETED,2026-03-03,48.92
ETL_ORD_002465,CUST_01116,74.36,COMPLETED,2026-03-08,48.01
ETL_ORD_002466,CUST_01582,129.4,CANCELLED,2026-03-21,46.51
ETL_ORD_002467,CUST_01636,1471.99,COMPLETED,2026-03-27,40.79
ETL_ORD_002468,CUST_01934,12.41,INVALID_STATUS,2026-03-14,2.71
ETL_ORD_002469,CUST_00729,1348.46,COMPLETED,2026-03-17,48.22
ETL_ORD_002470,CUST_01257,1032.94,COMPLETED,2026-03-04,47.06
ETL_ORD_002471,CUST_01374,1220.07,PENDING,2026-03-03,47.32
ETL_ORD_002472,CUST_00202,731.27,COMPLETED,2026-03-17,5.9
ETL_ORD_002473,CUST_01670,447.57,COMPLETED,2026-03-11,38.39
ETL_ORD_002474,CUST_00826,777.27,COMPLETED,2026-03-17,30.24
ETL_ORD_002475,CUST_00314,1019.85,COMPLETED,2026-03-25,31.1
ETL_ORD_002476,CUST_00192,885.45,COMPLETED,2026-03-18,2.43
ETL_ORD_002477,CUST_00633,1186.44,CANCELLED,2026-03-26,3.86
ETL_ORD_002478,CUST_00759,289.09,COMPLETED,2026-03-22,29.66
ETL_ORD_002479,CUST_00213,687.79,COMPLETED,2026-03-20,41.14
ETL_ORD_002480,CUST_01007,-10.0,COMPLETED,2026-03-25,32.04
ETL_ORD_002481,CUST_00504,-10.0,CANCELLED,2026-03-29,20.88
ETL_ORD_002482,CUST_01156,803.63,COMPLETED,2026-03-06,22.85
ETL_ORD_002483,CUST_00944,517.61,PENDING,2026-03-10,37.58
ETL_ORD_002484,CUST_01654,965.71,COMPLETED,2026-03-26,11.01
ETL_ORD_002485,CUST_01352,792.05,COMPLETED,2026-03-10,40.08
ETL_ORD_002486,CUST_01885,281.55,COMPLETED,2026-03-21,12.38
ETL_ORD_002487,CUST_00998,1026.48,PENDING,2026-03-17,32.8
ETL_ORD_002488,CUST_01384,1184.78,COMPLETED,2026-03-12,7.34
ETL_ORD_002489,CUST_00333,1138.72,INVALID_STATUS,2026-03-08,32.06
ETL_ORD_002490,CUST_01949,109.94,COMPLETED,2026-03-29,45.38
ETL_ORD_002491,CUST_01014,611.58,COMPLETED,2026-03-21,47.64
ETL_ORD_002492,CUST_00380,1305.13,COMPLETED,2026-03-27,34.52
ETL_ORD_002493,CUST_00469,262.05,COMPLETED,2026-03-12,12.06
ETL_ORD_002494,CUST_01965,250.62,COMPLETED,2026-03-05,1.54
ETL_ORD_002495,CUST_00639,9.97,COMPLETED,2026-03-26,7.4
ETL_ORD_002496,CUST_00556,1219.01,CANCELLED,2026-03-12,7.69
ETL_ORD_002497,CUST_00514,921.49,PENDING,2026-03-12,20.48
ETL_ORD_002498,CUST_01902,281.93,COMPLETED,2026-03-18,4.63
ETL_ORD_002499,CUST_01730,1403.75,COMPLETED,2026-03-24,28.52
ETL_ORD_002500,CUST_00333,817.6,COMPLETED,2026-03-24,23.32
ETL_ORD_002501,CUST_01517,344.5,COMPLETED,2026-03-26,11.16
ETL_ORD_002502,CUST_01072,1220.76,COMPLETED,2026-03-19,7.0
ETL_ORD_002503,CUST_01211,924.17,COMPLETED,2026-03-11,35.09
ETL_ORD_002504,CUST_01888,1449.15,COMPLETED,2026-03-04,44.41
ETL_ORD_002505,CUST_00784,1093.83,CANCELLED,2026-03-20,12.19
ETL_ORD_002506,CUST_01673,651.19,COMPLETED,2026-03-05,39.79
ETL_ORD_002507,CUST_00003,1082.38,COMPLETED,2026-03-04,23.93
ETL_ORD_002508,CUST_00677,456.37,COMPLETED,2026-03-16,17.2
ETL_ORD_002509,CUST_00779,894.39,COMPLETED,2026-03-19,0.06
ETL_ORD_002510,CUST_01460,170.26,COMPLETED,2026-03-19,34.43
ETL_ORD_002511,CUST_01128,375.07,CANCELLED,2026-03-11,29.91
ETL_ORD_002512,CUST_00429,615.94,COMPLETED,2026-03-01,7.55
ETL_ORD_002513,CUST_01869,434.4,COMPLETED,2026-03-22,16.5
ETL_ORD_002514,CUST_00176,74.35,COMPLETED,2026-03-08,29.36
ETL_ORD_002515,CUST_01483,1149.3,COMPLETED,2026-03-03,21.82
ETL_ORD_002516,CUST_01992,344.45,COMPLETED,2026-03-18,3.55
ETL_ORD_002517,CUST_01642,1125.61,COMPLETED,2026-03-24,11.59
ETL_ORD_002518,CUST_01502,1012.09,COMPLETED,2026-03-19,25.44
ETL_ORD_002519,CUST_01786,1249.55,COMPLETED,2026-03-22,22.79
ETL_ORD_002520,CUST_01746,1056.87,COMPLETED,2026-03-18,46.42
ETL_ORD_002521,CUST_01325,529.89,COMPLETED,2026-03-23,48.61
ETL_ORD_002522,CUST_00895,839.37,COMPLETED,2026-03-13,23.74
ETL_ORD_002523,CUST_00028,604.89,COMPLETED,2026-03-23,31.05
ETL_ORD_002524,CUST_00461,325.92,COMPLETED,2026-03-11,39.86
ETL_ORD_002525,CUST_00986,1012.67,COMPLETED,2026-03-18,2.41
ETL_ORD_002526,CUST_00134,696.7,CANCELLED,2026-03-15,40.91
ETL_ORD_002527,CUST_01725,460.76,INVALID_STATUS,2026-03-17,19.12
ETL_ORD_002528,CUST_00951,607.54,COMPLETED,2026-03-25,30.59
ETL_ORD_002529,CUST_00363,1261.78,COMPLETED,2026-03-16,40.66
ETL_ORD_002530,CUST_01732,1226.5,CANCELLED,2026-03-04,36.01
ETL_ORD_002531,CUST_01575,1025.93,COMPLETED,2026-03-08,35.49
ETL_ORD_002532,CUST_00002,74.36,COMPLETED,2026-03-25,23.6
ETL_ORD_002533,CUST_00669,1348.8,COMPLETED,2026-03-14,42.42
ETL_ORD_002534,CUST_00639,1081.61,COMPLETED,2026-03-22,48.83
ETL_ORD_002535,CUST_00134,1375.05,COMPLETED,2026-03-02,42.18
ETL_ORD_002536,CUST_00225,1259.24,COMPLETED,2026-03-17,12.15
ETL_ORD_002537,CUST_00964,606.76,COMPLETED,2026-03-02,44.81
ETL_ORD_002538,CUST_00283,207.24,COMPLETED,2026-03-19,9.5
ETL_ORD_002539,CUST_00147,1018.72,COMPLETED,2026-03-21,39.49
ETL_ORD_002540,CUST_00231,1425.04,COMPLETED,2026-03-24,45.04
ETL_ORD_002541,CUST_01128,705.81,INVALID_STATUS,2026-03-13,37.32
ETL_ORD_002542,CUST_01435,224.49,COMPLETED,2026-03-09,30.88
ETL_ORD_002543,CUST_01759,112.15,COMPLETED,2026-03-18,41.11
ETL_ORD_002544,CUST_00477,818.56,COMPLETED,2026-03-19,27.05
ETL_ORD_002545,CUST_00895,344.15,COMPLETED,2026-03-08,19.42
ETL_ORD_002546,CUST_01520,208.45,COMPLETED,2026-03-21,43.85
ETL_ORD_002547,CUST_00900,215.03,COMPLETED,2026-03-21,39.33
ETL_ORD_002548,CUST_00736,93.84,COMPLETED,2026-03-19,43.68
ETL_ORD_002549,CUST_01056,229.04,COMPLETED,2026-03-16,34.04
ETL_ORD_002550,CUST_01997,882.05,COMPLETED,2026-03-27,24.14
ETL_ORD_002551,CUST_00525,1299.99,COMPLETED,2026-03-15,33.26
ETL_ORD_002552,CUST_01899,315.58,COMPLETED,2026-03-16,32.6
ETL_ORD_002553,CUST_00254,655.66,COMPLETED,2026-03-21,37.4
ETL_ORD_002554,CUST_00370,1367.04,CANCELLED,2026-03-22,37.35
ETL_ORD_002555,CUST_00380,1078.77,CANCELLED,2026-03-18,35.91
ETL_ORD_002556,CUST_00542,447.75,COMPLETED,2026-03-06,45.49
ETL_ORD_002557,CUST_00107,1052.03,COMPLETED,2026-03-20,2.98
ETL_ORD_002558,CUST_00850,234.68,COMPLETED,2026-03-14,18.9
ETL_ORD_002559,CUST_00521,5.26,COMPLETED,2026-03-07,23.4
ETL_ORD_002560,CUST_01573,993.67,COMPLETED,2026-03-21,40.97
ETL_ORD_002561,CUST_00299,356.43,COMPLETED,2026-03-26,10.23
ETL_ORD_002562,CUST_00497,905.55,COMPLETED,2026-03-19,15.14
ETL_ORD_002563,CUST_01179,1146.64,COMPLETED,2026-03-23,18.44
ETL_ORD_002564,CUST_01704,75.1,COMPLETED,2026-03-14,20.17
ETL_ORD_002565,CUST_01083,138.11,COMPLETED,2026-03-21,24.14
ETL_ORD_002566,CUST_01501,1002.37,COMPLETED,2026-03-25,23.49
ETL_ORD_002567,CUST_01670,869.49,COMPLETED,2026-03-01,8.04
ETL_ORD_002568,CUST_00691,1034.08,COMPLETED,2026-03-04,38.2
ETL_ORD_002569,CUST_01866,424.85,COMPLETED,2026-03-20,13.01
ETL_ORD_002570,CUST_01713,836.4,PENDING,2026-03-27,30.99
ETL_ORD_002571,CUST_00324,279.97,COMPLETED,2026-03-25,31.07
ETL_ORD_002572,CUST_00258,603.34,COMPLETED,2026-03-03,4.83
ETL_ORD_002573,CUST_00689,409.83,COMPLETED,2026-03-17,11.99
ETL_ORD_002574,CUST_00868,-10.0,COMPLETED,2026-03-13,6.94
ETL_ORD_002575,CUST_01743,426.06,COMPLETED,2026-03-27,17.29
ETL_ORD_002576,CUST_01997,1427.36,COMPLETED,2026-03-03,36.9
ETL_ORD_002577,CUST_00253,966.38,COMPLETED,2026-03-14,30.91
ETL_ORD_002578,CUST_00745,902.2,INVALID_STATUS,2026-03-20,18.37
ETL_ORD_002579,CUST_01401,851.15,COMPLETED,2026-03-25,49.08
ETL_ORD_002580,CUST_00620,772.52,COMPLETED,2026-03-07,14.79
ETL_ORD_002581,CUST_00045,1286.67,COMPLETED,2026-03-01,35.17
ETL_ORD_002582,CUST_01902,557.42,COMPLETED,2026-03-12,49.21
ETL_ORD_002583,CUST_01703,840.89,COMPLETED,2026-03-26,48.38
ETL_ORD_002584,CUST_01031,381.53,INVALID_STATUS,2026-03-05,36.29
ETL_ORD_002585,CUST_00374,447.9,COMPLETED,2026-03-03,10.93
ETL_ORD_002586,CUST_01206,520.15,COMPLETED,2026-03-05,21.19
ETL_ORD_002587,CUST_00815,1289.82,COMPLETED,2026-03-03,37.13
ETL_ORD_002588,CUST_00382,785.42,COMPLETED,2026-03-19,19.74
ETL_ORD_002589,CUST_01748,21.1,COMPLETED,2026-03-28,22.21
ETL_ORD_002590,CUST_01878,696.83,COMPLETED,2026-03-08,28.38
ETL_ORD_002591,CUST_01332,672.6,COMPLETED,2026-03-05,10.74
ETL_ORD_002592,CUST_00929,933.66,COMPLETED,2026-03-14,4.96
ETL_ORD_002593,CUST_00252,1201.12,COMPLETED,2026-03-06,13.28
ETL_ORD_002594,CUST_01833,38.5,COMPLETED,2026-03-17,0.66
ETL_ORD_002595,CUST_01809,1222.18,COMPLETED,2026-03-02,5.38
ETL_ORD_002596,CUST_00750,949.43,COMPLETED,2026-03-12,42.14
ETL_ORD_002597,CUST_00280,213.24,COMPLETED,2026-03-28,26.19
ETL_ORD_002598,CUST_00007,717.38,COMPLETED,2026-03-06,8.3
ETL_ORD_002599,CUST_00708,1103.63,COMPLETED,2026-03-23,0.39
ETL_ORD_002600,CUST_01865,1194.99,COMPLETED,2026-03-29,36.6
ETL_ORD_002601,CUST_01203,578.8,COMPLETED,2026-03-19,24.93
ETL_ORD_002602,CUST_01682,1005.68,COMPLETED,2026-03-09,38.23
ETL_ORD_002603,CUST_00629,1291.29,COMPLETED,2026-03-24,31.67
ETL_ORD_002604,CUST_01010,299.26,PENDING,2026-03-04,44.78
ETL_ORD_002605,CUST_00514,166.62,CANCELLED,2026-03-26,6.54
ETL_ORD_002606,CUST_01265,134.92,COMPLETED,2026-03-18,1.09
ETL_ORD_002607,CUST_00103,1319.41,COMPLETED,2026-03-15,25.39
ETL_ORD_002608,CUST_01888,141.05,COMPLETED,2026-03-20,19.98
ETL_ORD_002609,CUST_01407,494.35,COMPLETED,2026-03-07,7.34
ETL_ORD_002610,CUST_00766,409.15,COMPLETED,2026-03-17,15.85
ETL_ORD_002611,CUST_00655,402.86,COMPLETED,2026-03-27,7.39
ETL_ORD_002612,CUST_00872,1000.52,COMPLETED,2026-03-04,6.87
ETL_ORD_002613,CUST_01828,486.43,COMPLETED,2026-03-11,7.01
ETL_ORD_002614,CUST_00204,1339.02,CANCELLED,2026-03-10,14.56
ETL_ORD_002615,CUST_01284,1159.38,COMPLETED,2026-03-29,15.46
ETL_ORD_002616,CUST_00748,18.14,PENDING,2026-03-15,22.67
ETL_ORD_002617,CUST_01922,1114.46,COMPLETED,2026-03-08,18.19
ETL_ORD_002618,CUST_00745,182.08,COMPLETED,2026-03-05,26.91
ETL_ORD_002619,CUST_00813,141.28,COMPLETED,2026-03-16,32.28
ETL_ORD_002620,CUST_00926,734.54,COMPLETED,2026-03-18,46.87
ETL_ORD_002621,CUST_01102,26.06,COMPLETED,2026-03-02,18.31
ETL_ORD_002622,CUST_00471,697.58,COMPLETED,2026-03-24,34.53
ETL_ORD_002623,CUST_00255,1031.37,CANCELLED,2026-03-01,28.78
ETL_ORD_002624,CUST_01059,1308.25,COMPLETED,2026-03-18,34.81
ETL_ORD_002625,CUST_00527,846.16,COMPLETED,2026-03-18,37.64
ETL_ORD_002626,CUST_01532,681.99,PENDING,2026-03-26,21.6
ETL_ORD_002627,CUST_00488,416.41,COMPLETED,2026-03-19,21.31
ETL_ORD_002628,CUST_01118,1017.16,COMPLETED,2026-03-17,35.38
ETL_ORD_002629,CUST_01722,1358.27,COMPLETED,2026-03-09,18.85
ETL_ORD_002630,CUST_00233,1495.32,COMPLETED,2026-03-23,5.72
ETL_ORD_002631,CUST_01786,952.95,CANCELLED,2026-03-21,43.8
ETL_ORD_002632,CUST_00398,447.07,COMPLETED,2026-03-06,1.01
ETL_ORD_002633,CUST_00824,746.5,COMPLETED,2026-03-14,20.75
ETL_ORD_002634,CUST_01367,615.86,PENDING,2026-03-24,7.14
ETL_ORD_002635,CUST_00953,1023.32,COMPLETED,2026-03-12,42.37
ETL_ORD_002636,CUST_00784,150.49,COMPLETED,2026-03-14,11.84
ETL_ORD_002637,CUST_00005,1178.69,COMPLETED,2026-03-24,46.47
ETL_ORD_002638,CUST_00565,62.24,COMPLETED,2026-03-21,26.5
ETL_ORD_002639,CUST_00035,657.31,COMPLETED,2026-03-13,35.69
ETL_ORD_002640,CUST_00180,309.18,CANCELLED,2026-03-05,39.52
ETL_ORD_002641,CUST_01617,752.87,PENDING,2026-03-11,40.5
ETL_ORD_002642,CUST_01414,424.56,COMPLETED,2026-03-18,25.95
ETL_ORD_002643,CUST_01217,1413.07,COMPLETED,2026-03-17,17.78
ETL_ORD_002644,CUST_01528,332.77,PENDING,2026-03-23,12.66
ETL_ORD_002645,CUST_00787,816.18,PENDING,2026-03-08,30.05
ETL_ORD_002646,CUST_00298,830.25,COMPLETED,2026-03-13,46.54
ETL_ORD_002647,CUST_00296,1413.88,CANCELLED,2026-03-09,40.24
ETL_ORD_002648,CUST_01065,1181.03,COMPLETED,2026-03-26,13.17
ETL_ORD_002649,CUST_00557,828.83,CANCELLED,2026-03-18,36.66
ETL_ORD_002650,CUST_00293,648.21,PENDING,2026-03-20,4.83
ETL_ORD_002651,CUST_00021,1024.87,COMPLETED,2026-03-28,37.42
ETL_ORD_002652,CUST_01189,40.13,COMPLETED,2026-03-11,44.8
ETL_ORD_002653,CUST_00734,102.75,COMPLETED,2026-03-24,6.18
ETL_ORD_002654,CUST_00731,970.87,CANCELLED,2026-03-07,31.2
ETL_ORD_002655,CUST_01318,982.21,COMPLETED,2026-03-06,43.98
ETL_ORD_002656,CUST_00394,1155.04,COMPLETED,2026-03-11,5.99
ETL_ORD_002657,CUST_01179,705.15,COMPLETED,2026-03-16,14.01
ETL_ORD_002658,CUST_01963,76.57,COMPLETED,2026-03-05,22.2
ETL_ORD_002659,CUST_00680,1435.26,COMPLETED,2026-03-20,44.49
ETL_ORD_002660,CUST_00642,703.47,PENDING,2026-03-11,33.04
ETL_ORD_002661,CUST_00350,869.1,COMPLETED,2026-03-13,26.85
ETL_ORD_002662,CUST_00835,483.12,COMPLETED,2026-03-15,32.25
ETL_ORD_002663,CUST_00854,795.39,COMPLETED,2026-03-20,45.58
ETL_ORD_002664,CUST_00682,962.18,COMPLETED,2026-03-29,38.23
ETL_ORD_002665,CUST_00424,698.8,COMPLETED,2026-03-05,8.92
ETL_ORD_002666,CUST_01964,206.04,COMPLETED,2026-03-05,23.05
ETL_ORD_002667,CUST_00230,646.9,COMPLETED,2026-03-21,0.24
ETL_ORD_002668,CUST_00924,972.41,CANCELLED,2026-03-15,2.82
ETL_ORD_002669,CUST_01026,1344.19,COMPLETED,2026-03-19,24.67
ETL_ORD_002670,CUST_00501,-10.0,COMPLETED,2026-03-29,9.42
ETL_ORD_002671,CUST_00366,411.86,COMPLETED,2026-03-12,39.95
ETL_ORD_002672,CUST_01065,756.95,CANCELLED,2026-03-10,41.99
ETL_ORD_002673,CUST_00094,705.24,COMPLETED,2026-03-10,32.8
ETL_ORD_002674,CUST_00746,1099.15,COMPLETED,2026-03-25,39.96
ETL_ORD_002675,CUST_00681,986.65,COMPLETED,2026-03-14,17.59
ETL_ORD_002676,CUST_00679,37.91,PENDING,2026-03-18,34.52
ETL_ORD_002677,CUST_01715,156.6,COMPLETED,2026-03-23,48.81
ETL_ORD_002678,CUST_01823,110.91,COMPLETED,2026-03-14,40.39
ETL_ORD_002679,CUST_01158,519.73,PENDING,2026-03-10,26.43
ETL_ORD_002680,CUST_01487,212.96,COMPLETED,2026-03-12,45.99
ETL_ORD_002681,CUST_00794,1027.97,COMPLETED,2026-03-23,7.94
ETL_ORD_002682,CUST_01554,198.81,COMPLETED,2026-03-03,6.49
ETL_ORD_002683,CUST_00813,364.46,INVALID_STATUS,2026-03-02,25.65
ETL_ORD_002684,CUST_01870,548.3,COMPLETED,2026-03-15,18.07
ETL_ORD_002685,CUST_00354,1118.84,CANCELLED,2026-03-13,14.78
ETL_ORD_002686,CUST_01466,314.65,COMPLETED,2026-03-26,41.34
ETL_ORD_002687,CUST_00165,516.61,COMPLETED,2026-03-19,26.85
ETL_ORD_002688,CUST_01130,1175.69,COMPLETED,2026-03-03,36.98
ETL_ORD_002689,CUST_01789,1270.14,COMPLETED,2026-03-27,44.37
ETL_ORD_002690,CUST_00709,1193.3,COMPLETED,2026-03-20,0.92
ETL_ORD_002691,CUST_01731,1445.28,COMPLETED,2026-03-03,32.44
ETL_ORD_002692,CUST_00209,909.01,COMPLETED,2026-03-12,26.9
ETL_ORD_002693,CUST_00218,1017.91,COMPLETED,2026-03-15,21.03
ETL_ORD_002694,CUST_01957,1261.78,COMPLETED,2026-03-16,2.53
ETL_ORD_002695,CUST_00747,521.79,INVALID_STATUS,2026-03-06,39.32
ETL_ORD_002696,CUST_01695,1064.29,COMPLETED,2026-03-26,41.2
ETL_ORD_002697,CUST_01338,401.68,COMPLETED,2026-03-26,7.19
ETL_ORD_002698,CUST_00466,383.53,COMPLETED,2026-03-09,27.83
ETL_ORD_002699,CUST_01065,471.74,PENDING,2026-03-06,39.33
ETL_ORD_002700,CUST_00701,218.78,PENDING,2026-03-07,32.07
ETL_ORD_002701,CUST_00133,1197.31,COMPLETED,2026-03-07,16.24
ETL_ORD_002702,CUST_00225,519.92,CANCELLED,2026-03-06,21.39
ETL_ORD_002703,CUST_00785,1310.83,COMPLETED,2026-03-06,7.49
ETL_ORD_002704,CUST_01290,1487.3,COMPLETED,2026-03-28,46.05
ETL_ORD_002705,CUST_00449,1084.72,COMPLETED,2026-03-22,3.07
ETL_ORD_002706,CUST_00170,947.25,PENDING,2026-03-04,0.62
ETL_ORD_002707,CUST_01232,970.23,PENDING,2026-03-25,32.3
ETL_ORD_002708,CUST_00240,866.69,PENDING,2026-03-01,9.4
ETL_ORD_002709,CUST_00244,68.42,COMPLETED,2026-03-25,6.89
ETL_ORD_002710,CUST_01414,1138.38,COMPLETED,2026-03-05,18.04
ETL_ORD_002711,CUST_00395,1049.03,COMPLETED,2026-03-15,21.27
ETL_ORD_002712,CUST_00482,150.52,COMPLETED,2026-03-29,15.79
ETL_ORD_002713,CUST_01787,521.88,COMPLETED,2026-03-25,39.58
ETL_ORD_002714,CUST_01355,132.08,INVALID_STATUS,2026-03-15,47.32
ETL_ORD_002715,CUST_01720,370.12,COMPLETED,2026-03-14,46.78
ETL_ORD_002716,CUST_01636,1065.4,INVALID_STATUS,2026-03-26,45.1
ETL_ORD_002717,CUST_00856,-10.0,COMPLETED,2026-03-11,12.24
ETL_ORD_002718,CUST_00880,521.24,COMPLETED,2026-03-25,32.99
ETL_ORD_002719,CUST_01251,862.45,COMPLETED,2026-03-29,48.43
ETL_ORD_002720,CUST_01753,424.77,PENDING,2026-03-05,26.88
ETL_ORD_002721,CUST_00354,-10.0,COMPLETED,2026-03-22,17.49
ETL_ORD_002722,CUST_01282,1331.49,PENDING,2026-03-29,23.95
ETL_ORD_002723,CUST_01281,654.56,COMPLETED,2026-03-06,38.83
ETL_ORD_002724,CUST_00589,63.23,COMPLETED,2026-03-20,25.35
ETL_ORD_002725,CUST_01342,455.71,COMPLETED,2026-03-18,30.33
ETL_ORD_002726,CUST_00683,1208.91,COMPLETED,2026-03-07,42.16
ETL_ORD_002727,CUST_01507,670.89,COMPLETED,2026-03-17,14.38
ETL_ORD_002728,CUST_00458,438.28,COMPLETED,2026-03-05,15.94
ETL_ORD_002729,CUST_00356,12.51,COMPLETED,2026-03-21,24.7
ETL_ORD_002730,CUST_01581,94.76,COMPLETED,2026-03-22,33.68
ETL_ORD_002731,CUST_00344,1152.86,COMPLETED,2026-03-29,49.15
ETL_ORD_002732,CUST_01452,427.34,COMPLETED,2026-03-09,29.08
ETL_ORD_002733,CUST_00586,719.34,COMPLETED,2026-03-10,40.12
ETL_ORD_002734,CUST_01105,188.2,COMPLETED,2026-03-20,1.32
ETL_ORD_002735,CUST_00025,469.17,COMPLETED,2026-03-21,42.34
ETL_ORD_002736,CUST_00708,553.06,COMPLETED,2026-03-25,25.88
ETL_ORD_002737,CUST_00795,388.45,COMPLETED,2026-03-17,15.89
ETL_ORD_002738,CUST_01180,1154.46,COMPLETED,2026-03-23,23.03
ETL_ORD_002739,CUST_00705,498.89,COMPLETED,2026-03-10,24.81
ETL_ORD_002740,CUST_01750,1267.61,PENDING,2026-03-15,38.2
ETL_ORD_002741,CUST_01925,677.03,COMPLETED,2026-03-17,11.62
ETL_ORD_002742,CUST_00244,593.77,COMPLETED,2026-03-22,33.45
ETL_ORD_002743,CUST_00147,727.09,PENDING,2026-03-16,36.84
ETL_ORD_002744,CUST_00606,1293.6,COMPLETED,2026-03-15,44.02
ETL_ORD_002745,CUST_01312,417.09,COMPLETED,2026-03-26,41.39
ETL_ORD_002746,CUST_01674,974.28,COMPLETED,2026-03-01,23.69
ETL_ORD_002747,CUST_00680,650.0,COMPLETED,2026-03-16,13.36
ETL_ORD_002748,CUST_00314,476.81,COMPLETED,2026-03-27,5.17
ETL_ORD_002749,CUST_01313,1230.73,COMPLETED,2026-03-21,28.15
ETL_ORD_002750,CUST_01654,139.26,COMPLETED,2026-03-07,18.45
ETL_ORD_002751,CUST_01156,166.45,COMPLETED,2026-03-04,6.06
ETL_ORD_002752,CUST_00422,655.15,CANCELLED,2026-03-28,5.38
ETL_ORD_002753,CUST_00494,700.18,PENDING,2026-03-14,14.11
ETL_ORD_002754,CUST_00859,73.08,PENDING,2026-03-15,36.15
ETL_ORD_002755,CUST_00989,1182.35,COMPLETED,2026-03-04,46.06
ETL_ORD_002756,CUST_00415,401.39,COMPLETED,2026-03-15,26.78
ETL_ORD_002757,CUST_01210,599.26,COMPLETED,2026-03-26,47.63
ETL_ORD_002758,CUST_01952,132.96,PENDING,2026-03-01,9.74
ETL_ORD_002759,CUST_01993,1328.72,PENDING,2026-03-10,31.01
ETL_ORD_002760,CUST_00395,99.62,INVALID_STATUS,2026-03-02,31.71
ETL_ORD_002761,CUST_00081,1164.24,PENDING,2026-03-09,44.62
ETL_ORD_002762,CUST_01145,860.85,COMPLETED,2026-03-09,32.26
ETL_ORD_002763,CUST_00682,489.85,COMPLETED,2026-03-13,0.86
ETL_ORD_002764,CUST_00677,86.82,COMPLETED,2026-03-18,44.71
ETL_ORD_002765,CUST_00601,1352.88,COMPLETED,2026-03-21,18.1
ETL_ORD_002766,CUST_01044,1054.31,PENDING,2026-03-22,38.37
ETL_ORD_002767,CUST_01796,1234.87,COMPLETED,2026-03-22,33.62
ETL_ORD_002768,CUST_01011,1383.15,COMPLETED,2026-03-15,8.0
ETL_ORD_002769,CUST_00529,1320.21,COMPLETED,2026-03-09,30.07
ETL_ORD_002770,CUST_00929,1022.54,INVALID_STATUS,2026-03-22,29.28
ETL_ORD_002771,CUST_00758,803.2,PENDING,2026-03-14,49.14
ETL_ORD_002772,CUST_00788,41.67,CANCELLED,2026-03-10,3.23
ETL_ORD_002773,CUST_00907,886.21,COMPLETED,2026-03-07,12.06
ETL_ORD_002774,CUST_01876,944.72,COMPLETED,2026-03-15,21.63
ETL_ORD_002775,CUST_01702,693.94,COMPLETED,2026-03-22,15.83
ETL_ORD_002776,CUST_01595,1356.08,CANCELLED,2026-03-09,28.0
ETL_ORD_002777,CUST_00264,843.51,PENDING,2026-03-19,38.77
ETL_ORD_002778,CUST_01968,956.79,COMPLETED,2026-03-26,10.4
ETL_ORD_002779,CUST_01061,244.81,COMPLETED,2026-03-22,18.23
ETL_ORD_002780,CUST_00583,560.6,COMPLETED,2026-03-25,26.74
ETL_ORD_002781,CUST_00098,1021.37,COMPLETED,2026-03-11,44.29
ETL_ORD_002782,CUST_01105,790.64,PENDING,2026-03-11,48.18
ETL_ORD_002783,CUST_00258,853.36,COMPLETED,2026-03-26,0.6
ETL_ORD_002784,CUST_01232,874.27,CANCELLED,2026-03-02,36.77
ETL_ORD_002785,CUST_00513,1097.1,COMPLETED,2026-03-02,8.0
ETL_ORD_002786,CUST_00003,1217.3,COMPLETED,2026-03-02,0.29
ETL_ORD_002787,CUST_00848,904.75,COMPLETED,2026-03-03,32.18
ETL_ORD_002788,CUST_00309,1355.44,CANCELLED,2026-03-28,49.94
ETL_ORD_002789,CUST_01996,1295.63,COMPLETED,2026-03-13,3.17
ETL_ORD_002790,CUST_00963,942.37,COMPLETED,2026-03-28,44.57
ETL_ORD_002791,CUST_01524,938.69,COMPLETED,2026-03-26,13.49
ETL_ORD_002792,CUST_00696,1155.32,COMPLETED,2026-03-15,19.4
ETL_ORD_002793,CUST_00886,1312.86,COMPLETED,2026-03-29,27.62
ETL_ORD_002794,CUST_00998,1293.36,COMPLETED,2026-03-21,6.41
ETL_ORD_002795,CUST_00254,214.01,COMPLETED,2026-03-21,11.39
ETL_ORD_002796,CUST_00401,283.11,COMPLETED,2026-03-27,42.29
ETL_ORD_002797,CUST_01259,268.24,COMPLETED,2026-03-12,38.71
ETL_ORD_002798,CUST_00083,1304.9,COMPLETED,2026-03-12,49.46
ETL_ORD_002799,CUST_01322,1062.03,PENDING,2026-03-17,38.84
ETL_ORD_002800,CUST_00235,1369.12,PENDING,2026-03-15,23.88
ETL_ORD_002801,CUST_01802,1412.56,COMPLETED,2026-03-17,8.48
ETL_ORD_002802,CUST_00258,260.01,COMPLETED,2026-03-25,3.3
ETL_ORD_002803,CUST_00637,11.3,COMPLETED,2026-03-06,0.29
ETL_ORD_002804,CUST_00470,616.74,PENDING,2026-03-19,13.69
ETL_ORD_002805,CUST_01829,365.18,COMPLETED,2026-03-10,18.74
ETL_ORD_002806,CUST_00570,1034.79,COMPLETED,2026-03-23,4.72
ETL_ORD_002807,CUST_01779,231.32,COMPLETED,2026-03-03,26.33
ETL_ORD_002808,CUST_00400,1224.23,COMPLETED,2026-03-07,3.44
ETL_ORD_002809,CUST_00153,1377.73,PENDING,2026-03-29,5.4
ETL_ORD_002810,CUST_00985,6.91,CANCELLED,2026-03-19,5.18
ETL_ORD_002811,CUST_00986,100.42,COMPLETED,2026-03-14,14.21
ETL_ORD_002812,CUST_00706,1357.33,COMPLETED,2026-03-03,38.28
ETL_ORD_002813,CUST_00919,772.94,COMPLETED,2026-03-14,16.51
ETL_ORD_002814,CUST_01910,16.47,COMPLETED,2026-03-04,21.23
ETL_ORD_002815,CUST_01084,1364.71,COMPLETED,2026-03-25,17.9
ETL_ORD_002816,CUST_01348,17.64,COMPLETED,2026-03-16,33.39
ETL_ORD_002817,CUST_01815,888.0,COMPLETED,2026-03-15,13.99
ETL_ORD_002818,CUST_01644,1219.0,COMPLETED,2026-03-17,34.24
ETL_ORD_002819,CUST_00696,93.14,COMPLETED,2026-03-09,39.3
ETL_ORD_002820,CUST_00768,1244.23,COMPLETED,2026-03-26,9.28
ETL_ORD_002821,CUST_00819,427.36,COMPLETED,2026-03-08,27.45
ETL_ORD_002822,CUST_01463,737.9,COMPLETED,2026-03-13,24.79
ETL_ORD_002823,CUST_01698,238.17,COMPLETED,2026-03-10,34.45
ETL_ORD_002824,CUST_01760,346.84,COMPLETED,2026-03-22,7.79
ETL_ORD_002825,CUST_01728,1264.03,COMPLETED,2026-03-05,18.35
ETL_ORD_002826,CUST_00097,518.94,COMPLETED,2026-03-06,37.55
ETL_ORD_002827,CUST_00409,846.2,CANCELLED,2026-03-19,16.93
ETL_ORD_002828,CUST_01039,989.36,CANCELLED,2026-03-27,14.09
ETL_ORD_002829,CUST_00128,1111.29,COMPLETED,2026-03-10,31.86
ETL_ORD_002830,CUST_00318,547.61,COMPLETED,2026-03-28,49.58
ETL_ORD_002831,CUST_00452,95.91,COMPLETED,2026-03-15,39.43
ETL_ORD_002832,CUST_00165,711.35,COMPLETED,2026-03-06,33.61
ETL_ORD_002833,CUST_00098,40.83,COMPLETED,2026-03-19,32.06
ETL_ORD_002834,CUST_01721,842.56,COMPLETED,2026-03-17,46.41
ETL_ORD_002835,CUST_01244,1052.83,COMPLETED,2026-03-06,3.96
ETL_ORD_002836,CUST_00117,-10.0,COMPLETED,2026-03-03,25.94
ETL_ORD_002837,CUST_01772,174.56,COMPLETED,2026-03-28,21.03
ETL_ORD_002838,CUST_00559,228.36,CANCELLED,2026-03-21,26.9
ETL_ORD_002839,CUST_00078,329.95,COMPLETED,2026-03-19,46.58
ETL_ORD_002840,CUST_00201,663.47,COMPLETED,2026-03-12,47.13
ETL_ORD_002841,CUST_00684,1480.69,COMPLETED,2026-03-02,46.71
ETL_ORD_002842,CUST_01491,-10.0,COMPLETED,2026-03-06,5.39
ETL_ORD_002843,CUST_01353,967.22,INVALID_STATUS,2026-03-24,31.32
ETL_ORD_002844,CUST_01480,1317.53,COMPLETED,2026-03-29,21.52
ETL_ORD_002845,CUST_00861,652.87,CANCELLED,2026-03-19,3.1
ETL_ORD_002846,CUST_00063,1446.95,PENDING,2026-03-23,49.01
ETL_ORD_002847,CUST_01748,1226.47,COMPLETED,2026-03-05,9.17
ETL_ORD_002848,CUST_01177,1078.0,COMPLETED,2026-03-09,10.43
ETL_ORD_002849,CUST_01047,1330.68,COMPLETED,2026-03-05,20.2
ETL_ORD_002850,CUST_01722,620.84,COMPLETED,2026-03-13,31.8
ETL_ORD_002851,CUST_00953,266.29,CANCELLED,2026-03-15,49.26
ETL_ORD_002852,CUST_00727,897.71,COMPLETED,2026-03-16,48.22
ETL_ORD_002853,CUST_01429,7.01,COMPLETED,2026-03-05,0.33
ETL_ORD_002854,CUST_01436,1011.28,COMPLETED,2026-03-01,24.43
ETL_ORD_002855,CUST_01107,768.58,COMPLETED,2026-03-18,7.96
ETL_ORD_002856,CUST_00046,849.82,COMPLETED,2026-03-15,46.13
ETL_ORD_002857,CUST_00808,1160.16,CANCELLED,2026-03-25,34.77
ETL_ORD_002858,CUST_01379,76.24,COMPLETED,2026-03-07,22.23
ETL_ORD_002859,CUST_00933,777.7,COMPLETED,2026-03-19,22.23
ETL_ORD_002860,CUST_00629,1319.04,COMPLETED,2026-03-16,47.93
ETL_ORD_002861,CUST_01955,1262.91,COMPLETED,2026-03-16,9.76
ETL_ORD_002862,CUST_01710,1140.07,COMPLETED,2026-03-11,34.29
ETL_ORD_002863,CUST_01665,1424.1,PENDING,2026-03-17,23.42
ETL_ORD_002864,CUST_00932,429.33,COMPLETED,2026-03-27,49.04
ETL_ORD_002865,CUST_00059,68.19,COMPLETED,2026-03-06,8.8
ETL_ORD_002866,CUST_01711,813.92,COMPLETED,2026-03-08,25.72
ETL_ORD_002867,CUST_01460,64.29,COMPLETED,2026-03-03,35.08
ETL_ORD_002868,CUST_00778,1063.11,COMPLETED,2026-03-13,34.14
ETL_ORD_002869,CUST_01845,991.18,COMPLETED,2026-03-19,4.28
ETL_ORD_002870,CUST_01808,980.12,COMPLETED,2026-03-23,36.52
ETL_ORD_002871,CUST_01709,904.6,PENDING,2026-03-11,23.94
ETL_ORD_002872,CUST_01958,1342.94,INVALID_STATUS,2026-03-28,32.58
ETL_ORD_002873,CUST_01353,1188.6,COMPLETED,2026-03-03,24.8
ETL_ORD_002874,CUST_01363,1196.12,COMPLETED,2026-03-03,45.99
ETL_ORD_002875,CUST_00494,454.39,PENDING,2026-03-20,36.64
ETL_ORD_002876,CUST_01353,1240.11,PENDING,2026-03-25,43.64
ETL_ORD_002877,CUST_01040,1040.74,COMPLETED,2026-03-22,15.55
ETL_ORD_002878,CUST_00631,1012.75,CANCELLED,2026-03-29,44.73
ETL_ORD_002879,CUST_00405,1494.8,COMPLETED,2026-03-09,31.21
ETL_ORD_002880,CUST_01091,214.76,COMPLETED,2026-03-02,0.76
ETL_ORD_002881,CUST_00418,760.47,COMPLETED,2026-03-28,47.89
ETL_ORD_002882,CUST_01517,1325.16,COMPLETED,2026-03-03,34.47
ETL_ORD_002883,CUST_00420,532.11,CANCELLED,2026-03-05,1.59
ETL_ORD_002884,CUST_00788,1124.91,COMPLETED,2026-03-03,7.01
ETL_ORD_002885,CUST_01777,673.69,PENDING,2026-03-20,12.75
ETL_ORD_002886,CUST_01987,1363.09,COMPLETED,2026-03-17,24.47
ETL_ORD_002887,CUST_00472,101.61,COMPLETED,2026-03-25,46.73
ETL_ORD_002888,CUST_01405,186.55,PENDING,2026-03-10,0.05
ETL_ORD_002889,CUST_00237,467.97,COMPLETED,2026-03-02,16.57
ETL_ORD_002890,CUST_01387,364.23,COMPLETED,2026-03-27,25.44
ETL_ORD_002891,CUST_01709,457.26,COMPLETED,2026-03-23,12.92
ETL_ORD_002892,CUST_01766,747.44,COMPLETED,2026-03-04,47.62
ETL_ORD_002893,CUST_00125,577.77,CANCELLED,2026-03-07,29.27
ETL_ORD_002894,CUST_00436,468.0,COMPLETED,2026-03-14,24.11
ETL_ORD_002895,CUST_00484,114.51,PENDING,2026-03-15,20.27
ETL_ORD_002896,CUST_01183,1195.75,COMPLETED,2026-03-26,2.87
ETL_ORD_002897,CUST_00616,1335.48,PENDING,2026-03-08,6.73
ETL_ORD_002898,CUST_00825,194.31,COMPLETED,2026-03-24,10.84
ETL_ORD_002899,CUST_00254,730.42,COMPLETED,2026-03-07,23.17
ETL_ORD_002900,CUST_01264,1197.61,CANCELLED,2026-03-29,8.39
ETL_ORD_002901,CUST_01811,232.45,COMPLETED,2026-03-11,23.33
ETL_ORD_002902,CUST_00675,1070.2,COMPLETED,2026-03-16,14.57
ETL_ORD_002903,CUST_00630,454.65,CANCELLED,2026-03-16,1.46
ETL_ORD_002904,CUST_01633,735.52,COMPLETED,2026-03-03,3.67
ETL_ORD_002905,CUST_01556,1164.89,COMPLETED,2026-03-02,17.81
ETL_ORD_002906,CUST_01431,199.43,CANCELLED,2026-03-29,25.9
ETL_ORD_002907,CUST_01771,827.31,COMPLETED,2026-03-14,47.05
ETL_ORD_002908,CUST_01076,825.21,COMPLETED,2026-03-08,10.71
ETL_ORD_002909,CUST_00406,1273.19,COMPLETED,2026-03-11,37.94
ETL_ORD_002910,CUST_00049,654.44,COMPLETED,2026-03-19,43.28
ETL_ORD_002911,CUST_01540,1092.33,COMPLETED,2026-03-13,42.61
ETL_ORD_002912,CUST_00802,548.95,CANCELLED,2026-03-25,2.24
ETL_ORD_002913,CUST_00389,697.85,COMPLETED,2026-03-23,46.09
ETL_ORD_002914,CUST_01443,933.07,COMPLETED,2026-03-11,27.98
ETL_ORD_002915,CUST_01581,824.68,INVALID_STATUS,2026-03-10,23.28
ETL_ORD_002916,CUST_00380,1011.44,COMPLETED,2026-03-24,39.71
ETL_ORD_002917,CUST_00580,74.14,COMPLETED,2026-03-19,0.62
ETL_ORD_002918,CUST_01295,1472.67,COMPLETED,2026-03-04,19.83
ETL_ORD_002919,CUST_01800,1332.09,COMPLETED,2026-03-26,9.89
ETL_ORD_002920,CUST_00997,309.44,COMPLETED,2026-03-12,18.35
ETL_ORD_002921,CUST_01334,273.99,COMPLETED,2026-03-17,30.42
ETL_ORD_002922,CUST_00764,126.09,COMPLETED,2026-03-17,31.6
ETL_ORD_002923,CUST_01844,1025.61,COMPLETED,2026-03-11,27.33
ETL_ORD_002924,CUST_01804,508.17,COMPLETED,2026-03-29,34.07
ETL_ORD_002925,CUST_01926,943.17,COMPLETED,2026-03-05,48.14
ETL_ORD_002926,CUST_01164,695.01,PENDING,2026-03-23,48.13
ETL_ORD_002927,CUST_00719,1282.17,COMPLETED,2026-03-05,31.48
ETL_ORD_002928,CUST_01802,1005.02,COMPLETED,2026-03-01,20.94
ETL_ORD_002929,CUST_01560,207.27,COMPLETED,2026-03-19,42.87
ETL_ORD_002930,CUST_00224,1343.45,COMPLETED,2026-03-05,29.41
ETL_ORD_002931,CUST_01408,1425.15,COMPLETED,2026-03-13,45.1
ETL_ORD_002932,CUST_00260,1475.53,COMPLETED,2026-03-09,43.65
ETL_ORD_002933,CUST_00230,1071.21,PENDING,2026-03-02,32.98
ETL_ORD_002934,CUST_00421,1253.89,CANCELLED,2026-03-10,47.82
ETL_ORD_002935,CUST_00833,813.81,COMPLETED,2026-03-21,20.42
ETL_ORD_002936,CUST_00643,1220.09,PENDING,2026-03-29,24.48
ETL_ORD_002937,CUST_00869,1381.76,COMPLETED,2026-03-19,42.6
ETL_ORD_002938,CUST_00093,954.03,CANCELLED,2026-03-08,1.27
ETL_ORD_002939,CUST_00206,1412.0,PENDING,2026-03-27,49.71
ETL_ORD_002940,CUST_01713,1176.52,COMPLETED,2026-03-13,37.69
ETL_ORD_002941,CUST_01276,868.3,COMPLETED,2026-03-11,36.71
ETL_ORD_002942,CUST_01036,840.08,COMPLETED,2026-03-14,45.11
ETL_ORD_002943,CUST_00076,524.86,COMPLETED,2026-03-06,13.01
ETL_ORD_002944,CUST_00974,1037.08,COMPLETED,2026-03-02,41.05
ETL_ORD_002945,CUST_01335,1174.0,PENDING,2026-03-20,16.84
ETL_ORD_002946,CUST_00389,35.34,COMPLETED,2026-03-09,41.38
ETL_ORD_002947,CUST_00399,1110.59,COMPLETED,2026-03-05,20.56
ETL_ORD_002948,CUST_00687,1270.82,COMPLETED,2026-03-16,44.27
ETL_ORD_002949,CUST_01993,1180.69,CANCELLED,2026-03-03,22.02
ETL_ORD_002950,CUST_00387,161.58,COMPLETED,2026-03-13,22.48
ETL_ORD_002951,CUST_00912,35.31,COMPLETED,2026-03-11,46.26
ETL_ORD_002952,CUST_00003,1322.49,COMPLETED,2026-03-19,1.3
ETL_ORD_002953,CUST_01694,1435.7,PENDING,2026-03-13,8.39
ETL_ORD_002954,CUST_00399,1482.0,COMPLETED,2026-03-10,29.91
ETL_ORD_002955,CUST_00295,10.33,COMPLETED,2026-03-18,43.37
ETL_ORD_002956,CUST_01403,1444.98,CANCELLED,2026-03-06,12.65
ETL_ORD_002957,CUST_00883,436.62,COMPLETED,2026-03-23,37.5
ETL_ORD_002958,CUST_01585,30.92,COMPLETED,2026-03-15,41.78
ETL_ORD_002959,CUST_01621,1181.14,COMPLETED,2026-03-16,20.87
ETL_ORD_002960,CUST_01608,377.22,COMPLETED,2026-03-08,28.66
ETL_ORD_002961,CUST_00159,647.38,COMPLETED,2026-03-10,46.49
ETL_ORD_002962,CUST_00813,655.71,COMPLETED,2026-03-17,21.79
ETL_ORD_002963,CUST_00084,644.07,COMPLETED,2026-03-11,1.0
ETL_ORD_002964,CUST_00168,405.52,COMPLETED,2026-03-28,33.11
ETL_ORD_002965,CUST_01753,812.08,COMPLETED,2026-03-17,12.89
ETL_ORD_002966,CUST_01420,737.06,COMPLETED,2026-03-09,18.61
ETL_ORD_002967,CUST_00414,1422.03,COMPLETED,2026-03-29,19.09
ETL_ORD_002968,CUST_00967,1270.59,COMPLETED,2026-03-02,24.27
ETL_ORD_002969,CUST_00841,1331.2,CANCELLED,2026-03-24,10.09
ETL_ORD_002970,CUST_01359,1143.09,COMPLETED,2026-03-09,14.34
ETL_ORD_002971,CUST_01828,572.32,COMPLETED,2026-03-19,8.74
ETL_ORD_002972,CUST_00183,72.3,COMPLETED,2026-03-17,10.51
ETL_ORD_002973,CUST_00129,41.25,COMPLETED,2026-03-01,29.9
ETL_ORD_002974,CUST_00439,1073.54,COMPLETED,2026-03-16,36.5
ETL_ORD_002975,CUST_00311,892.49,PENDING,2026-03-14,17.56
ETL_ORD_002976,CUST_00711,727.64,COMPLETED,2026-03-08,12.98
ETL_ORD_002977,CUST_01956,639.37,COMPLETED,2026-03-11,17.76
ETL_ORD_002978,CUST_00991,835.54,COMPLETED,2026-03-13,43.55
ETL_ORD_002979,CUST_01563,1072.57,COMPLETED,2026-03-04,34.67
ETL_ORD_002980,CUST_00703,739.8,COMPLETED,2026-03-15,26.85
ETL_ORD_002981,CUST_00154,1381.69,COMPLETED,2026-03-02,13.73
ETL_ORD_002982,CUST_01499,44.38,COMPLETED,2026-03-17,18.17
ETL_ORD_002983,CUST_00316,306.0,COMPLETED,2026-03-12,44.5
ETL_ORD_002984,CUST_00163,600.98,COMPLETED,2026-03-05,31.54
ETL_ORD_002985,CUST_00126,597.54,COMPLETED,2026-03-19,17.66
ETL_ORD_002986,CUST_01286,160.86,COMPLETED,2026-03-17,46.1
ETL_ORD_002987,CUST_00418,667.9,COMPLETED,2026-03-05,5.17
ETL_ORD_002988,CUST_01371,39.31,PENDING,2026-03-01,49.52
ETL_ORD_002989,CUST_00848,661.72,COMPLETED,2026-03-04,31.51
ETL_ORD_002990,CUST_01722,120.78,COMPLETED,2026-03-21,34.73
ETL_ORD_002991,CUST_00913,1497.23,COMPLETED,2026-03-24,0.56
ETL_ORD_002992,CUST_00157,327.95,COMPLETED,2026-03-22,38.87
ETL_ORD_002993,CUST_00919,977.72,COMPLETED,2026-03-21,33.71
ETL_ORD_002994,CUST_01848,993.92,PENDING,2026-03-22,14.42
ETL_ORD_002995,CUST_00622,-10.0,COMPLETED,2026-03-07,32.78
ETL_ORD_002996,CUST_01324,593.82,COMPLETED,2026-03-07,42.52
ETL_ORD_002997,CUST_01104,686.16,COMPLETED,2026-03-13,20.42
ETL_ORD_002998,CUST_01788,1126.9,COMPLETED,2026-03-17,24.97
ETL_ORD_002999,CUST_00573,1488.65,COMPLETED,2026-03-19,3.75
ETL_ORD_003000,CUST_01787,266.3,CANCELLED,2026-03-11,42.24
ETL_ORD_003001,CUST_01784,853.98,COMPLETED,2026-03-17,47.53
ETL_ORD_003002,CUST_00374,511.9,COMPLETED,2026-03-27,21.14
ETL_ORD_003003,CUST_01684,1352.5,COMPLETED,2026-03-03,4.21
ETL_ORD_003004,CUST_01083,486.66,COMPLETED,2026-03-05,2.91
ETL_ORD_003005,CUST_00957,1245.93,COMPLETED,2026-03-17,26.25
ETL_ORD_003006,CUST_00064,1275.97,COMPLETED,2026-03-02,44.44
ETL_ORD_003007,CUST_01620,168.19,COMPLETED,2026-03-16,27.98
ETL_ORD_003008,CUST_00306,1499.42,COMPLETED,2026-03-09,1.37
ETL_ORD_003009,CUST_01028,28.68,COMPLETED,2026-03-03,47.7
ETL_ORD_003010,CUST_00544,1227.25,COMPLETED,2026-03-07,34.91
ETL_ORD_003011,CUST_00509,142.68,COMPLETED,2026-03-24,18.92
ETL_ORD_003012,CUST_01969,1050.4,COMPLETED,2026-03-05,12.19
ETL_ORD_003013,CUST_00655,1476.42,COMPLETED,2026-03-21,2.18
ETL_ORD_003014,CUST_01846,106.16,COMPLETED,2026-03-10,46.08
ETL_ORD_003015,CUST_01383,1406.05,CANCELLED,2026-03-18,29.76
ETL_ORD_003016,CUST_00238,996.88,COMPLETED,2026-03-26,10.63
ETL_ORD_003017,CUST_01234,692.7,COMPLETED,2026-03-10,25.31
ETL_ORD_003018,CUST_00834,234.61,COMPLETED,2026-03-02,33.66
ETL_ORD_003019,CUST_01213,656.83,COMPLETED,2026-03-05,28.51
ETL_ORD_003020,CUST_01535,300.54,COMPLETED,2026-03-11,48.97
ETL_ORD_003021,CUST_01688,598.53,COMPLETED,2026-03-06,41.93
ETL_ORD_003022,CUST_01804,1098.4,COMPLETED,2026-03-04,46.37
ETL_ORD_003023,CUST_01293,1428.12,COMPLETED,2026-03-20,45.81
ETL_ORD_003024,CUST_00580,316.78,COMPLETED,2026-03-13,39.43
ETL_ORD_003025,CUST_01856,1030.73,CANCELLED,2026-03-04,28.93
ETL_ORD_003026,CUST_01487,1025.87,CANCELLED,2026-03-20,42.32
ETL_ORD_003027,CUST_00555,1004.0,COMPLETED,2026-03-08,46.29
ETL_ORD_003028,CUST_01928,510.03,COMPLETED,2026-03-21,26.87
ETL_ORD_003029,CUST_00377,1135.51,COMPLETED,2026-03-01,26.93
ETL_ORD_003030,CUST_01679,568.37,PENDING,2026-03-17,20.49
ETL_ORD_003031,CUST_01137,186.94,COMPLETED,2026-03-17,4.29
ETL_ORD_003032,CUST_01871,491.86,COMPLETED,2026-03-23,29.43
ETL_ORD_003033,CUST_00453,1052.19,COMPLETED,2026-03-23,23.54
ETL_ORD_003034,CUST_00403,1377.88,COMPLETED,2026-03-18,8.81
ETL_ORD_003035,CUST_00475,1472.99,COMPLETED,2026-03-18,36.9
ETL_ORD_003036,CUST_00138,392.71,PENDING,2026-03-27,35.78
ETL_ORD_003037,CUST_00331,1169.17,COMPLETED,2026-03-26,2.47
ETL_ORD_003038,CUST_00821,723.81,COMPLETED,2026-03-06,0.43
ETL_ORD_003039,CUST_00790,1493.3,COMPLETED,2026-03-20,43.6
ETL_ORD_003040,CUST_00872,491.71,COMPLETED,2026-03-18,47.41
ETL_ORD_003041,CUST_00146,437.73,COMPLETED,2026-03-21,9.48
ETL_ORD_003042,CUST_01902,553.17,COMPLETED,2026-03-24,47.19
ETL_ORD_003043,CUST_01807,547.11,CANCELLED,2026-03-27,16.83
ETL_ORD_003044,CUST_01709,201.97,COMPLETED,2026-03-01,42.59
ETL_ORD_003045,CUST_00005,416.14,COMPLETED,2026-03-12,41.75
ETL_ORD_003046,CUST_01267,283.03,PENDING,2026-03-23,8.47
ETL_ORD_003047,CUST_00656,1334.67,COMPLETED,2026-03-29,19.96
ETL_ORD_003048,CUST_00293,662.38,COMPLETED,2026-03-10,26.0
ETL_ORD_003049,CUST_00787,1129.52,COMPLETED,2026-03-09,0.49
ETL_ORD_003050,CUST_01132,869.85,COMPLETED,2026-03-23,20.14
ETL_ORD_003051,CUST_00526,635.32,COMPLETED,2026-03-18,32.3
ETL_ORD_003052,CUST_00334,1281.39,COMPLETED,2026-03-05,36.62
ETL_ORD_003053,CUST_01306,-10.0,PENDING,2026-03-04,45.46
ETL_ORD_003054,CUST_00842,504.1,COMPLETED,2026-03-23,40.47
ETL_ORD_003055,CUST_01052,1225.09,COMPLETED,2026-03-12,1.53
ETL_ORD_003056,CUST_00334,684.2,COMPLETED,2026-03-27,17.94
ETL_ORD_003057,CUST_01984,1281.98,COMPLETED,2026-03-27,18.17
ETL_ORD_003058,CUST_00220,1461.34,COMPLETED,2026-03-20,20.96
ETL_ORD_003059,CUST_00072,549.3,COMPLETED,2026-03-06,17.63
ETL_ORD_003060,CUST_01848,292.43,COMPLETED,2026-03-10,20.36
ETL_ORD_003061,CUST_00631,247.03,COMPLETED,2026-03-13,34.8
ETL_ORD_003062,CUST_00798,1224.18,CANCELLED,2026-03-20,29.91
ETL_ORD_003063,CUST_01776,1044.73,PENDING,2026-03-14,38.7
ETL_ORD_003064,CUST_00021,71.63,COMPLETED,2026-03-19,48.24
ETL_ORD_003065,CUST_01361,207.17,COMPLETED,2026-03-11,5.22
ETL_ORD_003066,CUST_00075,1094.46,COMPLETED,2026-03-20,26.79
ETL_ORD_003067,CUST_00328,1302.98,INVALID_STATUS,2026-03-24,28.62
ETL_ORD_003068,CUST_01487,834.79,PENDING,2026-03-29,30.64
ETL_ORD_003069,CUST_00675,239.78,PENDING,2026-03-25,46.38
ETL_ORD_003070,CUST_00288,1454.34,COMPLETED,2026-03-27,3.29
ETL_ORD_003071,CUST_00919,692.56,CANCELLED,2026-03-13,4.17
ETL_ORD_003072,CUST_00340,739.89,CANCELLED,2026-03-03,15.1
ETL_ORD_003073,CUST_01852,1232.61,COMPLETED,2026-03-20,46.45
ETL_ORD_003074,CUST_01602,323.08,COMPLETED,2026-03-01,18.04
ETL_ORD_003075,CUST_01839,163.19,COMPLETED,2026-03-22,28.82
ETL_ORD_003076,CUST_01574,580.17,COMPLETED,2026-03-08,43.57
ETL_ORD_003077,CUST_00934,392.1,COMPLETED,2026-03-22,1.11
ETL_ORD_003078,CUST_01388,825.47,COMPLETED,2026-03-20,18.54
ETL_ORD_003079,CUST_01762,1066.13,COMPLETED,2026-03-15,13.84
ETL_ORD_003080,CUST_01300,1241.65,COMPLETED,2026-03-10,47.21
ETL_ORD_003081,CUST_00863,130.55,COMPLETED,2026-03-14,0.72
ETL_ORD_003082,CUST_00553,1487.55,CANCELLED,2026-03-05,2.97
ETL_ORD_003083,CUST_01690,1086.24,COMPLETED,2026-03-27,32.73
ETL_ORD_003084,CUST_00656,446.1,COMPLETED,2026-03-19,49.2
ETL_ORD_003085,CUST_00801,387.01,INVALID_STATUS,2026-03-03,1.07
ETL_ORD_003086,CUST_00458,267.82,COMPLETED,2026-03-26,49.24
ETL_ORD_003087,CUST_01463,572.92,COMPLETED,2026-03-02,31.51
ETL_ORD_003088,CUST_01936,746.69,COMPLETED,2026-03-18,32.91
ETL_ORD_003089,CUST_00179,1360.16,COMPLETED,2026-03-13,49.51
ETL_ORD_003090,CUST_01308,1386.07,COMPLETED,2026-03-09,18.09
ETL_ORD_003091,CUST_00201,1191.87,COMPLETED,2026-03-23,12.15
ETL_ORD_003092,CUST_00111,982.38,PENDING,2026-03-20,43.03
ETL_ORD_003093,CUST_00594,577.33,PENDING,2026-03-20,21.76
ETL_ORD_003094,CUST_00629,1357.88,COMPLETED,2026-03-07,28.84
ETL_ORD_003095,CUST_01417,1045.8,COMPLETED,2026-03-13,8.07
ETL_ORD_003096,CUST_01187,257.14,COMPLETED,2026-03-11,13.36
ETL_ORD_003097,CUST_01099,66.95,COMPLETED,2026-03-22,20.94
ETL_ORD_003098,CUST_00755,1349.19,CANCELLED,2026-03-19,18.98
ETL_ORD_003099,CUST_01953,865.02,COMPLETED,2026-03-20,8.04
ETL_ORD_003100,CUST_01079,443.32,PENDING,2026-03-28,10.79
ETL_ORD_003101,CUST_00821,925.83,PENDING,2026-03-26,42.91
ETL_ORD_003102,CUST_00621,1050.69,COMPLETED,2026-03-19,49.99
ETL_ORD_003103,CUST_01692,1434.47,COMPLETED,2026-03-06,5.84
ETL_ORD_003104,CUST_00293,22.44,PENDING,2026-03-16,27.55
ETL_ORD_003105,CUST_00108,977.04,COMPLETED,2026-03-18,12.74
ETL_ORD_003106,CUST_00479,1395.85,COMPLETED,2026-03-21,32.48
ETL_ORD_003107,CUST_01847,1430.83,COMPLETED,2026-03-05,8.46
ETL_ORD_003108,CUST_00884,727.32,COMPLETED,2026-03-01,6.18
ETL_ORD_003109,CUST_01550,468.26,COMPLETED,2026-03-14,18.94
ETL_ORD_003110,CUST_01935,212.83,COMPLETED,2026-03-03,38.31
ETL_ORD_003111,CUST_00139,704.99,COMPLETED,2026-03-10,16.99
ETL_ORD_003112,CUST_00850,636.88,PENDING,2026-03-22,11.72
ETL_ORD_003113,CUST_00324,7.4,COMPLETED,2026-03-12,48.6
ETL_ORD_003114,CUST_00701,1324.82,PENDING,2026-03-20,14.33
ETL_ORD_003115,CUST_00521,94.34,PENDING,2026-03-10,22.5
ETL_ORD_003116,CUST_00442,46.28,COMPLETED,2026-03-09,9.1
ETL_ORD_003117,CUST_00844,430.24,COMPLETED,2026-03-21,14.21
ETL_ORD_003118,CUST_00865,169.15,COMPLETED,2026-03-13,41.11
ETL_ORD_003119,CUST_00439,53.14,COMPLETED,2026-03-22,46.13
ETL_ORD_003120,CUST_00537,610.82,COMPLETED,2026-03-02,15.95
ETL_ORD_003121,CUST_01584,572.31,COMPLETED,2026-03-11,25.43
ETL_ORD_003122,CUST_00033,408.85,INVALID_STATUS,2026-03-21,30.0
ETL_ORD_003123,CUST_00354,537.9,COMPLETED,2026-03-17,24.03
ETL_ORD_003124,CUST_01631,841.72,COMPLETED,2026-03-09,1.01
ETL_ORD_003125,CUST_00622,152.12,COMPLETED,2026-03-15,41.62
ETL_ORD_003126,CUST_01547,473.91,COMPLETED,2026-03-27,15.48
ETL_ORD_003127,CUST_00753,1276.23,COMPLETED,2026-03-07,15.1
ETL_ORD_003128,CUST_01881,1410.49,PENDING,2026-03-13,10.21
ETL_ORD_003129,CUST_00196,717.29,COMPLETED,2026-03-29,12.99
ETL_ORD_003130,CUST_00214,1375.16,COMPLETED,2026-03-11,12.3
ETL_ORD_003131,CUST_00923,1386.88,COMPLETED,2026-03-21,17.54
ETL_ORD_003132,CUST_01412,814.08,COMPLETED,2026-03-10,8.69
ETL_ORD_003133,CUST_01639,1389.61,COMPLETED,2026-03-24,30.81
ETL_ORD_003134,CUST_01188,548.88,COMPLETED,2026-03-06,12.77
ETL_ORD_003135,CUST_00864,614.79,COMPLETED,2026-03-15,39.26
ETL_ORD_003136,CUST_00872,1230.88,COMPLETED,2026-03-24,35.23
ETL_ORD_003137,CUST_00712,695.83,COMPLETED,2026-03-06,2.27
ETL_ORD_003138,CUST_00448,594.76,COMPLETED,2026-03-29,8.97
ETL_ORD_003139,CUST_01571,1029.64,COMPLETED,2026-03-21,3.84
ETL_ORD_003140,CUST_00364,742.87,PENDING,2026-03-23,49.98
ETL_ORD_003141,CUST_01949,1276.41,COMPLETED,2026-03-13,27.44
ETL_ORD_003142,CUST_01520,40.03,COMPLETED,2026-03-09,2.23
ETL_ORD_003143,CUST_01042,1436.69,COMPLETED,2026-03-10,47.65
ETL_ORD_003144,CUST_00168,1155.36,COMPLETED,2026-03-13,31.06
ETL_ORD_003145,CUST_00377,498.2,COMPLETED,2026-03-14,16.96
ETL_ORD_003146,CUST_01934,982.3,COMPLETED,2026-03-28,34.99
ETL_ORD_003147,CUST_01363,494.48,COMPLETED,2026-03-04,37.49
ETL_ORD_003148,CUST_00785,1247.73,COMPLETED,2026-03-09,3.2
ETL_ORD_003149,CUST_01433,571.54,COMPLETED,2026-03-17,19.88
ETL_ORD_003150,CUST_01712,549.24,COMPLETED,2026-03-14,0.61
ETL_ORD_003151,CUST_00556,501.71,COMPLETED,2026-03-23,42.19
ETL_ORD_003152,CUST_00083,882.43,COMPLETED,2026-03-04,9.75
ETL_ORD_003153,CUST_01371,817.01,COMPLETED,2026-03-14,43.12
ETL_ORD_003154,CUST_01506,410.5,INVALID_STATUS,2026-03-26,41.18
ETL_ORD_003155,CUST_00941,78.58,COMPLETED,2026-03-04,16.43
ETL_ORD_003156,CUST_01051,7.08,COMPLETED,2026-03-25,36.57
ETL_ORD_003157,CUST_00261,133.21,COMPLETED,2026-03-10,22.12
ETL_ORD_003158,CUST_01525,1226.13,COMPLETED,2026-03-12,46.46
ETL_ORD_003159,CUST_01509,1151.89,COMPLETED,2026-03-22,1.77
ETL_ORD_003160,CUST_00636,647.22,COMPLETED,2026-03-22,13.96
ETL_ORD_003161,CUST_00135,332.44,COMPLETED,2026-03-01,39.89
ETL_ORD_003162,CUST_00650,1410.46,COMPLETED,2026-03-28,43.45
ETL_ORD_003163,CUST_00938,652.14,CANCELLED,2026-03-20,9.13
ETL_ORD_003164,CUST_00223,1038.99,CANCELLED,2026-03-14,2.35
ETL_ORD_003165,CUST_00683,1253.82,COMPLETED,2026-03-20,1.23
ETL_ORD_003166,CUST_00639,584.18,COMPLETED,2026-03-06,13.6
ETL_ORD_003167,CUST_01207,674.09,COMPLETED,2026-03-09,42.68
ETL_ORD_003168,CUST_01229,1022.15,COMPLETED,2026-03-08,8.57
ETL_ORD_003169,CUST_01416,1470.17,COMPLETED,2026-03-15,2.43
ETL_ORD_003170,CUST_00607,969.4,COMPLETED,2026-03-19,25.79
ETL_ORD_003171,CUST_00030,571.85,COMPLETED,2026-03-21,39.38
ETL_ORD_003172,CUST_00418,-10.0,COMPLETED,2026-03-07,39.37
ETL_ORD_003173,CUST_01263,751.98,COMPLETED,2026-03-12,49.31
ETL_ORD_003174,CUST_01737,979.21,COMPLETED,2026-03-04,5.34
ETL_ORD_003175,CUST_01461,1123.97,COMPLETED,2026-03-12,4.89
ETL_ORD_003176,CUST_01610,1400.0,COMPLETED,2026-03-07,1.13
ETL_ORD_003177,CUST_01154,435.51,INVALID_STATUS,2026-03-06,0.86
ETL_ORD_003178,CUST_00008,432.16,COMPLETED,2026-03-01,32.22
ETL_ORD_003179,CUST_01279,156.88,COMPLETED,2026-03-25,18.32
ETL_ORD_003180,CUST_00659,987.85,COMPLETED,2026-03-09,44.51
ETL_ORD_003181,CUST_00485,157.56,COMPLETED,2026-03-05,24.71
ETL_ORD_003182,CUST_00315,1000.74,PENDING,2026-03-16,33.08
ETL_ORD_003183,CUST_01435,281.79,COMPLETED,2026-03-01,42.17
ETL_ORD_003184,CUST_00239,825.81,COMPLETED,2026-03-23,10.42
ETL_ORD_003185,CUST_01613,725.46,COMPLETED,2026-03-03,15.92
ETL_ORD_003186,CUST_00608,313.41,COMPLETED,2026-03-19,48.13
ETL_ORD_003187,CUST_00276,1312.67,COMPLETED,2026-03-23,39.4
ETL_ORD_003188,CUST_00163,927.04,CANCELLED,2026-03-20,2.12
ETL_ORD_003189,CUST_01853,74.79,COMPLETED,2026-03-22,39.91
ETL_ORD_003190,CUST_00501,476.2,COMPLETED,2026-03-08,2.46
ETL_ORD_003191,CUST_01889,463.61,PENDING,2026-03-19,6.96
ETL_ORD_003192,CUST_01192,1292.21,CANCELLED,2026-03-18,37.72
ETL_ORD_003193,CUST_01148,244.39,COMPLETED,2026-03-19,45.28
ETL_ORD_003194,CUST_01543,589.07,PENDING,2026-03-16,39.82
ETL_ORD_003195,CUST_01522,1435.95,PENDING,2026-03-17,44.41
ETL_ORD_003196,CUST_00022,33.08,CANCELLED,2026-03-24,0.68
ETL_ORD_003197,CUST_00153,12.48,COMPLETED,2026-03-16,41.39
ETL_ORD_003198,CUST_01505,69.73,COMPLETED,2026-03-24,20.8
ETL_ORD_003199,CUST_01458,960.5,COMPLETED,2026-03-12,12.42
ETL_ORD_003200,CUST_00512,815.28,COMPLETED,2026-03-15,21.28
ETL_ORD_003201,CUST_00115,963.43,COMPLETED,2026-03-27,37.71
ETL_ORD_003202,CUST_00811,1144.89,COMPLETED,2026-03-28,12.66
ETL_ORD_003203,CUST_01637,1261.44,COMPLETED,2026-03-25,31.39
ETL_ORD_003204,CUST_00504,872.56,COMPLETED,2026-03-02,24.43
ETL_ORD_003205,CUST_01842,1196.53,COMPLETED,2026-03-15,15.69
ETL_ORD_003206,CUST_00437,657.4,COMPLETED,2026-03-03,13.76
ETL_ORD_003207,CUST_01253,698.73,COMPLETED,2026-03-14,3.95
ETL_ORD_003208,CUST_01653,473.89,INVALID_STATUS,2026-03-21,40.76
ETL_ORD_003209,CUST_00956,375.83,COMPLETED,2026-03-06,44.71
ETL_ORD_003210,CUST_01030,57.51,COMPLETED,2026-03-02,10.85
ETL_ORD_003211,CUST_00452,1453.38,COMPLETED,2026-03-14,42.67
ETL_ORD_003212,CUST_01431,538.81,COMPLETED,2026-03-18,49.09
ETL_ORD_003213,CUST_01564,849.94,COMPLETED,2026-03-20,11.83
ETL_ORD_003214,CUST_01563,799.81,COMPLETED,2026-03-09,35.97
ETL_ORD_003215,CUST_00774,1171.7,COMPLETED,2026-03-14,31.88
ETL_ORD_003216,CUST_00454,1335.09,COMPLETED,2026-03-18,22.03
ETL_ORD_003217,CUST_01349,69.28,COMPLETED,2026-03-17,0.4
ETL_ORD_003218,CUST_01693,632.9,COMPLETED,2026-03-11,34.45
ETL_ORD_003219,CUST_00450,922.54,COMPLETED,2026-03-12,36.03
ETL_ORD_003220,CUST_01147,553.3,COMPLETED,2026-03-27,19.73
ETL_ORD_003221,CUST_00724,550.71,COMPLETED,2026-03-26,32.15
ETL_ORD_003222,CUST_00377,1132.2,COMPLETED,2026-03-03,43.55
ETL_ORD_003223,CUST_00180,996.33,COMPLETED,2026-03-21,27.85
ETL_ORD_003224,CUST_01064,699.54,COMPLETED,2026-03-29,26.62
ETL_ORD_003225,CUST_01802,972.87,COMPLETED,2026-03-03,26.22
ETL_ORD_003226,CUST_01581,1225.33,COMPLETED,2026-03-22,23.26
ETL_ORD_003227,CUST_00590,631.87,COMPLETED,2026-03-02,9.27
ETL_ORD_003228,CUST_00177,1497.62,COMPLETED,2026-03-28,34.67
ETL_ORD_003229,CUST_00761,1413.29,COMPLETED,2026-03-09,36.81
ETL_ORD_003230,CUST_01714,910.52,COMPLETED,2026-03-03,36.46
ETL_ORD_003231,CUST_01717,411.97,COMPLETED,2026-03-02,20.74
ETL_ORD_003232,CUST_01157,1344.16,COMPLETED,2026-03-10,38.81
ETL_ORD_003233,CUST_01639,1267.33,COMPLETED,2026-03-10,41.75
ETL_ORD_003234,CUST_01593,500.08,COMPLETED,2026-03-18,12.7
ETL_ORD_003235,CUST_01434,73.37,COMPLETED,2026-03-01,18.82
ETL_ORD_003236,CUST_01679,950.25,COMPLETED,2026-03-17,23.72
ETL_ORD_003237,CUST_01809,1421.63,PENDING,2026-03-21,27.28
ETL_ORD_003238,CUST_00101,1102.88,CANCELLED,2026-03-09,22.91
ETL_ORD_003239,CUST_00716,946.66,COMPLETED,2026-03-08,0.32
ETL_ORD_003240,CUST_00540,29.1,COMPLETED,2026-03-13,29.11
ETL_ORD_003241,CUST_00260,485.67,COMPLETED,2026-03-02,44.28
ETL_ORD_003242,CUST_01002,279.07,COMPLETED,2026-03-06,5.74
ETL_ORD_003243,CUST_01018,31.28,COMPLETED,2026-03-01,45.67
ETL_ORD_003244,CUST_00226,113.0,COMPLETED,2026-03-10,16.53
ETL_ORD_003245,CUST_00530,813.08,COMPLETED,2026-03-14,19.62
ETL_ORD_003246,CUST_01824,1211.53,COMPLETED,2026-03-27,2.79
ETL_ORD_003247,CUST_00662,6.72,COMPLETED,2026-03-20,0.04
ETL_ORD_003248,CUST_00757,1055.96,COMPLETED,2026-03-05,48.65
ETL_ORD_003249,CUST_01889,429.93,COMPLETED,2026-03-10,15.44
ETL_ORD_003250,CUST_00617,614.73,COMPLETED,2026-03-03,48.97
ETL_ORD_003251,CUST_01333,94.94,COMPLETED,2026-03-14,43.07
ETL_ORD_003252,CUST_00732,225.67,COMPLETED,2026-03-05,25.43
ETL_ORD_003253,CUST_00807,473.7,COMPLETED,2026-03-01,7.97
ETL_ORD_003254,CUST_00798,536.92,CANCELLED,2026-03-28,11.24
ETL_ORD_003255,CUST_01088,710.61,COMPLETED,2026-03-20,10.75
ETL_ORD_003256,CUST_00604,736.01,COMPLETED,2026-03-18,3.07
ETL_ORD_003257,CUST_00286,1217.68,INVALID_STATUS,2026-03-24,34.99
ETL_ORD_003258,CUST_00344,417.33,COMPLETED,2026-03-09,24.03
ETL_ORD_003259,CUST_01077,1359.94,COMPLETED,2026-03-01,20.64
ETL_ORD_003260,CUST_00243,1429.54,COMPLETED,2026-03-20,6.91
ETL_ORD_003261,CUST_01223,1347.94,COMPLETED,2026-03-02,34.29
ETL_ORD_003262,CUST_01931,1332.43,COMPLETED,2026-03-18,10.96
ETL_ORD_003263,CUST_00765,580.47,COMPLETED,2026-03-25,49.88
ETL_ORD_003264,CUST_00516,1387.41,INVALID_STATUS,2026-03-23,2.08
ETL_ORD_003265,CUST_01962,1108.36,COMPLETED,2026-03-27,12.2
ETL_ORD_003266,CUST_01822,117.04,COMPLETED,2026-03-19,22.59
ETL_ORD_003267,CUST_00448,280.83,PENDING,2026-03-18,7.96
ETL_ORD_003268,CUST_00313,731.1,COMPLETED,2026-03-18,11.89
ETL_ORD_003269,CUST_00757,324.66,COMPLETED,2026-03-03,19.71
ETL_ORD_003270,CUST_01418,461.59,COMPLETED,2026-03-04,36.64
ETL_ORD_003271,CUST_00909,1496.46,COMPLETED,2026-03-28,46.03
ETL_ORD_003272,CUST_00664,1292.16,COMPLETED,2026-03-22,14.49
ETL_ORD_003273,CUST_01258,1067.1,COMPLETED,2026-03-06,11.15
ETL_ORD_003274,CUST_00866,972.8,COMPLETED,2026-03-25,45.03
ETL_ORD_003275,CUST_00435,1426.77,PENDING,2026-03-05,43.18
ETL_ORD_003276,CUST_01296,372.98,COMPLETED,2026-03-11,36.17
ETL_ORD_003277,CUST_01482,281.42,COMPLETED,2026-03-03,47.14
ETL_ORD_003278,CUST_01810,1113.82,COMPLETED,2026-03-20,44.87
ETL_ORD_003279,CUST_01089,734.75,PENDING,2026-03-17,47.27
ETL_ORD_003280,CUST_01009,513.53,COMPLETED,2026-03-12,2.71
ETL_ORD_003281,CUST_00875,44.16,COMPLETED,2026-03-06,5.52
ETL_ORD_003282,CUST_00836,84.96,COMPLETED,2026-03-07,47.42
ETL_ORD_003283,CUST_00227,991.94,INVALID_STATUS,2026-03-24,16.2
ETL_ORD_003284,CUST_01166,779.91,COMPLETED,2026-03-26,5.33
ETL_ORD_003285,CUST_01802,1450.93,COMPLETED,2026-03-23,16.48
ETL_ORD_003286,CUST_00665,46.89,COMPLETED,2026-03-03,37.65
ETL_ORD_003287,CUST_00765,12.92,PENDING,2026-03-08,33.84
ETL_ORD_003288,CUST_01975,1093.04,COMPLETED,2026-03-17,24.65
ETL_ORD_003289,CUST_01406,308.05,COMPLETED,2026-03-04,24.22
ETL_ORD_003290,CUST_00119,646.27,COMPLETED,2026-03-01,17.84
ETL_ORD_003291,CUST_00019,79.81,COMPLETED,2026-03-13,35.61
ETL_ORD_003292,CUST_00176,625.85,COMPLETED,2026-03-05,8.75
ETL_ORD_003293,CUST_00736,200.26,PENDING,2026-03-25,12.47
ETL_ORD_003294,CUST_00367,1428.14,COMPLETED,2026-03-02,45.6
ETL_ORD_003295,CUST_01656,283.44,CANCELLED,2026-03-05,6.55
ETL_ORD_003296,CUST_00292,1431.16,COMPLETED,2026-03-12,9.62
ETL_ORD_003297,CUST_01235,882.54,COMPLETED,2026-03-20,4.87
ETL_ORD_003298,CUST_01310,667.69,COMPLETED,2026-03-16,45.21
ETL_ORD_003299,CUST_01179,195.16,COMPLETED,2026-03-06,7.02
ETL_ORD_003300,CUST_00785,720.66,COMPLETED,2026-03-07,8.19
ETL_ORD_003301,CUST_00304,1197.85,COMPLETED,2026-03-02,48.59
ETL_ORD_003302,CUST_00807,653.29,COMPLETED,2026-03-23,15.42
ETL_ORD_003303,CUST_00761,790.89,COMPLETED,2026-03-15,19.53
ETL_ORD_003304,CUST_00169,1208.08,PENDING,2026-03-23,36.33
ETL_ORD_003305,CUST_00421,104.12,COMPLETED,2026-03-28,31.49
ETL_ORD_003306,CUST_00682,765.77,COMPLETED,2026-03-16,13.39
ETL_ORD_003307,CUST_00834,517.42,COMPLETED,2026-03-19,18.07
ETL_ORD_003308,CUST_01408,1470.49,COMPLETED,2026-03-17,45.76
ETL_ORD_003309,CUST_00296,805.19,COMPLETED,2026-03-08,29.18
ETL_ORD_003310,CUST_01883,1133.36,COMPLETED,2026-03-17,33.67
ETL_ORD_003311,CUST_00734,1063.52,COMPLETED,2026-03-16,40.26
ETL_ORD_003312,CUST_01203,756.15,COMPLETED,2026-03-08,41.34
ETL_ORD_003313,CUST_00469,1025.0,COMPLETED,2026-03-06,49.99
ETL_ORD_003314,CUST_01503,153.53,COMPLETED,2026-03-10,28.32
ETL_ORD_003315,CUST_01072,1332.09,INVALID_STATUS,2026-03-27,7.12
ETL_ORD_003316,CUST_01803,507.72,COMPLETED,2026-03-01,39.95
ETL_ORD_003317,CUST_01531,346.75,COMPLETED,2026-03-15,36.81
ETL_ORD_003318,CUST_00277,-10.0,COMPLETED,2026-03-28,44.3
ETL_ORD_003319,CUST_00053,898.7,COMPLETED,2026-03-08,35.62
ETL_ORD_003320,CUST_00228,489.86,COMPLETED,2026-03-06,34.2
ETL_ORD_003321,CUST_01320,786.05,COMPLETED,2026-03-02,35.09
ETL_ORD_003322,CUST_00411,279.86,COMPLETED,2026-03-16,0.7
ETL_ORD_003323,CUST_01195,1208.89,COMPLETED,2026-03-01,8.48
ETL_ORD_003324,CUST_00068,966.55,COMPLETED,2026-03-05,37.2
ETL_ORD_003325,CUST_00673,171.26,COMPLETED,2026-03-16,42.61
ETL_ORD_003326,CUST_00464,1452.77,COMPLETED,2026-03-25,30.66
ETL_ORD_003327,CUST_01930,167.65,COMPLETED,2026-03-17,7.54
ETL_ORD_003328,CUST_01600,381.36,COMPLETED,2026-03-11,33.36
ETL_ORD_003329,CUST_00886,1094.91,COMPLETED,2026-03-01,49.79
ETL_ORD_003330,CUST_00530,632.39,PENDING,2026-03-27,39.45
ETL_ORD_003331,CUST_00525,229.43,COMPLETED,2026-03-20,23.55
ETL_ORD_003332,CUST_01011,530.49,COMPLETED,2026-03-11,7.5
ETL_ORD_003333,CUST_01459,808.09,COMPLETED,2026-03-24,18.56
ETL_ORD_003334,CUST_01737,1075.99,CANCELLED,2026-03-17,7.24
ETL_ORD_003335,CUST_01028,92.85,COMPLETED,2026-03-22,28.1
ETL_ORD_003336,CUST_01163,1443.65,COMPLETED,2026-03-05,35.78
ETL_ORD_003337,CUST_00163,343.49,CANCELLED,2026-03-29,10.49
ETL_ORD_003338,CUST_01061,1389.14,PENDING,2026-03-02,37.01
ETL_ORD_003339,CUST_01704,1043.26,COMPLETED,2026-03-26,18.38
ETL_ORD_003340,CUST_00052,1458.96,COMPLETED,2026-03-05,16.77
ETL_ORD_003341,CUST_00665,473.67,COMPLETED,2026-03-29,27.71
ETL_ORD_003342,CUST_00315,1390.95,COMPLETED,2026-03-24,21.55
ETL_ORD_003343,CUST_00391,-10.0,COMPLETED,2026-03-23,37.13
ETL_ORD_003344,CUST_01774,965.81,COMPLETED,2026-03-04,35.28
ETL_ORD_003345,CUST_01447,412.5,PENDING,2026-03-06,46.82
ETL_ORD_003346,CUST_00128,1491.37,COMPLETED,2026-03-18,11.28
ETL_ORD_003347,CUST_00433,1229.21,COMPLETED,2026-03-21,19.24
ETL_ORD_003348,CUST_01691,626.14,COMPLETED,2026-03-22,33.7
ETL_ORD_003349,CUST_01623,665.07,COMPLETED,2026-03-05,18.58
ETL_ORD_003350,CUST_01698,206.21,COMPLETED,2026-03-18,20.26
ETL_ORD_003351,CUST_01606,503.94,COMPLETED,2026-03-07,29.38
ETL_ORD_003352,CUST_00385,434.16,COMPLETED,2026-03-03,7.23
ETL_ORD_003353,CUST_01995,1056.32,COMPLETED,2026-03-28,25.9
ETL_ORD_003354,CUST_01812,620.08,COMPLETED,2026-03-10,12.51
ETL_ORD_003355,CUST_00085,1323.17,COMPLETED,2026-03-21,33.23
ETL_ORD_003356,CUST_01452,1071.34,CANCELLED,2026-03-14,11.86
ETL_ORD_003357,CUST_00694,451.1,PENDING,2026-03-23,35.75
ETL_ORD_003358,CUST_00779,937.42,COMPLETED,2026-03-29,3.13
ETL_ORD_003359,CUST_00110,1029.35,COMPLETED,2026-03-10,39.57
ETL_ORD_003360,CUST_00581,1350.24,COMPLETED,2026-03-23,4.42
ETL_ORD_003361,CUST_01865,1256.85,COMPLETED,2026-03-09,25.99
ETL_ORD_003362,CUST_01481,481.12,CANCELLED,2026-03-23,25.46
ETL_ORD_003363,CUST_00058,578.58,COMPLETED,2026-03-03,4.46
ETL_ORD_003364,CUST_01031,1174.97,COMPLETED,2026-03-25,38.2
ETL_ORD_003365,CUST_01242,677.32,COMPLETED,2026-03-16,24.69
ETL_ORD_003366,CUST_01316,872.21,COMPLETED,2026-03-02,10.32
ETL_ORD_003367,CUST_00958,1140.67,COMPLETED,2026-03-26,33.49
ETL_ORD_003368,CUST_01638,1242.67,COMPLETED,2026-03-28,12.69
ETL_ORD_003369,CUST_00790,478.55,CANCELLED,2026-03-07,26.9
ETL_ORD_003370,CUST_00670,430.24,CANCELLED,2026-03-09,38.25
ETL_ORD_003371,CUST_00859,1174.62,COMPLETED,2026-03-17,29.31
ETL_ORD_003372,CUST_00019,1102.02,COMPLETED,2026-03-10,3.24
ETL_ORD_003373,CUST_01595,1498.72,PENDING,2026-03-03,41.41
ETL_ORD_003374,CUST_01983,257.56,COMPLETED,2026-03-04,0.06
ETL_ORD_003375,CUST_01746,574.61,PENDING,2026-03-13,45.25
ETL_ORD_003376,CUST_01224,332.46,COMPLETED,2026-03-20,40.94
ETL_ORD_003377,CUST_01133,1498.24,INVALID_STATUS,2026-03-20,41.75
ETL_ORD_003378,CUST_00395,1223.09,COMPLETED,2026-03-15,36.74
ETL_ORD_003379,CUST_01571,586.85,COMPLETED,2026-03-08,34.29
ETL_ORD_003380,CUST_00703,240.77,COMPLETED,2026-03-23,19.7
ETL_ORD_003381,CUST_01488,743.41,PENDING,2026-03-18,28.96
ETL_ORD_003382,CUST_01768,998.07,COMPLETED,2026-03-26,15.02
ETL_ORD_003383,CUST_01485,1380.3,CANCELLED,2026-03-06,26.24
ETL_ORD_003384,CUST_01405,17.56,COMPLETED,2026-03-17,4.29
ETL_ORD_003385,CUST_00775,1335.17,COMPLETED,2026-03-07,35.81
ETL_ORD_003386,CUST_00952,422.55,COMPLETED,2026-03-29,15.56
ETL_ORD_003387,CUST_00091,543.79,COMPLETED,2026-03-09,18.45
ETL_ORD_003388,CUST_00774,1122.98,PENDING,2026-03-08,14.1
ETL_ORD_003389,CUST_00340,484.61,COMPLETED,2026-03-18,29.37
ETL_ORD_003390,CUST_00849,501.66,COMPLETED,2026-03-29,29.86
ETL_ORD_003391,CUST_01983,797.94,COMPLETED,2026-03-04,22.64
ETL_ORD_003392,CUST_01328,-10.0,PENDING,2026-03-17,25.42
ETL_ORD_003393,CUST_00075,717.15,COMPLETED,2026-03-11,35.81
ETL_ORD_003394,CUST_01594,469.92,COMPLETED,2026-03-20,39.02
ETL_ORD_003395,CUST_00514,430.48,COMPLETED,2026-03-14,23.77
ETL_ORD_003396,CUST_00351,1469.38,COMPLETED,2026-03-08,34.28
ETL_ORD_003397,CUST_01987,911.81,COMPLETED,2026-03-11,47.78
ETL_ORD_003398,CUST_01712,1346.48,COMPLETED,2026-03-18,4.21
ETL_ORD_003399,CUST_00412,78.25,CANCELLED,2026-03-04,41.65
ETL_ORD_003400,CUST_01417,321.9,COMPLETED,2026-03-07,10.57
ETL_ORD_003401,CUST_01834,251.78,PENDING,2026-03-09,34.07
ETL_ORD_003402,CUST_01166,566.85,COMPLETED,2026-03-21,2.47
ETL_ORD_003403,CUST_01533,516.92,COMPLETED,2026-03-25,24.87
ETL_ORD_003404,CUST_01102,584.59,COMPLETED,2026-03-05,49.57
ETL_ORD_003405,CUST_01969,1403.34,CANCELLED,2026-03-21,28.72
ETL_ORD_003406,CUST_01711,1128.68,COMPLETED,2026-03-17,31.92
ETL_ORD_003407,CUST_01282,1356.81,COMPLETED,2026-03-16,12.62
ETL_ORD_003408,CUST_00177,857.57,COMPLETED,2026-03-17,26.04
ETL_ORD_003409,CUST_01687,1046.16,COMPLETED,2026-03-01,5.44
ETL_ORD_003410,CUST_00200,114.86,COMPLETED,2026-03-14,8.43
ETL_ORD_003411,CUST_00210,997.41,COMPLETED,2026-03-25,20.45
ETL_ORD_003412,CUST_00053,619.46,COMPLETED,2026-03-22,36.62
ETL_ORD_003413,CUST_00301,100.03,COMPLETED,2026-03-08,23.61
ETL_ORD_003414,CUST_01591,641.08,COMPLETED,2026-03-20,46.06
ETL_ORD_003415,CUST_00052,751.96,COMPLETED,2026-03-24,7.01
ETL_ORD_003416,CUST_01137,1154.17,PENDING,2026-03-12,24.7
ETL_ORD_003417,CUST_00021,1132.18,COMPLETED,2026-03-11,42.38
ETL_ORD_003418,CUST_01495,-10.0,COMPLETED,2026-03-07,15.11
ETL_ORD_003419,CUST_00033,1199.26,COMPLETED,2026-03-18,29.22
ETL_ORD_003420,CUST_00700,228.3,COMPLETED,2026-03-18,19.5
ETL_ORD_003421,CUST_01256,892.0,COMPLETED,2026-03-09,11.03
ETL_ORD_003422,CUST_00520,1370.12,COMPLETED,2026-03-04,1.42
ETL_ORD_003423,CUST_01207,1463.4,COMPLETED,2026-03-13,2.37
ETL_ORD_003424,CUST_01506,1441.22,COMPLETED,2026-03-25,12.24
ETL_ORD_003425,CUST_00367,73.36,COMPLETED,2026-03-15,25.29
ETL_ORD_003426,CUST_00003,11.94,CANCELLED,2026-03-27,47.49
ETL_ORD_003427,CUST_00011,987.14,PENDING,2026-03-19,35.57
ETL_ORD_003428,CUST_00673,522.69,PENDING,2026-03-08,33.88
ETL_ORD_003429,CUST_01063,11.36,COMPLETED,2026-03-12,48.94
ETL_ORD_003430,CUST_00255,948.83,COMPLETED,2026-03-11,4.59
ETL_ORD_003431,CUST_00590,55.81,COMPLETED,2026-03-14,8.34
ETL_ORD_003432,CUST_00944,1035.28,COMPLETED,2026-03-25,36.87
ETL_ORD_003433,CUST_00221,227.16,COMPLETED,2026-03-23,14.73
ETL_ORD_003434,CUST_00657,1441.68,COMPLETED,2026-03-16,8.55
ETL_ORD_003435,CUST_00144,1335.7,PENDING,2026-03-14,12.41
ETL_ORD_003436,CUST_01050,414.38,COMPLETED,2026-03-03,16.73
ETL_ORD_003437,CUST_00553,971.82,PENDING,2026-03-27,36.35
ETL_ORD_003438,CUST_01463,665.62,COMPLETED,2026-03-12,38.36
ETL_ORD_003439,CUST_01665,993.09,COMPLETED,2026-03-17,7.02
ETL_ORD_003440,CUST_00991,398.69,COMPLETED,2026-03-21,26.57
ETL_ORD_003441,CUST_00289,1080.99,PENDING,2026-03-15,14.74
ETL_ORD_003442,CUST_00668,539.38,INVALID_STATUS,2026-03-28,35.81
ETL_ORD_003443,CUST_01721,804.3,COMPLETED,2026-03-19,28.02
ETL_ORD_003444,CUST_01580,834.03,COMPLETED,2026-03-02,11.03
ETL_ORD_003445,CUST_01985,1299.87,COMPLETED,2026-03-06,46.77
ETL_ORD_003446,CUST_00642,1183.18,COMPLETED,2026-03-05,23.45
ETL_ORD_003447,CUST_01398,965.48,COMPLETED,2026-03-13,10.08
ETL_ORD_003448,CUST_00514,924.17,COMPLETED,2026-03-25,22.79
ETL_ORD_003449,CUST_00131,328.02,COMPLETED,2026-03-14,46.89
ETL_ORD_003450,CUST_01237,143.52,COMPLETED,2026-03-05,1.03
ETL_ORD_003451,CUST_00889,241.47,COMPLETED,2026-03-03,44.51
ETL_ORD_003452,CUST_00793,215.08,COMPLETED,2026-03-02,43.22
ETL_ORD_003453,CUST_01158,478.09,COMPLETED,2026-03-20,1.21
ETL_ORD_003454,CUST_00902,945.2,COMPLETED,2026-03-19,10.44
ETL_ORD_003455,CUST_00981,1456.63,COMPLETED,2026-03-15,9.61
ETL_ORD_003456,CUST_01154,610.5,COMPLETED,2026-03-21,46.73
ETL_ORD_003457,CUST_00416,302.65,COMPLETED,2026-03-28,30.19
ETL_ORD_003458,CUST_00434,972.14,PENDING,2026-03-10,29.3
ETL_ORD_003459,CUST_00886,655.58,CANCELLED,2026-03-11,19.65
ETL_ORD_003460,CUST_01462,809.38,COMPLETED,2026-03-11,19.76
ETL_ORD_003461,CUST_00702,630.35,COMPLETED,2026-03-28,10.45
ETL_ORD_003462,CUST_01182,263.27,COMPLETED,2026-03-04,49.48
ETL_ORD_003463,CUST_01551,1275.78,COMPLETED,2026-03-05,23.31
ETL_ORD_003464,CUST_00047,1394.59,COMPLETED,2026-03-21,46.86
ETL_ORD_003465,CUST_00735,664.16,CANCELLED,2026-03-21,9.47
ETL_ORD_003466,CUST_00853,890.47,COMPLETED,2026-03-15,35.52
ETL_ORD_003467,CUST_01738,224.56,COMPLETED,2026-03-28,41.8
ETL_ORD_003468,CUST_01927,1457.94,COMPLETED,2026-03-15,41.6
ETL_ORD_003469,CUST_01603,538.59,COMPLETED,2026-03-18,3.37
ETL_ORD_003470,CUST_00184,-10.0,COMPLETED,2026-03-09,4.5
ETL_ORD_003471,CUST_01475,1231.9,COMPLETED,2026-03-06,12.55
ETL_ORD_003472,CUST_00730,332.57,CANCELLED,2026-03-28,31.94
ETL_ORD_003473,CUST_01102,843.54,COMPLETED,2026-03-04,8.61
ETL_ORD_003474,CUST_01290,1434.3,COMPLETED,2026-03-15,49.02
ETL_ORD_003475,CUST_00393,355.88,COMPLETED,2026-03-20,46.46
ETL_ORD_003476,CUST_00497,1198.73,CANCELLED,2026-03-17,42.02
ETL_ORD_003477,CUST_01143,910.04,PENDING,2026-03-18,49.52
ETL_ORD_003478,CUST_01723,107.27,COMPLETED,2026-03-04,49.12
ETL_ORD_003479,CUST_01040,473.85,PENDING,2026-03-18,37.01
ETL_ORD_003480,CUST_01951,1303.92,COMPLETED,2026-03-27,1.61
ETL_ORD_003481,CUST_01736,1055.04,COMPLETED,2026-03-20,6.17
ETL_ORD_003482,CUST_00316,799.08,COMPLETED,2026-03-05,32.99
ETL_ORD_003483,CUST_00125,714.84,COMPLETED,2026-03-08,34.33
ETL_ORD_003484,CUST_01409,1432.56,COMPLETED,2026-03-11,45.54
ETL_ORD_003485,CUST_00616,167.79,COMPLETED,2026-03-23,8.61
ETL_ORD_003486,CUST_01892,215.89,COMPLETED,2026-03-12,36.71
ETL_ORD_003487,CUST_00657,1212.63,COMPLETED,2026-03-06,9.4
ETL_ORD_003488,CUST_01800,174.05,COMPLETED,2026-03-10,29.86
ETL_ORD_003489,CUST_01899,460.7,COMPLETED,2026-03-18,46.58
ETL_ORD_003490,CUST_00753,1348.68,COMPLETED,2026-03-15,27.46
ETL_ORD_003491,CUST_00201,1343.29,COMPLETED,2026-03-02,49.93
ETL_ORD_003492,CUST_01890,776.14,COMPLETED,2026-03-04,15.01
ETL_ORD_003493,CUST_00795,825.11,COMPLETED,2026-03-17,1.65
ETL_ORD_003494,CUST_00375,207.59,COMPLETED,2026-03-28,3.89
ETL_ORD_003495,CUST_00844,1019.44,PENDING,2026-03-18,14.7
ETL_ORD_003496,CUST_01994,440.23,CANCELLED,2026-03-07,49.26
ETL_ORD_003497,CUST_01568,461.89,PENDING,2026-03-18,2.96
ETL_ORD_003498,CUST_01921,1362.36,COMPLETED,2026-03-15,34.27
ETL_ORD_003499,CUST_01234,822.75,COMPLETED,2026-03-15,17.59
ETL_ORD_003500,CUST_00553,1381.24,COMPLETED,2026-03-14,47.49
ETL_ORD_003501,CUST_00935,1029.11,COMPLETED,2026-03-05,33.91
ETL_ORD_003502,CUST_01793,696.8,COMPLETED,2026-03-06,45.17
ETL_ORD_003503,CUST_00449,608.88,COMPLETED,2026-03-24,8.46
ETL_ORD_003504,CUST_01985,1337.28,COMPLETED,2026-03-21,40.33
ETL_ORD_003505,CUST_01229,1207.15,COMPLETED,2026-03-24,41.46
ETL_ORD_003506,CUST_01667,1233.11,COMPLETED,2026-03-10,7.18
ETL_ORD_003507,CUST_01801,1222.96,COMPLETED,2026-03-25,23.67
ETL_ORD_003508,CUST_00415,828.61,COMPLETED,2026-03-28,43.05
ETL_ORD_003509,CUST_01066,997.75,COMPLETED,2026-03-04,39.94
ETL_ORD_003510,CUST_01609,304.5,CANCELLED,2026-03-02,32.55
ETL_ORD_003511,CUST_01370,733.07,COMPLETED,2026-03-22,34.83
ETL_ORD_003512,CUST_01089,1000.98,PENDING,2026-03-24,23.39
ETL_ORD_003513,CUST_00267,13.4,COMPLETED,2026-03-12,39.76
ETL_ORD_003514,CUST_01578,218.92,COMPLETED,2026-03-22,34.34
ETL_ORD_003515,CUST_00205,1149.31,COMPLETED,2026-03-14,47.18
ETL_ORD_003516,CUST_01630,132.76,COMPLETED,2026-03-28,21.5
ETL_ORD_003517,CUST_00216,26.06,CANCELLED,2026-03-12,31.27
ETL_ORD_003518,CUST_00216,136.62,COMPLETED,2026-03-26,40.8
ETL_ORD_003519,CUST_01134,997.18,COMPLETED,2026-03-05,6.73
ETL_ORD_003520,CUST_01698,127.76,COMPLETED,2026-03-04,18.47
ETL_ORD_003521,CUST_01537,48.62,PENDING,2026-03-21,2.22
ETL_ORD_003522,CUST_00686,1497.71,PENDING,2026-03-20,1.96
ETL_ORD_003523,CUST_01445,1300.2,COMPLETED,2026-03-03,2.53
ETL_ORD_003524,CUST_01129,791.81,INVALID_STATUS,2026-03-17,49.07
ETL_ORD_003525,CUST_00230,382.3,COMPLETED,2026-03-16,22.65
ETL_ORD_003526,CUST_00012,401.39,COMPLETED,2026-03-22,46.81
ETL_ORD_003527,CUST_00893,105.44,INVALID_STATUS,2026-03-07,44.94
ETL_ORD_003528,CUST_00745,242.35,COMPLETED,2026-03-05,43.59
ETL_ORD_003529,CUST_01603,1124.08,COMPLETED,2026-03-27,1.35
ETL_ORD_003530,CUST_01352,72.95,COMPLETED,2026-03-12,42.07
ETL_ORD_003531,CUST_00886,1019.69,COMPLETED,2026-03-03,4.97
ETL_ORD_003532,CUST_00889,674.84,COMPLETED,2026-03-03,8.06
ETL_ORD_003533,CUST_01093,1497.16,COMPLETED,2026-03-24,0.86
ETL_ORD_003534,CUST_01970,453.54,COMPLETED,2026-03-07,20.21
ETL_ORD_003535,CUST_01990,292.01,COMPLETED,2026-03-25,24.67
ETL_ORD_003536,CUST_00357,1452.34,COMPLETED,2026-03-13,17.59
ETL_ORD_003537,CUST_01410,1176.97,COMPLETED,2026-03-28,29.79
ETL_ORD_003538,CUST_00965,763.32,CANCELLED,2026-03-11,48.36
ETL_ORD_003539,CUST_00921,63.02,COMPLETED,2026-03-24,13.7
ETL_ORD_003540,CUST_00384,1005.2,COMPLETED,2026-03-17,2.98
ETL_ORD_003541,CUST_01135,213.4,CANCELLED,2026-03-10,1.12
ETL_ORD_003542,CUST_00760,50.99,PENDING,2026-03-24,37.57
ETL_ORD_003543,CUST_01358,1322.1,COMPLETED,2026-03-25,24.49
ETL_ORD_003544,CUST_01263,301.99,PENDING,2026-03-03,1.01
ETL_ORD_003545,CUST_01075,29.88,PENDING,2026-03-06,15.99
ETL_ORD_003546,CUST_01403,1221.06,PENDING,2026-03-05,24.53
ETL_ORD_003547,CUST_01555,-10.0,COMPLETED,2026-03-11,11.14
ETL_ORD_003548,CUST_00726,958.81,INVALID_STATUS,2026-03-21,10.93
ETL_ORD_003549,CUST_01341,1126.43,COMPLETED,2026-03-22,32.88
ETL_ORD_003550,CUST_00276,-10.0,COMPLETED,2026-03-15,44.37
ETL_ORD_003551,CUST_01708,1110.06,COMPLETED,2026-03-22,48.19
ETL_ORD_003552,CUST_00200,94.87,COMPLETED,2026-03-25,17.58
ETL_ORD_003553,CUST_00343,1149.86,PENDING,2026-03-17,5.75
ETL_ORD_003554,CUST_00325,633.72,COMPLETED,2026-03-08,24.07
ETL_ORD_003555,CUST_01812,341.47,COMPLETED,2026-03-24,35.65
ETL_ORD_003556,CUST_01702,1359.22,CANCELLED,2026-03-13,43.47
ETL_ORD_003557,CUST_01930,941.9,CANCELLED,2026-03-21,38.53
ETL_ORD_003558,CUST_00545,466.76,COMPLETED,2026-03-01,24.49
ETL_ORD_003559,CUST_01953,939.34,COMPLETED,2026-03-25,18.54
ETL_ORD_003560,CUST_01025,504.6,COMPLETED,2026-03-05,40.11
ETL_ORD_003561,CUST_01169,1189.69,COMPLETED,2026-03-29,24.87
ETL_ORD_003562,CUST_00291,312.82,COMPLETED,2026-03-14,48.2
ETL_ORD_003563,CUST_00322,1071.78,PENDING,2026-03-27,14.9
ETL_ORD_003564,CUST_01750,504.13,COMPLETED,2026-03-12,43.48
ETL_ORD_003565,CUST_00038,595.81,COMPLETED,2026-03-07,37.64
ETL_ORD_003566,CUST_00051,1287.4,COMPLETED,2026-03-26,36.55
ETL_ORD_003567,CUST_00836,398.7,CANCELLED,2026-03-08,14.14
ETL_ORD_003568,CUST_01816,1006.41,PENDING,2026-03-04,40.16
ETL_ORD_003569,CUST_01821,281.92,PENDING,2026-03-16,37.43
ETL_ORD_003570,CUST_00743,1074.08,CANCELLED,2026-03-29,16.55
ETL_ORD_003571,CUST_01315,367.33,PENDING,2026-03-10,22.63
ETL_ORD_003572,CUST_01793,338.94,PENDING,2026-03-23,44.31
ETL_ORD_003573,CUST_01020,630.76,PENDING,2026-03-29,13.02
ETL_ORD_003574,CUST_00479,1117.28,CANCELLED,2026-03-09,30.49
ETL_ORD_003575,CUST_01708,868.54,COMPLETED,2026-03-23,33.57
ETL_ORD_003576,CUST_01052,807.37,COMPLETED,2026-03-08,24.05
ETL_ORD_003577,CUST_01547,892.32,COMPLETED,2026-03-02,36.09
ETL_ORD_003578,CUST_01351,713.09,COMPLETED,2026-03-29,1.48
ETL_ORD_003579,CUST_01746,250.36,COMPLETED,2026-03-09,19.3
ETL_ORD_003580,CUST_00046,1029.12,COMPLETED,2026-03-04,33.95
ETL_ORD_003581,CUST_00711,75.04,COMPLETED,2026-03-06,37.75
ETL_ORD_003582,CUST_01676,628.3,COMPLETED,2026-03-14,41.55
ETL_ORD_003583,CUST_01842,1006.46,COMPLETED,2026-03-07,31.99
ETL_ORD_003584,CUST_00581,-10.0,COMPLETED,2026-03-18,3.47
ETL_ORD_003585,CUST_01092,823.19,COMPLETED,2026-03-27,3.14
ETL_ORD_003586,CUST_01949,1008.28,COMPLETED,2026-03-15,36.89
ETL_ORD_003587,CUST_01460,1048.52,COMPLETED,2026-03-02,15.69
ETL_ORD_003588,CUST_01803,1375.38,COMPLETED,2026-03-10,5.62
ETL_ORD_003589,CUST_01387,936.39,COMPLETED,2026-03-28,36.73
ETL_ORD_003590,CUST_01555,1100.83,CANCELLED,2026-03-23,17.61
ETL_ORD_003591,CUST_00696,-10.0,COMPLETED,2026-03-04,23.55
ETL_ORD_003592,CUST_01646,901.47,COMPLETED,2026-03-29,2.9
ETL_ORD_003593,CUST_01928,1056.75,CANCELLED,2026-03-20,16.23
ETL_ORD_003594,CUST_00196,276.63,COMPLETED,2026-03-01,7.32
ETL_ORD_003595,CUST_00551,1101.67,COMPLETED,2026-03-22,41.8
ETL_ORD_003596,CUST_00623,480.25,COMPLETED,2026-03-15,18.85
ETL_ORD_003597,CUST_00666,759.18,CANCELLED,2026-03-24,44.59
ETL_ORD_003598,CUST_01308,200.94,COMPLETED,2026-03-15,2.32
ETL_ORD_003599,CUST_01354,441.64,COMPLETED,2026-03-01,45.97
ETL_ORD_003600,CUST_01050,990.2,INVALID_STATUS,2026-03-05,30.85
ETL_ORD_003601,CUST_01037,746.21,PENDING,2026-03-12,14.43
ETL_ORD_003602,CUST_01814,672.82,COMPLETED,2026-03-15,5.13
ETL_ORD_003603,CUST_00320,-10.0,COMPLETED,2026-03-16,17.92
ETL_ORD_003604,CUST_00276,673.77,PENDING,2026-03-27,20.15
ETL_ORD_003605,CUST_01508,302.27,COMPLETED,2026-03-12,17.55
ETL_ORD_003606,CUST_00179,1251.08,COMPLETED,2026-03-12,10.53
ETL_ORD_003607,CUST_01979,785.07,COMPLETED,2026-03-13,35.4
ETL_ORD_003608,CUST_01775,1476.92,COMPLETED,2026-03-18,9.77
ETL_ORD_003609,CUST_00448,1343.55,COMPLETED,2026-03-21,47.39
ETL_ORD_003610,CUST_01014,646.32,COMPLETED,2026-03-09,12.14
ETL_ORD_003611,CUST_00160,996.7,COMPLETED,2026-03-01,42.07
ETL_ORD_003612,CUST_01602,606.16,CANCELLED,2026-03-29,26.75
ETL_ORD_003613,CUST_01022,201.88,COMPLETED,2026-03-15,15.59
ETL_ORD_003614,CUST_00691,1442.22,COMPLETED,2026-03-17,48.52
ETL_ORD_003615,CUST_01530,638.28,COMPLETED,2026-03-20,48.5
ETL_ORD_003616,CUST_00606,350.28,COMPLETED,2026-03-10,8.55
ETL_ORD_003617,CUST_01115,931.53,COMPLETED,2026-03-06,21.33
ETL_ORD_003618,CUST_01613,10.11,COMPLETED,2026-03-19,48.04
ETL_ORD_003619,CUST_01162,1152.54,PENDING,2026-03-03,34.92
ETL_ORD_003620,CUST_00722,1203.96,COMPLETED,2026-03-28,14.79
ETL_ORD_003621,CUST_00480,1432.59,COMPLETED,2026-03-24,19.97
ETL_ORD_003622,CUST_00155,1186.09,COMPLETED,2026-03-01,4.24
ETL_ORD_003623,CUST_01031,1074.46,COMPLETED,2026-03-15,48.57
ETL_ORD_003624,CUST_00142,574.05,PENDING,2026-03-27,34.97
ETL_ORD_003625,CUST_00396,95.89,CANCELLED,2026-03-05,4.02
ETL_ORD_003626,CUST_00031,1117.91,COMPLETED,2026-03-17,42.33
ETL_ORD_003627,CUST_00324,1179.13,COMPLETED,2026-03-05,44.12
ETL_ORD_003628,CUST_01280,138.76,COMPLETED,2026-03-01,17.22
ETL_ORD_003629,CUST_00725,388.35,COMPLETED,2026-03-25,13.83
ETL_ORD_003630,CUST_01101,1290.9,COMPLETED,2026-03-06,18.4
ETL_ORD_003631,CUST_00233,1474.44,COMPLETED,2026-03-09,31.01
ETL_ORD_003632,CUST_01091,158.66,PENDING,2026-03-09,25.95
ETL_ORD_003633,CUST_01352,390.42,COMPLETED,2026-03-02,42.25
ETL_ORD_003634,CUST_00540,274.8,CANCELLED,2026-03-05,35.21
ETL_ORD_003635,CUST_00688,249.66,COMPLETED,2026-03-03,32.28
ETL_ORD_003636,CUST_01097,741.38,COMPLETED,2026-03-26,42.15
ETL_ORD_003637,CUST_00690,714.84,COMPLETED,2026-03-18,31.15
ETL_ORD_003638,CUST_01931,688.99,COMPLETED,2026-03-03,17.28
ETL_ORD_003639,CUST_01446,832.95,COMPLETED,2026-03-07,9.79
ETL_ORD_003640,CUST_00156,542.04,COMPLETED,2026-03-11,7.22
ETL_ORD_003641,CUST_01906,207.66,COMPLETED,2026-03-23,6.53
ETL_ORD_003642,CUST_00137,28.26,COMPLETED,2026-03-27,48.51
ETL_ORD_003643,CUST_00818,371.71,COMPLETED,2026-03-11,42.71
ETL_ORD_003644,CUST_01828,1484.05,COMPLETED,2026-03-18,2.77
ETL_ORD_003645,CUST_00818,63.13,COMPLETED,2026-03-25,13.0
ETL_ORD_003646,CUST_00337,463.27,PENDING,2026-03-24,25.28
ETL_ORD_003647,CUST_01969,693.52,COMPLETED,2026-03-29,4.63
ETL_ORD_003648,CUST_00856,538.14,CANCELLED,2026-03-13,42.33
ETL_ORD_003649,CUST_00219,680.72,COMPLETED,2026-03-03,1.06
ETL_ORD_003650,CUST_01500,921.59,COMPLETED,2026-03-14,22.6
ETL_ORD_003651,CUST_00342,1440.97,COMPLETED,2026-03-16,7.99
ETL_ORD_003652,CUST_01994,537.59,COMPLETED,2026-03-24,14.71
ETL_ORD_003653,CUST_00811,1165.9,PENDING,2026-03-10,47.04
ETL_ORD_003654,CUST_00187,392.23,CANCELLED,2026-03-16,22.52
ETL_ORD_003655,CUST_00722,1422.64,COMPLETED,2026-03-02,11.19
ETL_ORD_003656,CUST_01059,1038.06,COMPLETED,2026-03-12,19.5
ETL_ORD_003657,CUST_01125,432.64,PENDING,2026-03-25,32.45
ETL_ORD_003658,CUST_00805,1268.15,COMPLETED,2026-03-19,34.62
ETL_ORD_003659,CUST_00955,918.47,COMPLETED,2026-03-26,10.98
ETL_ORD_003660,CUST_01768,1418.63,COMPLETED,2026-03-12,22.21
ETL_ORD_003661,CUST_00713,1464.57,COMPLETED,2026-03-02,33.33
ETL_ORD_003662,CUST_00290,687.03,COMPLETED,2026-03-18,48.86
ETL_ORD_003663,CUST_00773,1073.14,COMPLETED,2026-03-22,25.32
ETL_ORD_003664,CUST_01504,345.34,PENDING,2026-03-22,23.08
ETL_ORD_003665,CUST_01707,1331.34,COMPLETED,2026-03-21,15.39
ETL_ORD_003666,CUST_00705,614.12,COMPLETED,2026-03-06,17.88
ETL_ORD_003667,CUST_00224,719.62,COMPLETED,2026-03-25,27.2
ETL_ORD_003668,CUST_00687,1120.79,COMPLETED,2026-03-11,14.33
ETL_ORD_003669,CUST_00074,12.33,COMPLETED,2026-03-18,34.05
ETL_ORD_003670,CUST_00679,96.26,COMPLETED,2026-03-29,28.08
ETL_ORD_003671,CUST_00156,768.77,COMPLETED,2026-03-24,38.63
ETL_ORD_003672,CUST_01440,1284.85,COMPLETED,2026-03-19,27.7
ETL_ORD_003673,CUST_00888,1160.09,PENDING,2026-03-09,5.02
ETL_ORD_003674,CUST_00881,116.74,COMPLETED,2026-03-12,31.67
ETL_ORD_003675,CUST_00584,1291.85,COMPLETED,2026-03-20,47.3
ETL_ORD_003676,CUST_01109,182.39,COMPLETED,2026-03-01,20.92
ETL_ORD_003677,CUST_01679,748.4,COMPLETED,2026-03-22,49.66
ETL_ORD_003678,CUST_00944,319.65,COMPLETED,2026-03-02,24.83
ETL_ORD_003679,CUST_01747,1195.92,COMPLETED,2026-03-05,46.25
ETL_ORD_003680,CUST_00169,927.16,COMPLETED,2026-03-17,41.51
ETL_ORD_003681,CUST_01514,1359.16,COMPLETED,2026-03-28,38.43
ETL_ORD_003682,CUST_00281,798.75,COMPLETED,2026-03-24,12.46
ETL_ORD_003683,CUST_01915,119.19,COMPLETED,2026-03-26,41.71
ETL_ORD_003684,CUST_01414,1086.32,COMPLETED,2026-03-11,6.39
ETL_ORD_003685,CUST_01898,1012.6,COMPLETED,2026-03-09,37.0
ETL_ORD_003686,CUST_00617,1487.16,COMPLETED,2026-03-02,20.85
ETL_ORD_003687,CUST_01088,1152.42,COMPLETED,2026-03-03,14.79
ETL_ORD_003688,CUST_00300,282.05,COMPLETED,2026-03-13,35.72
ETL_ORD_003689,CUST_01806,1117.4,COMPLETED,2026-03-02,40.78
ETL_ORD_003690,CUST_01211,1029.4,COMPLETED,2026-03-14,16.13
ETL_ORD_003691,CUST_01890,1378.73,COMPLETED,2026-03-06,41.22
ETL_ORD_003692,CUST_01289,1185.62,COMPLETED,2026-03-23,25.61
ETL_ORD_003693,CUST_00320,963.87,PENDING,2026-03-21,1.99
ETL_ORD_003694,CUST_00955,8.94,COMPLETED,2026-03-12,40.1
ETL_ORD_003695,CUST_01765,873.38,COMPLETED,2026-03-25,24.12
ETL_ORD_003696,CUST_00638,340.17,COMPLETED,2026-03-24,1.22
ETL_ORD_003697,CUST_01446,809.65,COMPLETED,2026-03-04,10.82
ETL_ORD_003698,CUST_00847,255.11,CANCELLED,2026-03-08,3.43
ETL_ORD_003699,CUST_01489,746.63,COMPLETED,2026-03-24,8.73
ETL_ORD_003700,CUST_01169,670.99,PENDING,2026-03-06,0.6
ETL_ORD_003701,CUST_01466,441.99,COMPLETED,2026-03-10,10.53
ETL_ORD_003702,CUST_01139,1185.98,INVALID_STATUS,2026-03-13,40.92
ETL_ORD_003703,CUST_00858,763.46,COMPLETED,2026-03-07,26.41
ETL_ORD_003704,CUST_00431,754.48,PENDING,2026-03-04,8.47
ETL_ORD_003705,CUST_00817,13.73,COMPLETED,2026-03-20,22.12
ETL_ORD_003706,CUST_01794,1270.17,COMPLETED,2026-03-13,48.66
ETL_ORD_003707,CUST_00180,1378.98,COMPLETED,2026-03-09,4.46
ETL_ORD_003708,CUST_00079,1486.61,COMPLETED,2026-03-06,47.68
ETL_ORD_003709,CUST_01424,965.48,PENDING,2026-03-06,17.67
ETL_ORD_003710,CUST_00223,558.93,COMPLETED,2026-03-01,17.57
ETL_ORD_003711,CUST_01620,947.88,COMPLETED,2026-03-28,18.95
ETL_ORD_003712,CUST_00346,763.55,CANCELLED,2026-03-10,14.87
ETL_ORD_003713,CUST_00435,536.34,CANCELLED,2026-03-22,36.76
ETL_ORD_003714,CUST_01211,409.66,COMPLETED,2026-03-21,13.24
ETL_ORD_003715,CUST_01307,179.37,PENDING,2026-03-05,8.82
ETL_ORD_003716,CUST_01867,1123.72,COMPLETED,2026-03-29,28.81
ETL_ORD_003717,CUST_01941,1304.16,COMPLETED,2026-03-17,1.94
ETL_ORD_003718,CUST_01115,942.62,INVALID_STATUS,2026-03-29,22.26
ETL_ORD_003719,CUST_01728,306.3,COMPLETED,2026-03-15,9.97
ETL_ORD_003720,CUST_01893,464.59,COMPLETED,2026-03-27,25.9
ETL_ORD_003721,CUST_01850,911.3,COMPLETED,2026-03-15,46.37
ETL_ORD_003722,CUST_01091,233.71,CANCELLED,2026-03-27,43.35
ETL_ORD_003723,CUST_00269,1114.81,COMPLETED,2026-03-24,13.14
ETL_ORD_003724,CUST_01729,1323.11,COMPLETED,2026-03-18,24.66
ETL_ORD_003725,CUST_01920,975.26,COMPLETED,2026-03-06,42.09
ETL_ORD_003726,CUST_01645,1167.93,COMPLETED,2026-03-11,37.25
ETL_ORD_003727,CUST_01170,215.06,COMPLETED,2026-03-08,40.49
ETL_ORD_003728,CUST_01198,169.33,COMPLETED,2026-03-06,25.12
ETL_ORD_003729,CUST_00531,316.26,COMPLETED,2026-03-14,39.43
ETL_ORD_003730,CUST_01420,934.48,PENDING,2026-03-01,47.77
ETL_ORD_003731,CUST_01112,879.77,COMPLETED,2026-03-13,35.31
ETL_ORD_003732,CUST_01573,1396.08,COMPLETED,2026-03-11,21.81
ETL_ORD_003733,CUST_01331,1168.0,COMPLETED,2026-03-07,13.99
ETL_ORD_003734,CUST_01538,671.93,PENDING,2026-03-25,8.13
ETL_ORD_003735,CUST_00374,973.86,CANCELLED,2026-03-17,6.89
ETL_ORD_003736,CUST_01711,434.58,COMPLETED,2026-03-18,37.6
ETL_ORD_003737,CUST_00719,186.7,COMPLETED,2026-03-07,25.72
ETL_ORD_003738,CUST_00782,827.2,CANCELLED,2026-03-12,43.83
ETL_ORD_003739,CUST_00725,465.27,PENDING,2026-03-27,13.83
ETL_ORD_003740,CUST_00063,949.45,COMPLETED,2026-03-07,16.66
ETL_ORD_003741,CUST_00474,161.27,COMPLETED,2026-03-23,44.08
ETL_ORD_003742,CUST_00798,309.98,COMPLETED,2026-03-10,48.1
ETL_ORD_003743,CUST_01222,871.81,PENDING,2026-03-28,34.75
ETL_ORD_003744,CUST_01874,408.55,COMPLETED,2026-03-22,6.93
ETL_ORD_003745,CUST_00143,1245.75,COMPLETED,2026-03-15,37.77
ETL_ORD_003746,CUST_01528,1404.62,PENDING,2026-03-10,30.59
ETL_ORD_003747,CUST_00385,741.76,COMPLETED,2026-03-28,35.64
ETL_ORD_003748,CUST_00264,72.47,COMPLETED,2026-03-23,1.23
ETL_ORD_003749,CUST_01354,1232.35,COMPLETED,2026-03-22,5.57
ETL_ORD_003750,CUST_00961,82.9,COMPLETED,2026-03-29,11.81
ETL_ORD_003751,CUST_00700,777.14,COMPLETED,2026-03-03,26.57
ETL_ORD_003752,CUST_01429,388.28,COMPLETED,2026-03-28,24.98
ETL_ORD_003753,CUST_01836,917.07,COMPLETED,2026-03-12,14.11
ETL_ORD_003754,CUST_01395,90.42,PENDING,2026-03-13,6.81
ETL_ORD_003755,CUST_01215,494.51,COMPLETED,2026-03-02,14.32
ETL_ORD_003756,CUST_00550,570.45,COMPLETED,2026-03-12,28.86
ETL_ORD_003757,CUST_01486,1093.31,COMPLETED,2026-03-05,20.17
ETL_ORD_003758,CUST_00558,1481.18,COMPLETED,2026-03-24,27.97
ETL_ORD_003759,CUST_00168,-10.0,COMPLETED,2026-03-27,9.48
ETL_ORD_003760,CUST_00148,328.44,PENDING,2026-03-20,41.66
ETL_ORD_003761,CUST_00025,481.99,CANCELLED,2026-03-02,17.12
ETL_ORD_003762,CUST_01133,145.63,COMPLETED,2026-03-03,48.47
ETL_ORD_003763,CUST_00904,1097.87,COMPLETED,2026-03-16,41.04
ETL_ORD_003764,CUST_00374,-10.0,COMPLETED,2026-03-07,21.8
ETL_ORD_003765,CUST_00577,413.03,COMPLETED,2026-03-03,48.93
ETL_ORD_003766,CUST_01056,1452.57,COMPLETED,2026-03-19,5.6
ETL_ORD_003767,CUST_01955,729.12,COMPLETED,2026-03-03,17.62
ETL_ORD_003768,CUST_00468,1476.04,COMPLETED,2026-03-24,34.83
ETL_ORD_003769,CUST_01940,1177.1,COMPLETED,2026-03-12,31.38
ETL_ORD_003770,CUST_01486,1089.19,CANCELLED,2026-03-24,13.78
ETL_ORD_003771,CUST_00130,958.24,COMPLETED,2026-03-28,34.73
ETL_ORD_003772,CUST_00854,909.27,COMPLETED,2026-03-18,36.76
ETL_ORD_003773,CUST_00641,1188.51,COMPLETED,2026-03-25,30.1
ETL_ORD_003774,CUST_00480,322.8,COMPLETED,2026-03-08,22.26
ETL_ORD_003775,CUST_00937,1270.01,COMPLETED,2026-03-14,29.83
ETL_ORD_003776,CUST_01693,1042.67,CANCELLED,2026-03-17,49.29
ETL_ORD_003777,CUST_00462,1340.91,COMPLETED,2026-03-19,7.5
ETL_ORD_003778,CUST_01568,1130.36,PENDING,2026-03-10,18.34
ETL_ORD_003779,CUST_00679,259.74,COMPLETED,2026-03-08,3.99
ETL_ORD_003780,CUST_01067,575.24,CANCELLED,2026-03-05,13.71
ETL_ORD_003781,CUST_00953,415.37,COMPLETED,2026-03-23,4.2
ETL_ORD_003782,CUST_00457,1093.84,COMPLETED,2026-03-22,21.77
ETL_ORD_003783,CUST_01224,541.45,COMPLETED,2026-03-08,33.81
ETL_ORD_003784,CUST_01658,1213.05,COMPLETED,2026-03-11,15.02
ETL_ORD_003785,CUST_01860,196.22,COMPLETED,2026-03-10,49.94
ETL_ORD_003786,CUST_00200,185.42,COMPLETED,2026-03-11,32.45
ETL_ORD_003787,CUST_01926,1071.73,COMPLETED,2026-03-27,31.43
ETL_ORD_003788,CUST_00315,1346.39,INVALID_STATUS,2026-03-18,47.44
ETL_ORD_003789,CUST_00388,923.12,COMPLETED,2026-03-12,35.02
ETL_ORD_003790,CUST_00616,998.98,COMPLETED,2026-03-13,26.41
ETL_ORD_003791,CUST_00556,149.31,PENDING,2026-03-07,1.53
ETL_ORD_003792,CUST_01524,1289.36,COMPLETED,2026-03-27,13.27
ETL_ORD_003793,CUST_01449,841.79,COMPLETED,2026-03-26,28.67
ETL_ORD_003794,CUST_01647,517.14,COMPLETED,2026-03-19,22.21
ETL_ORD_003795,CUST_00278,792.57,COMPLETED,2026-03-03,13.96
ETL_ORD_003796,CUST_00569,588.5,COMPLETED,2026-03-20,42.22
ETL_ORD_003797,CUST_00153,984.97,PENDING,2026-03-24,38.49
ETL_ORD_003798,CUST_00331,324.3,COMPLETED,2026-03-14,10.83
ETL_ORD_003799,CUST_00010,1076.08,PENDING,2026-03-17,12.67
ETL_ORD_003800,CUST_01742,990.65,PENDING,2026-03-14,24.63
ETL_ORD_003801,CUST_00803,1366.89,COMPLETED,2026-03-25,46.6
ETL_ORD_003802,CUST_00911,681.93,CANCELLED,2026-03-12,43.34
ETL_ORD_003803,CUST_00213,993.26,COMPLETED,2026-03-25,37.61
ETL_ORD_003804,CUST_00121,937.66,COMPLETED,2026-03-15,46.98
ETL_ORD_003805,CUST_00225,876.13,COMPLETED,2026-03-26,22.87
ETL_ORD_003806,CUST_01542,912.85,COMPLETED,2026-03-25,2.88
ETL_ORD_003807,CUST_01852,77.14,CANCELLED,2026-03-07,10.74
ETL_ORD_003808,CUST_01938,793.01,PENDING,2026-03-07,4.67
ETL_ORD_003809,CUST_01859,150.99,PENDING,2026-03-28,12.53
ETL_ORD_003810,CUST_00095,976.99,COMPLETED,2026-03-14,35.02
ETL_ORD_003811,CUST_01131,117.44,COMPLETED,2026-03-07,46.61
ETL_ORD_003812,CUST_00531,1273.54,PENDING,2026-03-13,9.96
ETL_ORD_003813,CUST_00574,1405.56,COMPLETED,2026-03-14,32.75
ETL_ORD_003814,CUST_01303,747.32,CANCELLED,2026-03-15,39.83
ETL_ORD_003815,CUST_01491,253.21,CANCELLED,2026-03-09,11.87
ETL_ORD_003816,CUST_01724,1400.54,PENDING,2026-03-04,26.52
ETL_ORD_003817,CUST_01745,1266.03,COMPLETED,2026-03-01,31.59
ETL_ORD_003818,CUST_00541,428.89,COMPLETED,2026-03-01,13.49
ETL_ORD_003819,CUST_01917,1402.02,PENDING,2026-03-10,10.45
ETL_ORD_003820,CUST_00023,1320.66,PENDING,2026-03-03,30.3
ETL_ORD_003821,CUST_00130,214.95,COMPLETED,2026-03-11,41.09
ETL_ORD_003822,CUST_00444,856.28,PENDING,2026-03-22,4.29
ETL_ORD_003823,CUST_00360,575.4,COMPLETED,2026-03-28,33.68
ETL_ORD_003824,CUST_01720,693.11,COMPLETED,2026-03-06,26.97
ETL_ORD_003825,CUST_01561,-10.0,COMPLETED,2026-03-02,49.03
ETL_ORD_003826,CUST_01635,747.17,COMPLETED,2026-03-20,32.65
ETL_ORD_003827,CUST_00969,1049.72,COMPLETED,2026-03-14,33.7
ETL_ORD_003828,CUST_01676,499.13,CANCELLED,2026-03-20,19.64
ETL_ORD_003829,CUST_00165,487.51,CANCELLED,2026-03-14,26.42
ETL_ORD_003830,CUST_01680,99.53,COMPLETED,2026-03-03,25.89
ETL_ORD_003831,CUST_00436,668.46,COMPLETED,2026-03-01,45.48
ETL_ORD_003832,CUST_00744,1103.31,COMPLETED,2026-03-15,36.07
ETL_ORD_003833,CUST_00568,841.68,COMPLETED,2026-03-15,36.36
ETL_ORD_003834,CUST_01586,252.96,COMPLETED,2026-03-17,0.51
ETL_ORD_003835,CUST_00360,1458.57,COMPLETED,2026-03-12,17.06
ETL_ORD_003836,CUST_00940,1389.71,COMPLETED,2026-03-06,23.54
ETL_ORD_003837,CUST_00849,606.41,COMPLETED,2026-03-23,0.44
ETL_ORD_003838,CUST_01192,1153.84,COMPLETED,2026-03-26,10.01
ETL_ORD_003839,CUST_01584,575.62,CANCELLED,2026-03-04,20.19
ETL_ORD_003840,CUST_00029,61.83,COMPLETED,2026-03-22,21.88
ETL_ORD_003841,CUST_01376,257.47,CANCELLED,2026-03-12,2.86
ETL_ORD_003842,CUST_00391,151.01,COMPLETED,2026-03-10,32.73
ETL_ORD_003843,CUST_00086,200.47,COMPLETED,2026-03-16,18.97
ETL_ORD_003844,CUST_00850,885.17,CANCELLED,2026-03-22,37.38
ETL_ORD_003845,CUST_00201,436.37,COMPLETED,2026-03-18,49.39
ETL_ORD_003846,CUST_01812,409.01,COMPLETED,2026-03-02,30.87
ETL_ORD_003847,CUST_01128,1150.97,COMPLETED,2026-03-22,21.7
ETL_ORD_003848,CUST_01065,374.49,COMPLETED,2026-03-02,36.62
ETL_ORD_003849,CUST_01811,908.83,CANCELLED,2026-03-09,7.95
ETL_ORD_003850,CUST_00236,161.69,COMPLETED,2026-03-20,30.02
ETL_ORD_003851,CUST_01845,1314.15,COMPLETED,2026-03-04,14.87
ETL_ORD_003852,CUST_00407,386.47,COMPLETED,2026-03-28,10.96
ETL_ORD_003853,CUST_00333,725.51,PENDING,2026-03-27,13.94
ETL_ORD_003854,CUST_00030,185.43,COMPLETED,2026-03-20,20.76
ETL_ORD_003855,CUST_00549,1361.67,COMPLETED,2026-03-20,16.55
ETL_ORD_003856,CUST_01575,462.72,COMPLETED,2026-03-23,35.27
ETL_ORD_003857,CUST_00894,283.56,COMPLETED,2026-03-17,9.87
ETL_ORD_003858,CUST_01961,1496.95,COMPLETED,2026-03-02,15.3
ETL_ORD_003859,CUST_01841,1191.91,COMPLETED,2026-03-03,19.09
ETL_ORD_003860,CUST_01539,1492.9,COMPLETED,2026-03-13,25.34
ETL_ORD_003861,CUST_01763,1363.93,COMPLETED,2026-03-04,6.23
ETL_ORD_003862,CUST_00332,617.73,COMPLETED,2026-03-18,28.03
ETL_ORD_003863,CUST_00621,272.76,COMPLETED,2026-03-06,10.87
ETL_ORD_003864,CUST_01721,988.73,COMPLETED,2026-03-23,44.84
ETL_ORD_003865,CUST_00879,997.98,COMPLETED,2026-03-18,10.34
ETL_ORD_003866,CUST_00482,1409.9,PENDING,2026-03-22,11.64
ETL_ORD_003867,CUST_01632,814.44,COMPLETED,2026-03-26,6.54
ETL_ORD_003868,CUST_00133,1255.31,COMPLETED,2026-03-06,24.04
ETL_ORD_003869,CUST_01661,361.54,CANCELLED,2026-03-13,8.5
ETL_ORD_003870,CUST_01960,1374.65,COMPLETED,2026-03-14,43.81
ETL_ORD_003871,CUST_01963,1151.32,COMPLETED,2026-03-14,2.61
ETL_ORD_003872,CUST_01980,267.24,COMPLETED,2026-03-21,8.69
ETL_ORD_003873,CUST_01505,346.22,COMPLETED,2026-03-18,39.14
ETL_ORD_003874,CUST_00377,559.43,CANCELLED,2026-03-23,47.24
ETL_ORD_003875,CUST_00918,1174.93,COMPLETED,2026-03-16,43.69
ETL_ORD_003876,CUST_00953,-10.0,COMPLETED,2026-03-13,48.81
ETL_ORD_003877,CUST_01538,1055.18,COMPLETED,2026-03-04,49.92
ETL_ORD_003878,CUST_00624,1340.91,COMPLETED,2026-03-13,23.25
ETL_ORD_003879,CUST_01827,290.25,PENDING,2026-03-03,43.24
ETL_ORD_003880,CUST_00471,634.98,COMPLETED,2026-03-20,49.58
ETL_ORD_003881,CUST_00852,60.57,CANCELLED,2026-03-05,37.66
ETL_ORD_003882,CUST_00064,1099.44,COMPLETED,2026-03-01,1.53
ETL_ORD_003883,CUST_00409,616.12,COMPLETED,2026-03-12,4.93
ETL_ORD_003884,CUST_00701,-10.0,COMPLETED,2026-03-10,30.81
ETL_ORD_003885,CUST_01432,531.68,COMPLETED,2026-03-21,23.83
ETL_ORD_003886,CUST_01852,514.57,COMPLETED,2026-03-09,41.84
ETL_ORD_003887,CUST_00657,362.45,CANCELLED,2026-03-08,13.3
ETL_ORD_003888,CUST_01329,1161.66,COMPLETED,2026-03-08,35.11
ETL_ORD_003889,CUST_00282,1144.55,COMPLETED,2026-03-11,19.52
ETL_ORD_003890,CUST_00196,545.61,COMPLETED,2026-03-02,19.87
ETL_ORD_003891,CUST_01459,818.93,COMPLETED,2026-03-05,6.73
ETL_ORD_003892,CUST_00421,1464.48,COMPLETED,2026-03-16,28.16
ETL_ORD_003893,CUST_00890,143.08,COMPLETED,2026-03-22,4.45
ETL_ORD_003894,CUST_01984,267.28,INVALID_STATUS,2026-03-10,11.9
ETL_ORD_003895,CUST_00198,1447.9,CANCELLED,2026-03-22,16.37
ETL_ORD_003896,CUST_00006,127.01,COMPLETED,2026-03-05,32.82
ETL_ORD_003897,CUST_00620,1329.74,COMPLETED,2026-03-26,33.73
ETL_ORD_003898,CUST_01005,368.65,PENDING,2026-03-20,25.2
ETL_ORD_003899,CUST_00557,755.61,COMPLETED,2026-03-06,17.54
ETL_ORD_003900,CUST_00431,781.46,PENDING,2026-03-22,33.36
ETL_ORD_003901,CUST_01033,505.94,COMPLETED,2026-03-06,13.84
ETL_ORD_003902,CUST_01408,178.93,COMPLETED,2026-03-05,42.54
ETL_ORD_003903,CUST_00042,546.43,COMPLETED,2026-03-14,10.11
ETL_ORD_003904,CUST_01682,125.56,COMPLETED,2026-03-21,20.63
ETL_ORD_003905,CUST_00549,1468.74,COMPLETED,2026-03-16,31.59
ETL_ORD_003906,CUST_00998,829.04,COMPLETED,2026-03-12,3.03
ETL_ORD_003907,CUST_01396,327.98,CANCELLED,2026-03-12,44.8
ETL_ORD_003908,CUST_00361,1474.65,CANCELLED,2026-03-10,30.77
ETL_ORD_003909,CUST_01032,364.96,COMPLETED,2026-03-08,27.76
ETL_ORD_003910,CUST_01637,57.55,COMPLETED,2026-03-02,32.66
ETL_ORD_003911,CUST_01912,24.09,COMPLETED,2026-03-17,48.6
ETL_ORD_003912,CUST_00392,874.43,PENDING,2026-03-24,42.92
ETL_ORD_003913,CUST_00527,735.99,CANCELLED,2026-03-26,29.61
ETL_ORD_003914,CUST_00422,1485.87,COMPLETED,2026-03-16,44.7
ETL_ORD_003915,CUST_01673,229.09,COMPLETED,2026-03-21,23.83
ETL_ORD_003916,CUST_00989,120.11,COMPLETED,2026-03-13,21.8
ETL_ORD_003917,CUST_01132,592.27,COMPLETED,2026-03-21,1.37
ETL_ORD_003918,CUST_00806,456.33,COMPLETED,2026-03-22,10.05
ETL_ORD_003919,CUST_01588,44.88,COMPLETED,2026-03-02,1.99
ETL_ORD_003920,CUST_00326,314.8,CANCELLED,2026-03-13,25.09
ETL_ORD_003921,CUST_01636,1483.87,COMPLETED,2026-03-06,9.01
ETL_ORD_003922,CUST_00440,1464.45,CANCELLED,2026-03-26,15.11
ETL_ORD_003923,CUST_00290,666.24,COMPLETED,2026-03-15,34.65
ETL_ORD_003924,CUST_00865,1081.79,COMPLETED,2026-03-20,0.16
ETL_ORD_003925,CUST_01353,1178.64,CANCELLED,2026-03-12,30.22
ETL_ORD_003926,CUST_01462,1245.78,COMPLETED,2026-03-17,1.27
ETL_ORD_003927,CUST_00215,672.1,COMPLETED,2026-03-12,10.27
ETL_ORD_003928,CUST_01784,387.22,COMPLETED,2026-03-07,9.33
ETL_ORD_003929,CUST_01357,1444.46,COMPLETED,2026-03-26,47.67
ETL_ORD_003930,CUST_00977,1164.27,COMPLETED,2026-03-19,8.35
ETL_ORD_003931,CUST_00092,1395.59,PENDING,2026-03-25,15.4
ETL_ORD_003932,CUST_01664,771.79,COMPLETED,2026-03-04,19.2
ETL_ORD_003933,CUST_00254,112.62,COMPLETED,2026-03-21,9.67
ETL_ORD_003934,CUST_00793,1016.73,COMPLETED,2026-03-17,0.26
ETL_ORD_003935,CUST_01226,68.02,PENDING,2026-03-05,40.88
ETL_ORD_003936,CUST_00789,973.4,PENDING,2026-03-14,23.93
ETL_ORD_003937,CUST_01976,334.26,PENDING,2026-03-22,34.12
ETL_ORD_003938,CUST_01399,508.6,PENDING,2026-03-03,17.51
ETL_ORD_003939,CUST_01895,428.43,COMPLETED,2026-03-23,43.66
ETL_ORD_003940,CUST_01152,633.17,COMPLETED,2026-03-26,26.14
ETL_ORD_003941,CUST_01967,1284.22,CANCELLED,2026-03-27,30.94
ETL_ORD_003942,CUST_00395,1123.4,INVALID_STATUS,2026-03-13,15.85
ETL_ORD_003943,CUST_00377,760.81,COMPLETED,2026-03-28,17.57
ETL_ORD_003944,CUST_01359,636.72,COMPLETED,2026-03-17,13.15
ETL_ORD_003945,CUST_00838,465.04,COMPLETED,2026-03-26,45.28
ETL_ORD_003946,CUST_00311,324.49,PENDING,2026-03-02,21.99
ETL_ORD_003947,CUST_01539,48.65,COMPLETED,2026-03-08,7.49
ETL_ORD_003948,CUST_00464,547.94,COMPLETED,2026-03-22,14.24
ETL_ORD_003949,CUST_00626,1373.74,COMPLETED,2026-03-26,15.9
ETL_ORD_003950,CUST_01271,1164.89,COMPLETED,2026-03-04,22.09
ETL_ORD_003951,CUST_01528,221.34,COMPLETED,2026-03-27,40.45
ETL_ORD_003952,CUST_01907,713.93,COMPLETED,2026-03-26,41.81
ETL_ORD_003953,CUST_00203,1424.99,CANCELLED,2026-03-14,16.51
ETL_ORD_003954,CUST_00146,551.3,COMPLETED,2026-03-03,21.79
ETL_ORD_003955,CUST_00758,1385.94,COMPLETED,2026-03-08,2.76
ETL_ORD_003956,CUST_00114,1204.76,COMPLETED,2026-03-28,23.69
ETL_ORD_003957,CUST_01595,792.4,COMPLETED,2026-03-16,10.8
ETL_ORD_003958,CUST_00540,1189.33,COMPLETED,2026-03-13,48.65
ETL_ORD_003959,CUST_01486,1218.51,COMPLETED,2026-03-14,28.12
ETL_ORD_003960,CUST_00050,382.6,PENDING,2026-03-26,24.66
ETL_ORD_003961,CUST_01520,51.69,COMPLETED,2026-03-07,32.15
ETL_ORD_003962,CUST_01454,677.23,COMPLETED,2026-03-23,49.87
ETL_ORD_003963,CUST_01179,1244.28,COMPLETED,2026-03-06,36.25
ETL_ORD_003964,CUST_01509,539.84,COMPLETED,2026-03-14,43.27
ETL_ORD_003965,CUST_00468,681.76,COMPLETED,2026-03-08,45.59
ETL_ORD_003966,CUST_00884,777.39,COMPLETED,2026-03-04,35.87
ETL_ORD_003967,CUST_00397,792.8,COMPLETED,2026-03-13,40.19
ETL_ORD_003968,CUST_00207,1053.1,PENDING,2026-03-28,48.83
ETL_ORD_003969,CUST_01342,60.62,COMPLETED,2026-03-21,1.46
ETL_ORD_003970,CUST_01501,976.36,COMPLETED,2026-03-06,20.06
ETL_ORD_003971,CUST_01636,1085.91,COMPLETED,2026-03-06,6.96
ETL_ORD_003972,CUST_00034,750.05,PENDING,2026-03-01,35.9
ETL_ORD_003973,CUST_01518,1280.47,COMPLETED,2026-03-09,19.01
ETL_ORD_003974,CUST_00094,1114.71,COMPLETED,2026-03-22,38.47
ETL_ORD_003975,CUST_01762,687.03,COMPLETED,2026-03-09,30.34
ETL_ORD_003976,CUST_01702,151.12,COMPLETED,2026-03-19,9.26
ETL_ORD_003977,CUST_00489,151.39,CANCELLED,2026-03-22,35.26
ETL_ORD_003978,CUST_00741,227.33,COMPLETED,2026-03-18,48.75
ETL_ORD_003979,CUST_01265,1235.27,COMPLETED,2026-03-07,12.39
ETL_ORD_003980,CUST_01856,159.09,COMPLETED,2026-03-10,13.86
ETL_ORD_003981,CUST_00884,1499.62,COMPLETED,2026-03-21,42.94
ETL_ORD_003982,CUST_01195,795.33,COMPLETED,2026-03-14,29.73
ETL_ORD_003983,CUST_01676,676.83,PENDING,2026-03-08,38.63
ETL_ORD_003984,CUST_00382,410.37,COMPLETED,2026-03-25,18.33
ETL_ORD_003985,CUST_01721,1026.29,COMPLETED,2026-03-04,26.6
ETL_ORD_003986,CUST_00126,1108.37,COMPLETED,2026-03-14,20.17
ETL_ORD_003987,CUST_01992,1016.14,COMPLETED,2026-03-15,17.55
ETL_ORD_003988,CUST_00428,372.84,CANCELLED,2026-03-28,20.83
ETL_ORD_003989,CUST_01569,706.17,COMPLETED,2026-03-23,10.57
ETL_ORD_003990,CUST_00350,205.82,CANCELLED,2026-03-18,30.35
ETL_ORD_003991,CUST_01797,-10.0,PENDING,2026-03-04,35.27
ETL_ORD_003992,CUST_00418,971.13,COMPLETED,2026-03-07,8.04
ETL_ORD_003993,CUST_01186,974.77,COMPLETED,2026-03-07,17.15
ETL_ORD_003994,CUST_01193,319.42,COMPLETED,2026-03-12,30.17
ETL_ORD_003995,CUST_00010,1139.81,COMPLETED,2026-03-28,17.71
ETL_ORD_003996,CUST_00738,856.86,COMPLETED,2026-03-19,23.48
ETL_ORD_003997,CUST_00522,466.39,CANCELLED,2026-03-29,27.88
ETL_ORD_003998,CUST_00360,652.02,PENDING,2026-03-28,7.24
ETL_ORD_003999,CUST_01615,309.02,COMPLETED,2026-03-21,31.67
ETL_ORD_004000,CUST_01806,954.16,COMPLETED,2026-03-23,19.59
ETL_ORD_004001,CUST_00105,440.43,COMPLETED,2026-03-26,27.76
ETL_ORD_004002,CUST_00965,1487.83,PENDING,2026-03-13,19.5
ETL_ORD_004003,CUST_01593,1227.33,COMPLETED,2026-03-26,42.2
ETL_ORD_004004,CUST_00494,1250.0,COMPLETED,2026-03-02,10.82
ETL_ORD_004005,CUST_00201,528.17,PENDING,2026-03-09,4.32
ETL_ORD_004006,CUST_01258,216.82,COMPLETED,2026-03-28,48.8
ETL_ORD_004007,CUST_01333,351.37,COMPLETED,2026-03-19,20.69
ETL_ORD_004008,CUST_00297,879.13,COMPLETED,2026-03-14,18.25
ETL_ORD_004009,CUST_01519,721.33,COMPLETED,2026-03-16,45.52
ETL_ORD_004010,CUST_00361,29.39,COMPLETED,2026-03-21,26.93
ETL_ORD_004011,CUST_01990,66.41,COMPLETED,2026-03-05,16.45
ETL_ORD_004012,CUST_00006,212.25,COMPLETED,2026-03-15,5.84
ETL_ORD_004013,CUST_00411,556.96,PENDING,2026-03-05,25.68
ETL_ORD_004014,CUST_01772,1495.86,COMPLETED,2026-03-18,13.16
ETL_ORD_004015,CUST_01701,873.63,COMPLETED,2026-03-04,8.18
ETL_ORD_004016,CUST_00711,139.21,COMPLETED,2026-03-15,28.21
ETL_ORD_004017,CUST_01859,603.81,COMPLETED,2026-03-28,25.41
ETL_ORD_004018,CUST_00757,527.64,COMPLETED,2026-03-08,44.37
ETL_ORD_004019,CUST_01822,97.87,COMPLETED,2026-03-06,13.14
ETL_ORD_004020,CUST_01898,1363.12,COMPLETED,2026-03-27,48.79
ETL_ORD_004021,CUST_00898,404.9,COMPLETED,2026-03-22,37.52
ETL_ORD_004022,CUST_00151,158.24,COMPLETED,2026-03-13,48.73
ETL_ORD_004023,CUST_00765,811.19,COMPLETED,2026-03-15,43.83
ETL_ORD_004024,CUST_00483,731.75,COMPLETED,2026-03-02,24.09
ETL_ORD_004025,CUST_00039,300.45,COMPLETED,2026-03-24,14.69
ETL_ORD_004026,CUST_01763,246.02,INVALID_STATUS,2026-03-28,49.38
ETL_ORD_004027,CUST_00095,643.89,COMPLETED,2026-03-15,40.34
ETL_ORD_004028,CUST_01515,371.68,COMPLETED,2026-03-07,36.22
ETL_ORD_004029,CUST_00223,103.33,CANCELLED,2026-03-25,7.21
ETL_ORD_004030,CUST_01847,85.43,CANCELLED,2026-03-19,25.13
ETL_ORD_004031,CUST_00409,84.03,PENDING,2026-03-25,32.79
ETL_ORD_004032,CUST_01822,1392.97,COMPLETED,2026-03-06,31.56
ETL_ORD_004033,CUST_01783,133.4,COMPLETED,2026-03-22,47.28
ETL_ORD_004034,CUST_00435,420.33,COMPLETED,2026-03-18,4.43
ETL_ORD_004035,CUST_00970,794.35,COMPLETED,2026-03-10,7.08
ETL_ORD_004036,CUST_00438,809.39,COMPLETED,2026-03-06,15.27
ETL_ORD_004037,CUST_00598,549.29,COMPLETED,2026-03-25,48.77
ETL_ORD_004038,CUST_01467,488.96,COMPLETED,2026-03-10,26.45
ETL_ORD_004039,CUST_00044,1472.14,COMPLETED,2026-03-29,12.74
ETL_ORD_004040,CUST_01775,692.56,COMPLETED,2026-03-04,42.69
ETL_ORD_004041,CUST_01465,86.74,COMPLETED,2026-03-06,39.74
ETL_ORD_004042,CUST_00767,394.03,COMPLETED,2026-03-27,2.33
ETL_ORD_004043,CUST_00547,1326.14,PENDING,2026-03-05,45.24
ETL_ORD_004044,CUST_00648,652.89,COMPLETED,2026-03-23,30.12
ETL_ORD_004045,CUST_01699,1408.84,COMPLETED,2026-03-23,24.73
ETL_ORD_004046,CUST_01369,452.36,COMPLETED,2026-03-13,21.07
ETL_ORD_004047,CUST_00799,879.13,COMPLETED,2026-03-14,40.26
ETL_ORD_004048,CUST_01635,520.22,COMPLETED,2026-03-29,13.58
ETL_ORD_004049,CUST_00137,1246.05,COMPLETED,2026-03-27,18.42
ETL_ORD_004050,CUST_00432,435.06,COMPLETED,2026-03-23,43.18
ETL_ORD_004051,CUST_00360,572.11,COMPLETED,2026-03-18,4.46
ETL_ORD_004052,CUST_00161,1350.79,PENDING,2026-03-19,14.25
ETL_ORD_004053,CUST_00536,100.81,COMPLETED,2026-03-28,17.25
ETL_ORD_004054,CUST_01987,255.02,COMPLETED,2026-03-19,26.01
ETL_ORD_004055,CUST_00182,163.39,COMPLETED,2026-03-16,14.7
ETL_ORD_004056,CUST_00347,1027.73,COMPLETED,2026-03-18,4.53
ETL_ORD_004057,CUST_01519,1418.16,COMPLETED,2026-03-19,49.95
ETL_ORD_004058,CUST_00867,1127.59,COMPLETED,2026-03-07,22.73
ETL_ORD_004059,CUST_00770,224.55,COMPLETED,2026-03-19,28.9
ETL_ORD_004060,CUST_00782,1154.42,COMPLETED,2026-03-19,19.73
ETL_ORD_004061,CUST_00093,188.49,COMPLETED,2026-03-09,14.82
ETL_ORD_004062,CUST_01789,966.75,CANCELLED,2026-03-20,28.28
ETL_ORD_004063,CUST_01860,1262.91,INVALID_STATUS,2026-03-27,24.9
ETL_ORD_004064,CUST_01882,1294.95,COMPLETED,2026-03-17,17.02
ETL_ORD_004065,CUST_00202,1349.05,COMPLETED,2026-03-24,30.74
ETL_ORD_004066,CUST_00407,263.45,COMPLETED,2026-03-12,23.14
ETL_ORD_004067,CUST_01322,907.03,COMPLETED,2026-03-18,3.83
ETL_ORD_004068,CUST_01385,209.44,COMPLETED,2026-03-25,48.67
ETL_ORD_004069,CUST_00754,570.95,COMPLETED,2026-03-15,17.71
ETL_ORD_004070,CUST_00283,32.98,PENDING,2026-03-21,42.65
ETL_ORD_004071,CUST_01569,1352.55,COMPLETED,2026-03-21,7.92
ETL_ORD_004072,CUST_01453,1214.09,COMPLETED,2026-03-19,36.44
ETL_ORD_004073,CUST_01214,178.9,COMPLETED,2026-03-10,36.67
ETL_ORD_004074,CUST_00584,115.62,COMPLETED,2026-03-06,10.5
ETL_ORD_004075,CUST_00244,312.25,COMPLETED,2026-03-23,7.1
ETL_ORD_004076,CUST_00349,1026.43,PENDING,2026-03-10,26.68
ETL_ORD_004077,CUST_01432,208.7,COMPLETED,2026-03-25,47.04
ETL_ORD_004078,CUST_01033,1290.95,COMPLETED,2026-03-19,10.48
ETL_ORD_004079,CUST_01894,555.45,COMPLETED,2026-03-03,26.02
ETL_ORD_004080,CUST_00709,372.77,COMPLETED,2026-03-17,8.53
ETL_ORD_004081,CUST_01999,242.91,COMPLETED,2026-03-19,49.86
ETL_ORD_004082,CUST_02000,1410.66,COMPLETED,2026-03-23,26.97
ETL_ORD_004083,CUST_01526,187.34,COMPLETED,2026-03-11,43.54
ETL_ORD_004084,CUST_00639,615.36,COMPLETED,2026-03-22,11.34
ETL_ORD_004085,CUST_00260,628.06,COMPLETED,2026-03-23,45.59
ETL_ORD_004086,CUST_00218,916.03,COMPLETED,2026-03-12,26.11
ETL_ORD_004087,CUST_00966,994.47,COMPLETED,2026-03-27,11.55
ETL_ORD_004088,CUST_00873,826.37,PENDING,2026-03-10,33.66
ETL_ORD_004089,CUST_01549,524.47,COMPLETED,2026-03-24,30.94
ETL_ORD_004090,CUST_01970,1284.33,COMPLETED,2026-03-03,29.35
ETL_ORD_004091,CUST_00920,453.19,COMPLETED,2026-03-08,3.05
ETL_ORD_004092,CUST_00609,630.3,COMPLETED,2026-03-19,31.89
ETL_ORD_004093,CUST_01604,814.21,COMPLETED,2026-03-17,3.12
ETL_ORD_004094,CUST_00903,1117.72,COMPLETED,2026-03-12,42.73
ETL_ORD_004095,CUST_00552,440.38,CANCELLED,2026-03-01,27.64
ETL_ORD_004096,CUST_00223,1445.02,COMPLETED,2026-03-09,13.22
ETL_ORD_004097,CUST_01034,869.63,COMPLETED,2026-03-24,40.4
ETL_ORD_004098,CUST_00786,200.21,COMPLETED,2026-03-19,38.4
ETL_ORD_004099,CUST_01610,635.24,COMPLETED,2026-03-27,19.54
ETL_ORD_004100,CUST_00967,1196.05,COMPLETED,2026-03-08,20.42
ETL_ORD_004101,CUST_01328,1247.83,COMPLETED,2026-03-05,39.7
ETL_ORD_004102,CUST_00034,1295.01,COMPLETED,2026-03-25,40.74
ETL_ORD_004103,CUST_00306,779.91,CANCELLED,2026-03-27,19.38
ETL_ORD_004104,CUST_00932,231.7,COMPLETED,2026-03-08,35.36
ETL_ORD_004105,CUST_00667,-10.0,COMPLETED,2026-03-21,24.62
ETL_ORD_004106,CUST_00654,911.77,COMPLETED,2026-03-04,21.65
ETL_ORD_004107,CUST_00140,498.69,COMPLETED,2026-03-25,33.24
ETL_ORD_004108,CUST_00702,859.62,PENDING,2026-03-14,19.05
ETL_ORD_004109,CUST_00419,381.31,COMPLETED,2026-03-05,17.24
ETL_ORD_004110,CUST_01077,1157.72,COMPLETED,2026-03-23,46.74
ETL_ORD_004111,CUST_00856,553.77,PENDING,2026-03-12,22.92
ETL_ORD_004112,CUST_01054,987.46,COMPLETED,2026-03-21,17.93
ETL_ORD_004113,CUST_01978,454.75,COMPLETED,2026-03-07,8.74
ETL_ORD_004114,CUST_01091,1057.55,COMPLETED,2026-03-16,2.37
ETL_ORD_004115,CUST_01301,1293.89,COMPLETED,2026-03-15,43.76
ETL_ORD_004116,CUST_01220,1400.4,COMPLETED,2026-03-06,17.31
ETL_ORD_004117,CUST_01646,121.62,COMPLETED,2026-03-17,27.95
ETL_ORD_004118,CUST_00410,1188.64,COMPLETED,2026-03-01,1.27
ETL_ORD_004119,CUST_01747,296.43,COMPLETED,2026-03-01,44.28
ETL_ORD_004120,CUST_01903,982.07,COMPLETED,2026-03-26,47.78
ETL_ORD_004121,CUST_01264,1084.05,PENDING,2026-03-10,3.39
ETL_ORD_004122,CUST_01134,1236.81,PENDING,2026-03-20,46.6
ETL_ORD_004123,CUST_00272,1131.07,COMPLETED,2026-03-28,18.33
ETL_ORD_004124,CUST_01505,794.64,COMPLETED,2026-03-02,15.82
ETL_ORD_004125,CUST_01486,848.09,COMPLETED,2026-03-01,22.01
ETL_ORD_004126,CUST_00471,794.53,COMPLETED,2026-03-26,39.15
ETL_ORD_004127,CUST_00754,1200.43,COMPLETED,2026-03-15,12.81
ETL_ORD_004128,CUST_01343,665.05,COMPLETED,2026-03-10,10.45
ETL_ORD_004129,CUST_00455,1239.65,COMPLETED,2026-03-26,18.5
ETL_ORD_004130,CUST_00837,172.56,COMPLETED,2026-03-07,26.74
ETL_ORD_004131,CUST_01389,475.13,PENDING,2026-03-02,32.85
ETL_ORD_004132,CUST_00730,1174.11,COMPLETED,2026-03-17,45.58
ETL_ORD_004133,CUST_00787,594.19,COMPLETED,2026-03-11,34.15
ETL_ORD_004134,CUST_00375,1302.08,COMPLETED,2026-03-14,0.49
ETL_ORD_004135,CUST_01898,1199.94,COMPLETED,2026-03-13,18.49
ETL_ORD_004136,CUST_01386,1330.88,CANCELLED,2026-03-03,32.7
ETL_ORD_004137,CUST_01098,1355.77,COMPLETED,2026-03-20,12.87
ETL_ORD_004138,CUST_00228,505.66,COMPLETED,2026-03-13,3.64
ETL_ORD_004139,CUST_01163,671.52,COMPLETED,2026-03-28,17.33
ETL_ORD_004140,CUST_00234,545.86,COMPLETED,2026-03-02,49.53
ETL_ORD_004141,CUST_01453,1453.71,PENDING,2026-03-22,24.91
ETL_ORD_004142,CUST_00248,194.02,COMPLETED,2026-03-09,1.68
ETL_ORD_004143,CUST_01912,486.3,COMPLETED,2026-03-23,30.14
ETL_ORD_004144,CUST_00099,471.53,COMPLETED,2026-03-05,21.34
ETL_ORD_004145,CUST_01641,183.85,PENDING,2026-03-09,26.0
ETL_ORD_004146,CUST_01150,793.47,PENDING,2026-03-23,27.24
ETL_ORD_004147,CUST_00471,199.12,COMPLETED,2026-03-25,27.44
ETL_ORD_004148,CUST_00699,-10.0,COMPLETED,2026-03-27,36.73
ETL_ORD_004149,CUST_01296,1186.68,COMPLETED,2026-03-05,12.44
ETL_ORD_004150,CUST_00382,474.42,COMPLETED,2026-03-21,43.84
ETL_ORD_004151,CUST_00371,1037.61,COMPLETED,2026-03-15,3.76
ETL_ORD_004152,CUST_00911,1227.16,COMPLETED,2026-03-09,9.87
ETL_ORD_004153,CUST_01117,213.26,PENDING,2026-03-27,23.4
ETL_ORD_004154,CUST_00959,1042.77,COMPLETED,2026-03-20,33.26
ETL_ORD_004155,CUST_00052,618.62,CANCELLED,2026-03-22,2.85
ETL_ORD_004156,CUST_00083,51.76,INVALID_STATUS,2026-03-05,5.53
ETL_ORD_004157,CUST_00147,430.72,COMPLETED,2026-03-05,20.85
ETL_ORD_004158,CUST_01950,1348.13,COMPLETED,2026-03-15,11.92
ETL_ORD_004159,CUST_00834,85.62,COMPLETED,2026-03-21,37.5
ETL_ORD_004160,CUST_01151,701.66,COMPLETED,2026-03-25,40.78
ETL_ORD_004161,CUST_01660,160.43,COMPLETED,2026-03-12,6.47
ETL_ORD_004162,CUST_01702,1046.59,COMPLETED,2026-03-17,26.54
ETL_ORD_004163,CUST_00324,66.88,COMPLETED,2026-03-29,7.42
ETL_ORD_004164,CUST_01889,1310.13,COMPLETED,2026-03-22,1.42
ETL_ORD_004165,CUST_00380,858.14,COMPLETED,2026-03-04,20.71
ETL_ORD_004166,CUST_01489,1374.38,COMPLETED,2026-03-04,49.24
ETL_ORD_004167,CUST_01192,154.39,COMPLETED,2026-03-23,47.92
ETL_ORD_004168,CUST_00288,1454.46,PENDING,2026-03-24,8.41
ETL_ORD_004169,CUST_00066,89.11,INVALID_STATUS,2026-03-01,9.46
ETL_ORD_004170,CUST_00832,231.46,COMPLETED,2026-03-23,37.91
ETL_ORD_004171,CUST_01265,253.43,COMPLETED,2026-03-05,24.38
ETL_ORD_004172,CUST_01903,416.52,COMPLETED,2026-03-08,3.35
ETL_ORD_004173,CUST_00238,618.11,COMPLETED,2026-03-13,40.23
ETL_ORD_004174,CUST_00821,290.28,COMPLETED,2026-03-18,8.88
ETL_ORD_004175,CUST_01945,530.74,COMPLETED,2026-03-03,12.57
ETL_ORD_004176,CUST_01195,1428.62,COMPLETED,2026-03-01,21.53
ETL_ORD_004177,CUST_00692,181.54,COMPLETED,2026-03-13,29.95
ETL_ORD_004178,CUST_01296,1287.81,COMPLETED,2026-03-12,43.41
ETL_ORD_004179,CUST_01555,1486.36,COMPLETED,2026-03-20,34.8
ETL_ORD_004180,CUST_01650,1380.64,COMPLETED,2026-03-05,4.03
ETL_ORD_004181,CUST_00148,340.33,COMPLETED,2026-03-28,2.92
ETL_ORD_004182,CUST_01879,1437.92,PENDING,2026-03-21,21.18
ETL_ORD_004183,CUST_00687,946.8,COMPLETED,2026-03-26,14.9
ETL_ORD_004184,CUST_00111,142.91,COMPLETED,2026-03-27,34.66
ETL_ORD_004185,CUST_00093,115.24,PENDING,2026-03-29,12.69
ETL_ORD_004186,CUST_00797,384.87,PENDING,2026-03-13,48.87
ETL_ORD_004187,CUST_00998,-10.0,COMPLETED,2026-03-27,2.38
ETL_ORD_004188,CUST_01754,137.73,CANCELLED,2026-03-20,33.23
ETL_ORD_004189,CUST_01946,1253.82,COMPLETED,2026-03-29,15.24
ETL_ORD_004190,CUST_00771,734.43,COMPLETED,2026-03-19,27.02
ETL_ORD_004191,CUST_01222,1077.36,COMPLETED,2026-03-22,21.88
ETL_ORD_004192,CUST_00208,784.45,COMPLETED,2026-03-17,9.17
ETL_ORD_004193,CUST_01010,171.47,COMPLETED,2026-03-24,23.28
ETL_ORD_004194,CUST_00662,1388.08,COMPLETED,2026-03-21,49.16
ETL_ORD_004195,CUST_01358,691.19,COMPLETED,2026-03-29,20.55
ETL_ORD_004196,CUST_00709,435.76,PENDING,2026-03-14,4.46
ETL_ORD_004197,CUST_00474,486.08,COMPLETED,2026-03-19,26.51
ETL_ORD_004198,CUST_00651,972.8,COMPLETED,2026-03-05,15.39
ETL_ORD_004199,CUST_00325,1318.2,COMPLETED,2026-03-22,21.2
ETL_ORD_004200,CUST_00698,1059.3,COMPLETED,2026-03-16,7.6
ETL_ORD_004201,CUST_00210,518.38,COMPLETED,2026-03-19,4.09
ETL_ORD_004202,CUST_01021,1288.63,COMPLETED,2026-03-18,34.33
ETL_ORD_004203,CUST_01589,738.92,COMPLETED,2026-03-10,3.5
ETL_ORD_004204,CUST_00234,873.11,COMPLETED,2026-03-21,46.96
ETL_ORD_004205,CUST_00692,406.14,COMPLETED,2026-03-21,32.38
ETL_ORD_004206,CUST_00592,684.72,COMPLETED,2026-03-02,17.85
ETL_ORD_004207,CUST_01054,417.02,COMPLETED,2026-03-09,28.66
ETL_ORD_004208,CUST_00960,378.66,COMPLETED,2026-03-24,23.19
ETL_ORD_004209,CUST_00655,724.88,COMPLETED,2026-03-06,10.44
ETL_ORD_004210,CUST_00794,-10.0,PENDING,2026-03-09,43.35
ETL_ORD_004211,CUST_00631,520.27,COMPLETED,2026-03-14,23.1
ETL_ORD_004212,CUST_00358,1095.94,COMPLETED,2026-03-16,12.51
ETL_ORD_004213,CUST_00491,844.76,CANCELLED,2026-03-04,29.83
ETL_ORD_004214,CUST_01535,573.82,PENDING,2026-03-18,11.46
ETL_ORD_004215,CUST_00318,511.91,COMPLETED,2026-03-26,30.65
ETL_ORD_004216,CUST_01705,1244.96,COMPLETED,2026-03-21,41.34
ETL_ORD_004217,CUST_01302,396.42,COMPLETED,2026-03-12,8.0
ETL_ORD_004218,CUST_01550,1119.15,CANCELLED,2026-03-01,11.21
ETL_ORD_004219,CUST_01174,1329.65,CANCELLED,2026-03-21,40.57
ETL_ORD_004220,CUST_00311,1098.57,COMPLETED,2026-03-13,44.27
ETL_ORD_004221,CUST_01557,242.8,COMPLETED,2026-03-10,22.08
ETL_ORD_004222,CUST_01383,1474.79,PENDING,2026-03-09,20.94
ETL_ORD_004223,CUST_00676,1417.11,INVALID_STATUS,2026-03-15,32.72
ETL_ORD_004224,CUST_00620,1109.0,COMPLETED,2026-03-19,28.3
ETL_ORD_004225,CUST_00966,691.24,COMPLETED,2026-03-11,42.88
ETL_ORD_004226,CUST_00477,315.42,CANCELLED,2026-03-04,27.36
ETL_ORD_004227,CUST_00517,761.25,COMPLETED,2026-03-12,18.37
ETL_ORD_004228,CUST_01948,554.33,COMPLETED,2026-03-04,21.98
ETL_ORD_004229,CUST_01840,161.04,PENDING,2026-03-06,26.68
ETL_ORD_004230,CUST_00287,395.17,COMPLETED,2026-03-06,22.98
ETL_ORD_004231,CUST_01473,714.04,COMPLETED,2026-03-03,21.05
ETL_ORD_004232,CUST_00464,506.45,COMPLETED,2026-03-23,13.22
ETL_ORD_004233,CUST_00279,75.15,PENDING,2026-03-19,38.08
ETL_ORD_004234,CUST_00634,684.99,PENDING,2026-03-04,11.45
ETL_ORD_004235,CUST_00196,1029.98,COMPLETED,2026-03-20,23.39
ETL_ORD_004236,CUST_00463,751.67,COMPLETED,2026-03-13,30.32
ETL_ORD_004237,CUST_01525,513.69,COMPLETED,2026-03-27,28.02
ETL_ORD_004238,CUST_00133,1034.52,COMPLETED,2026-03-06,38.56
ETL_ORD_004239,CUST_01256,1023.45,COMPLETED,2026-03-01,30.24
ETL_ORD_004240,CUST_01603,257.6,PENDING,2026-03-28,22.16
ETL_ORD_004241,CUST_01249,1211.63,INVALID_STATUS,2026-03-21,29.48
ETL_ORD_004242,CUST_00016,1344.57,INVALID_STATUS,2026-03-27,38.81
ETL_ORD_004243,CUST_00616,1266.42,COMPLETED,2026-03-07,22.85
ETL_ORD_004244,CUST_00293,355.92,COMPLETED,2026-03-15,6.38
ETL_ORD_004245,CUST_00453,1129.89,COMPLETED,2026-03-05,19.12
ETL_ORD_004246,CUST_00063,1107.99,COMPLETED,2026-03-23,46.49
ETL_ORD_004247,CUST_01036,248.6,COMPLETED,2026-03-22,33.52
ETL_ORD_004248,CUST_01776,612.62,COMPLETED,2026-03-24,12.49
ETL_ORD_004249,CUST_00222,317.59,COMPLETED,2026-03-23,46.0
ETL_ORD_004250,CUST_01104,1317.37,PENDING,2026-03-14,5.18
ETL_ORD_004251,CUST_01368,1268.08,COMPLETED,2026-03-28,16.07
ETL_ORD_004252,CUST_00916,1290.46,COMPLETED,2026-03-19,29.68
ETL_ORD_004253,CUST_00153,1035.45,COMPLETED,2026-03-18,14.35
ETL_ORD_004254,CUST_01489,320.05,COMPLETED,2026-03-15,31.65
ETL_ORD_004255,CUST_00198,997.73,COMPLETED,2026-03-18,38.73
ETL_ORD_004256,CUST_00401,1493.61,COMPLETED,2026-03-06,29.95
ETL_ORD_004257,CUST_01175,5.48,COMPLETED,2026-03-23,34.44
ETL_ORD_004258,CUST_01722,594.63,COMPLETED,2026-03-15,32.17
ETL_ORD_004259,CUST_01705,359.08,COMPLETED,2026-03-11,12.09
ETL_ORD_004260,CUST_01276,396.63,COMPLETED,2026-03-04,30.92
ETL_ORD_004261,CUST_00003,929.52,COMPLETED,2026-03-10,4.48
ETL_ORD_004262,CUST_01431,109.37,COMPLETED,2026-03-21,11.25
ETL_ORD_004263,CUST_01487,1494.17,COMPLETED,2026-03-27,40.45
ETL_ORD_004264,CUST_01162,1044.68,COMPLETED,2026-03-04,33.51
ETL_ORD_004265,CUST_00464,937.08,COMPLETED,2026-03-20,10.03
ETL_ORD_004266,CUST_00846,976.67,PENDING,2026-03-12,47.39
ETL_ORD_004267,CUST_00548,892.75,COMPLETED,2026-03-23,15.16
ETL_ORD_004268,CUST_01836,21.26,COMPLETED,2026-03-13,38.85
ETL_ORD_004269,CUST_00104,661.78,COMPLETED,2026-03-19,44.92
ETL_ORD_004270,CUST_01452,516.04,PENDING,2026-03-27,0.39
ETL_ORD_004271,CUST_01059,204.19,COMPLETED,2026-03-15,25.79
ETL_ORD_004272,CUST_00226,770.73,COMPLETED,2026-03-06,9.23
ETL_ORD_004273,CUST_00739,931.97,COMPLETED,2026-03-03,19.57
ETL_ORD_004274,CUST_00150,1489.35,COMPLETED,2026-03-27,23.52
ETL_ORD_004275,CUST_00214,1017.58,PENDING,2026-03-26,23.37
ETL_ORD_004276,CUST_01188,1065.0,COMPLETED,2026-03-04,6.66
ETL_ORD_004277,CUST_00355,754.58,COMPLETED,2026-03-18,37.24
ETL_ORD_004278,CUST_00823,563.08,COMPLETED,2026-03-28,9.15
ETL_ORD_004279,CUST_01778,775.03,CANCELLED,2026-03-21,21.61
ETL_ORD_004280,CUST_01440,-10.0,COMPLETED,2026-03-26,48.56
ETL_ORD_004281,CUST_00155,1310.12,PENDING,2026-03-09,49.83
ETL_ORD_004282,CUST_01346,5.21,COMPLETED,2026-03-08,31.1
ETL_ORD_004283,CUST_01105,804.05,COMPLETED,2026-03-28,40.9
ETL_ORD_004284,CUST_01616,279.48,COMPLETED,2026-03-02,8.71
ETL_ORD_004285,CUST_01365,1248.95,COMPLETED,2026-03-06,12.35
ETL_ORD_004286,CUST_01526,379.1,COMPLETED,2026-03-11,5.43
ETL_ORD_004287,CUST_00986,46.76,COMPLETED,2026-03-04,33.45
ETL_ORD_004288,CUST_01795,1046.43,COMPLETED,2026-03-12,5.85
ETL_ORD_004289,CUST_00754,499.17,COMPLETED,2026-03-07,13.92
ETL_ORD_004290,CUST_01804,1392.1,CANCELLED,2026-03-21,7.32
ETL_ORD_004291,CUST_01688,676.45,COMPLETED,2026-03-01,48.77
ETL_ORD_004292,CUST_01904,1198.82,COMPLETED,2026-03-01,10.52
ETL_ORD_004293,CUST_00630,1045.09,PENDING,2026-03-05,18.71
ETL_ORD_004294,CUST_00464,498.0,COMPLETED,2026-03-27,39.28
ETL_ORD_004295,CUST_01597,48.76,COMPLETED,2026-03-20,23.34
ETL_ORD_004296,CUST_01994,1052.91,COMPLETED,2026-03-18,44.88
ETL_ORD_004297,CUST_00193,54.4,COMPLETED,2026-03-29,1.83
ETL_ORD_004298,CUST_01815,164.98,COMPLETED,2026-03-27,4.31
ETL_ORD_004299,CUST_00123,695.35,COMPLETED,2026-03-09,37.44
ETL_ORD_004300,CUST_00182,110.98,COMPLETED,2026-03-12,32.69
ETL_ORD_004301,CUST_01027,259.55,PENDING,2026-03-20,49.8
ETL_ORD_004302,CUST_00692,1185.48,COMPLETED,2026-03-22,41.12
ETL_ORD_004303,CUST_00756,1227.11,COMPLETED,2026-03-27,15.88
ETL_ORD_004304,CUST_00154,664.7,COMPLETED,2026-03-16,41.57
ETL_ORD_004305,CUST_00976,394.47,CANCELLED,2026-03-06,49.89
ETL_ORD_004306,CUST_00438,110.48,COMPLETED,2026-03-26,22.63
ETL_ORD_004307,CUST_01545,219.03,COMPLETED,2026-03-24,44.24
ETL_ORD_004308,CUST_00473,1194.68,COMPLETED,2026-03-29,18.09
ETL_ORD_004309,CUST_01362,1206.87,PENDING,2026-03-21,37.52
ETL_ORD_004310,CUST_00424,745.13,PENDING,2026-03-05,27.64
ETL_ORD_004311,CUST_01055,674.47,COMPLETED,2026-03-12,17.33
ETL_ORD_004312,CUST_01183,1342.61,COMPLETED,2026-03-25,9.04
ETL_ORD_004313,CUST_00591,579.43,COMPLETED,2026-03-29,39.73
ETL_ORD_004314,CUST_01773,475.38,CANCELLED,2026-03-28,28.76
ETL_ORD_004315,CUST_00695,116.53,COMPLETED,2026-03-05,42.35
ETL_ORD_004316,CUST_00179,523.46,CANCELLED,2026-03-17,5.2
ETL_ORD_004317,CUST_01662,1068.66,COMPLETED,2026-03-19,21.11
ETL_ORD_004318,CUST_01868,1245.61,COMPLETED,2026-03-21,23.99
ETL_ORD_004319,CUST_01847,1047.55,COMPLETED,2026-03-15,31.74
ETL_ORD_004320,CUST_01163,1288.29,COMPLETED,2026-03-28,49.62
ETL_ORD_004321,CUST_01466,1443.09,COMPLETED,2026-03-14,4.12
ETL_ORD_004322,CUST_01533,600.7,COMPLETED,2026-03-06,18.68
ETL_ORD_004323,CUST_01139,687.8,COMPLETED,2026-03-11,7.98
ETL_ORD_004324,CUST_01592,620.71,PENDING,2026-03-13,39.34
ETL_ORD_004325,CUST_00676,138.84,CANCELLED,2026-03-28,23.91
ETL_ORD_004326,CUST_01676,496.53,COMPLETED,2026-03-19,45.99
ETL_ORD_004327,CUST_01143,448.31,PENDING,2026-03-01,8.09
ETL_ORD_004328,CUST_00028,848.82,COMPLETED,2026-03-11,7.87
ETL_ORD_004329,CUST_01524,1113.73,COMPLETED,2026-03-03,7.36
ETL_ORD_004330,CUST_00328,188.34,PENDING,2026-03-13,22.36
ETL_ORD_004331,CUST_00289,1325.94,COMPLETED,2026-03-10,37.22
ETL_ORD_004332,CUST_01478,1336.12,COMPLETED,2026-03-03,37.19
ETL_ORD_004333,CUST_00455,1383.53,COMPLETED,2026-03-13,2.58
ETL_ORD_004334,CUST_00364,1235.89,COMPLETED,2026-03-02,11.71
ETL_ORD_004335,CUST_01672,266.33,COMPLETED,2026-03-04,0.57
ETL_ORD_004336,CUST_01750,338.64,COMPLETED,2026-03-11,6.74
ETL_ORD_004337,CUST_01133,694.84,COMPLETED,2026-03-16,47.72
ETL_ORD_004338,CUST_00792,1131.44,COMPLETED,2026-03-10,20.01
ETL_ORD_004339,CUST_01023,1143.74,COMPLETED,2026-03-11,20.32
ETL_ORD_004340,CUST_01986,921.9,COMPLETED,2026-03-18,26.19
ETL_ORD_004341,CUST_00526,522.93,COMPLETED,2026-03-29,27.87
ETL_ORD_004342,CUST_00628,49.99,COMPLETED,2026-03-04,41.01
ETL_ORD_004343,CUST_01732,504.4,PENDING,2026-03-05,48.97
ETL_ORD_004344,CUST_00398,1054.86,COMPLETED,2026-03-12,47.85
ETL_ORD_004345,CUST_01285,860.44,COMPLETED,2026-03-26,15.56
ETL_ORD_004346,CUST_00187,580.36,COMPLETED,2026-03-12,23.54
ETL_ORD_004347,CUST_01241,965.39,COMPLETED,2026-03-27,36.5
ETL_ORD_004348,CUST_01851,1077.22,CANCELLED,2026-03-01,11.26
ETL_ORD_004349,CUST_01690,735.04,COMPLETED,2026-03-21,19.32
ETL_ORD_004350,CUST_00086,1170.2,CANCELLED,2026-03-14,29.67
ETL_ORD_004351,CUST_01872,410.09,COMPLETED,2026-03-15,20.15
ETL_ORD_004352,CUST_01968,1334.65,COMPLETED,2026-03-06,11.09
ETL_ORD_004353,CUST_00258,1435.11,COMPLETED,2026-03-13,39.34
ETL_ORD_004354,CUST_01030,490.0,PENDING,2026-03-28,38.12
ETL_ORD_004355,CUST_01888,1180.98,COMPLETED,2026-03-16,19.32
ETL_ORD_004356,CUST_00700,372.74,COMPLETED,2026-03-23,13.22
ETL_ORD_004357,CUST_01732,653.04,COMPLETED,2026-03-24,45.35
ETL_ORD_004358,CUST_01595,411.97,COMPLETED,2026-03-26,26.26
ETL_ORD_004359,CUST_00820,1063.64,COMPLETED,2026-03-11,6.92
ETL_ORD_004360,CUST_01779,768.6,COMPLETED,2026-03-29,20.02
ETL_ORD_004361,CUST_01402,246.6,COMPLETED,2026-03-02,5.78
ETL_ORD_004362,CUST_01003,1359.99,COMPLETED,2026-03-19,13.31
ETL_ORD_004363,CUST_01652,1276.46,COMPLETED,2026-03-28,29.93
ETL_ORD_004364,CUST_00119,1400.96,CANCELLED,2026-03-17,21.19
ETL_ORD_004365,CUST_01753,175.74,COMPLETED,2026-03-09,7.13
ETL_ORD_004366,CUST_01988,217.25,COMPLETED,2026-03-27,14.26
ETL_ORD_004367,CUST_01152,515.25,INVALID_STATUS,2026-03-25,2.22
ETL_ORD_004368,CUST_00996,78.71,COMPLETED,2026-03-16,49.94
ETL_ORD_004369,CUST_01434,717.39,COMPLETED,2026-03-29,27.36
ETL_ORD_004370,CUST_00729,182.81,COMPLETED,2026-03-09,14.13
ETL_ORD_004371,CUST_01452,432.46,COMPLETED,2026-03-22,21.63
ETL_ORD_004372,CUST_01709,1496.56,COMPLETED,2026-03-09,45.86
ETL_ORD_004373,CUST_01264,617.16,CANCELLED,2026-03-08,36.53
ETL_ORD_004374,CUST_00985,1275.79,COMPLETED,2026-03-15,22.51
ETL_ORD_004375,CUST_01030,1300.6,COMPLETED,2026-03-27,18.41
ETL_ORD_004376,CUST_00774,680.41,COMPLETED,2026-03-19,45.61
ETL_ORD_004377,CUST_00041,1416.63,COMPLETED,2026-03-28,46.55
ETL_ORD_004378,CUST_01838,811.62,COMPLETED,2026-03-07,9.21
ETL_ORD_004379,CUST_01264,209.29,COMPLETED,2026-03-13,3.13
ETL_ORD_004380,CUST_00371,877.01,COMPLETED,2026-03-13,32.9
ETL_ORD_004381,CUST_01484,50.82,CANCELLED,2026-03-09,33.06
ETL_ORD_004382,CUST_00194,1044.42,COMPLETED,2026-03-08,21.83
ETL_ORD_004383,CUST_01569,1015.0,COMPLETED,2026-03-16,38.25
ETL_ORD_004384,CUST_00255,16.93,COMPLETED,2026-03-09,38.92
ETL_ORD_004385,CUST_01718,1429.54,COMPLETED,2026-03-19,2.04
ETL_ORD_004386,CUST_01842,18.59,CANCELLED,2026-03-14,18.83
ETL_ORD_004387,CUST_00782,680.39,COMPLETED,2026-03-15,8.65
ETL_ORD_004388,CUST_01160,246.68,COMPLETED,2026-03-04,11.11
ETL_ORD_004389,CUST_00819,909.97,COMPLETED,2026-03-26,24.38
ETL_ORD_004390,CUST_00922,835.85,COMPLETED,2026-03-07,16.58
ETL_ORD_004391,CUST_00985,183.62,COMPLETED,2026-03-26,3.34
ETL_ORD_004392,CUST_01855,854.9,COMPLETED,2026-03-08,9.75
ETL_ORD_004393,CUST_01136,1030.13,COMPLETED,2026-03-06,27.59
ETL_ORD_004394,CUST_01073,739.78,COMPLETED,2026-03-09,21.19
ETL_ORD_004395,CUST_01183,992.31,COMPLETED,2026-03-12,34.62
ETL_ORD_004396,CUST_00512,755.1,COMPLETED,2026-03-07,15.67
ETL_ORD_004397,CUST_00070,713.96,COMPLETED,2026-03-11,13.24
ETL_ORD_004398,CUST_00095,674.4,COMPLETED,2026-03-25,15.45
ETL_ORD_004399,CUST_00061,454.33,COMPLETED,2026-03-19,12.29
ETL_ORD_004400,CUST_01408,1216.61,COMPLETED,2026-03-21,15.02
ETL_ORD_004401,CUST_00491,1178.03,COMPLETED,2026-03-12,31.2
ETL_ORD_004402,CUST_01384,479.96,PENDING,2026-03-21,48.11
ETL_ORD_004403,CUST_00639,44.19,CANCELLED,2026-03-10,39.04
ETL_ORD_004404,CUST_00518,248.56,COMPLETED,2026-03-22,32.02
ETL_ORD_004405,CUST_01788,987.42,PENDING,2026-03-01,39.27
ETL_ORD_004406,CUST_01756,753.91,COMPLETED,2026-03-11,1.81
ETL_ORD_004407,CUST_00252,587.82,COMPLETED,2026-03-24,28.0
ETL_ORD_004408,CUST_01381,37.27,COMPLETED,2026-03-11,11.24
ETL_ORD_004409,CUST_00054,1123.85,COMPLETED,2026-03-11,10.93
ETL_ORD_004410,CUST_00432,871.56,COMPLETED,2026-03-06,41.7
ETL_ORD_004411,CUST_00217,1495.57,COMPLETED,2026-03-26,44.1
ETL_ORD_004412,CUST_01138,780.44,PENDING,2026-03-08,43.38
ETL_ORD_004413,CUST_01654,254.53,COMPLETED,2026-03-09,22.1
ETL_ORD_004414,CUST_01978,805.38,COMPLETED,2026-03-29,41.16
ETL_ORD_004415,CUST_00776,628.88,COMPLETED,2026-03-28,20.93
ETL_ORD_004416,CUST_01911,560.5,COMPLETED,2026-03-09,32.81
ETL_ORD_004417,CUST_00026,1221.39,COMPLETED,2026-03-23,19.28
ETL_ORD_004418,CUST_01817,259.34,PENDING,2026-03-20,46.04
ETL_ORD_004419,CUST_00158,1383.32,COMPLETED,2026-03-05,38.55
ETL_ORD_004420,CUST_01683,637.22,COMPLETED,2026-03-25,27.06
ETL_ORD_004421,CUST_00713,679.08,PENDING,2026-03-28,2.38
ETL_ORD_004422,CUST_01610,895.32,COMPLETED,2026-03-15,34.34
ETL_ORD_004423,CUST_00584,850.47,COMPLETED,2026-03-03,36.93
ETL_ORD_004424,CUST_01572,565.03,COMPLETED,2026-03-07,48.27
ETL_ORD_004425,CUST_00641,990.1,COMPLETED,2026-03-05,31.91
ETL_ORD_004426,CUST_01795,824.1,COMPLETED,2026-03-25,34.47
ETL_ORD_004427,CUST_00828,1139.32,COMPLETED,2026-03-06,42.88
ETL_ORD_004428,CUST_01997,130.57,COMPLETED,2026-03-10,29.85
ETL_ORD_004429,CUST_01374,-10.0,COMPLETED,2026-03-07,24.93
ETL_ORD_004430,CUST_00123,353.66,COMPLETED,2026-03-28,1.89
ETL_ORD_004431,CUST_00715,82.06,CANCELLED,2026-03-12,32.77
ETL_ORD_004432,CUST_00873,371.48,COMPLETED,2026-03-05,18.18
ETL_ORD_004433,CUST_00590,996.48,CANCELLED,2026-03-29,34.07
ETL_ORD_004434,CUST_00753,969.85,COMPLETED,2026-03-17,8.35
ETL_ORD_004435,CUST_00520,706.8,COMPLETED,2026-03-17,48.5
ETL_ORD_004436,CUST_00601,954.02,COMPLETED,2026-03-20,43.46
ETL_ORD_004437,CUST_00009,208.11,COMPLETED,2026-03-08,18.78
ETL_ORD_004438,CUST_00488,60.55,COMPLETED,2026-03-06,26.38
ETL_ORD_004439,CUST_00257,7.54,COMPLETED,2026-03-12,4.89
ETL_ORD_004440,CUST_01745,1282.84,COMPLETED,2026-03-20,22.46
ETL_ORD_004441,CUST_01518,518.6,COMPLETED,2026-03-12,33.28
ETL_ORD_004442,CUST_00949,721.84,COMPLETED,2026-03-24,16.66
ETL_ORD_004443,CUST_01081,190.37,COMPLETED,2026-03-21,16.17
ETL_ORD_004444,CUST_01872,496.04,COMPLETED,2026-03-15,8.35
ETL_ORD_004445,CUST_01608,376.08,COMPLETED,2026-03-09,15.89
ETL_ORD_004446,CUST_00174,972.73,COMPLETED,2026-03-12,12.88
ETL_ORD_004447,CUST_00758,198.67,COMPLETED,2026-03-28,26.2
ETL_ORD_004448,CUST_00545,496.35,COMPLETED,2026-03-21,37.99
ETL_ORD_004449,CUST_01360,263.85,PENDING,2026-03-20,27.69
ETL_ORD_004450,CUST_00625,514.65,COMPLETED,2026-03-11,19.77
ETL_ORD_004451,CUST_00836,732.17,CANCELLED,2026-03-29,2.27
ETL_ORD_004452,CUST_01744,1130.01,COMPLETED,2026-03-18,9.57
ETL_ORD_004453,CUST_01219,902.1,COMPLETED,2026-03-03,5.46
ETL_ORD_004454,CUST_00593,548.3,COMPLETED,2026-03-17,17.62
ETL_ORD_004455,CUST_01441,143.35,COMPLETED,2026-03-16,40.79
ETL_ORD_004456,CUST_00522,198.47,CANCELLED,2026-03-08,0.75
ETL_ORD_004457,CUST_01435,998.38,PENDING,2026-03-15,23.6
ETL_ORD_004458,CUST_01394,433.41,COMPLETED,2026-03-23,18.22
ETL_ORD_004459,CUST_01282,1042.97,PENDING,2026-03-25,32.37
ETL_ORD_004460,CUST_01582,385.36,COMPLETED,2026-03-18,36.11
ETL_ORD_004461,CUST_00988,227.86,COMPLETED,2026-03-13,21.91
ETL_ORD_004462,CUST_01307,1034.74,COMPLETED,2026-03-03,26.83
ETL_ORD_004463,CUST_00527,1270.23,COMPLETED,2026-03-29,21.0
ETL_ORD_004464,CUST_00845,733.29,COMPLETED,2026-03-29,15.01
ETL_ORD_004465,CUST_00370,1187.85,COMPLETED,2026-03-24,9.13
ETL_ORD_004466,CUST_00316,1233.36,COMPLETED,2026-03-21,41.74
ETL_ORD_004467,CUST_01463,286.53,PENDING,2026-03-07,49.1
ETL_ORD_004468,CUST_00025,895.52,COMPLETED,2026-03-27,23.97
ETL_ORD_004469,CUST_00439,475.09,COMPLETED,2026-03-20,27.64
ETL_ORD_004470,CUST_01395,1317.52,INVALID_STATUS,2026-03-25,22.69
ETL_ORD_004471,CUST_00016,742.49,COMPLETED,2026-03-20,32.81
ETL_ORD_004472,CUST_00080,1447.18,COMPLETED,2026-03-02,46.37
ETL_ORD_004473,CUST_01850,979.94,COMPLETED,2026-03-10,48.47
ETL_ORD_004474,CUST_00734,1476.59,PENDING,2026-03-27,39.89
ETL_ORD_004475,CUST_01768,831.21,CANCELLED,2026-03-23,22.95
ETL_ORD_004476,CUST_01900,577.38,COMPLETED,2026-03-09,34.54
ETL_ORD_004477,CUST_00323,1488.64,COMPLETED,2026-03-26,35.11
ETL_ORD_004478,CUST_01160,24.11,COMPLETED,2026-03-14,6.22
ETL_ORD_004479,CUST_00301,141.15,COMPLETED,2026-03-04,10.12
ETL_ORD_004480,CUST_01185,385.12,COMPLETED,2026-03-13,20.95
ETL_ORD_004481,CUST_00873,189.9,COMPLETED,2026-03-14,10.47
ETL_ORD_004482,CUST_00915,1171.57,COMPLETED,2026-03-29,38.93
ETL_ORD_004483,CUST_00868,259.3,COMPLETED,2026-03-15,17.23
ETL_ORD_004484,CUST_01512,1234.69,COMPLETED,2026-03-18,7.4
ETL_ORD_004485,CUST_01717,17.38,COMPLETED,2026-03-20,33.06
ETL_ORD_004486,CUST_01874,280.68,PENDING,2026-03-13,40.88
ETL_ORD_004487,CUST_01912,814.65,CANCELLED,2026-03-22,40.3
ETL_ORD_004488,CUST_00615,912.63,COMPLETED,2026-03-14,25.29
ETL_ORD_004489,CUST_00447,978.86,COMPLETED,2026-03-05,15.39
ETL_ORD_004490,CUST_01658,1297.08,COMPLETED,2026-03-28,29.29
ETL_ORD_004491,CUST_01288,290.93,COMPLETED,2026-03-14,5.89
ETL_ORD_004492,CUST_01530,99.52,COMPLETED,2026-03-08,3.26
ETL_ORD_004493,CUST_01700,1056.79,COMPLETED,2026-03-02,33.8
ETL_ORD_004494,CUST_01993,818.96,COMPLETED,2026-03-18,32.62
ETL_ORD_004495,CUST_00062,1340.86,COMPLETED,2026-03-28,37.96
ETL_ORD_004496,CUST_00284,219.06,COMPLETED,2026-03-14,30.33
ETL_ORD_004497,CUST_01688,1017.63,COMPLETED,2026-03-11,14.65
ETL_ORD_004498,CUST_00609,107.98,COMPLETED,2026-03-17,30.47
ETL_ORD_004499,CUST_00402,337.92,PENDING,2026-03-04,27.51
ETL_ORD_004500,CUST_00207,1271.62,PENDING,2026-03-13,42.07
ETL_ORD_004501,CUST_00002,576.7,PENDING,2026-03-24,7.16
ETL_ORD_004502,CUST_01943,300.46,COMPLETED,2026-03-03,2.34
ETL_ORD_004503,CUST_00223,1292.88,COMPLETED,2026-03-02,1.18
ETL_ORD_004504,CUST_00645,321.3,CANCELLED,2026-03-16,42.83
ETL_ORD_004505,CUST_00116,116.9,COMPLETED,2026-03-22,43.11
ETL_ORD_004506,CUST_01358,1280.95,CANCELLED,2026-03-17,30.35
ETL_ORD_004507,CUST_01655,730.44,COMPLETED,2026-03-20,4.07
ETL_ORD_004508,CUST_00089,-10.0,COMPLETED,2026-03-17,40.68
ETL_ORD_004509,CUST_01160,1237.04,COMPLETED,2026-03-23,0.84
ETL_ORD_004510,CUST_00582,260.23,COMPLETED,2026-03-06,24.04
ETL_ORD_004511,CUST_01358,701.65,INVALID_STATUS,2026-03-15,45.76
ETL_ORD_004512,CUST_01960,604.27,COMPLETED,2026-03-24,13.64
ETL_ORD_004513,CUST_00878,848.15,COMPLETED,2026-03-21,20.92
ETL_ORD_004514,CUST_00689,417.65,CANCELLED,2026-03-15,30.85
ETL_ORD_004515,CUST_01139,444.76,CANCELLED,2026-03-01,9.09
ETL_ORD_004516,CUST_01962,503.11,CANCELLED,2026-03-17,21.6
ETL_ORD_004517,CUST_00439,-10.0,COMPLETED,2026-03-16,48.67
ETL_ORD_004518,CUST_01160,1306.07,COMPLETED,2026-03-07,30.14
ETL_ORD_004519,CUST_01192,733.89,COMPLETED,2026-03-26,3.45
ETL_ORD_004520,CUST_00193,1127.63,COMPLETED,2026-03-12,33.73
ETL_ORD_004521,CUST_00586,400.59,COMPLETED,2026-03-13,3.11
ETL_ORD_004522,CUST_00553,616.26,COMPLETED,2026-03-16,24.09
ETL_ORD_004523,CUST_00789,866.18,COMPLETED,2026-03-19,33.06
ETL_ORD_004524,CUST_00617,1304.63,COMPLETED,2026-03-05,35.29
ETL_ORD_004525,CUST_01620,324.26,COMPLETED,2026-03-02,19.4
ETL_ORD_004526,CUST_00675,501.35,COMPLETED,2026-03-04,0.89
ETL_ORD_004527,CUST_01928,1499.43,COMPLETED,2026-03-17,0.03
ETL_ORD_004528,CUST_00456,613.31,COMPLETED,2026-03-04,21.35
ETL_ORD_004529,CUST_00707,530.63,COMPLETED,2026-03-28,9.05
ETL_ORD_004530,CUST_00466,698.62,COMPLETED,2026-03-01,47.53
ETL_ORD_004531,CUST_01362,879.57,PENDING,2026-03-19,37.24
ETL_ORD_004532,CUST_00264,1261.17,CANCELLED,2026-03-24,7.13
ETL_ORD_004533,CUST_00879,815.29,COMPLETED,2026-03-05,0.05
ETL_ORD_004534,CUST_01753,716.22,COMPLETED,2026-03-16,5.09
ETL_ORD_004535,CUST_00264,422.33,COMPLETED,2026-03-17,38.27
ETL_ORD_004536,CUST_00172,99.72,COMPLETED,2026-03-15,0.21
ETL_ORD_004537,CUST_01063,324.39,COMPLETED,2026-03-01,3.23
ETL_ORD_004538,CUST_01483,1303.98,COMPLETED,2026-03-01,48.16
ETL_ORD_004539,CUST_01660,1179.02,COMPLETED,2026-03-07,15.01
ETL_ORD_004540,CUST_01808,578.3,COMPLETED,2026-03-02,15.26
ETL_ORD_004541,CUST_01641,1215.82,PENDING,2026-03-28,28.55
ETL_ORD_004542,CUST_00379,296.79,COMPLETED,2026-03-04,29.97
ETL_ORD_004543,CUST_01750,62.61,COMPLETED,2026-03-09,8.77
ETL_ORD_004544,CUST_00965,696.25,COMPLETED,2026-03-16,18.84
ETL_ORD_004545,CUST_01362,25.5,COMPLETED,2026-03-13,10.0
ETL_ORD_004546,CUST_01531,15.16,COMPLETED,2026-03-13,7.66
ETL_ORD_004547,CUST_00368,1488.62,COMPLETED,2026-03-18,19.35
ETL_ORD_004548,CUST_00682,303.99,COMPLETED,2026-03-27,29.31
ETL_ORD_004549,CUST_00563,1137.77,COMPLETED,2026-03-08,35.87
ETL_ORD_004550,CUST_00630,1425.93,COMPLETED,2026-03-21,18.51
ETL_ORD_004551,CUST_00029,48.98,COMPLETED,2026-03-25,7.64
ETL_ORD_004552,CUST_01760,1061.22,COMPLETED,2026-03-12,25.66
ETL_ORD_004553,CUST_01015,557.32,CANCELLED,2026-03-14,17.08
ETL_ORD_004554,CUST_01327,658.77,CANCELLED,2026-03-18,32.54
ETL_ORD_004555,CUST_00433,479.23,COMPLETED,2026-03-18,0.18
ETL_ORD_004556,CUST_00715,1105.36,COMPLETED,2026-03-14,27.64
ETL_ORD_004557,CUST_00355,480.67,COMPLETED,2026-03-06,4.56
ETL_ORD_004558,CUST_00494,1089.66,COMPLETED,2026-03-07,41.45
ETL_ORD_004559,CUST_00016,788.41,PENDING,2026-03-19,1.55
ETL_ORD_004560,CUST_01257,906.24,COMPLETED,2026-03-19,31.49
ETL_ORD_004561,CUST_01414,334.59,COMPLETED,2026-03-28,38.04
ETL_ORD_004562,CUST_01943,952.55,COMPLETED,2026-03-29,11.91
ETL_ORD_004563,CUST_01418,961.54,COMPLETED,2026-03-11,27.82
ETL_ORD_004564,CUST_00941,1168.06,COMPLETED,2026-03-19,4.37
ETL_ORD_004565,CUST_01419,497.84,COMPLETED,2026-03-09,11.61
ETL_ORD_004566,CUST_01334,831.17,COMPLETED,2026-03-18,31.16
ETL_ORD_004567,CUST_00037,102.25,COMPLETED,2026-03-27,7.59
ETL_ORD_004568,CUST_00017,823.27,PENDING,2026-03-21,42.12
ETL_ORD_004569,CUST_01167,1044.47,COMPLETED,2026-03-27,12.7
ETL_ORD_004570,CUST_01410,965.93,COMPLETED,2026-03-24,15.17
ETL_ORD_004571,CUST_01392,160.21,PENDING,2026-03-25,18.47
ETL_ORD_004572,CUST_00500,620.57,COMPLETED,2026-03-22,0.32
ETL_ORD_004573,CUST_01187,1232.93,COMPLETED,2026-03-21,39.25
ETL_ORD_004574,CUST_01608,777.96,COMPLETED,2026-03-01,40.94
ETL_ORD_004575,CUST_01512,175.37,COMPLETED,2026-03-10,47.63
ETL_ORD_004576,CUST_01025,-10.0,COMPLETED,2026-03-07,43.25
ETL_ORD_004577,CUST_01835,1306.3,PENDING,2026-03-26,36.24
ETL_ORD_004578,CUST_01679,868.87,COMPLETED,2026-03-01,16.87
ETL_ORD_004579,CUST_01404,1494.11,COMPLETED,2026-03-01,40.68
ETL_ORD_004580,CUST_01421,1368.36,COMPLETED,2026-03-17,39.22
ETL_ORD_004581,CUST_00665,366.68,COMPLETED,2026-03-11,23.47
ETL_ORD_004582,CUST_00069,649.78,COMPLETED,2026-03-15,46.6
ETL_ORD_004583,CUST_01537,972.71,COMPLETED,2026-03-17,49.83
ETL_ORD_004584,CUST_01274,1195.81,COMPLETED,2026-03-14,2.37
ETL_ORD_004585,CUST_01715,171.71,COMPLETED,2026-03-15,40.95
ETL_ORD_004586,CUST_01791,1449.53,COMPLETED,2026-03-04,29.75
ETL_ORD_004587,CUST_00242,1402.41,COMPLETED,2026-03-16,49.82
ETL_ORD_004588,CUST_00953,789.06,COMPLETED,2026-03-10,1.44
ETL_ORD_004589,CUST_01844,1379.0,CANCELLED,2026-03-23,39.19
ETL_ORD_004590,CUST_00667,394.68,COMPLETED,2026-03-18,40.34
ETL_ORD_004591,CUST_00503,959.38,COMPLETED,2026-03-20,21.35
ETL_ORD_004592,CUST_00332,1208.11,COMPLETED,2026-03-01,10.4
ETL_ORD_004593,CUST_01019,862.08,COMPLETED,2026-03-21,18.08
ETL_ORD_004594,CUST_00347,103.34,COMPLETED,2026-03-29,18.28
ETL_ORD_004595,CUST_00361,38.81,COMPLETED,2026-03-21,46.25
ETL_ORD_004596,CUST_00374,1200.15,COMPLETED,2026-03-10,21.54
ETL_ORD_004597,CUST_00163,237.64,COMPLETED,2026-03-06,15.38
ETL_ORD_004598,CUST_00653,67.29,COMPLETED,2026-03-14,17.45
ETL_ORD_004599,CUST_01720,1126.63,CANCELLED,2026-03-05,25.54
ETL_ORD_004600,CUST_01487,1094.15,PENDING,2026-03-27,48.95
ETL_ORD_004601,CUST_00486,625.81,COMPLETED,2026-03-06,26.33
ETL_ORD_004602,CUST_00733,1306.76,COMPLETED,2026-03-19,13.88
ETL_ORD_004603,CUST_00357,79.47,COMPLETED,2026-03-26,15.22
ETL_ORD_004604,CUST_00532,1204.58,COMPLETED,2026-03-03,45.87
ETL_ORD_004605,CUST_00546,1288.43,PENDING,2026-03-24,32.34
ETL_ORD_004606,CUST_01183,1431.62,COMPLETED,2026-03-12,0.27
ETL_ORD_004607,CUST_00382,341.61,COMPLETED,2026-03-06,20.77
ETL_ORD_004608,CUST_01400,1233.53,COMPLETED,2026-03-25,3.33
ETL_ORD_004609,CUST_00273,145.0,COMPLETED,2026-03-21,26.49
ETL_ORD_004610,CUST_00449,1310.43,COMPLETED,2026-03-28,25.7
ETL_ORD_004611,CUST_00601,1132.24,COMPLETED,2026-03-16,0.22
ETL_ORD_004612,CUST_02000,805.1,COMPLETED,2026-03-02,6.81
ETL_ORD_004613,CUST_01045,1313.91,COMPLETED,2026-03-14,9.65
ETL_ORD_004614,CUST_00990,1261.08,COMPLETED,2026-03-01,5.75
ETL_ORD_004615,CUST_01846,311.46,COMPLETED,2026-03-06,4.5
ETL_ORD_004616,CUST_00963,322.33,COMPLETED,2026-03-20,25.74
ETL_ORD_004617,CUST_01086,799.64,COMPLETED,2026-03-12,25.63
ETL_ORD_004618,CUST_01446,693.44,COMPLETED,2026-03-03,17.68
ETL_ORD_004619,CUST_00989,1043.12,COMPLETED,2026-03-11,46.92
ETL_ORD_004620,CUST_01802,466.37,CANCELLED,2026-03-16,32.48
ETL_ORD_004621,CUST_01011,1073.26,COMPLETED,2026-03-29,14.26
ETL_ORD_004622,CUST_01019,1026.54,COMPLETED,2026-03-13,35.71
ETL_ORD_004623,CUST_01314,1074.97,PENDING,2026-03-08,19.1
ETL_ORD_004624,CUST_01920,928.35,COMPLETED,2026-03-18,5.71
ETL_ORD_004625,CUST_01189,757.28,COMPLETED,2026-03-15,4.17
ETL_ORD_004626,CUST_00017,925.9,COMPLETED,2026-03-29,21.96
ETL_ORD_004627,CUST_00943,465.89,COMPLETED,2026-03-20,41.14
ETL_ORD_004628,CUST_00230,1402.94,CANCELLED,2026-03-04,5.68
ETL_ORD_004629,CUST_01351,381.07,COMPLETED,2026-03-06,27.19
ETL_ORD_004630,CUST_00340,842.51,COMPLETED,2026-03-06,40.17
ETL_ORD_004631,CUST_01440,1112.72,COMPLETED,2026-03-29,24.41
ETL_ORD_004632,CUST_00725,377.17,CANCELLED,2026-03-11,17.41
ETL_ORD_004633,CUST_01593,1106.64,PENDING,2026-03-13,11.72
ETL_ORD_004634,CUST_00033,905.81,COMPLETED,2026-03-02,27.95
ETL_ORD_004635,CUST_00138,105.51,COMPLETED,2026-03-16,45.73
ETL_ORD_004636,CUST_00346,1327.61,COMPLETED,2026-03-12,0.39
ETL_ORD_004637,CUST_01217,1179.51,COMPLETED,2026-03-07,26.72
ETL_ORD_004638,CUST_00452,1327.91,COMPLETED,2026-03-03,26.65
ETL_ORD_004639,CUST_01439,1465.31,COMPLETED,2026-03-01,3.99
ETL_ORD_004640,CUST_01231,977.21,COMPLETED,2026-03-07,27.9
ETL_ORD_004641,CUST_00356,1146.39,COMPLETED,2026-03-12,37.12
ETL_ORD_004642,CUST_01487,354.15,COMPLETED,2026-03-09,21.54
ETL_ORD_004643,CUST_00162,1016.38,COMPLETED,2026-03-21,35.19
ETL_ORD_004644,CUST_00253,1105.47,COMPLETED,2026-03-21,0.92
ETL_ORD_004645,CUST_00971,372.72,COMPLETED,2026-03-01,11.18
ETL_ORD_004646,CUST_01402,887.22,CANCELLED,2026-03-03,26.79
ETL_ORD_004647,CUST_00311,726.58,COMPLETED,2026-03-17,23.49
ETL_ORD_004648,CUST_00811,410.75,COMPLETED,2026-03-20,9.12
ETL_ORD_004649,CUST_01491,425.12,COMPLETED,2026-03-20,22.09
ETL_ORD_004650,CUST_01365,831.81,COMPLETED,2026-03-02,22.91
ETL_ORD_004651,CUST_01618,-10.0,COMPLETED,2026-03-26,25.37
ETL_ORD_004652,CUST_01917,1247.44,COMPLETED,2026-03-12,29.03
ETL_ORD_004653,CUST_00326,615.46,COMPLETED,2026-03-29,47.67
ETL_ORD_004654,CUST_01809,20.96,COMPLETED,2026-03-25,33.68
ETL_ORD_004655,CUST_01040,1032.42,COMPLETED,2026-03-06,5.82
ETL_ORD_004656,CUST_01145,540.94,COMPLETED,2026-03-06,28.91
ETL_ORD_004657,CUST_01469,488.93,COMPLETED,2026-03-20,1.79
ETL_ORD_004658,CUST_00394,146.42,CANCELLED,2026-03-21,0.78
ETL_ORD_004659,CUST_01767,351.11,COMPLETED,2026-03-04,4.35
ETL_ORD_004660,CUST_01093,1498.78,COMPLETED,2026-03-08,21.91
ETL_ORD_004661,CUST_01797,707.95,COMPLETED,2026-03-03,29.37
ETL_ORD_004662,CUST_01537,530.9,CANCELLED,2026-03-11,40.61
ETL_ORD_004663,CUST_00201,470.07,COMPLETED,2026-03-06,49.85
ETL_ORD_004664,CUST_00410,785.48,PENDING,2026-03-13,45.46
ETL_ORD_004665,CUST_00177,1142.43,COMPLETED,2026-03-24,1.05
ETL_ORD_004666,CUST_00327,1435.19,COMPLETED,2026-03-25,40.35
ETL_ORD_004667,CUST_01105,1448.89,COMPLETED,2026-03-22,48.66
ETL_ORD_004668,CUST_01173,1098.79,COMPLETED,2026-03-13,41.2
ETL_ORD_004669,CUST_00992,413.16,COMPLETED,2026-03-04,30.82
ETL_ORD_004670,CUST_01369,157.05,COMPLETED,2026-03-05,28.76
ETL_ORD_004671,CUST_00810,1482.61,COMPLETED,2026-03-01,30.75
ETL_ORD_004672,CUST_01630,-10.0,COMPLETED,2026-03-27,48.3
ETL_ORD_004673,CUST_00895,1240.96,COMPLETED,2026-03-08,26.91
ETL_ORD_004674,CUST_00481,308.77,COMPLETED,2026-03-27,32.93
ETL_ORD_004675,CUST_01069,656.84,COMPLETED,2026-03-02,36.73
ETL_ORD_004676,CUST_00864,786.43,COMPLETED,2026-03-24,32.66
ETL_ORD_004677,CUST_00260,178.76,PENDING,2026-03-28,28.83
ETL_ORD_004678,CUST_00377,579.56,COMPLETED,2026-03-24,8.4
ETL_ORD_004679,CUST_01605,1060.3,COMPLETED,2026-03-09,15.48
ETL_ORD_004680,CUST_01384,1394.64,COMPLETED,2026-03-24,44.59
ETL_ORD_004681,CUST_00977,1084.78,COMPLETED,2026-03-29,22.09
ETL_ORD_004682,CUST_00922,1393.14,PENDING,2026-03-01,11.5
ETL_ORD_004683,CUST_01163,484.65,COMPLETED,2026-03-15,20.5
ETL_ORD_004684,CUST_00450,939.64,COMPLETED,2026-03-01,0.27
ETL_ORD_004685,CUST_00684,963.91,COMPLETED,2026-03-16,19.45
ETL_ORD_004686,CUST_01312,411.25,COMPLETED,2026-03-06,32.65
ETL_ORD_004687,CUST_01953,806.44,COMPLETED,2026-03-20,48.76
ETL_ORD_004688,CUST_01115,241.22,CANCELLED,2026-03-26,17.92
ETL_ORD_004689,CUST_00989,886.74,COMPLETED,2026-03-06,3.0
ETL_ORD_004690,CUST_00692,1279.77,COMPLETED,2026-03-24,31.66
ETL_ORD_004691,CUST_01552,1081.51,COMPLETED,2026-03-28,7.61
ETL_ORD_004692,CUST_00454,150.72,COMPLETED,2026-03-10,38.99
ETL_ORD_004693,CUST_01958,296.36,COMPLETED,2026-03-17,43.61
ETL_ORD_004694,CUST_01507,16.5,COMPLETED,2026-03-06,21.2
ETL_ORD_004695,CUST_01065,103.17,COMPLETED,2026-03-08,47.87
ETL_ORD_004696,CUST_01701,1381.18,COMPLETED,2026-03-24,9.7
ETL_ORD_004697,CUST_01914,1017.62,COMPLETED,2026-03-06,26.5
ETL_ORD_004698,CUST_01681,1036.79,PENDING,2026-03-06,21.65
ETL_ORD_004699,CUST_01441,-10.0,COMPLETED,2026-03-13,18.43
ETL_ORD_004700,CUST_01662,921.6,COMPLETED,2026-03-12,8.66
ETL_ORD_004701,CUST_01315,440.35,COMPLETED,2026-03-19,9.98
ETL_ORD_004702,CUST_01011,1200.57,COMPLETED,2026-03-10,21.47
ETL_ORD_004703,CUST_01242,412.07,COMPLETED,2026-03-19,10.55
ETL_ORD_004704,CUST_01456,1227.39,COMPLETED,2026-03-12,24.51
ETL_ORD_004705,CUST_00890,755.91,COMPLETED,2026-03-26,1.05
ETL_ORD_004706,CUST_01732,32.3,COMPLETED,2026-03-26,30.09
ETL_ORD_004707,CUST_01189,1444.26,COMPLETED,2026-03-18,49.72
ETL_ORD_004708,CUST_00019,1191.36,COMPLETED,2026-03-26,2.14
ETL_ORD_004709,CUST_00023,415.61,COMPLETED,2026-03-26,15.17
ETL_ORD_004710,CUST_00566,402.55,COMPLETED,2026-03-11,5.2
ETL_ORD_004711,CUST_01947,326.04,COMPLETED,2026-03-03,26.9
ETL_ORD_004712,CUST_01959,135.19,COMPLETED,2026-03-04,44.4
ETL_ORD_004713,CUST_01204,958.61,COMPLETED,2026-03-07,31.33
ETL_ORD_004714,CUST_00356,1167.05,COMPLETED,2026-03-27,18.18
ETL_ORD_004715,CUST_01823,972.22,COMPLETED,2026-03-04,47.0
ETL_ORD_004716,CUST_01768,648.16,COMPLETED,2026-03-14,18.29
ETL_ORD_004717,CUST_00857,312.81,COMPLETED,2026-03-24,14.93
ETL_ORD_004718,CUST_01482,1131.28,COMPLETED,2026-03-19,32.97
ETL_ORD_004719,CUST_01912,1145.27,COMPLETED,2026-03-23,24.01
ETL_ORD_004720,CUST_00927,1106.28,COMPLETED,2026-03-23,29.31
ETL_ORD_004721,CUST_01807,103.61,COMPLETED,2026-03-24,19.46
ETL_ORD_004722,CUST_01919,1438.32,COMPLETED,2026-03-10,46.72
ETL_ORD_004723,CUST_00869,222.96,COMPLETED,2026-03-11,35.96
ETL_ORD_004724,CUST_00216,1374.93,COMPLETED,2026-03-29,38.36
ETL_ORD_004725,CUST_01174,808.76,COMPLETED,2026-03-13,19.46
ETL_ORD_004726,CUST_01399,983.71,COMPLETED,2026-03-18,12.04
ETL_ORD_004727,CUST_01696,112.0,PENDING,2026-03-21,43.79
ETL_ORD_004728,CUST_01492,74.44,COMPLETED,2026-03-19,42.95
ETL_ORD_004729,CUST_01239,819.08,PENDING,2026-03-07,0.24
ETL_ORD_004730,CUST_01267,1441.74,COMPLETED,2026-03-29,0.12
ETL_ORD_004731,CUST_01790,1142.29,COMPLETED,2026-03-11,46.18
ETL_ORD_004732,CUST_00442,1002.05,COMPLETED,2026-03-19,17.09
ETL_ORD_004733,CUST_00162,1063.13,COMPLETED,2026-03-18,35.0
ETL_ORD_004734,CUST_01783,1101.54,COMPLETED,2026-03-15,47.47
ETL_ORD_004735,CUST_00865,438.47,PENDING,2026-03-13,23.7
ETL_ORD_004736,CUST_01852,1050.26,COMPLETED,2026-03-25,18.47
ETL_ORD_004737,CUST_01939,425.67,COMPLETED,2026-03-20,25.82
ETL_ORD_004738,CUST_00696,1149.54,COMPLETED,2026-03-23,36.05
ETL_ORD_004739,CUST_01994,1385.34,COMPLETED,2026-03-11,19.08
ETL_ORD_004740,CUST_01557,966.58,COMPLETED,2026-03-25,18.21
ETL_ORD_004741,CUST_00398,1268.47,COMPLETED,2026-03-07,0.4
ETL_ORD_004742,CUST_01796,352.82,PENDING,2026-03-07,22.88
ETL_ORD_004743,CUST_00572,14.18,PENDING,2026-03-01,14.24
ETL_ORD_004744,CUST_00988,456.87,COMPLETED,2026-03-05,4.08
ETL_ORD_004745,CUST_00113,1476.05,COMPLETED,2026-03-04,10.64
ETL_ORD_004746,CUST_00243,808.43,INVALID_STATUS,2026-03-06,0.03
ETL_ORD_004747,CUST_01896,897.24,COMPLETED,2026-03-03,35.14
ETL_ORD_004748,CUST_01046,795.79,COMPLETED,2026-03-05,21.35
ETL_ORD_004749,CUST_00959,355.18,COMPLETED,2026-03-27,20.62
ETL_ORD_004750,CUST_01032,1242.23,COMPLETED,2026-03-22,24.88
ETL_ORD_004751,CUST_00889,105.49,COMPLETED,2026-03-01,0.65
ETL_ORD_004752,CUST_00105,1329.72,PENDING,2026-03-05,3.56
ETL_ORD_004753,CUST_01792,704.91,PENDING,2026-03-27,16.97
ETL_ORD_004754,CUST_01255,1455.53,PENDING,2026-03-28,34.71
ETL_ORD_004755,CUST_01751,932.8,COMPLETED,2026-03-24,44.49
ETL_ORD_004756,CUST_01473,1351.62,COMPLETED,2026-03-05,49.45
ETL_ORD_004757,CUST_00529,1481.65,COMPLETED,2026-03-16,22.58
ETL_ORD_004758,CUST_00579,705.97,COMPLETED,2026-03-01,3.03
ETL_ORD_004759,CUST_00921,168.21,COMPLETED,2026-03-19,43.52
ETL_ORD_004760,CUST_00778,55.14,COMPLETED,2026-03-12,16.59
ETL_ORD_004761,CUST_01365,416.29,COMPLETED,2026-03-05,30.18
ETL_ORD_004762,CUST_01667,458.71,CANCELLED,2026-03-07,43.14
ETL_ORD_004763,CUST_01077,347.45,COMPLETED,2026-03-10,9.74
ETL_ORD_004764,CUST_00116,1396.23,COMPLETED,2026-03-24,48.33
ETL_ORD_004765,CUST_00478,548.7,COMPLETED,2026-03-08,30.99
ETL_ORD_004766,CUST_00782,187.14,COMPLETED,2026-03-06,6.6
ETL_ORD_004767,CUST_00847,536.58,COMPLETED,2026-03-28,25.98
ETL_ORD_004768,CUST_01612,13.66,COMPLETED,2026-03-29,10.14
ETL_ORD_004769,CUST_01631,1425.59,COMPLETED,2026-03-19,48.28
ETL_ORD_004770,CUST_01958,796.42,PENDING,2026-03-08,46.49
ETL_ORD_004771,CUST_01229,919.53,COMPLETED,2026-03-13,25.3
ETL_ORD_004772,CUST_00403,370.28,COMPLETED,2026-03-19,4.7
ETL_ORD_004773,CUST_01624,1476.6,COMPLETED,2026-03-04,48.92
ETL_ORD_004774,CUST_01414,608.14,COMPLETED,2026-03-06,22.99
ETL_ORD_004775,CUST_00915,799.23,COMPLETED,2026-03-21,35.43
ETL_ORD_004776,CUST_00663,205.31,COMPLETED,2026-03-17,26.6
ETL_ORD_004777,CUST_00750,1119.76,COMPLETED,2026-03-09,35.16
ETL_ORD_004778,CUST_01876,138.07,COMPLETED,2026-03-13,48.75
ETL_ORD_004779,CUST_00670,1201.74,COMPLETED,2026-03-19,4.58
ETL_ORD_004780,CUST_01132,88.53,COMPLETED,2026-03-11,17.07
ETL_ORD_004781,CUST_01984,112.42,COMPLETED,2026-03-23,45.2
ETL_ORD_004782,CUST_00764,1045.73,COMPLETED,2026-03-18,10.52
ETL_ORD_004783,CUST_00264,250.01,COMPLETED,2026-03-27,18.24
ETL_ORD_004784,CUST_01034,301.29,COMPLETED,2026-03-21,0.03
ETL_ORD_004785,CUST_01606,248.72,COMPLETED,2026-03-25,8.18
ETL_ORD_004786,CUST_01831,29.47,PENDING,2026-03-03,6.56
ETL_ORD_004787,CUST_00866,-10.0,COMPLETED,2026-03-10,10.25
ETL_ORD_004788,CUST_00476,710.46,COMPLETED,2026-03-28,22.53
ETL_ORD_004789,CUST_01919,379.34,CANCELLED,2026-03-11,17.71
ETL_ORD_004790,CUST_01302,634.4,PENDING,2026-03-05,3.91
ETL_ORD_004791,CUST_01464,174.72,COMPLETED,2026-03-20,32.48
ETL_ORD_004792,CUST_00535,1435.85,COMPLETED,2026-03-29,40.98
ETL_ORD_004793,CUST_01457,867.85,COMPLETED,2026-03-28,34.81
ETL_ORD_004794,CUST_00624,955.48,COMPLETED,2026-03-07,6.4
ETL_ORD_004795,CUST_00664,559.02,COMPLETED,2026-03-29,9.9
ETL_ORD_004796,CUST_01914,1452.49,COMPLETED,2026-03-06,10.18
ETL_ORD_004797,CUST_00049,977.27,COMPLETED,2026-03-13,10.65
ETL_ORD_004798,CUST_01962,1188.03,COMPLETED,2026-03-04,26.78
ETL_ORD_004799,CUST_01372,1312.9,CANCELLED,2026-03-26,4.43
ETL_ORD_004800,CUST_00195,1034.5,COMPLETED,2026-03-13,29.04
ETL_ORD_004801,CUST_00189,138.57,PENDING,2026-03-11,6.98
ETL_ORD_004802,CUST_01223,486.16,PENDING,2026-03-27,16.87
ETL_ORD_004803,CUST_01422,629.94,COMPLETED,2026-03-06,4.14
ETL_ORD_004804,CUST_01446,1048.82,PENDING,2026-03-28,0.26
ETL_ORD_004805,CUST_01279,393.83,COMPLETED,2026-03-18,49.45
ETL_ORD_004806,CUST_00173,281.33,COMPLETED,2026-03-13,11.94
ETL_ORD_004807,CUST_01207,301.43,COMPLETED,2026-03-24,48.23
ETL_ORD_004808,CUST_01444,1203.33,COMPLETED,2026-03-04,15.75
ETL_ORD_004809,CUST_00903,305.35,COMPLETED,2026-03-25,42.09
ETL_ORD_004810,CUST_00881,1080.75,COMPLETED,2026-03-16,15.07
ETL_ORD_004811,CUST_01002,784.56,CANCELLED,2026-03-26,11.45
ETL_ORD_004812,CUST_00667,674.18,PENDING,2026-03-04,26.05
ETL_ORD_004813,CUST_01032,365.94,COMPLETED,2026-03-16,8.41
ETL_ORD_004814,CUST_01846,959.64,COMPLETED,2026-03-22,36.07
ETL_ORD_004815,CUST_00313,369.59,COMPLETED,2026-03-10,3.5
ETL_ORD_004816,CUST_00523,1462.96,CANCELLED,2026-03-20,49.85
ETL_ORD_004817,CUST_00988,489.32,CANCELLED,2026-03-19,40.59
ETL_ORD_004818,CUST_00043,772.05,COMPLETED,2026-03-19,16.87
ETL_ORD_004819,CUST_01071,46.75,INVALID_STATUS,2026-03-05,5.91
ETL_ORD_004820,CUST_00205,8.15,COMPLETED,2026-03-17,38.58
ETL_ORD_004821,CUST_00816,83.85,COMPLETED,2026-03-09,47.68
ETL_ORD_004822,CUST_01227,1222.2,COMPLETED,2026-03-28,11.17
ETL_ORD_004823,CUST_01318,652.44,CANCELLED,2026-03-27,28.47
ETL_ORD_004824,CUST_01328,358.83,CANCELLED,2026-03-17,47.07
ETL_ORD_004825,CUST_01812,350.56,COMPLETED,2026-03-18,37.55
ETL_ORD_004826,CUST_00745,1017.86,COMPLETED,2026-03-15,5.71
ETL_ORD_004827,CUST_00293,1062.1,COMPLETED,2026-03-08,42.73
ETL_ORD_004828,CUST_00654,446.15,CANCELLED,2026-03-02,49.83
ETL_ORD_004829,CUST_00173,1125.02,COMPLETED,2026-03-14,41.58
ETL_ORD_004830,CUST_01259,255.2,COMPLETED,2026-03-16,26.16
ETL_ORD_004831,CUST_00098,-10.0,COMPLETED,2026-03-05,2.7
ETL_ORD_004832,CUST_00893,1160.68,COMPLETED,2026-03-04,49.58
ETL_ORD_004833,CUST_01457,1458.64,COMPLETED,2026-03-02,22.88
ETL_ORD_004834,CUST_01129,333.13,COMPLETED,2026-03-16,41.98
ETL_ORD_004835,CUST_01719,397.63,CANCELLED,2026-03-26,43.35
ETL_ORD_004836,CUST_00561,722.48,COMPLETED,2026-03-05,26.34
ETL_ORD_004837,CUST_01746,416.64,PENDING,2026-03-13,47.42
ETL_ORD_004838,CUST_00737,312.3,COMPLETED,2026-03-06,42.34
ETL_ORD_004839,CUST_00194,943.96,PENDING,2026-03-08,38.61
ETL_ORD_004840,CUST_01439,-10.0,COMPLETED,2026-03-07,36.88
ETL_ORD_004841,CUST_01016,-10.0,COMPLETED,2026-03-01,14.06
ETL_ORD_004842,CUST_00998,1301.54,COMPLETED,2026-03-28,17.79
ETL_ORD_004843,CUST_00800,1053.9,COMPLETED,2026-03-26,20.49
ETL_ORD_004844,CUST_01817,1249.45,COMPLETED,2026-03-20,20.45
ETL_ORD_004845,CUST_01460,133.42,COMPLETED,2026-03-12,38.48
ETL_ORD_004846,CUST_00491,755.72,COMPLETED,2026-03-17,28.35
ETL_ORD_004847,CUST_01755,691.32,COMPLETED,2026-03-24,3.64
ETL_ORD_004848,CUST_01817,399.45,COMPLETED,2026-03-06,28.32
ETL_ORD_004849,CUST_00107,1484.02,COMPLETED,2026-03-28,9.91
ETL_ORD_004850,CUST_00925,560.22,CANCELLED,2026-03-12,34.9
ETL_ORD_004851,CUST_00474,288.72,COMPLETED,2026-03-05,22.24
ETL_ORD_004852,CUST_01721,1108.36,COMPLETED,2026-03-28,33.02
ETL_ORD_004853,CUST_01643,1374.09,COMPLETED,2026-03-15,41.54
ETL_ORD_004854,CUST_01659,1163.79,COMPLETED,2026-03-19,26.82
ETL_ORD_004855,CUST_00540,1097.5,COMPLETED,2026-03-29,41.93
ETL_ORD_004856,CUST_00114,1048.36,COMPLETED,2026-03-15,26.5
ETL_ORD_004857,CUST_01838,770.01,COMPLETED,2026-03-23,21.65
ETL_ORD_004858,CUST_01915,467.24,COMPLETED,2026-03-07,33.41
ETL_ORD_004859,CUST_00776,760.13,COMPLETED,2026-03-29,12.0
ETL_ORD_004860,CUST_01489,110.35,COMPLETED,2026-03-24,11.66
ETL_ORD_004861,CUST_01261,1043.69,COMPLETED,2026-03-05,23.03
ETL_ORD_004862,CUST_01061,1216.6,COMPLETED,2026-03-01,15.81
ETL_ORD_004863,CUST_01923,642.37,COMPLETED,2026-03-22,22.88
ETL_ORD_004864,CUST_00548,468.15,COMPLETED,2026-03-09,23.25
ETL_ORD_004865,CUST_01215,1092.69,COMPLETED,2026-03-23,24.18
ETL_ORD_004866,CUST_00485,284.57,CANCELLED,2026-03-27,21.47
ETL_ORD_004867,CUST_00157,190.81,COMPLETED,2026-03-21,29.44
ETL_ORD_004868,CUST_00678,394.06,CANCELLED,2026-03-13,29.26
ETL_ORD_004869,CUST_01691,1135.57,COMPLETED,2026-03-05,26.95
ETL_ORD_004870,CUST_01341,690.71,COMPLETED,2026-03-28,4.39
ETL_ORD_004871,CUST_00091,540.67,COMPLETED,2026-03-09,41.46
ETL_ORD_004872,CUST_01344,1154.38,COMPLETED,2026-03-14,43.7
ETL_ORD_004873,CUST_01364,11.7,COMPLETED,2026-03-19,35.83
ETL_ORD_004874,CUST_01342,778.48,COMPLETED,2026-03-09,42.46
ETL_ORD_004875,CUST_01072,236.2,COMPLETED,2026-03-21,16.2
ETL_ORD_004876,CUST_00345,1423.21,COMPLETED,2026-03-22,48.89
ETL_ORD_004877,CUST_01979,1460.49,CANCELLED,2026-03-17,47.38
ETL_ORD_004878,CUST_01261,561.6,COMPLETED,2026-03-26,13.37
ETL_ORD_004879,CUST_01422,1374.11,COMPLETED,2026-03-21,2.78
ETL_ORD_004880,CUST_01608,761.12,COMPLETED,2026-03-25,28.77
ETL_ORD_004881,CUST_01326,550.1,COMPLETED,2026-03-05,15.86
ETL_ORD_004882,CUST_01478,969.67,PENDING,2026-03-27,45.3
ETL_ORD_004883,CUST_00823,268.88,COMPLETED,2026-03-23,34.82
ETL_ORD_004884,CUST_00862,1230.82,COMPLETED,2026-03-16,43.29
ETL_ORD_004885,CUST_00834,422.04,COMPLETED,2026-03-26,31.05
ETL_ORD_004886,CUST_01005,-10.0,COMPLETED,2026-03-22,30.81
ETL_ORD_004887,CUST_00589,503.94,COMPLETED,2026-03-18,36.11
ETL_ORD_004888,CUST_00339,1333.81,COMPLETED,2026-03-23,49.27
ETL_ORD_004889,CUST_00165,154.42,COMPLETED,2026-03-29,40.56
ETL_ORD_004890,CUST_00026,904.97,PENDING,2026-03-27,28.98
ETL_ORD_004891,CUST_01748,722.63,COMPLETED,2026-03-25,26.45
ETL_ORD_004892,CUST_01271,1306.33,COMPLETED,2026-03-24,49.23
ETL_ORD_004893,CUST_01664,76.87,COMPLETED,2026-03-06,34.2
ETL_ORD_004894,CUST_01918,-10.0,PENDING,2026-03-11,2.76
ETL_ORD_004895,CUST_01128,66.11,INVALID_STATUS,2026-03-06,43.42
ETL_ORD_004896,CUST_01704,148.09,COMPLETED,2026-03-12,3.75
ETL_ORD_004897,CUST_00327,51.83,COMPLETED,2026-03-14,16.93
ETL_ORD_004898,CUST_01652,520.58,COMPLETED,2026-03-18,29.31
ETL_ORD_004899,CUST_00719,1496.88,COMPLETED,2026-03-01,32.63
ETL_ORD_004900,CUST_00979,1129.29,PENDING,2026-03-22,15.3
ETL_ORD_004901,CUST_01001,-10.0,COMPLETED,2026-03-01,9.58
ETL_ORD_004902,CUST_01115,420.24,COMPLETED,2026-03-27,46.09
ETL_ORD_004903,CUST_01006,1419.52,COMPLETED,2026-03-23,27.71
ETL_ORD_004904,CUST_00478,14.34,INVALID_STATUS,2026-03-19,41.03
ETL_ORD_004905,CUST_01914,984.5,COMPLETED,2026-03-29,13.05
ETL_ORD_004906,CUST_01949,980.56,COMPLETED,2026-03-26,42.08
ETL_ORD_004907,CUST_00108,541.82,COMPLETED,2026-03-10,20.99
ETL_ORD_004908,CUST_00403,412.74,PENDING,2026-03-16,45.3
ETL_ORD_004909,CUST_01265,1366.47,COMPLETED,2026-03-19,18.68
ETL_ORD_004910,CUST_00855,23.48,PENDING,2026-03-25,37.52
ETL_ORD_004911,CUST_00281,191.72,PENDING,2026-03-11,49.92
ETL_ORD_004912,CUST_00725,357.63,COMPLETED,2026-03-20,35.97
ETL_ORD_004913,CUST_00355,1364.02,COMPLETED,2026-03-02,13.72
ETL_ORD_004914,CUST_01198,967.38,COMPLETED,2026-03-13,32.52
ETL_ORD_004915,CUST_00543,1120.1,COMPLETED,2026-03-16,2.74
ETL_ORD_004916,CUST_01799,365.98,COMPLETED,2026-03-06,49.66
ETL_ORD_004917,CUST_00580,1290.2,COMPLETED,2026-03-25,15.31
ETL_ORD_004918,CUST_01974,1007.31,COMPLETED,2026-03-18,1.03
ETL_ORD_004919,CUST_00338,1104.81,COMPLETED,2026-03-14,26.0
ETL_ORD_004920,CUST_00115,1202.87,COMPLETED,2026-03-24,33.6
ETL_ORD_004921,CUST_01461,1115.18,COMPLETED,2026-03-26,21.44
ETL_ORD_004922,CUST_01265,254.16,COMPLETED,2026-03-21,12.94
ETL_ORD_004923,CUST_01681,657.83,COMPLETED,2026-03-05,22.53
ETL_ORD_004924,CUST_01042,488.31,COMPLETED,2026-03-20,14.21
ETL_ORD_004925,CUST_01451,1465.76,COMPLETED,2026-03-14,20.84
ETL_ORD_004926,CUST_00011,1071.11,CANCELLED,2026-03-03,30.97
ETL_ORD_004927,CUST_01673,23.98,COMPLETED,2026-03-24,33.74
ETL_ORD_004928,CUST_00372,1139.82,PENDING,2026-03-21,2.94
ETL_ORD_004929,CUST_01486,519.35,COMPLETED,2026-03-22,28.33
ETL_ORD_004930,CUST_00308,215.7,COMPLETED,2026-03-25,8.23
ETL_ORD_004931,CUST_00467,1445.96,PENDING,2026-03-25,2.49
ETL_ORD_004932,CUST_00160,1181.85,COMPLETED,2026-03-17,0.78
ETL_ORD_004933,CUST_00599,1261.95,COMPLETED,2026-03-28,27.78
ETL_ORD_004934,CUST_00590,1334.17,COMPLETED,2026-03-05,49.92
ETL_ORD_004935,CUST_01109,462.19,PENDING,2026-03-14,39.5
ETL_ORD_004936,CUST_01278,881.2,COMPLETED,2026-03-20,32.27
ETL_ORD_004937,CUST_00067,1054.51,PENDING,2026-03-11,20.23
ETL_ORD_004938,CUST_01586,97.63,PENDING,2026-03-18,44.2
ETL_ORD_004939,CUST_01145,1217.58,COMPLETED,2026-03-20,11.09
ETL_ORD_004940,CUST_00252,780.85,COMPLETED,2026-03-04,16.98
ETL_ORD_004941,CUST_00697,345.94,COMPLETED,2026-03-02,27.16
ETL_ORD_004942,CUST_01776,846.25,COMPLETED,2026-03-29,36.77
ETL_ORD_004943,CUST_01572,1383.79,COMPLETED,2026-03-28,41.41
ETL_ORD_004944,CUST_00438,1192.47,COMPLETED,2026-03-25,31.66
ETL_ORD_004945,CUST_00054,318.91,PENDING,2026-03-11,28.15
ETL_ORD_004946,CUST_01559,323.16,COMPLETED,2026-03-25,20.16
ETL_ORD_004947,CUST_00272,150.72,PENDING,2026-03-24,19.07
ETL_ORD_004948,CUST_01169,1240.59,COMPLETED,2026-03-23,1.33
ETL_ORD_004949,CUST_00898,184.69,COMPLETED,2026-03-19,41.37
ETL_ORD_004950,CUST_00622,518.9,COMPLETED,2026-03-28,13.54
ETL_ORD_004951,CUST_00085,1108.79,CANCELLED,2026-03-06,21.79
ETL_ORD_004952,CUST_01069,787.99,CANCELLED,2026-03-27,28.68
ETL_ORD_004953,CUST_01084,244.76,COMPLETED,2026-03-08,23.53
ETL_ORD_004954,CUST_01259,-10.0,COMPLETED,2026-03-07,13.87
ETL_ORD_004955,CUST_01936,625.53,COMPLETED,2026-03-05,16.68
ETL_ORD_004956,CUST_00312,102.51,COMPLETED,2026-03-13,0.06
ETL_ORD_004957,CUST_00616,1011.39,COMPLETED,2026-03-15,18.16
ETL_ORD_004958,CUST_00325,1180.24,COMPLETED,2026-03-02,4.3
ETL_ORD_004959,CUST_01440,1378.23,COMPLETED,2026-03-09,18.34
ETL_ORD_004960,CUST_01203,894.82,COMPLETED,2026-03-14,29.09
ETL_ORD_004961,CUST_01854,474.72,COMPLETED,2026-03-16,12.01
ETL_ORD_004962,CUST_00806,431.83,COMPLETED,2026-03-11,34.5
ETL_ORD_004963,CUST_00315,1072.39,COMPLETED,2026-03-24,36.04
ETL_ORD_004964,CUST_00594,-10.0,COMPLETED,2026-03-27,36.16
ETL_ORD_004965,CUST_00333,679.65,COMPLETED,2026-03-28,1.39
ETL_ORD_004966,CUST_00559,1266.57,COMPLETED,2026-03-01,0.66
ETL_ORD_004967,CUST_01523,1420.04,COMPLETED,2026-03-08,16.31
ETL_ORD_004968,CUST_00487,54.2,COMPLETED,2026-03-11,32.04
ETL_ORD_004969,CUST_01710,538.98,COMPLETED,2026-03-02,34.35
ETL_ORD_004970,CUST_01924,1399.38,INVALID_STATUS,2026-03-03,28.39
ETL_ORD_004971,CUST_00055,772.54,COMPLETED,2026-03-13,48.74
ETL_ORD_004972,CUST_00299,1119.95,COMPLETED,2026-03-14,43.28
ETL_ORD_004973,CUST_01118,188.99,COMPLETED,2026-03-26,8.39
ETL_ORD_004974,CUST_00480,1461.6,COMPLETED,2026-03-14,44.67
ETL_ORD_004975,CUST_00203,524.72,COMPLETED,2026-03-13,28.34
ETL_ORD_004976,CUST_01597,590.86,COMPLETED,2026-03-18,8.12
ETL_ORD_004977,CUST_01020,591.26,COMPLETED,2026-03-25,15.93
ETL_ORD_004978,CUST_00147,236.37,PENDING,2026-03-01,13.88
ETL_ORD_004979,CUST_01066,1330.64,COMPLETED,2026-03-01,38.32
ETL_ORD_004980,CUST_00326,644.62,PENDING,2026-03-19,14.21
ETL_ORD_004981,CUST_00659,1234.25,COMPLETED,2026-03-19,16.47
ETL_ORD_004982,CUST_00229,565.43,COMPLETED,2026-03-22,0.02
ETL_ORD_004983,CUST_01028,600.61,COMPLETED,2026-03-07,11.3
ETL_ORD_004984,CUST_00689,668.84,COMPLETED,2026-03-05,30.33
ETL_ORD_004985,CUST_00928,392.94,PENDING,2026-03-19,34.54
ETL_ORD_004986,CUST_00162,368.2,COMPLETED,2026-03-08,14.13
ETL_ORD_004987,CUST_00986,1301.26,COMPLETED,2026-03-18,39.61
ETL_ORD_004988,CUST_00073,953.36,COMPLETED,2026-03-23,20.84
ETL_ORD_004989,CUST_01248,407.29,COMPLETED,2026-03-15,5.05
ETL_ORD_004990,CUST_01241,372.23,CANCELLED,2026-03-21,45.14
ETL_ORD_004991,CUST_01411,1382.59,COMPLETED,2026-03-11,43.03
ETL_ORD_004992,CUST_01372,152.24,COMPLETED,2026-03-15,7.26
ETL_ORD_004993,CUST_01652,465.34,COMPLETED,2026-03-19,14.31
ETL_ORD_004994,CUST_00199,5.77,CANCELLED,2026-03-02,24.91
ETL_ORD_004995,CUST_00130,593.42,COMPLETED,2026-03-25,13.03
ETL_ORD_004996,CUST_00962,346.79,COMPLETED,2026-03-06,15.28
ETL_ORD_004997,CUST_00093,514.26,COMPLETED,2026-03-06,43.06
ETL_ORD_004998,CUST_00780,1041.37,COMPLETED,2026-03-29,14.28
ETL_ORD_004999,CUST_01160,301.93,COMPLETED,2026-03-29,6.6
ETL_ORD_005000,CUST_01668,1424.65,INVALID_STATUS,2026-03-16,38.86
ETL_ORD_005001,CUST_01122,716.83,COMPLETED,2026-03-11,43.59
ETL_ORD_005002,CUST_00477,131.16,PENDING,2026-03-03,9.1
ETL_ORD_005003,CUST_01555,939.55,COMPLETED,2026-03-03,7.48
ETL_ORD_005004,CUST_01752,201.59,COMPLETED,2026-03-15,18.54
ETL_ORD_005005,CUST_01172,865.92,CANCELLED,2026-03-17,13.2
ETL_ORD_005006,CUST_00001,730.74,COMPLETED,2026-03-14,4.27
ETL_ORD_005007,CUST_01860,239.11,COMPLETED,2026-03-20,42.15
ETL_ORD_005008,CUST_01845,776.02,PENDING,2026-03-05,42.02
ETL_ORD_005009,CUST_01038,1335.8,COMPLETED,2026-03-08,43.01
ETL_ORD_005010,CUST_01020,1476.34,COMPLETED,2026-03-02,3.04
ETL_ORD_005011,CUST_01113,336.29,COMPLETED,2026-03-27,49.93
ETL_ORD_005012,CUST_01987,946.77,COMPLETED,2026-03-26,26.03
ETL_ORD_005013,CUST_01604,1153.32,COMPLETED,2026-03-02,36.43
ETL_ORD_005014,CUST_00644,541.34,COMPLETED,2026-03-12,30.72
ETL_ORD_005015,CUST_01014,617.27,COMPLETED,2026-03-06,1.18
ETL_ORD_005016,CUST_00449,1395.31,COMPLETED,2026-03-03,28.56
ETL_ORD_005017,CUST_01569,1315.26,COMPLETED,2026-03-01,15.34
ETL_ORD_005018,CUST_00355,159.95,PENDING,2026-03-16,30.28
ETL_ORD_005019,CUST_00232,911.24,CANCELLED,2026-03-25,2.53
ETL_ORD_005020,CUST_00017,1162.14,PENDING,2026-03-29,6.18
ETL_ORD_005021,CUST_00065,1447.33,COMPLETED,2026-03-28,5.19
ETL_ORD_005022,CUST_01482,733.45,COMPLETED,2026-03-22,32.51
ETL_ORD_005023,CUST_01969,19.27,PENDING,2026-03-02,24.31
ETL_ORD_005024,CUST_00853,247.91,COMPLETED,2026-03-23,41.75
ETL_ORD_005025,CUST_01710,20.42,COMPLETED,2026-03-03,2.02
ETL_ORD_005026,CUST_01619,1491.18,COMPLETED,2026-03-18,37.99
ETL_ORD_005027,CUST_00200,752.57,COMPLETED,2026-03-29,21.69
ETL_ORD_005028,CUST_00830,742.7,PENDING,2026-03-07,19.72
ETL_ORD_005029,CUST_01863,968.31,COMPLETED,2026-03-09,7.4
ETL_ORD_005030,CUST_01537,665.11,COMPLETED,2026-03-09,0.68
ETL_ORD_005031,CUST_00266,297.87,CANCELLED,2026-03-14,19.95
ETL_ORD_005032,CUST_00047,87.75,COMPLETED,2026-03-18,25.36
ETL_ORD_005033,CUST_00169,914.82,COMPLETED,2026-03-18,30.46
ETL_ORD_005034,CUST_01697,587.22,COMPLETED,2026-03-20,3.11
ETL_ORD_005035,CUST_01509,1159.05,COMPLETED,2026-03-27,3.73
ETL_ORD_005036,CUST_01713,1066.75,COMPLETED,2026-03-15,9.2
ETL_ORD_005037,CUST_00925,1342.16,COMPLETED,2026-03-28,49.35
ETL_ORD_005038,CUST_00210,-10.0,COMPLETED,2026-03-12,39.46
ETL_ORD_005039,CUST_00118,892.24,PENDING,2026-03-24,4.32
ETL_ORD_005040,CUST_00476,1292.81,COMPLETED,2026-03-13,24.1
ETL_ORD_005041,CUST_01572,713.78,COMPLETED,2026-03-03,29.9
ETL_ORD_005042,CUST_00591,110.7,COMPLETED,2026-03-25,12.92
ETL_ORD_005043,CUST_00626,543.68,COMPLETED,2026-03-02,44.31
ETL_ORD_005044,CUST_00691,764.29,COMPLETED,2026-03-22,49.05
ETL_ORD_005045,CUST_00165,301.62,COMPLETED,2026-03-20,18.48
ETL_ORD_005046,CUST_00403,1164.62,COMPLETED,2026-03-03,14.56
ETL_ORD_005047,CUST_01909,882.45,COMPLETED,2026-03-05,36.58
ETL_ORD_005048,CUST_00221,141.43,COMPLETED,2026-03-17,47.55
ETL_ORD_005049,CUST_01595,910.27,CANCELLED,2026-03-17,36.56
ETL_ORD_005050,CUST_01338,865.58,CANCELLED,2026-03-02,26.85
ETL_ORD_005051,CUST_00712,1408.03,COMPLETED,2026-03-12,34.48
ETL_ORD_005052,CUST_00764,-10.0,COMPLETED,2026-03-23,40.39
ETL_ORD_005053,CUST_00567,1233.26,CANCELLED,2026-03-09,43.15
ETL_ORD_005054,CUST_01273,624.92,COMPLETED,2026-03-08,12.93
ETL_ORD_005055,CUST_00932,900.21,COMPLETED,2026-03-25,6.85
ETL_ORD_005056,CUST_00951,652.04,COMPLETED,2026-03-11,1.64
ETL_ORD_005057,CUST_00916,-10.0,COMPLETED,2026-03-13,30.17
ETL_ORD_005058,CUST_01336,1343.16,COMPLETED,2026-03-29,2.73
ETL_ORD_005059,CUST_01726,1294.04,COMPLETED,2026-03-13,35.38
ETL_ORD_005060,CUST_00813,1356.18,COMPLETED,2026-03-10,31.66
ETL_ORD_005061,CUST_01805,1016.29,COMPLETED,2026-03-26,38.03
ETL_ORD_005062,CUST_00620,1354.46,COMPLETED,2026-03-10,1.69
ETL_ORD_005063,CUST_00173,1244.8,COMPLETED,2026-03-08,23.04
ETL_ORD_005064,CUST_00957,1128.0,COMPLETED,2026-03-25,27.32
ETL_ORD_005065,CUST_01793,560.26,COMPLETED,2026-03-08,2.54
ETL_ORD_005066,CUST_00691,71.73,COMPLETED,2026-03-08,15.96
ETL_ORD_005067,CUST_01824,268.52,COMPLETED,2026-03-06,22.4
ETL_ORD_005068,CUST_00413,341.83,COMPLETED,2026-03-20,16.03
ETL_ORD_005069,CUST_01271,864.74,PENDING,2026-03-10,11.06
ETL_ORD_005070,CUST_01326,514.65,COMPLETED,2026-03-10,5.23
ETL_ORD_005071,CUST_00207,804.63,COMPLETED,2026-03-08,30.65
ETL_ORD_005072,CUST_01226,626.92,COMPLETED,2026-03-29,22.84
ETL_ORD_005073,CUST_00126,214.2,COMPLETED,2026-03-26,23.09
ETL_ORD_005074,CUST_00597,134.64,COMPLETED,2026-03-04,36.54
ETL_ORD_005075,CUST_01000,270.76,COMPLETED,2026-03-11,22.29
ETL_ORD_005076,CUST_01915,578.66,COMPLETED,2026-03-23,48.22
ETL_ORD_005077,CUST_00508,186.56,COMPLETED,2026-03-22,25.05
ETL_ORD_005078,CUST_01063,922.82,COMPLETED,2026-03-23,18.44
ETL_ORD_005079,CUST_01955,414.17,COMPLETED,2026-03-22,47.85
ETL_ORD_005080,CUST_00008,1052.41,COMPLETED,2026-03-22,49.37
ETL_ORD_005081,CUST_01711,32.35,COMPLETED,2026-03-12,39.58
ETL_ORD_005082,CUST_01523,793.58,COMPLETED,2026-03-24,48.09
ETL_ORD_005083,CUST_01233,41.3,COMPLETED,2026-03-20,43.89
ETL_ORD_005084,CUST_01056,1026.38,COMPLETED,2026-03-27,13.57
ETL_ORD_005085,CUST_01223,19.38,COMPLETED,2026-03-28,13.65
ETL_ORD_005086,CUST_01191,639.53,COMPLETED,2026-03-19,48.7
ETL_ORD_005087,CUST_00154,452.61,COMPLETED,2026-03-03,17.55
ETL_ORD_005088,CUST_01646,661.76,PENDING,2026-03-21,22.41
ETL_ORD_005089,CUST_01907,555.56,COMPLETED,2026-03-17,12.59
ETL_ORD_005090,CUST_00897,625.83,CANCELLED,2026-03-02,42.06
ETL_ORD_005091,CUST_00755,1356.66,COMPLETED,2026-03-15,43.99
ETL_ORD_005092,CUST_00295,893.41,COMPLETED,2026-03-14,46.68
ETL_ORD_005093,CUST_01426,838.24,COMPLETED,2026-03-29,49.48
ETL_ORD_005094,CUST_01651,670.32,COMPLETED,2026-03-07,20.1
ETL_ORD_005095,CUST_00845,107.03,COMPLETED,2026-03-07,9.25
ETL_ORD_005096,CUST_00470,847.14,COMPLETED,2026-03-02,39.97
ETL_ORD_005097,CUST_00587,1383.98,COMPLETED,2026-03-18,9.01
ETL_ORD_005098,CUST_00126,975.02,COMPLETED,2026-03-27,17.22
ETL_ORD_005099,CUST_00238,1134.03,COMPLETED,2026-03-29,4.79
ETL_ORD_005100,CUST_01484,691.0,COMPLETED,2026-03-09,11.66
ETL_ORD_005101,CUST_00914,707.05,COMPLETED,2026-03-02,22.39
ETL_ORD_005102,CUST_01073,939.6,COMPLETED,2026-03-14,9.57
ETL_ORD_005103,CUST_00038,598.06,COMPLETED,2026-03-15,13.29
ETL_ORD_005104,CUST_01103,1148.17,COMPLETED,2026-03-23,28.62
ETL_ORD_005105,CUST_00967,173.27,COMPLETED,2026-03-10,10.96
ETL_ORD_005106,CUST_00829,-10.0,PENDING,2026-03-03,0.13
ETL_ORD_005107,CUST_01592,553.8,COMPLETED,2026-03-16,38.47
ETL_ORD_005108,CUST_01994,1170.84,CANCELLED,2026-03-01,3.74
ETL_ORD_005109,CUST_00611,1247.61,PENDING,2026-03-11,28.33
ETL_ORD_005110,CUST_01954,1291.43,PENDING,2026-03-28,34.6
ETL_ORD_005111,CUST_01142,231.23,COMPLETED,2026-03-05,39.0
ETL_ORD_005112,CUST_00782,429.92,COMPLETED,2026-03-21,9.43
ETL_ORD_005113,CUST_01773,144.12,COMPLETED,2026-03-27,10.6
ETL_ORD_005114,CUST_00890,1405.91,PENDING,2026-03-04,38.87
ETL_ORD_005115,CUST_00674,804.85,COMPLETED,2026-03-14,3.85
ETL_ORD_005116,CUST_01702,1468.73,COMPLETED,2026-03-16,31.24
ETL_ORD_005117,CUST_00802,340.91,COMPLETED,2026-03-10,34.06
ETL_ORD_005118,CUST_01158,-10.0,COMPLETED,2026-03-09,42.37
ETL_ORD_005119,CUST_01457,174.0,COMPLETED,2026-03-26,33.03
ETL_ORD_005120,CUST_01021,1495.31,COMPLETED,2026-03-14,46.45
ETL_ORD_005121,CUST_00097,657.07,COMPLETED,2026-03-28,13.01
ETL_ORD_005122,CUST_01144,1329.53,COMPLETED,2026-03-29,30.11
ETL_ORD_005123,CUST_01808,347.1,CANCELLED,2026-03-14,22.05
ETL_ORD_005124,CUST_01587,1293.46,COMPLETED,2026-03-05,12.85
ETL_ORD_005125,CUST_01028,732.14,COMPLETED,2026-03-20,41.57
ETL_ORD_005126,CUST_01018,939.33,COMPLETED,2026-03-02,44.73
ETL_ORD_005127,CUST_01294,940.0,COMPLETED,2026-03-17,9.12
ETL_ORD_005128,CUST_00932,1092.76,COMPLETED,2026-03-15,45.23
ETL_ORD_005129,CUST_01840,405.25,COMPLETED,2026-03-02,48.72
ETL_ORD_005130,CUST_01812,621.34,COMPLETED,2026-03-26,7.77
ETL_ORD_005131,CUST_01791,215.85,COMPLETED,2026-03-27,33.22
ETL_ORD_005132,CUST_01100,1460.0,COMPLETED,2026-03-02,30.71
ETL_ORD_005133,CUST_01598,218.39,COMPLETED,2026-03-22,12.49
ETL_ORD_005134,CUST_00364,411.67,COMPLETED,2026-03-12,32.63
ETL_ORD_005135,CUST_01241,79.62,COMPLETED,2026-03-16,26.93
ETL_ORD_005136,CUST_01673,1349.0,COMPLETED,2026-03-23,14.86
ETL_ORD_005137,CUST_00030,101.86,COMPLETED,2026-03-05,19.55
ETL_ORD_005138,CUST_01897,990.16,CANCELLED,2026-03-20,20.97
ETL_ORD_005139,CUST_02000,1064.78,COMPLETED,2026-03-22,36.76
ETL_ORD_005140,CUST_01176,684.76,PENDING,2026-03-14,20.82
ETL_ORD_005141,CUST_01018,1336.16,COMPLETED,2026-03-13,29.01
ETL_ORD_005142,CUST_01976,1351.05,COMPLETED,2026-03-05,23.5
ETL_ORD_005143,CUST_01136,343.15,COMPLETED,2026-03-23,26.36
ETL_ORD_005144,CUST_00491,107.78,COMPLETED,2026-03-18,29.52
ETL_ORD_005145,CUST_00398,187.96,COMPLETED,2026-03-26,28.0
ETL_ORD_005146,CUST_00941,162.45,COMPLETED,2026-03-03,43.97
ETL_ORD_005147,CUST_00043,843.79,COMPLETED,2026-03-20,34.32
ETL_ORD_005148,CUST_00612,1244.57,CANCELLED,2026-03-20,8.78
ETL_ORD_005149,CUST_01671,140.45,INVALID_STATUS,2026-03-21,49.04
ETL_ORD_005150,CUST_00739,501.49,COMPLETED,2026-03-17,20.93
ETL_ORD_005151,CUST_00333,741.86,COMPLETED,2026-03-10,37.26
ETL_ORD_005152,CUST_01549,572.18,COMPLETED,2026-03-02,25.07
ETL_ORD_005153,CUST_01652,1065.61,CANCELLED,2026-03-29,7.92
ETL_ORD_005154,CUST_01676,1040.29,COMPLETED,2026-03-29,49.34
ETL_ORD_005155,CUST_00232,452.79,CANCELLED,2026-03-02,26.57
ETL_ORD_005156,CUST_01107,531.13,COMPLETED,2026-03-26,41.09
ETL_ORD_005157,CUST_01850,799.66,COMPLETED,2026-03-11,45.32
ETL_ORD_005158,CUST_01546,591.17,COMPLETED,2026-03-24,45.98
ETL_ORD_005159,CUST_01001,1173.74,COMPLETED,2026-03-26,46.7
ETL_ORD_005160,CUST_01314,22.36,COMPLETED,2026-03-26,1.27
ETL_ORD_005161,CUST_01407,1271.48,COMPLETED,2026-03-09,8.03
ETL_ORD_005162,CUST_01333,949.08,COMPLETED,2026-03-26,44.23
ETL_ORD_005163,CUST_01183,1154.63,COMPLETED,2026-03-16,5.62
ETL_ORD_005164,CUST_01732,263.26,COMPLETED,2026-03-05,37.19
ETL_ORD_005165,CUST_00628,670.4,PENDING,2026-03-26,41.54
ETL_ORD_005166,CUST_00270,858.19,CANCELLED,2026-03-17,19.51
ETL_ORD_005167,CUST_00952,73.04,COMPLETED,2026-03-03,32.26
ETL_ORD_005168,CUST_00807,283.04,CANCELLED,2026-03-06,1.35
ETL_ORD_005169,CUST_01710,504.81,CANCELLED,2026-03-03,2.63
ETL_ORD_005170,CUST_01304,202.86,COMPLETED,2026-03-21,0.92
ETL_ORD_005171,CUST_01111,1466.38,COMPLETED,2026-03-27,19.31
ETL_ORD_005172,CUST_01971,1360.9,COMPLETED,2026-03-05,5.87
ETL_ORD_005173,CUST_00586,446.86,COMPLETED,2026-03-18,26.36
ETL_ORD_005174,CUST_00563,1033.63,COMPLETED,2026-03-17,13.36
ETL_ORD_005175,CUST_01068,88.24,PENDING,2026-03-04,11.99
ETL_ORD_005176,CUST_01771,644.62,COMPLETED,2026-03-02,18.3
ETL_ORD_005177,CUST_01569,154.74,COMPLETED,2026-03-19,24.6
ETL_ORD_005178,CUST_00017,456.09,COMPLETED,2026-03-19,15.17
ETL_ORD_005179,CUST_01720,266.63,COMPLETED,2026-03-08,21.71
ETL_ORD_005180,CUST_00684,1047.39,PENDING,2026-03-28,20.36
ETL_ORD_005181,CUST_01748,213.94,PENDING,2026-03-19,35.04
ETL_ORD_005182,CUST_01932,969.04,COMPLETED,2026-03-17,17.47
ETL_ORD_005183,CUST_00445,964.9,COMPLETED,2026-03-26,6.75
ETL_ORD_005184,CUST_01077,900.76,COMPLETED,2026-03-28,30.09
ETL_ORD_005185,CUST_01740,489.34,CANCELLED,2026-03-22,29.17
ETL_ORD_005186,CUST_01077,319.72,COMPLETED,2026-03-15,36.84
ETL_ORD_005187,CUST_01881,1096.14,COMPLETED,2026-03-21,46.44
ETL_ORD_005188,CUST_00413,7.01,PENDING,2026-03-06,16.71
ETL_ORD_005189,CUST_00625,1080.04,COMPLETED,2026-03-04,49.07
ETL_ORD_005190,CUST_01757,619.9,COMPLETED,2026-03-26,30.75
ETL_ORD_005191,CUST_00393,94.8,INVALID_STATUS,2026-03-16,29.61
ETL_ORD_005192,CUST_01849,1294.73,COMPLETED,2026-03-25,5.88
ETL_ORD_005193,CUST_01974,1033.08,COMPLETED,2026-03-23,21.64
ETL_ORD_005194,CUST_00442,557.96,COMPLETED,2026-03-01,34.52
ETL_ORD_005195,CUST_01319,1339.41,COMPLETED,2026-03-25,4.58
ETL_ORD_005196,CUST_01360,844.87,COMPLETED,2026-03-21,18.57
ETL_ORD_005197,CUST_01740,1083.63,PENDING,2026-03-09,17.92
ETL_ORD_005198,CUST_00313,1315.52,COMPLETED,2026-03-04,33.61
ETL_ORD_005199,CUST_01350,1204.27,COMPLETED,2026-03-05,29.13
ETL_ORD_005200,CUST_00991,1470.95,PENDING,2026-03-13,31.49
ETL_ORD_005201,CUST_01024,762.62,COMPLETED,2026-03-02,33.9
ETL_ORD_005202,CUST_01833,874.8,COMPLETED,2026-03-17,21.15
ETL_ORD_005203,CUST_00065,1080.24,COMPLETED,2026-03-21,4.16
ETL_ORD_005204,CUST_01440,593.98,COMPLETED,2026-03-15,12.47
ETL_ORD_005205,CUST_01122,491.67,CANCELLED,2026-03-06,32.53
ETL_ORD_005206,CUST_00490,378.03,COMPLETED,2026-03-15,30.0
ETL_ORD_005207,CUST_01015,346.93,COMPLETED,2026-03-15,41.05
ETL_ORD_005208,CUST_00465,497.81,COMPLETED,2026-03-24,3.78
ETL_ORD_005209,CUST_01412,999.37,COMPLETED,2026-03-27,15.22
ETL_ORD_005210,CUST_01448,801.6,COMPLETED,2026-03-03,36.52
ETL_ORD_005211,CUST_00735,960.52,COMPLETED,2026-03-25,27.66
ETL_ORD_005212,CUST_01785,1224.41,COMPLETED,2026-03-11,10.86
ETL_ORD_005213,CUST_00028,935.12,COMPLETED,2026-03-22,35.92
ETL_ORD_005214,CUST_01736,795.54,COMPLETED,2026-03-17,20.05
ETL_ORD_005215,CUST_00802,272.06,COMPLETED,2026-03-18,45.48
ETL_ORD_005216,CUST_01107,728.35,COMPLETED,2026-03-10,6.65
ETL_ORD_005217,CUST_00176,1031.6,COMPLETED,2026-03-17,25.57
ETL_ORD_005218,CUST_01838,238.87,CANCELLED,2026-03-22,1.26
ETL_ORD_005219,CUST_00466,291.98,COMPLETED,2026-03-19,29.4
ETL_ORD_005220,CUST_00596,1192.79,PENDING,2026-03-25,10.57
ETL_ORD_005221,CUST_01872,741.7,COMPLETED,2026-03-01,8.79
ETL_ORD_005222,CUST_00997,-10.0,PENDING,2026-03-10,30.55
ETL_ORD_005223,CUST_00379,1111.06,COMPLETED,2026-03-26,1.08
ETL_ORD_005224,CUST_00952,152.78,CANCELLED,2026-03-02,48.68
ETL_ORD_005225,CUST_01830,1237.3,COMPLETED,2026-03-12,5.05
ETL_ORD_005226,CUST_00247,682.53,COMPLETED,2026-03-25,32.26
ETL_ORD_005227,CUST_01704,1288.61,COMPLETED,2026-03-20,25.71
ETL_ORD_005228,CUST_01101,878.17,CANCELLED,2026-03-05,16.06
ETL_ORD_005229,CUST_00466,1302.35,PENDING,2026-03-05,17.52
ETL_ORD_005230,CUST_00927,236.21,COMPLETED,2026-03-10,16.65
ETL_ORD_005231,CUST_01456,174.18,COMPLETED,2026-03-04,46.54
ETL_ORD_005232,CUST_01778,368.88,COMPLETED,2026-03-25,15.44
ETL_ORD_005233,CUST_00190,1048.31,COMPLETED,2026-03-21,43.33
ETL_ORD_005234,CUST_00990,377.01,COMPLETED,2026-03-25,23.48
ETL_ORD_005235,CUST_00670,616.05,COMPLETED,2026-03-18,12.07
ETL_ORD_005236,CUST_00667,1211.97,COMPLETED,2026-03-04,36.01
ETL_ORD_005237,CUST_01216,7.96,COMPLETED,2026-03-10,35.21
ETL_ORD_005238,CUST_00122,1208.53,COMPLETED,2026-03-25,23.12
ETL_ORD_005239,CUST_00384,850.99,COMPLETED,2026-03-17,32.53
ETL_ORD_005240,CUST_01808,541.63,COMPLETED,2026-03-28,34.71
ETL_ORD_005241,CUST_01730,1243.58,COMPLETED,2026-03-11,29.09
ETL_ORD_005242,CUST_01477,624.72,COMPLETED,2026-03-26,49.91
ETL_ORD_005243,CUST_00050,252.66,COMPLETED,2026-03-29,3.55
ETL_ORD_005244,CUST_01345,317.2,COMPLETED,2026-03-10,43.94
ETL_ORD_005245,CUST_01112,543.4,CANCELLED,2026-03-04,1.97
ETL_ORD_005246,CUST_01364,-10.0,COMPLETED,2026-03-03,38.68
ETL_ORD_005247,CUST_01426,721.39,COMPLETED,2026-03-29,22.99
ETL_ORD_005248,CUST_01811,1426.36,CANCELLED,2026-03-06,17.02
ETL_ORD_005249,CUST_00606,1168.03,COMPLETED,2026-03-20,44.32
ETL_ORD_005250,CUST_01150,33.26,COMPLETED,2026-03-19,12.63
ETL_ORD_005251,CUST_01355,1073.98,COMPLETED,2026-03-16,21.82
ETL_ORD_005252,CUST_00623,344.63,COMPLETED,2026-03-02,45.85
ETL_ORD_005253,CUST_00523,546.23,PENDING,2026-03-04,13.66
ETL_ORD_005254,CUST_01992,661.52,COMPLETED,2026-03-15,11.64
ETL_ORD_005255,CUST_00373,910.57,COMPLETED,2026-03-18,6.8
ETL_ORD_005256,CUST_01298,865.1,COMPLETED,2026-03-02,33.67
ETL_ORD_005257,CUST_00305,1081.13,INVALID_STATUS,2026-03-20,49.81
ETL_ORD_005258,CUST_00394,342.44,COMPLETED,2026-03-18,21.35
ETL_ORD_005259,CUST_00255,774.23,COMPLETED,2026-03-24,1.91
ETL_ORD_005260,CUST_01966,957.15,COMPLETED,2026-03-22,16.3
ETL_ORD_005261,CUST_00218,860.87,COMPLETED,2026-03-18,21.5
ETL_ORD_005262,CUST_00424,425.79,COMPLETED,2026-03-25,9.52
ETL_ORD_005263,CUST_01347,1299.68,COMPLETED,2026-03-21,6.77
ETL_ORD_005264,CUST_01757,556.31,COMPLETED,2026-03-03,12.47
ETL_ORD_005265,CUST_00826,1232.23,COMPLETED,2026-03-11,29.09
ETL_ORD_005266,CUST_01035,915.43,COMPLETED,2026-03-13,38.22
ETL_ORD_005267,CUST_00154,587.24,COMPLETED,2026-03-16,3.46
ETL_ORD_005268,CUST_00524,272.52,CANCELLED,2026-03-13,42.14
ETL_ORD_005269,CUST_01478,1489.92,CANCELLED,2026-03-14,44.93
ETL_ORD_005270,CUST_00923,46.03,COMPLETED,2026-03-10,21.76
ETL_ORD_005271,CUST_01734,-10.0,COMPLETED,2026-03-16,6.59
ETL_ORD_005272,CUST_00992,694.11,COMPLETED,2026-03-13,49.22
ETL_ORD_005273,CUST_01349,1166.96,COMPLETED,2026-03-11,27.87
ETL_ORD_005274,CUST_00673,1080.5,COMPLETED,2026-03-05,3.56
ETL_ORD_005275,CUST_01205,303.92,COMPLETED,2026-03-15,9.93
ETL_ORD_005276,CUST_00208,926.22,COMPLETED,2026-03-13,17.22
ETL_ORD_005277,CUST_00307,693.5,CANCELLED,2026-03-11,6.82
ETL_ORD_005278,CUST_00419,62.22,COMPLETED,2026-03-11,0.64
ETL_ORD_005279,CUST_00391,1268.86,COMPLETED,2026-03-07,2.7
ETL_ORD_005280,CUST_00265,598.85,COMPLETED,2026-03-24,31.82
ETL_ORD_005281,CUST_01546,1254.04,COMPLETED,2026-03-09,36.32
ETL_ORD_005282,CUST_00461,1429.4,COMPLETED,2026-03-16,39.12
ETL_ORD_005283,CUST_01616,250.0,COMPLETED,2026-03-09,14.13
ETL_ORD_005284,CUST_01897,850.25,COMPLETED,2026-03-06,19.88
ETL_ORD_005285,CUST_00330,298.47,COMPLETED,2026-03-18,0.54
ETL_ORD_005286,CUST_01834,491.19,COMPLETED,2026-03-29,13.47
ETL_ORD_005287,CUST_01845,507.75,COMPLETED,2026-03-17,9.72
ETL_ORD_005288,CUST_00462,1032.32,COMPLETED,2026-03-21,23.46
ETL_ORD_005289,CUST_00926,39.43,COMPLETED,2026-03-21,22.62
ETL_ORD_005290,CUST_00067,959.85,COMPLETED,2026-03-29,23.53
ETL_ORD_005291,CUST_01679,342.28,PENDING,2026-03-07,38.45
ETL_ORD_005292,CUST_01131,402.12,COMPLETED,2026-03-12,24.71
ETL_ORD_005293,CUST_01146,1090.23,COMPLETED,2026-03-10,22.82
ETL_ORD_005294,CUST_00374,160.81,COMPLETED,2026-03-27,4.81
ETL_ORD_005295,CUST_01349,114.62,COMPLETED,2026-03-10,8.42
ETL_ORD_005296,CUST_01164,226.59,COMPLETED,2026-03-18,27.49
ETL_ORD_005297,CUST_00943,468.03,COMPLETED,2026-03-23,4.57
ETL_ORD_005298,CUST_01382,1402.71,PENDING,2026-03-13,1.36
ETL_ORD_005299,CUST_01980,1127.39,PENDING,2026-03-26,23.06
ETL_ORD_005300,CUST_01851,1403.83,COMPLETED,2026-03-14,30.4
ETL_ORD_005301,CUST_01539,8.1,COMPLETED,2026-03-20,36.72
ETL_ORD_005302,CUST_00930,1393.26,COMPLETED,2026-03-22,39.97
ETL_ORD_005303,CUST_00311,71.47,INVALID_STATUS,2026-03-22,42.04
ETL_ORD_005304,CUST_01683,718.81,COMPLETED,2026-03-25,36.17
ETL_ORD_005305,CUST_01695,602.29,COMPLETED,2026-03-06,39.93
ETL_ORD_005306,CUST_01199,1232.99,COMPLETED,2026-03-08,28.93
ETL_ORD_005307,CUST_01699,843.3,CANCELLED,2026-03-20,14.03
ETL_ORD_005308,CUST_01467,1270.66,COMPLETED,2026-03-11,33.86
ETL_ORD_005309,CUST_01265,386.62,COMPLETED,2026-03-21,24.48
ETL_ORD_005310,CUST_01697,1476.24,COMPLETED,2026-03-06,0.23
ETL_ORD_005311,CUST_01656,465.28,COMPLETED,2026-03-21,46.37
ETL_ORD_005312,CUST_00291,304.19,COMPLETED,2026-03-03,4.79
ETL_ORD_005313,CUST_01857,378.42,PENDING,2026-03-16,37.06
ETL_ORD_005314,CUST_01928,405.43,COMPLETED,2026-03-03,20.67
ETL_ORD_005315,CUST_01813,417.05,PENDING,2026-03-05,28.11
ETL_ORD_005316,CUST_01194,1054.68,COMPLETED,2026-03-25,11.05
ETL_ORD_005317,CUST_00539,377.62,COMPLETED,2026-03-20,25.91
ETL_ORD_005318,CUST_01295,323.95,COMPLETED,2026-03-17,4.64
ETL_ORD_005319,CUST_00253,650.42,COMPLETED,2026-03-03,20.47
ETL_ORD_005320,CUST_01802,616.39,COMPLETED,2026-03-12,13.58
ETL_ORD_005321,CUST_00190,1158.61,COMPLETED,2026-03-14,31.76
ETL_ORD_005322,CUST_00873,502.95,INVALID_STATUS,2026-03-11,25.54
ETL_ORD_005323,CUST_00561,1357.02,COMPLETED,2026-03-06,43.69
ETL_ORD_005324,CUST_00762,210.5,COMPLETED,2026-03-24,47.84
ETL_ORD_005325,CUST_00273,588.08,COMPLETED,2026-03-13,44.1
ETL_ORD_005326,CUST_00845,715.04,COMPLETED,2026-03-16,2.61
ETL_ORD_005327,CUST_00141,327.92,COMPLETED,2026-03-17,29.63
ETL_ORD_005328,CUST_01280,804.18,COMPLETED,2026-03-24,8.58
ETL_ORD_005329,CUST_01780,1324.5,COMPLETED,2026-03-11,29.45
ETL_ORD_005330,CUST_01737,1437.45,COMPLETED,2026-03-29,23.81
ETL_ORD_005331,CUST_01093,750.84,PENDING,2026-03-08,38.58
ETL_ORD_005332,CUST_01448,982.19,COMPLETED,2026-03-07,14.34
ETL_ORD_005333,CUST_01177,1499.08,COMPLETED,2026-03-05,29.8
ETL_ORD_005334,CUST_00515,1264.3,COMPLETED,2026-03-13,40.77
ETL_ORD_005335,CUST_00301,1495.36,COMPLETED,2026-03-19,17.56
ETL_ORD_005336,CUST_00659,368.47,PENDING,2026-03-24,7.81
ETL_ORD_005337,CUST_01016,1232.06,PENDING,2026-03-25,11.62
ETL_ORD_005338,CUST_01158,244.38,COMPLETED,2026-03-03,8.75
ETL_ORD_005339,CUST_01938,1390.82,COMPLETED,2026-03-16,9.38
ETL_ORD_005340,CUST_01804,828.85,COMPLETED,2026-03-08,28.91
ETL_ORD_005341,CUST_00021,-10.0,COMPLETED,2026-03-15,1.74
ETL_ORD_005342,CUST_00202,753.49,COMPLETED,2026-03-17,34.7
ETL_ORD_005343,CUST_01541,917.15,COMPLETED,2026-03-25,4.67
ETL_ORD_005344,CUST_01843,539.26,COMPLETED,2026-03-11,28.05
ETL_ORD_005345,CUST_00041,648.73,COMPLETED,2026-03-07,42.53
ETL_ORD_005346,CUST_01162,69.42,COMPLETED,2026-03-11,38.96
ETL_ORD_005347,CUST_01176,955.57,COMPLETED,2026-03-21,13.9
ETL_ORD_005348,CUST_01038,339.19,COMPLETED,2026-03-08,13.48
ETL_ORD_005349,CUST_01860,670.24,CANCELLED,2026-03-17,35.4
ETL_ORD_005350,CUST_00556,379.69,COMPLETED,2026-03-10,6.29
ETL_ORD_005351,CUST_01949,624.97,COMPLETED,2026-03-03,36.59
ETL_ORD_005352,CUST_01319,729.17,COMPLETED,2026-03-29,49.61
ETL_ORD_005353,CUST_00646,1440.59,COMPLETED,2026-03-12,34.48
ETL_ORD_005354,CUST_00370,738.4,COMPLETED,2026-03-08,35.88
ETL_ORD_005355,CUST_00032,895.13,COMPLETED,2026-03-19,5.57
ETL_ORD_005356,CUST_01626,450.96,COMPLETED,2026-03-08,46.61
ETL_ORD_005357,CUST_00791,872.61,COMPLETED,2026-03-21,27.01
ETL_ORD_005358,CUST_01755,1444.2,COMPLETED,2026-03-28,31.23
ETL_ORD_005359,CUST_01475,619.21,COMPLETED,2026-03-24,33.81
ETL_ORD_005360,CUST_00886,1206.87,COMPLETED,2026-03-20,32.55
ETL_ORD_005361,CUST_01142,457.16,CANCELLED,2026-03-19,38.53
ETL_ORD_005362,CUST_01359,96.31,COMPLETED,2026-03-24,48.96
ETL_ORD_005363,CUST_00498,745.78,COMPLETED,2026-03-13,20.51
ETL_ORD_005364,CUST_01322,1481.69,COMPLETED,2026-03-17,44.13
ETL_ORD_005365,CUST_01676,-10.0,COMPLETED,2026-03-29,28.07
ETL_ORD_005366,CUST_00760,931.98,CANCELLED,2026-03-12,8.27
ETL_ORD_005367,CUST_01642,274.94,COMPLETED,2026-03-26,12.92
ETL_ORD_005368,CUST_01355,1063.76,CANCELLED,2026-03-29,49.3
ETL_ORD_005369,CUST_00221,407.54,COMPLETED,2026-03-25,20.68
ETL_ORD_005370,CUST_01857,587.6,COMPLETED,2026-03-21,43.25
ETL_ORD_005371,CUST_00720,98.11,COMPLETED,2026-03-08,43.97
ETL_ORD_005372,CUST_01995,644.02,COMPLETED,2026-03-16,0.49
ETL_ORD_005373,CUST_00469,1028.89,COMPLETED,2026-03-04,35.19
ETL_ORD_005374,CUST_00372,538.65,PENDING,2026-03-15,4.18
ETL_ORD_005375,CUST_01070,1275.37,CANCELLED,2026-03-13,13.22
ETL_ORD_005376,CUST_01469,399.85,PENDING,2026-03-11,2.9
ETL_ORD_005377,CUST_00268,663.6,COMPLETED,2026-03-19,35.28
ETL_ORD_005378,CUST_00396,1117.46,COMPLETED,2026-03-09,11.78
ETL_ORD_005379,CUST_01469,1470.11,COMPLETED,2026-03-25,8.59
ETL_ORD_005380,CUST_01088,269.16,COMPLETED,2026-03-26,35.91
ETL_ORD_005381,CUST_00497,1244.31,COMPLETED,2026-03-10,30.26
ETL_ORD_005382,CUST_00138,1141.13,COMPLETED,2026-03-28,32.59
ETL_ORD_005383,CUST_01330,1224.39,COMPLETED,2026-03-05,19.48
ETL_ORD_005384,CUST_01910,1303.96,COMPLETED,2026-03-28,28.9
ETL_ORD_005385,CUST_00347,778.27,CANCELLED,2026-03-14,18.69
ETL_ORD_005386,CUST_00372,1219.38,COMPLETED,2026-03-09,25.36
ETL_ORD_005387,CUST_01146,1403.81,COMPLETED,2026-03-01,48.14
ETL_ORD_005388,CUST_00776,1173.47,COMPLETED,2026-03-21,6.78
ETL_ORD_005389,CUST_01695,320.05,COMPLETED,2026-03-04,28.55
ETL_ORD_005390,CUST_01742,1372.68,COMPLETED,2026-03-14,23.79
ETL_ORD_005391,CUST_01642,705.18,COMPLETED,2026-03-26,32.36
ETL_ORD_005392,CUST_01928,965.26,COMPLETED,2026-03-12,26.69
ETL_ORD_005393,CUST_00090,712.32,COMPLETED,2026-03-27,38.37
ETL_ORD_005394,CUST_00793,338.63,PENDING,2026-03-10,14.11
ETL_ORD_005395,CUST_00557,391.3,COMPLETED,2026-03-05,13.71
ETL_ORD_005396,CUST_00828,651.72,PENDING,2026-03-04,9.44
ETL_ORD_005397,CUST_01858,12.33,COMPLETED,2026-03-05,40.78
ETL_ORD_005398,CUST_00450,1361.21,COMPLETED,2026-03-10,5.08
ETL_ORD_005399,CUST_00807,1491.94,COMPLETED,2026-03-14,21.57
ETL_ORD_005400,CUST_01999,561.14,COMPLETED,2026-03-21,33.32
ETL_ORD_005401,CUST_00195,213.51,COMPLETED,2026-03-01,7.43
ETL_ORD_005402,CUST_00993,439.17,COMPLETED,2026-03-25,35.15
ETL_ORD_005403,CUST_00379,1179.77,COMPLETED,2026-03-06,11.46
ETL_ORD_005404,CUST_01507,1499.75,COMPLETED,2026-03-11,38.57
ETL_ORD_005405,CUST_00880,285.01,COMPLETED,2026-03-17,26.06
ETL_ORD_005406,CUST_00438,399.71,COMPLETED,2026-03-25,40.84
ETL_ORD_005407,CUST_01741,426.15,INVALID_STATUS,2026-03-15,18.67
ETL_ORD_005408,CUST_01144,120.13,COMPLETED,2026-03-19,37.63
ETL_ORD_005409,CUST_00454,822.03,COMPLETED,2026-03-11,19.49
ETL_ORD_005410,CUST_00656,225.66,COMPLETED,2026-03-05,45.58
ETL_ORD_005411,CUST_00008,571.21,COMPLETED,2026-03-29,29.74
ETL_ORD_005412,CUST_01613,1250.8,COMPLETED,2026-03-19,27.78
ETL_ORD_005413,CUST_00596,175.96,COMPLETED,2026-03-21,36.43
ETL_ORD_005414,CUST_00617,988.64,COMPLETED,2026-03-18,14.69
ETL_ORD_005415,CUST_00431,522.41,PENDING,2026-03-18,30.83
ETL_ORD_005416,CUST_00372,826.36,COMPLETED,2026-03-06,43.78
ETL_ORD_005417,CUST_00170,1486.03,INVALID_STATUS,2026-03-05,33.29
ETL_ORD_005418,CUST_00970,914.59,COMPLETED,2026-03-04,48.43
ETL_ORD_005419,CUST_01167,114.4,COMPLETED,2026-03-09,49.47
ETL_ORD_005420,CUST_00279,381.81,COMPLETED,2026-03-26,40.51
ETL_ORD_005421,CUST_01851,874.1,COMPLETED,2026-03-28,3.9
ETL_ORD_005422,CUST_01659,730.19,CANCELLED,2026-03-08,24.65
ETL_ORD_005423,CUST_00184,399.08,COMPLETED,2026-03-14,9.14
ETL_ORD_005424,CUST_00269,604.91,COMPLETED,2026-03-29,11.31
ETL_ORD_005425,CUST_01462,441.83,COMPLETED,2026-03-18,2.43
ETL_ORD_005426,CUST_01543,1231.74,COMPLETED,2026-03-13,39.4
ETL_ORD_005427,CUST_01687,768.74,PENDING,2026-03-08,37.84
ETL_ORD_005428,CUST_00962,1091.88,COMPLETED,2026-03-14,14.74
ETL_ORD_005429,CUST_01816,121.89,CANCELLED,2026-03-28,7.13
ETL_ORD_005430,CUST_00099,129.52,COMPLETED,2026-03-07,34.19
ETL_ORD_005431,CUST_01761,323.32,COMPLETED,2026-03-13,1.21
ETL_ORD_005432,CUST_00029,1268.63,CANCELLED,2026-03-09,14.51
ETL_ORD_005433,CUST_00190,1195.5,COMPLETED,2026-03-01,8.33
ETL_ORD_005434,CUST_01179,646.82,COMPLETED,2026-03-11,16.12
ETL_ORD_005435,CUST_00056,437.72,COMPLETED,2026-03-04,47.6
ETL_ORD_005436,CUST_01904,455.96,COMPLETED,2026-03-06,46.41
ETL_ORD_005437,CUST_01884,1249.32,CANCELLED,2026-03-03,29.57
ETL_ORD_005438,CUST_01302,397.19,COMPLETED,2026-03-10,3.7
ETL_ORD_005439,CUST_00453,1400.22,COMPLETED,2026-03-10,5.4
ETL_ORD_005440,CUST_00516,644.42,COMPLETED,2026-03-28,9.6
ETL_ORD_005441,CUST_01499,250.52,CANCELLED,2026-03-29,10.51
ETL_ORD_005442,CUST_00217,320.8,COMPLETED,2026-03-05,43.49
ETL_ORD_005443,CUST_01172,452.76,COMPLETED,2026-03-22,24.97
ETL_ORD_005444,CUST_01478,1004.47,COMPLETED,2026-03-28,49.79
ETL_ORD_005445,CUST_01765,386.88,COMPLETED,2026-03-17,15.25
ETL_ORD_005446,CUST_01291,425.2,COMPLETED,2026-03-16,28.48
ETL_ORD_005447,CUST_01413,1049.12,COMPLETED,2026-03-29,17.64
ETL_ORD_005448,CUST_01970,1054.02,PENDING,2026-03-11,17.86
ETL_ORD_005449,CUST_00058,513.8,COMPLETED,2026-03-05,30.55
ETL_ORD_005450,CUST_00126,332.47,COMPLETED,2026-03-08,12.8
ETL_ORD_005451,CUST_01953,314.61,COMPLETED,2026-03-16,10.34
ETL_ORD_005452,CUST_00349,1126.74,CANCELLED,2026-03-13,1.4
ETL_ORD_005453,CUST_01783,1414.22,COMPLETED,2026-03-17,14.1
ETL_ORD_005454,CUST_01310,148.01,COMPLETED,2026-03-28,43.93
ETL_ORD_005455,CUST_01722,349.65,CANCELLED,2026-03-03,15.83
ETL_ORD_005456,CUST_01971,762.65,COMPLETED,2026-03-13,22.24
ETL_ORD_005457,CUST_00717,1415.82,COMPLETED,2026-03-21,7.97
ETL_ORD_005458,CUST_01655,1445.29,COMPLETED,2026-03-05,19.9
ETL_ORD_005459,CUST_01784,-10.0,COMPLETED,2026-03-22,46.05
ETL_ORD_005460,CUST_01016,844.0,COMPLETED,2026-03-11,24.06
ETL_ORD_005461,CUST_00498,581.1,COMPLETED,2026-03-19,36.19
ETL_ORD_005462,CUST_00209,786.97,COMPLETED,2026-03-10,47.7
ETL_ORD_005463,CUST_01697,878.65,COMPLETED,2026-03-23,10.48
ETL_ORD_005464,CUST_01550,494.01,COMPLETED,2026-03-04,4.09
ETL_ORD_005465,CUST_00476,230.79,COMPLETED,2026-03-22,38.03
ETL_ORD_005466,CUST_00144,1222.44,COMPLETED,2026-03-09,33.67
ETL_ORD_005467,CUST_00562,587.24,COMPLETED,2026-03-24,7.74
ETL_ORD_005468,CUST_00068,727.87,COMPLETED,2026-03-29,40.02
ETL_ORD_005469,CUST_00023,192.63,COMPLETED,2026-03-10,40.31
ETL_ORD_005470,CUST_00597,42.11,CANCELLED,2026-03-03,8.34
ETL_ORD_005471,CUST_01814,901.72,PENDING,2026-03-20,36.43
ETL_ORD_005472,CUST_00327,497.6,COMPLETED,2026-03-20,33.15
ETL_ORD_005473,CUST_00216,208.23,COMPLETED,2026-03-11,28.6
ETL_ORD_005474,CUST_00654,843.51,COMPLETED,2026-03-22,13.31
ETL_ORD_005475,CUST_00485,544.4,COMPLETED,2026-03-28,34.39
ETL_ORD_005476,CUST_00648,406.71,PENDING,2026-03-23,34.67
ETL_ORD_005477,CUST_00690,1406.62,COMPLETED,2026-03-21,41.41
ETL_ORD_005478,CUST_01547,1072.99,COMPLETED,2026-03-17,0.76
ETL_ORD_005479,CUST_00850,855.73,COMPLETED,2026-03-15,1.15
ETL_ORD_005480,CUST_00441,504.64,COMPLETED,2026-03-22,20.32
ETL_ORD_005481,CUST_00620,959.21,COMPLETED,2026-03-26,34.16
ETL_ORD_005482,CUST_00494,1304.26,COMPLETED,2026-03-20,28.7
ETL_ORD_005483,CUST_01040,46.6,COMPLETED,2026-03-22,22.72
ETL_ORD_005484,CUST_00662,1041.97,PENDING,2026-03-06,5.0
ETL_ORD_005485,CUST_01731,713.01,CANCELLED,2026-03-15,15.92
ETL_ORD_005486,CUST_01252,330.79,COMPLETED,2026-03-12,38.2
ETL_ORD_005487,CUST_00920,38.8,COMPLETED,2026-03-20,29.09
ETL_ORD_005488,CUST_01113,140.39,INVALID_STATUS,2026-03-04,20.96
ETL_ORD_005489,CUST_01571,253.77,COMPLETED,2026-03-17,23.9
ETL_ORD_005490,CUST_01557,85.08,COMPLETED,2026-03-14,35.16
ETL_ORD_005491,CUST_01570,1486.99,COMPLETED,2026-03-27,33.39
ETL_ORD_005492,CUST_00887,407.84,COMPLETED,2026-03-13,32.91
ETL_ORD_005493,CUST_01066,1396.15,COMPLETED,2026-03-19,43.06
ETL_ORD_005494,CUST_01986,712.52,COMPLETED,2026-03-04,37.79
ETL_ORD_005495,CUST_01046,1138.25,COMPLETED,2026-03-19,47.26
ETL_ORD_005496,CUST_00338,443.47,COMPLETED,2026-03-22,43.46
ETL_ORD_005497,CUST_01738,926.78,COMPLETED,2026-03-14,49.44
ETL_ORD_005498,CUST_00630,782.39,CANCELLED,2026-03-29,16.74
ETL_ORD_005499,CUST_01403,-10.0,CANCELLED,2026-03-23,14.59
ETL_ORD_005500,CUST_01035,722.85,INVALID_STATUS,2026-03-18,16.96
ETL_ORD_005501,CUST_01461,71.9,INVALID_STATUS,2026-03-19,5.5
ETL_ORD_005502,CUST_01535,586.98,COMPLETED,2026-03-01,42.92
ETL_ORD_005503,CUST_00854,1344.23,CANCELLED,2026-03-29,2.21
ETL_ORD_005504,CUST_00124,853.38,PENDING,2026-03-27,29.19
ETL_ORD_005505,CUST_00026,1061.32,COMPLETED,2026-03-25,15.14
ETL_ORD_005506,CUST_00222,830.37,COMPLETED,2026-03-02,9.86
ETL_ORD_005507,CUST_00985,300.6,COMPLETED,2026-03-19,45.1
ETL_ORD_005508,CUST_00937,1001.32,CANCELLED,2026-03-14,5.69
ETL_ORD_005509,CUST_01118,1320.08,COMPLETED,2026-03-25,17.5
ETL_ORD_005510,CUST_00055,74.91,COMPLETED,2026-03-17,43.59
ETL_ORD_005511,CUST_00734,1436.4,COMPLETED,2026-03-17,1.46
ETL_ORD_005512,CUST_01223,752.09,COMPLETED,2026-03-10,34.68
ETL_ORD_005513,CUST_01460,285.39,CANCELLED,2026-03-19,3.41
ETL_ORD_005514,CUST_01778,814.77,PENDING,2026-03-18,6.77
ETL_ORD_005515,CUST_00739,1348.65,COMPLETED,2026-03-12,49.48
ETL_ORD_005516,CUST_01497,242.43,COMPLETED,2026-03-12,6.37
ETL_ORD_005517,CUST_01307,1133.77,COMPLETED,2026-03-09,4.11
ETL_ORD_005518,CUST_01134,145.3,COMPLETED,2026-03-20,36.67
ETL_ORD_005519,CUST_01299,1347.61,COMPLETED,2026-03-22,22.19
ETL_ORD_005520,CUST_01307,965.17,COMPLETED,2026-03-09,10.3
ETL_ORD_005521,CUST_01473,666.88,COMPLETED,2026-03-09,27.55
ETL_ORD_005522,CUST_01460,168.16,COMPLETED,2026-03-23,33.58
ETL_ORD_005523,CUST_00745,597.86,COMPLETED,2026-03-13,21.04
ETL_ORD_005524,CUST_00863,340.15,COMPLETED,2026-03-20,7.71
ETL_ORD_005525,CUST_00670,572.49,COMPLETED,2026-03-22,11.64
ETL_ORD_005526,CUST_00285,619.32,PENDING,2026-03-23,5.81
ETL_ORD_005527,CUST_01563,1396.23,COMPLETED,2026-03-06,43.86
ETL_ORD_005528,CUST_01339,286.37,PENDING,2026-03-13,28.29
ETL_ORD_005529,CUST_00421,593.07,COMPLETED,2026-03-06,4.11
ETL_ORD_005530,CUST_00462,28.62,COMPLETED,2026-03-01,33.87
ETL_ORD_005531,CUST_00817,323.41,COMPLETED,2026-03-09,16.9
ETL_ORD_005532,CUST_01112,361.01,COMPLETED,2026-03-07,5.68
ETL_ORD_005533,CUST_00806,128.59,COMPLETED,2026-03-01,43.36
ETL_ORD_005534,CUST_01060,119.06,COMPLETED,2026-03-24,24.77
ETL_ORD_005535,CUST_00006,-10.0,COMPLETED,2026-03-05,5.72
ETL_ORD_005536,CUST_00935,944.45,COMPLETED,2026-03-01,16.29
ETL_ORD_005537,CUST_01949,-10.0,COMPLETED,2026-03-20,20.93
ETL_ORD_005538,CUST_01809,1220.76,COMPLETED,2026-03-06,26.69
ETL_ORD_005539,CUST_01961,352.77,PENDING,2026-03-11,45.45
ETL_ORD_005540,CUST_01938,817.87,CANCELLED,2026-03-29,20.11
ETL_ORD_005541,CUST_01309,393.62,COMPLETED,2026-03-12,29.78
ETL_ORD_005542,CUST_01215,523.76,COMPLETED,2026-03-12,4.07
ETL_ORD_005543,CUST_00327,8.11,COMPLETED,2026-03-10,19.08
ETL_ORD_005544,CUST_01422,1358.38,COMPLETED,2026-03-12,13.08
ETL_ORD_005545,CUST_00525,128.98,INVALID_STATUS,2026-03-06,9.46
ETL_ORD_005546,CUST_00509,1032.82,COMPLETED,2026-03-22,37.0
ETL_ORD_005547,CUST_01847,1397.29,COMPLETED,2026-03-29,27.41
ETL_ORD_005548,CUST_00314,416.02,COMPLETED,2026-03-12,26.9
ETL_ORD_005549,CUST_01765,507.5,COMPLETED,2026-03-17,25.71
ETL_ORD_005550,CUST_00134,215.56,COMPLETED,2026-03-28,33.73
ETL_ORD_005551,CUST_00918,577.11,CANCELLED,2026-03-03,11.73
ETL_ORD_005552,CUST_01722,298.93,COMPLETED,2026-03-03,31.1
ETL_ORD_005553,CUST_00448,1152.94,COMPLETED,2026-03-13,23.78
ETL_ORD_005554,CUST_00039,159.52,COMPLETED,2026-03-26,42.26
ETL_ORD_005555,CUST_00097,14.72,COMPLETED,2026-03-14,9.34
ETL_ORD_005556,CUST_00320,1335.31,COMPLETED,2026-03-24,43.62
ETL_ORD_005557,CUST_00738,1403.25,COMPLETED,2026-03-24,13.4
ETL_ORD_005558,CUST_01773,887.36,CANCELLED,2026-03-13,34.9
ETL_ORD_005559,CUST_01794,1166.11,COMPLETED,2026-03-19,5.73
ETL_ORD_005560,CUST_01312,446.0,COMPLETED,2026-03-04,45.86
ETL_ORD_005561,CUST_00169,1166.95,PENDING,2026-03-06,22.44
ETL_ORD_005562,CUST_01987,-10.0,COMPLETED,2026-03-16,6.17
ETL_ORD_005563,CUST_01558,1347.22,COMPLETED,2026-03-03,11.12
ETL_ORD_005564,CUST_00214,1475.84,PENDING,2026-03-18,17.67
ETL_ORD_005565,CUST_00765,670.86,PENDING,2026-03-09,1.56
ETL_ORD_005566,CUST_00194,1429.44,COMPLETED,2026-03-12,24.12
ETL_ORD_005567,CUST_01960,48.83,COMPLETED,2026-03-29,8.45
ETL_ORD_005568,CUST_00611,35.37,COMPLETED,2026-03-24,28.68
ETL_ORD_005569,CUST_00487,1426.35,COMPLETED,2026-03-27,10.97
ETL_ORD_005570,CUST_00257,1189.85,COMPLETED,2026-03-08,9.62
ETL_ORD_005571,CUST_00197,255.08,COMPLETED,2026-03-25,14.33
ETL_ORD_005572,CUST_01631,1453.3,COMPLETED,2026-03-07,28.98
ETL_ORD_005573,CUST_01502,1023.67,COMPLETED,2026-03-02,20.32
ETL_ORD_005574,CUST_00296,1327.73,CANCELLED,2026-03-10,32.51
ETL_ORD_005575,CUST_00509,993.05,CANCELLED,2026-03-24,43.78
ETL_ORD_005576,CUST_01021,1151.57,COMPLETED,2026-03-29,19.96
ETL_ORD_005577,CUST_01136,160.83,COMPLETED,2026-03-02,24.54
ETL_ORD_005578,CUST_01387,311.97,COMPLETED,2026-03-21,35.21
ETL_ORD_005579,CUST_01257,1031.16,COMPLETED,2026-03-22,10.0
ETL_ORD_005580,CUST_01734,1205.04,COMPLETED,2026-03-21,24.75
ETL_ORD_005581,CUST_01314,1261.76,COMPLETED,2026-03-13,38.74
ETL_ORD_005582,CUST_00541,1059.51,COMPLETED,2026-03-19,16.27
ETL_ORD_005583,CUST_01620,1423.75,PENDING,2026-03-17,8.89
ETL_ORD_005584,CUST_01367,1041.34,COMPLETED,2026-03-11,7.23
ETL_ORD_005585,CUST_00510,135.75,COMPLETED,2026-03-01,19.69
ETL_ORD_005586,CUST_01064,105.79,COMPLETED,2026-03-24,30.61
ETL_ORD_005587,CUST_01700,512.69,COMPLETED,2026-03-12,10.13
ETL_ORD_005588,CUST_00217,350.84,COMPLETED,2026-03-12,44.15
ETL_ORD_005589,CUST_01955,71.88,COMPLETED,2026-03-02,29.57
ETL_ORD_005590,CUST_00030,425.98,PENDING,2026-03-23,38.93
ETL_ORD_005591,CUST_00003,1056.84,COMPLETED,2026-03-03,48.0
ETL_ORD_005592,CUST_00677,1426.67,COMPLETED,2026-03-26,30.11
ETL_ORD_005593,CUST_01117,100.68,COMPLETED,2026-03-22,32.62
ETL_ORD_005594,CUST_00673,540.19,COMPLETED,2026-03-12,27.1
ETL_ORD_005595,CUST_00721,885.15,COMPLETED,2026-03-21,39.1
ETL_ORD_005596,CUST_00614,1070.65,COMPLETED,2026-03-15,16.97
ETL_ORD_005597,CUST_00366,1412.56,COMPLETED,2026-03-25,2.16
ETL_ORD_005598,CUST_01300,82.48,COMPLETED,2026-03-29,25.65
ETL_ORD_005599,CUST_01940,1081.33,COMPLETED,2026-03-27,49.93
ETL_ORD_005600,CUST_01781,580.69,CANCELLED,2026-03-28,39.02
ETL_ORD_005601,CUST_00697,1294.07,COMPLETED,2026-03-25,0.55
ETL_ORD_005602,CUST_01374,205.06,COMPLETED,2026-03-17,24.26
ETL_ORD_005603,CUST_01412,501.61,COMPLETED,2026-03-29,2.68
ETL_ORD_005604,CUST_01734,1122.48,COMPLETED,2026-03-09,30.66
ETL_ORD_005605,CUST_01356,1324.11,COMPLETED,2026-03-08,5.58
ETL_ORD_005606,CUST_01344,846.86,COMPLETED,2026-03-28,32.56
ETL_ORD_005607,CUST_01231,86.93,PENDING,2026-03-08,43.64
ETL_ORD_005608,CUST_01104,655.06,INVALID_STATUS,2026-03-20,28.96
ETL_ORD_005609,CUST_00783,805.98,PENDING,2026-03-24,32.03
ETL_ORD_005610,CUST_01128,402.09,COMPLETED,2026-03-14,15.22
ETL_ORD_005611,CUST_01718,35.29,COMPLETED,2026-03-24,43.9
ETL_ORD_005612,CUST_00981,1040.5,CANCELLED,2026-03-24,28.26
ETL_ORD_005613,CUST_00100,19.43,COMPLETED,2026-03-02,17.27
ETL_ORD_005614,CUST_01143,1409.16,COMPLETED,2026-03-28,48.78
ETL_ORD_005615,CUST_00950,636.34,COMPLETED,2026-03-27,42.26
ETL_ORD_005616,CUST_00678,387.76,COMPLETED,2026-03-14,24.5
ETL_ORD_005617,CUST_00400,22.26,COMPLETED,2026-03-12,24.31
ETL_ORD_005618,CUST_01166,8.49,COMPLETED,2026-03-23,43.43
ETL_ORD_005619,CUST_01569,1422.4,COMPLETED,2026-03-21,41.06
ETL_ORD_005620,CUST_00803,1235.72,CANCELLED,2026-03-19,16.89
ETL_ORD_005621,CUST_00861,876.72,COMPLETED,2026-03-18,9.58
ETL_ORD_005622,CUST_00957,1168.37,COMPLETED,2026-03-16,32.84
ETL_ORD_005623,CUST_00679,686.14,COMPLETED,2026-03-19,40.36
ETL_ORD_005624,CUST_01565,806.66,COMPLETED,2026-03-05,42.42
ETL_ORD_005625,CUST_01580,1272.44,PENDING,2026-03-05,40.69
ETL_ORD_005626,CUST_01618,1027.2,PENDING,2026-03-10,23.62
ETL_ORD_005627,CUST_00517,-10.0,PENDING,2026-03-10,30.22
ETL_ORD_005628,CUST_01080,1092.88,PENDING,2026-03-07,24.94
ETL_ORD_005629,CUST_00044,402.5,COMPLETED,2026-03-08,36.53
ETL_ORD_005630,CUST_00299,651.64,COMPLETED,2026-03-21,36.87
ETL_ORD_005631,CUST_00924,705.86,COMPLETED,2026-03-24,19.14
ETL_ORD_005632,CUST_01346,807.63,COMPLETED,2026-03-01,13.6
ETL_ORD_005633,CUST_01744,709.19,COMPLETED,2026-03-01,40.34
ETL_ORD_005634,CUST_00868,733.68,COMPLETED,2026-03-11,13.94
ETL_ORD_005635,CUST_01871,523.23,COMPLETED,2026-03-02,34.81
ETL_ORD_005636,CUST_00541,254.66,COMPLETED,2026-03-03,41.95
ETL_ORD_005637,CUST_01721,892.45,COMPLETED,2026-03-19,18.89
ETL_ORD_005638,CUST_01087,838.26,COMPLETED,2026-03-27,8.53
ETL_ORD_005639,CUST_01785,173.38,COMPLETED,2026-03-02,29.02
ETL_ORD_005640,CUST_00140,639.03,COMPLETED,2026-03-09,41.14
ETL_ORD_005641,CUST_00162,615.7,COMPLETED,2026-03-07,21.45
ETL_ORD_005642,CUST_00537,404.92,INVALID_STATUS,2026-03-08,4.9
ETL_ORD_005643,CUST_01994,464.56,CANCELLED,2026-03-02,16.2
ETL_ORD_005644,CUST_01365,925.2,COMPLETED,2026-03-23,1.07
ETL_ORD_005645,CUST_01401,612.49,COMPLETED,2026-03-10,11.64
ETL_ORD_005646,CUST_00307,649.55,CANCELLED,2026-03-05,27.48
ETL_ORD_005647,CUST_01685,701.53,COMPLETED,2026-03-11,3.24
ETL_ORD_005648,CUST_00364,1139.62,COMPLETED,2026-03-04,15.74
ETL_ORD_005649,CUST_00645,12.02,COMPLETED,2026-03-26,43.21
ETL_ORD_005650,CUST_00891,1031.5,COMPLETED,2026-03-25,20.22
ETL_ORD_005651,CUST_00999,9.69,CANCELLED,2026-03-06,28.45
ETL_ORD_005652,CUST_00090,349.1,COMPLETED,2026-03-27,13.45
ETL_ORD_005653,CUST_01562,319.33,COMPLETED,2026-03-25,12.58
ETL_ORD_005654,CUST_00026,1116.5,CANCELLED,2026-03-28,23.63
ETL_ORD_005655,CUST_01261,296.17,COMPLETED,2026-03-10,34.39
ETL_ORD_005656,CUST_00959,254.34,COMPLETED,2026-03-28,13.33
ETL_ORD_005657,CUST_00813,641.39,COMPLETED,2026-03-08,37.88
ETL_ORD_005658,CUST_01318,426.8,COMPLETED,2026-03-03,34.4
ETL_ORD_005659,CUST_00301,981.81,COMPLETED,2026-03-05,29.97
ETL_ORD_005660,CUST_00868,252.51,CANCELLED,2026-03-02,42.43
ETL_ORD_005661,CUST_01225,739.85,COMPLETED,2026-03-25,4.81
ETL_ORD_005662,CUST_01317,1003.79,COMPLETED,2026-03-22,38.94
ETL_ORD_005663,CUST_01443,302.9,COMPLETED,2026-03-07,36.28
ETL_ORD_005664,CUST_01351,1483.41,COMPLETED,2026-03-14,34.97
ETL_ORD_005665,CUST_00730,1119.74,PENDING,2026-03-02,6.75
ETL_ORD_005666,CUST_01513,919.67,COMPLETED,2026-03-09,4.99
ETL_ORD_005667,CUST_01708,113.97,COMPLETED,2026-03-11,33.45
ETL_ORD_005668,CUST_00191,232.75,COMPLETED,2026-03-15,32.33
ETL_ORD_005669,CUST_01753,168.32,COMPLETED,2026-03-04,46.9
ETL_ORD_005670,CUST_00805,921.12,COMPLETED,2026-03-24,12.02
ETL_ORD_005671,CUST_00145,945.01,COMPLETED,2026-03-15,4.9
ETL_ORD_005672,CUST_01511,1439.61,COMPLETED,2026-03-09,11.43
ETL_ORD_005673,CUST_01145,-10.0,COMPLETED,2026-03-07,3.28
ETL_ORD_005674,CUST_01058,1239.36,COMPLETED,2026-03-22,29.33
ETL_ORD_005675,CUST_01460,571.38,PENDING,2026-03-11,1.36
ETL_ORD_005676,CUST_01413,1146.65,COMPLETED,2026-03-28,45.14
ETL_ORD_005677,CUST_00440,64.46,COMPLETED,2026-03-24,3.36
ETL_ORD_005678,CUST_00456,294.46,COMPLETED,2026-03-24,7.77
ETL_ORD_005679,CUST_00637,1299.52,COMPLETED,2026-03-13,15.3
ETL_ORD_005680,CUST_00686,951.52,COMPLETED,2026-03-26,21.79
ETL_ORD_005681,CUST_01820,1280.33,PENDING,2026-03-11,7.35
ETL_ORD_005682,CUST_01979,1350.16,COMPLETED,2026-03-22,10.4
ETL_ORD_005683,CUST_01125,215.81,CANCELLED,2026-03-19,30.78
ETL_ORD_005684,CUST_01026,369.08,COMPLETED,2026-03-23,38.35
ETL_ORD_005685,CUST_00341,1223.07,COMPLETED,2026-03-09,46.69
ETL_ORD_005686,CUST_00609,684.24,COMPLETED,2026-03-01,10.99
ETL_ORD_005687,CUST_00505,1109.62,COMPLETED,2026-03-06,23.95
ETL_ORD_005688,CUST_00781,1395.63,COMPLETED,2026-03-20,9.15
ETL_ORD_005689,CUST_01670,894.47,COMPLETED,2026-03-07,39.65
ETL_ORD_005690,CUST_00492,1494.82,COMPLETED,2026-03-21,44.48
ETL_ORD_005691,CUST_00011,458.88,COMPLETED,2026-03-15,41.36
ETL_ORD_005692,CUST_00077,227.6,COMPLETED,2026-03-22,6.46
ETL_ORD_005693,CUST_01488,580.23,COMPLETED,2026-03-12,13.13
ETL_ORD_005694,CUST_00377,686.13,COMPLETED,2026-03-02,18.06
ETL_ORD_005695,CUST_00460,617.07,PENDING,2026-03-01,47.25
ETL_ORD_005696,CUST_01813,821.98,PENDING,2026-03-09,27.6
ETL_ORD_005697,CUST_01211,698.59,COMPLETED,2026-03-06,39.7
ETL_ORD_005698,CUST_00144,941.92,COMPLETED,2026-03-20,19.56
ETL_ORD_005699,CUST_00589,1058.9,COMPLETED,2026-03-02,35.13
ETL_ORD_005700,CUST_00092,1081.07,COMPLETED,2026-03-13,41.01
ETL_ORD_005701,CUST_01619,1442.29,COMPLETED,2026-03-22,41.39
ETL_ORD_005702,CUST_01674,594.6,COMPLETED,2026-03-14,9.07
ETL_ORD_005703,CUST_01497,64.58,COMPLETED,2026-03-20,31.49
ETL_ORD_005704,CUST_00027,-10.0,COMPLETED,2026-03-19,41.93
ETL_ORD_005705,CUST_00594,710.05,PENDING,2026-03-16,40.87
ETL_ORD_005706,CUST_01925,762.2,COMPLETED,2026-03-07,11.35
ETL_ORD_005707,CUST_01510,1481.86,COMPLETED,2026-03-02,25.63
ETL_ORD_005708,CUST_01182,874.16,COMPLETED,2026-03-27,29.96
ETL_ORD_005709,CUST_00779,245.41,COMPLETED,2026-03-23,32.47
ETL_ORD_005710,CUST_00320,1429.9,COMPLETED,2026-03-18,7.76
ETL_ORD_005711,CUST_01733,679.61,COMPLETED,2026-03-21,22.23
ETL_ORD_005712,CUST_00920,587.86,COMPLETED,2026-03-02,46.22
ETL_ORD_005713,CUST_01563,1258.88,COMPLETED,2026-03-11,9.43
ETL_ORD_005714,CUST_01922,241.38,COMPLETED,2026-03-27,2.19
ETL_ORD_005715,CUST_01817,427.44,COMPLETED,2026-03-05,9.6
ETL_ORD_005716,CUST_01721,1012.54,COMPLETED,2026-03-27,20.84
ETL_ORD_005717,CUST_01081,210.47,COMPLETED,2026-03-05,27.71
ETL_ORD_005718,CUST_01708,281.28,COMPLETED,2026-03-29,43.89
ETL_ORD_005719,CUST_01218,615.84,COMPLETED,2026-03-19,29.18
ETL_ORD_005720,CUST_00126,940.17,COMPLETED,2026-03-23,0.22
ETL_ORD_005721,CUST_00351,936.44,PENDING,2026-03-10,21.37
ETL_ORD_005722,CUST_01787,-10.0,COMPLETED,2026-03-17,32.24
ETL_ORD_005723,CUST_00172,968.28,COMPLETED,2026-03-10,39.84
ETL_ORD_005724,CUST_01342,243.74,COMPLETED,2026-03-14,30.66
ETL_ORD_005725,CUST_00832,251.89,COMPLETED,2026-03-19,36.03
ETL_ORD_005726,CUST_01828,1466.35,COMPLETED,2026-03-15,33.54
ETL_ORD_005727,CUST_00072,1039.09,PENDING,2026-03-10,20.51
ETL_ORD_005728,CUST_00351,732.01,COMPLETED,2026-03-23,46.18
ETL_ORD_005729,CUST_00858,1005.01,COMPLETED,2026-03-13,40.56
ETL_ORD_005730,CUST_01061,901.73,COMPLETED,2026-03-22,11.38
ETL_ORD_005731,CUST_01897,367.8,COMPLETED,2026-03-20,38.05
ETL_ORD_005732,CUST_00649,39.73,COMPLETED,2026-03-29,12.88
ETL_ORD_005733,CUST_01836,363.23,COMPLETED,2026-03-10,27.31
ETL_ORD_005734,CUST_01428,1294.47,COMPLETED,2026-03-16,2.83
ETL_ORD_005735,CUST_01959,-10.0,CANCELLED,2026-03-23,20.59
ETL_ORD_005736,CUST_00917,414.44,COMPLETED,2026-03-09,37.52
ETL_ORD_005737,CUST_01315,299.1,COMPLETED,2026-03-08,31.46
ETL_ORD_005738,CUST_00258,1433.25,COMPLETED,2026-03-27,36.51
ETL_ORD_005739,CUST_01051,-10.0,COMPLETED,2026-03-19,44.73
ETL_ORD_005740,CUST_01695,871.72,COMPLETED,2026-03-06,18.26
ETL_ORD_005741,CUST_01975,1010.01,COMPLETED,2026-03-17,35.51
ETL_ORD_005742,CUST_01697,955.11,PENDING,2026-03-10,8.55
ETL_ORD_005743,CUST_01658,1443.63,COMPLETED,2026-03-25,44.23
ETL_ORD_005744,CUST_01970,-10.0,COMPLETED,2026-03-20,12.73
ETL_ORD_005745,CUST_00868,143.35,COMPLETED,2026-03-04,41.72
ETL_ORD_005746,CUST_01362,252.83,COMPLETED,2026-03-23,42.96
ETL_ORD_005747,CUST_00286,72.27,PENDING,2026-03-17,32.12
ETL_ORD_005748,CUST_01563,836.27,COMPLETED,2026-03-03,3.72
ETL_ORD_005749,CUST_01700,1299.7,COMPLETED,2026-03-23,49.34
ETL_ORD_005750,CUST_01243,1026.73,COMPLETED,2026-03-10,32.44
ETL_ORD_005751,CUST_01567,1399.37,COMPLETED,2026-03-05,3.84
ETL_ORD_005752,CUST_01478,18.8,COMPLETED,2026-03-05,15.39
ETL_ORD_005753,CUST_01714,506.85,COMPLETED,2026-03-05,35.53
ETL_ORD_005754,CUST_01568,1100.89,COMPLETED,2026-03-25,20.97
ETL_ORD_005755,CUST_00643,326.9,PENDING,2026-03-06,8.87
ETL_ORD_005756,CUST_01488,66.35,PENDING,2026-03-03,42.13
ETL_ORD_005757,CUST_01477,1484.72,CANCELLED,2026-03-25,3.96
ETL_ORD_005758,CUST_00675,1359.17,COMPLETED,2026-03-04,28.05
ETL_ORD_005759,CUST_00510,174.71,COMPLETED,2026-03-07,14.74
ETL_ORD_005760,CUST_01694,1290.12,COMPLETED,2026-03-23,36.91
ETL_ORD_005761,CUST_01047,1225.59,COMPLETED,2026-03-27,19.28
ETL_ORD_005762,CUST_01970,420.09,COMPLETED,2026-03-10,48.99
ETL_ORD_005763,CUST_01111,799.53,PENDING,2026-03-22,21.66
ETL_ORD_005764,CUST_01788,443.57,COMPLETED,2026-03-05,4.29
ETL_ORD_005765,CUST_01309,177.16,COMPLETED,2026-03-19,38.43
ETL_ORD_005766,CUST_01595,244.53,COMPLETED,2026-03-02,7.04
ETL_ORD_005767,CUST_00774,534.2,COMPLETED,2026-03-19,46.05
ETL_ORD_005768,CUST_00888,1194.57,COMPLETED,2026-03-22,20.65
ETL_ORD_005769,CUST_00611,124.11,COMPLETED,2026-03-20,35.06
ETL_ORD_005770,CUST_01977,1324.82,COMPLETED,2026-03-08,33.21
ETL_ORD_005771,CUST_01878,1180.04,COMPLETED,2026-03-18,17.59
ETL_ORD_005772,CUST_00316,1388.45,PENDING,2026-03-18,9.33
ETL_ORD_005773,CUST_01581,923.48,INVALID_STATUS,2026-03-24,32.09
ETL_ORD_005774,CUST_00051,870.79,COMPLETED,2026-03-02,11.87
ETL_ORD_005775,CUST_00892,695.09,COMPLETED,2026-03-04,0.0
ETL_ORD_005776,CUST_00326,409.78,COMPLETED,2026-03-10,27.4
ETL_ORD_005777,CUST_01502,363.58,COMPLETED,2026-03-04,12.56
ETL_ORD_005778,CUST_01144,423.06,COMPLETED,2026-03-05,41.56
ETL_ORD_005779,CUST_00280,684.72,COMPLETED,2026-03-09,1.76
ETL_ORD_005780,CUST_00547,265.82,COMPLETED,2026-03-17,20.55
ETL_ORD_005781,CUST_00458,1471.53,COMPLETED,2026-03-13,36.37
ETL_ORD_005782,CUST_01473,869.2,COMPLETED,2026-03-09,5.12
ETL_ORD_005783,CUST_00055,1054.3,CANCELLED,2026-03-02,26.72
ETL_ORD_005784,CUST_00401,742.32,COMPLETED,2026-03-23,3.08
ETL_ORD_005785,CUST_00713,1012.18,PENDING,2026-03-09,5.15
ETL_ORD_005786,CUST_00659,1060.59,COMPLETED,2026-03-20,9.35
ETL_ORD_005787,CUST_00590,634.05,PENDING,2026-03-11,25.96
ETL_ORD_005788,CUST_00687,1210.61,CANCELLED,2026-03-22,22.25
ETL_ORD_005789,CUST_01655,853.39,COMPLETED,2026-03-21,39.21
ETL_ORD_005790,CUST_01891,536.9,COMPLETED,2026-03-22,35.7
ETL_ORD_005791,CUST_00211,1101.06,COMPLETED,2026-03-04,13.85
ETL_ORD_005792,CUST_01703,1108.37,COMPLETED,2026-03-12,9.85
ETL_ORD_005793,CUST_01500,226.83,PENDING,2026-03-13,43.11
ETL_ORD_005794,CUST_00370,381.07,COMPLETED,2026-03-08,36.59
ETL_ORD_005795,CUST_00371,882.68,CANCELLED,2026-03-07,6.21
ETL_ORD_005796,CUST_01888,105.57,COMPLETED,2026-03-21,5.16
ETL_ORD_005797,CUST_01841,1491.39,COMPLETED,2026-03-15,10.2
ETL_ORD_005798,CUST_00810,58.86,COMPLETED,2026-03-13,1.94
ETL_ORD_005799,CUST_00144,-10.0,COMPLETED,2026-03-27,4.89
ETL_ORD_005800,CUST_01037,315.13,PENDING,2026-03-12,38.75
ETL_ORD_005801,CUST_00387,1418.83,COMPLETED,2026-03-26,17.53
ETL_ORD_005802,CUST_01235,718.38,COMPLETED,2026-03-17,19.8
ETL_ORD_005803,CUST_01851,503.89,INVALID_STATUS,2026-03-05,36.91
ETL_ORD_005804,CUST_01703,1341.95,COMPLETED,2026-03-20,5.53
ETL_ORD_005805,CUST_01717,545.62,COMPLETED,2026-03-05,6.75
ETL_ORD_005806,CUST_01504,936.22,COMPLETED,2026-03-16,0.33
ETL_ORD_005807,CUST_00961,1305.67,COMPLETED,2026-03-20,29.5
ETL_ORD_005808,CUST_00706,1227.94,COMPLETED,2026-03-18,2.88
ETL_ORD_005809,CUST_00985,268.94,COMPLETED,2026-03-18,11.98
ETL_ORD_005810,CUST_00260,1031.39,COMPLETED,2026-03-11,14.86
ETL_ORD_005811,CUST_02000,84.86,COMPLETED,2026-03-12,9.55
ETL_ORD_005812,CUST_01884,863.76,COMPLETED,2026-03-27,11.85
ETL_ORD_005813,CUST_00471,1206.78,COMPLETED,2026-03-21,46.4
ETL_ORD_005814,CUST_00851,692.78,COMPLETED,2026-03-03,36.46
ETL_ORD_005815,CUST_01102,727.8,COMPLETED,2026-03-13,47.49
ETL_ORD_005816,CUST_01054,601.87,COMPLETED,2026-03-07,10.38
ETL_ORD_005817,CUST_01493,865.5,CANCELLED,2026-03-20,30.47
ETL_ORD_005818,CUST_00016,1227.69,COMPLETED,2026-03-12,4.6
ETL_ORD_005819,CUST_00009,17.41,COMPLETED,2026-03-22,14.41
ETL_ORD_005820,CUST_01472,1488.81,COMPLETED,2026-03-09,36.25
ETL_ORD_005821,CUST_00435,363.09,COMPLETED,2026-03-02,16.74
ETL_ORD_005822,CUST_01652,977.93,PENDING,2026-03-26,36.29
ETL_ORD_005823,CUST_01108,277.42,COMPLETED,2026-03-14,35.25
ETL_ORD_005824,CUST_01512,280.84,COMPLETED,2026-03-20,11.01
ETL_ORD_005825,CUST_01768,1496.12,COMPLETED,2026-03-26,36.16
ETL_ORD_005826,CUST_01049,395.58,COMPLETED,2026-03-12,30.81
ETL_ORD_005827,CUST_00749,1047.73,COMPLETED,2026-03-27,32.87
ETL_ORD_005828,CUST_01423,1397.97,COMPLETED,2026-03-10,44.45
ETL_ORD_005829,CUST_00114,439.01,COMPLETED,2026-03-13,15.31
ETL_ORD_005830,CUST_00907,337.44,COMPLETED,2026-03-13,20.07
ETL_ORD_005831,CUST_00152,1399.94,COMPLETED,2026-03-02,43.64
ETL_ORD_005832,CUST_01123,940.89,COMPLETED,2026-03-14,36.69
ETL_ORD_005833,CUST_00545,1337.84,COMPLETED,2026-03-08,20.12
ETL_ORD_005834,CUST_00180,580.75,COMPLETED,2026-03-27,8.77
ETL_ORD_005835,CUST_00357,913.54,PENDING,2026-03-03,37.04
ETL_ORD_005836,CUST_01240,1108.24,COMPLETED,2026-03-13,14.89
ETL_ORD_005837,CUST_00005,596.83,COMPLETED,2026-03-15,36.19
ETL_ORD_005838,CUST_00718,510.36,COMPLETED,2026-03-22,45.39
ETL_ORD_005839,CUST_01945,94.14,COMPLETED,2026-03-02,39.55
ETL_ORD_005840,CUST_00983,1427.04,COMPLETED,2026-03-25,21.93
ETL_ORD_005841,CUST_01186,1180.97,COMPLETED,2026-03-04,28.87
ETL_ORD_005842,CUST_01020,322.26,COMPLETED,2026-03-05,16.43
ETL_ORD_005843,CUST_00031,33.77,COMPLETED,2026-03-07,11.33
ETL_ORD_005844,CUST_01088,173.24,COMPLETED,2026-03-06,23.16
ETL_ORD_005845,CUST_00863,1183.16,COMPLETED,2026-03-12,9.53
ETL_ORD_005846,CUST_01136,738.72,COMPLETED,2026-03-21,47.65
ETL_ORD_005847,CUST_00865,1159.55,COMPLETED,2026-03-26,48.65
ETL_ORD_005848,CUST_01569,689.73,INVALID_STATUS,2026-03-15,45.17
ETL_ORD_005849,CUST_00475,54.2,COMPLETED,2026-03-23,8.86
ETL_ORD_005850,CUST_00536,626.84,CANCELLED,2026-03-06,28.03
ETL_ORD_005851,CUST_00920,276.74,COMPLETED,2026-03-26,42.48
ETL_ORD_005852,CUST_01771,744.02,PENDING,2026-03-06,34.12
ETL_ORD_005853,CUST_01011,335.76,COMPLETED,2026-03-11,1.55
ETL_ORD_005854,CUST_00008,686.44,COMPLETED,2026-03-26,19.57
ETL_ORD_005855,CUST_00236,-10.0,COMPLETED,2026-03-11,2.93
ETL_ORD_005856,CUST_00456,-10.0,COMPLETED,2026-03-11,43.76
ETL_ORD_005857,CUST_01266,1052.66,COMPLETED,2026-03-12,30.2
ETL_ORD_005858,CUST_01587,89.01,COMPLETED,2026-03-23,20.17
ETL_ORD_005859,CUST_01471,591.83,COMPLETED,2026-03-08,26.0
ETL_ORD_005860,CUST_00301,251.03,PENDING,2026-03-23,42.53
ETL_ORD_005861,CUST_01756,162.81,COMPLETED,2026-03-16,40.85
ETL_ORD_005862,CUST_00102,1497.85,COMPLETED,2026-03-14,41.29
ETL_ORD_005863,CUST_00184,1189.92,INVALID_STATUS,2026-03-16,43.59
ETL_ORD_005864,CUST_00550,811.63,COMPLETED,2026-03-28,40.59
ETL_ORD_005865,CUST_01385,1360.37,COMPLETED,2026-03-01,37.65
ETL_ORD_005866,CUST_00344,1185.66,PENDING,2026-03-22,49.69
ETL_ORD_005867,CUST_01363,1170.26,COMPLETED,2026-03-08,37.2
ETL_ORD_005868,CUST_00340,654.12,COMPLETED,2026-03-20,9.27
ETL_ORD_005869,CUST_00602,705.06,COMPLETED,2026-03-22,23.42
ETL_ORD_005870,CUST_00316,359.38,INVALID_STATUS,2026-03-21,12.06
ETL_ORD_005871,CUST_01463,1238.36,COMPLETED,2026-03-08,9.47
ETL_ORD_005872,CUST_01896,222.27,CANCELLED,2026-03-22,37.33
ETL_ORD_005873,CUST_00871,546.69,CANCELLED,2026-03-02,44.47
ETL_ORD_005874,CUST_01835,1441.67,COMPLETED,2026-03-10,30.32
ETL_ORD_005875,CUST_01176,75.98,COMPLETED,2026-03-24,0.74
ETL_ORD_005876,CUST_01164,940.11,COMPLETED,2026-03-01,24.82
ETL_ORD_005877,CUST_01585,125.26,COMPLETED,2026-03-07,36.92
ETL_ORD_005878,CUST_01187,887.31,COMPLETED,2026-03-27,34.81
ETL_ORD_005879,CUST_00933,495.9,COMPLETED,2026-03-03,33.98
ETL_ORD_005880,CUST_00268,1219.19,COMPLETED,2026-03-28,14.97
ETL_ORD_005881,CUST_00558,331.06,PENDING,2026-03-01,7.21
ETL_ORD_005882,CUST_01259,1495.63,COMPLETED,2026-03-11,36.98
ETL_ORD_005883,CUST_01581,193.35,COMPLETED,2026-03-01,18.86
ETL_ORD_005884,CUST_00124,476.86,COMPLETED,2026-03-18,40.2
ETL_ORD_005885,CUST_00804,465.49,COMPLETED,2026-03-16,33.77
ETL_ORD_005886,CUST_01923,888.14,COMPLETED,2026-03-13,12.22
ETL_ORD_005887,CUST_01587,24.34,COMPLETED,2026-03-14,47.15
ETL_ORD_005888,CUST_01537,40.57,COMPLETED,2026-03-03,9.9
ETL_ORD_005889,CUST_01278,25.01,COMPLETED,2026-03-05,8.82
ETL_ORD_005890,CUST_00328,1321.39,COMPLETED,2026-03-08,15.97
ETL_ORD_005891,CUST_01773,611.61,COMPLETED,2026-03-21,32.64
ETL_ORD_005892,CUST_00849,1357.3,COMPLETED,2026-03-17,3.47
ETL_ORD_005893,CUST_01977,1403.25,COMPLETED,2026-03-07,24.8
ETL_ORD_005894,CUST_00158,29.11,COMPLETED,2026-03-07,28.26
ETL_ORD_005895,CUST_00957,818.74,COMPLETED,2026-03-09,24.68
ETL_ORD_005896,CUST_01186,290.05,COMPLETED,2026-03-26,12.19
ETL_ORD_005897,CUST_01369,1451.5,COMPLETED,2026-03-26,14.06
ETL_ORD_005898,CUST_01364,825.87,COMPLETED,2026-03-05,21.2
ETL_ORD_005899,CUST_00414,206.55,COMPLETED,2026-03-21,49.81
ETL_ORD_005900,CUST_01835,1065.89,COMPLETED,2026-03-16,30.28
ETL_ORD_005901,CUST_01236,183.43,CANCELLED,2026-03-03,19.25
ETL_ORD_005902,CUST_01566,212.17,CANCELLED,2026-03-06,31.56
ETL_ORD_005903,CUST_01844,1466.73,PENDING,2026-03-08,3.42
ETL_ORD_005904,CUST_00962,1073.82,COMPLETED,2026-03-09,29.09
ETL_ORD_005905,CUST_01424,230.01,COMPLETED,2026-03-03,28.99
ETL_ORD_005906,CUST_00651,599.65,COMPLETED,2026-03-04,20.15
ETL_ORD_005907,CUST_00855,440.6,COMPLETED,2026-03-14,20.85
ETL_ORD_005908,CUST_01866,320.34,CANCELLED,2026-03-14,26.58
ETL_ORD_005909,CUST_01225,905.88,COMPLETED,2026-03-11,8.77
ETL_ORD_005910,CUST_00681,565.99,COMPLETED,2026-03-09,21.35
ETL_ORD_005911,CUST_01089,212.24,COMPLETED,2026-03-12,28.11
ETL_ORD_005912,CUST_01438,-10.0,PENDING,2026-03-19,38.09
ETL_ORD_005913,CUST_01428,849.62,COMPLETED,2026-03-28,8.72
ETL_ORD_005914,CUST_01761,1142.17,COMPLETED,2026-03-29,48.46
ETL_ORD_005915,CUST_01939,1132.59,PENDING,2026-03-29,24.89
ETL_ORD_005916,CUST_01509,91.52,COMPLETED,2026-03-08,38.75
ETL_ORD_005917,CUST_00656,669.33,COMPLETED,2026-03-11,3.01
ETL_ORD_005918,CUST_00298,1438.07,COMPLETED,2026-03-15,4.05
ETL_ORD_005919,CUST_00788,596.9,COMPLETED,2026-03-15,4.4
ETL_ORD_005920,CUST_00101,392.25,COMPLETED,2026-03-04,0.02
ETL_ORD_005921,CUST_01361,515.72,COMPLETED,2026-03-20,39.96
ETL_ORD_005922,CUST_01304,1164.87,COMPLETED,2026-03-18,38.22
ETL_ORD_005923,CUST_01224,-10.0,COMPLETED,2026-03-26,3.4
ETL_ORD_005924,CUST_01654,818.62,COMPLETED,2026-03-22,35.92
ETL_ORD_005925,CUST_01332,227.18,COMPLETED,2026-03-27,20.86
ETL_ORD_005926,CUST_00719,1022.08,COMPLETED,2026-03-13,15.05
ETL_ORD_005927,CUST_01047,587.92,COMPLETED,2026-03-10,36.08
ETL_ORD_005928,CUST_01278,1428.08,COMPLETED,2026-03-16,2.88
ETL_ORD_005929,CUST_01269,-10.0,COMPLETED,2026-03-18,6.38
ETL_ORD_005930,CUST_01088,1068.5,COMPLETED,2026-03-14,8.51
ETL_ORD_005931,CUST_01529,955.17,COMPLETED,2026-03-19,36.84
ETL_ORD_005932,CUST_00466,75.46,COMPLETED,2026-03-02,44.63
ETL_ORD_005933,CUST_01631,107.4,CANCELLED,2026-03-04,0.16
ETL_ORD_005934,CUST_01306,1483.48,COMPLETED,2026-03-19,26.65
ETL_ORD_005935,CUST_00509,696.43,COMPLETED,2026-03-23,43.51
ETL_ORD_005936,CUST_00744,-10.0,COMPLETED,2026-03-22,5.7
ETL_ORD_005937,CUST_01035,1078.65,COMPLETED,2026-03-05,37.69
ETL_ORD_005938,CUST_01586,134.52,COMPLETED,2026-03-13,42.34
ETL_ORD_005939,CUST_00600,362.98,COMPLETED,2026-03-21,22.03
ETL_ORD_005940,CUST_01812,1374.5,COMPLETED,2026-03-01,31.99
ETL_ORD_005941,CUST_00677,336.19,COMPLETED,2026-03-14,48.12
ETL_ORD_005942,CUST_01343,924.33,COMPLETED,2026-03-14,28.6
ETL_ORD_005943,CUST_00814,971.3,COMPLETED,2026-03-03,41.09
ETL_ORD_005944,CUST_00278,165.39,COMPLETED,2026-03-23,14.91
ETL_ORD_005945,CUST_00653,1343.46,COMPLETED,2026-03-08,42.88
ETL_ORD_005946,CUST_01379,424.19,COMPLETED,2026-03-18,46.93
ETL_ORD_005947,CUST_01726,1034.99,COMPLETED,2026-03-03,2.82
ETL_ORD_005948,CUST_01559,756.69,CANCELLED,2026-03-12,33.25
ETL_ORD_005949,CUST_00783,616.56,COMPLETED,2026-03-23,13.17
ETL_ORD_005950,CUST_01311,1175.81,COMPLETED,2026-03-20,10.9
ETL_ORD_005951,CUST_01996,76.49,COMPLETED,2026-03-19,28.29
ETL_ORD_005952,CUST_00651,1466.12,COMPLETED,2026-03-23,10.78
ETL_ORD_005953,CUST_01567,344.04,PENDING,2026-03-10,13.89
ETL_ORD_005954,CUST_00822,1444.91,COMPLETED,2026-03-08,39.29
ETL_ORD_005955,CUST_01541,678.7,COMPLETED,2026-03-18,28.87
ETL_ORD_005956,CUST_01178,391.01,COMPLETED,2026-03-10,2.37
ETL_ORD_005957,CUST_00389,1276.14,COMPLETED,2026-03-27,34.46
ETL_ORD_005958,CUST_00621,830.75,COMPLETED,2026-03-11,30.87
ETL_ORD_005959,CUST_01519,179.38,COMPLETED,2026-03-09,36.64
ETL_ORD_005960,CUST_00699,212.04,COMPLETED,2026-03-15,33.58
ETL_ORD_005961,CUST_00705,944.56,COMPLETED,2026-03-06,11.62
ETL_ORD_005962,CUST_01256,1354.17,COMPLETED,2026-03-12,3.94
ETL_ORD_005963,CUST_00392,108.34,COMPLETED,2026-03-25,49.71
ETL_ORD_005964,CUST_00401,1165.08,COMPLETED,2026-03-25,47.5
ETL_ORD_005965,CUST_00138,516.28,COMPLETED,2026-03-03,1.45
ETL_ORD_005966,CUST_01663,766.85,COMPLETED,2026-03-12,48.65
ETL_ORD_005967,CUST_01746,1279.13,COMPLETED,2026-03-06,20.57
ETL_ORD_005968,CUST_01365,625.98,PENDING,2026-03-07,0.64
ETL_ORD_005969,CUST_01073,243.27,COMPLETED,2026-03-04,18.89
ETL_ORD_005970,CUST_01658,23.3,PENDING,2026-03-01,12.07
ETL_ORD_005971,CUST_01356,1499.75,COMPLETED,2026-03-05,48.22
ETL_ORD_005972,CUST_00712,289.76,COMPLETED,2026-03-19,45.48
ETL_ORD_005973,CUST_00408,734.33,COMPLETED,2026-03-13,21.39
ETL_ORD_005974,CUST_00269,848.82,COMPLETED,2026-03-12,33.79
ETL_ORD_005975,CUST_00247,689.69,COMPLETED,2026-03-24,24.76
ETL_ORD_005976,CUST_00269,1423.42,COMPLETED,2026-03-25,16.35
ETL_ORD_005977,CUST_00173,1105.62,COMPLETED,2026-03-01,23.2
ETL_ORD_005978,CUST_01899,1013.52,CANCELLED,2026-03-28,39.33
ETL_ORD_005979,CUST_01525,696.75,INVALID_STATUS,2026-03-18,5.34
ETL_ORD_005980,CUST_01835,719.92,COMPLETED,2026-03-20,43.97
ETL_ORD_005981,CUST_01996,553.27,PENDING,2026-03-14,32.67
ETL_ORD_005982,CUST_00801,1013.68,COMPLETED,2026-03-08,18.5
ETL_ORD_005983,CUST_01147,1093.28,COMPLETED,2026-03-24,34.78
ETL_ORD_005984,CUST_00968,761.23,COMPLETED,2026-03-05,33.83
ETL_ORD_005985,CUST_01693,645.48,COMPLETED,2026-03-25,10.71
ETL_ORD_005986,CUST_01806,907.99,COMPLETED,2026-03-12,30.91
ETL_ORD_005987,CUST_00528,1290.46,COMPLETED,2026-03-01,3.87
ETL_ORD_005988,CUST_01111,414.45,COMPLETED,2026-03-08,39.95
ETL_ORD_005989,CUST_01162,57.96,PENDING,2026-03-17,29.15
ETL_ORD_005990,CUST_00149,164.85,COMPLETED,2026-03-04,2.04
ETL_ORD_005991,CUST_00450,11.61,COMPLETED,2026-03-12,28.02
ETL_ORD_005992,CUST_01192,1168.29,COMPLETED,2026-03-23,7.84
ETL_ORD_005993,CUST_01115,1143.06,COMPLETED,2026-03-26,33.34
ETL_ORD_005994,CUST_00234,181.69,COMPLETED,2026-03-06,34.38
ETL_ORD_005995,CUST_00192,1419.13,COMPLETED,2026-03-10,24.29
ETL_ORD_005996,CUST_01904,75.32,COMPLETED,2026-03-27,32.07
ETL_ORD_005997,CUST_00970,1384.23,COMPLETED,2026-03-15,33.16
ETL_ORD_005998,CUST_01670,1047.29,COMPLETED,2026-03-03,7.43
ETL_ORD_005999,CUST_01622,624.71,CANCELLED,2026-03-27,37.59
ETL_ORD_006000,CUST_00854,1397.45,PENDING,2026-03-28,28.8
ETL_ORD_006001,CUST_00527,761.94,COMPLETED,2026-03-28,46.4
ETL_ORD_006002,CUST_01931,1088.87,CANCELLED,2026-03-12,8.69
ETL_ORD_006003,CUST_00262,333.41,PENDING,2026-03-18,37.66
ETL_ORD_006004,CUST_00901,317.49,COMPLETED,2026-03-03,8.68
ETL_ORD_006005,CUST_01613,464.55,COMPLETED,2026-03-09,26.09
ETL_ORD_006006,CUST_00271,60.97,COMPLETED,2026-03-18,44.14
ETL_ORD_006007,CUST_01037,701.54,COMPLETED,2026-03-25,7.38
ETL_ORD_006008,CUST_01321,1245.49,COMPLETED,2026-03-09,24.34
ETL_ORD_006009,CUST_00662,55.15,COMPLETED,2026-03-20,13.29
ETL_ORD_006010,CUST_01650,164.83,COMPLETED,2026-03-06,21.56
ETL_ORD_006011,CUST_01265,719.2,COMPLETED,2026-03-08,40.77
ETL_ORD_006012,CUST_00609,652.48,COMPLETED,2026-03-16,22.73
ETL_ORD_006013,CUST_00991,102.34,COMPLETED,2026-03-27,12.11
ETL_ORD_006014,CUST_00798,673.86,PENDING,2026-03-15,48.22
ETL_ORD_006015,CUST_01114,53.85,COMPLETED,2026-03-09,13.8
ETL_ORD_006016,CUST_00372,66.17,COMPLETED,2026-03-08,27.72
ETL_ORD_006017,CUST_00697,72.96,COMPLETED,2026-03-25,46.74
ETL_ORD_006018,CUST_01732,645.24,COMPLETED,2026-03-02,17.1
ETL_ORD_006019,CUST_01521,1206.92,COMPLETED,2026-03-02,26.47
ETL_ORD_006020,CUST_01413,1124.91,COMPLETED,2026-03-11,36.68
ETL_ORD_006021,CUST_01926,1255.98,COMPLETED,2026-03-13,12.13
ETL_ORD_006022,CUST_01395,512.63,COMPLETED,2026-03-12,2.93
ETL_ORD_006023,CUST_00375,1087.91,PENDING,2026-03-21,3.7
ETL_ORD_006024,CUST_00018,1411.73,COMPLETED,2026-03-23,31.82
ETL_ORD_006025,CUST_01479,814.17,COMPLETED,2026-03-14,40.62
ETL_ORD_006026,CUST_00068,1407.29,COMPLETED,2026-03-19,6.19
ETL_ORD_006027,CUST_01301,672.7,COMPLETED,2026-03-10,28.55
ETL_ORD_006028,CUST_01010,297.43,COMPLETED,2026-03-24,0.2
ETL_ORD_006029,CUST_00631,1383.08,COMPLETED,2026-03-10,4.49
ETL_ORD_006030,CUST_00707,963.31,CANCELLED,2026-03-14,4.16
ETL_ORD_006031,CUST_00653,500.52,COMPLETED,2026-03-02,3.57
ETL_ORD_006032,CUST_01937,639.29,COMPLETED,2026-03-17,1.43
ETL_ORD_006033,CUST_01373,227.42,COMPLETED,2026-03-21,14.37
ETL_ORD_006034,CUST_00639,1456.67,COMPLETED,2026-03-02,47.54
ETL_ORD_006035,CUST_00106,950.88,COMPLETED,2026-03-26,8.63
ETL_ORD_006036,CUST_00943,144.68,COMPLETED,2026-03-04,44.68
ETL_ORD_006037,CUST_00748,858.71,COMPLETED,2026-03-23,36.76
ETL_ORD_006038,CUST_01772,1286.84,COMPLETED,2026-03-23,42.43
ETL_ORD_006039,CUST_00416,795.47,COMPLETED,2026-03-11,40.16
ETL_ORD_006040,CUST_00292,1229.46,COMPLETED,2026-03-14,0.02
ETL_ORD_006041,CUST_01161,1481.27,COMPLETED,2026-03-10,35.02
ETL_ORD_006042,CUST_00693,151.38,COMPLETED,2026-03-23,47.92
ETL_ORD_006043,CUST_01605,546.67,COMPLETED,2026-03-03,4.06
ETL_ORD_006044,CUST_01455,192.3,COMPLETED,2026-03-15,10.1
ETL_ORD_006045,CUST_01370,491.99,PENDING,2026-03-20,14.6
ETL_ORD_006046,CUST_01062,536.37,COMPLETED,2026-03-23,26.61
ETL_ORD_006047,CUST_00232,-10.0,COMPLETED,2026-03-10,22.9
ETL_ORD_006048,CUST_01956,1352.88,COMPLETED,2026-03-16,24.45
ETL_ORD_006049,CUST_00702,818.49,COMPLETED,2026-03-02,18.77
ETL_ORD_006050,CUST_01536,137.09,COMPLETED,2026-03-08,44.6
ETL_ORD_006051,CUST_00002,1084.11,COMPLETED,2026-03-24,37.23
ETL_ORD_006052,CUST_01041,127.94,COMPLETED,2026-03-17,13.17
ETL_ORD_006053,CUST_01734,97.23,CANCELLED,2026-03-15,45.52
ETL_ORD_006054,CUST_00639,6.31,COMPLETED,2026-03-27,32.49
ETL_ORD_006055,CUST_00189,130.87,COMPLETED,2026-03-18,48.19
ETL_ORD_006056,CUST_01858,1222.98,PENDING,2026-03-10,44.58
ETL_ORD_006057,CUST_00269,162.56,COMPLETED,2026-03-25,33.84
ETL_ORD_006058,CUST_00939,1490.85,COMPLETED,2026-03-18,3.95
ETL_ORD_006059,CUST_01066,1347.52,COMPLETED,2026-03-19,23.14
ETL_ORD_006060,CUST_01074,205.43,COMPLETED,2026-03-01,8.56
ETL_ORD_006061,CUST_01311,189.56,COMPLETED,2026-03-06,42.41
ETL_ORD_006062,CUST_01269,1227.99,COMPLETED,2026-03-08,41.06
ETL_ORD_006063,CUST_01664,1414.05,COMPLETED,2026-03-22,48.96
ETL_ORD_006064,CUST_00787,919.65,COMPLETED,2026-03-25,24.67
ETL_ORD_006065,CUST_01422,311.97,COMPLETED,2026-03-16,20.71
ETL_ORD_006066,CUST_00586,848.09,COMPLETED,2026-03-20,47.99
ETL_ORD_006067,CUST_00998,768.9,PENDING,2026-03-27,17.44
ETL_ORD_006068,CUST_01338,236.56,COMPLETED,2026-03-06,11.29
ETL_ORD_006069,CUST_01731,1177.95,COMPLETED,2026-03-04,11.08
ETL_ORD_006070,CUST_01823,801.47,COMPLETED,2026-03-13,46.46
ETL_ORD_006071,CUST_01305,427.98,COMPLETED,2026-03-09,44.23
ETL_ORD_006072,CUST_01103,241.99,COMPLETED,2026-03-04,21.46
ETL_ORD_006073,CUST_01165,1017.05,COMPLETED,2026-03-08,38.01
ETL_ORD_006074,CUST_01498,1424.44,COMPLETED,2026-03-25,18.03
ETL_ORD_006075,CUST_00229,1391.27,COMPLETED,2026-03-12,0.94
ETL_ORD_006076,CUST_00262,1150.26,COMPLETED,2026-03-14,44.53
ETL_ORD_006077,CUST_01151,41.74,COMPLETED,2026-03-02,17.44
ETL_ORD_006078,CUST_00633,392.07,CANCELLED,2026-03-20,39.72
ETL_ORD_006079,CUST_00192,1077.09,COMPLETED,2026-03-06,30.12
ETL_ORD_006080,CUST_00762,587.15,PENDING,2026-03-14,49.67
ETL_ORD_006081,CUST_00289,207.94,COMPLETED,2026-03-20,4.06
ETL_ORD_006082,CUST_00776,860.55,COMPLETED,2026-03-20,24.58
ETL_ORD_006083,CUST_00130,503.79,COMPLETED,2026-03-04,12.08
ETL_ORD_006084,CUST_01949,457.13,COMPLETED,2026-03-07,17.04
ETL_ORD_006085,CUST_01115,816.98,COMPLETED,2026-03-25,6.88
ETL_ORD_006086,CUST_00637,1389.67,COMPLETED,2026-03-15,35.7
ETL_ORD_006087,CUST_00224,1453.7,COMPLETED,2026-03-12,10.87
ETL_ORD_006088,CUST_01269,650.95,COMPLETED,2026-03-23,33.39
ETL_ORD_006089,CUST_00010,891.92,PENDING,2026-03-16,39.46
ETL_ORD_006090,CUST_01566,1465.39,COMPLETED,2026-03-18,4.59
ETL_ORD_006091,CUST_00170,1431.63,COMPLETED,2026-03-26,31.96
ETL_ORD_006092,CUST_01397,416.15,COMPLETED,2026-03-27,35.96
ETL_ORD_006093,CUST_00990,333.22,PENDING,2026-03-23,15.68
ETL_ORD_006094,CUST_00960,220.66,CANCELLED,2026-03-06,37.64
ETL_ORD_006095,CUST_01785,1396.71,COMPLETED,2026-03-07,48.35
ETL_ORD_006096,CUST_00291,657.38,CANCELLED,2026-03-15,24.38
ETL_ORD_006097,CUST_00500,516.23,COMPLETED,2026-03-10,24.9
ETL_ORD_006098,CUST_01339,-10.0,CANCELLED,2026-03-14,20.3
ETL_ORD_006099,CUST_00777,1102.12,COMPLETED,2026-03-13,9.38
ETL_ORD_006100,CUST_00048,647.25,COMPLETED,2026-03-15,4.95
ETL_ORD_006101,CUST_00154,410.32,COMPLETED,2026-03-02,22.98
ETL_ORD_006102,CUST_01044,1305.63,COMPLETED,2026-03-01,44.44
ETL_ORD_006103,CUST_01438,-10.0,COMPLETED,2026-03-19,30.16
ETL_ORD_006104,CUST_00525,893.56,COMPLETED,2026-03-03,13.34
ETL_ORD_006105,CUST_01326,1274.42,COMPLETED,2026-03-27,43.94
ETL_ORD_006106,CUST_01659,663.89,COMPLETED,2026-03-02,48.54
ETL_ORD_006107,CUST_00453,539.85,COMPLETED,2026-03-24,10.39
ETL_ORD_006108,CUST_00248,368.21,COMPLETED,2026-03-11,43.02
ETL_ORD_006109,CUST_01770,276.44,CANCELLED,2026-03-04,36.52
ETL_ORD_006110,CUST_00796,514.0,COMPLETED,2026-03-13,48.46
ETL_ORD_006111,CUST_00539,927.15,COMPLETED,2026-03-07,11.78
ETL_ORD_006112,CUST_01703,347.38,COMPLETED,2026-03-26,7.43
ETL_ORD_006113,CUST_01189,614.91,PENDING,2026-03-26,6.72
ETL_ORD_006114,CUST_00177,297.21,COMPLETED,2026-03-28,14.11
ETL_ORD_006115,CUST_00601,235.28,COMPLETED,2026-03-10,12.04
ETL_ORD_006116,CUST_01961,1123.81,COMPLETED,2026-03-24,7.82
ETL_ORD_006117,CUST_01538,969.73,COMPLETED,2026-03-06,24.17
ETL_ORD_006118,CUST_01946,9.35,COMPLETED,2026-03-22,48.04
ETL_ORD_006119,CUST_01479,933.22,COMPLETED,2026-03-16,35.72
ETL_ORD_006120,CUST_00815,1355.95,PENDING,2026-03-16,37.4
ETL_ORD_006121,CUST_00567,1128.49,PENDING,2026-03-06,32.21
ETL_ORD_006122,CUST_00343,480.49,COMPLETED,2026-03-09,30.21
ETL_ORD_006123,CUST_01522,406.52,COMPLETED,2026-03-02,20.42
ETL_ORD_006124,CUST_00673,553.7,COMPLETED,2026-03-12,32.71
ETL_ORD_006125,CUST_01466,1062.62,CANCELLED,2026-03-29,2.66
ETL_ORD_006126,CUST_00430,6.79,COMPLETED,2026-03-14,22.35
ETL_ORD_006127,CUST_01569,758.66,COMPLETED,2026-03-08,48.02
ETL_ORD_006128,CUST_01835,1446.96,PENDING,2026-03-15,38.72
ETL_ORD_006129,CUST_00413,628.91,COMPLETED,2026-03-23,10.92
ETL_ORD_006130,CUST_01031,1395.12,PENDING,2026-03-27,46.25
ETL_ORD_006131,CUST_00021,1050.85,COMPLETED,2026-03-24,17.03
ETL_ORD_006132,CUST_01262,576.12,COMPLETED,2026-03-28,24.95
ETL_ORD_006133,CUST_00378,537.94,COMPLETED,2026-03-16,21.11
ETL_ORD_006134,CUST_01021,707.75,COMPLETED,2026-03-08,44.67
ETL_ORD_006135,CUST_00574,1395.25,COMPLETED,2026-03-13,13.47
ETL_ORD_006136,CUST_01400,1411.76,COMPLETED,2026-03-22,47.6
ETL_ORD_006137,CUST_00943,1025.76,COMPLETED,2026-03-01,36.27
ETL_ORD_006138,CUST_00975,822.56,COMPLETED,2026-03-02,49.03
ETL_ORD_006139,CUST_01330,853.79,COMPLETED,2026-03-14,1.05
ETL_ORD_006140,CUST_01502,513.15,COMPLETED,2026-03-21,11.05
ETL_ORD_006141,CUST_01483,775.34,COMPLETED,2026-03-13,18.18
ETL_ORD_006142,CUST_01700,19.32,COMPLETED,2026-03-10,6.57
ETL_ORD_006143,CUST_00096,1311.48,PENDING,2026-03-23,7.75
ETL_ORD_006144,CUST_01145,945.85,COMPLETED,2026-03-05,7.26
ETL_ORD_006145,CUST_00625,990.51,CANCELLED,2026-03-05,10.12
ETL_ORD_006146,CUST_01413,1179.93,COMPLETED,2026-03-07,29.58
ETL_ORD_006147,CUST_01081,643.75,COMPLETED,2026-03-16,18.16
ETL_ORD_006148,CUST_01981,255.33,COMPLETED,2026-03-24,32.94
ETL_ORD_006149,CUST_00039,73.02,COMPLETED,2026-03-27,15.07
ETL_ORD_006150,CUST_00625,558.18,COMPLETED,2026-03-25,48.4
ETL_ORD_006151,CUST_01710,1491.12,COMPLETED,2026-03-15,6.81
ETL_ORD_006152,CUST_00414,836.55,COMPLETED,2026-03-12,46.72
ETL_ORD_006153,CUST_01398,576.95,COMPLETED,2026-03-06,6.32
ETL_ORD_006154,CUST_00571,791.65,COMPLETED,2026-03-04,46.26
ETL_ORD_006155,CUST_01389,1040.47,COMPLETED,2026-03-17,40.32
ETL_ORD_006156,CUST_01111,1151.95,COMPLETED,2026-03-10,37.47
ETL_ORD_006157,CUST_01637,661.57,COMPLETED,2026-03-19,44.83
ETL_ORD_006158,CUST_00856,1130.96,COMPLETED,2026-03-27,24.39
ETL_ORD_006159,CUST_00101,268.04,PENDING,2026-03-03,30.34
ETL_ORD_006160,CUST_01707,1481.48,COMPLETED,2026-03-29,6.02
ETL_ORD_006161,CUST_01831,880.56,COMPLETED,2026-03-04,35.87
ETL_ORD_006162,CUST_00636,641.77,COMPLETED,2026-03-21,9.67
ETL_ORD_006163,CUST_01424,1361.91,COMPLETED,2026-03-18,23.68
ETL_ORD_006164,CUST_00868,1283.82,COMPLETED,2026-03-23,42.43
ETL_ORD_006165,CUST_00414,311.76,PENDING,2026-03-25,8.13
ETL_ORD_006166,CUST_00083,301.5,COMPLETED,2026-03-24,49.23
ETL_ORD_006167,CUST_00389,1318.31,COMPLETED,2026-03-10,31.5
ETL_ORD_006168,CUST_01153,351.85,CANCELLED,2026-03-26,37.31
ETL_ORD_006169,CUST_00893,1393.41,COMPLETED,2026-03-10,7.18
ETL_ORD_006170,CUST_00480,926.02,COMPLETED,2026-03-13,6.86
ETL_ORD_006171,CUST_00830,376.45,COMPLETED,2026-03-11,39.65
ETL_ORD_006172,CUST_01311,1278.62,COMPLETED,2026-03-15,17.06
ETL_ORD_006173,CUST_01680,63.4,COMPLETED,2026-03-02,44.28
ETL_ORD_006174,CUST_01163,805.46,COMPLETED,2026-03-19,26.46
ETL_ORD_006175,CUST_00604,473.49,COMPLETED,2026-03-12,20.43
ETL_ORD_006176,CUST_00121,610.18,INVALID_STATUS,2026-03-12,48.71
ETL_ORD_006177,CUST_01294,659.95,COMPLETED,2026-03-18,10.31
ETL_ORD_006178,CUST_00001,1004.69,CANCELLED,2026-03-12,0.89
ETL_ORD_006179,CUST_01749,1387.65,COMPLETED,2026-03-20,3.64
ETL_ORD_006180,CUST_01313,977.89,COMPLETED,2026-03-18,37.24
ETL_ORD_006181,CUST_00571,962.78,COMPLETED,2026-03-20,33.44
ETL_ORD_006182,CUST_00863,935.61,CANCELLED,2026-03-25,18.09
ETL_ORD_006183,CUST_01010,562.9,COMPLETED,2026-03-11,49.67
ETL_ORD_006184,CUST_00864,700.23,COMPLETED,2026-03-02,6.57
ETL_ORD_006185,CUST_00570,82.14,COMPLETED,2026-03-27,34.11
ETL_ORD_006186,CUST_00213,492.87,COMPLETED,2026-03-23,13.27
ETL_ORD_006187,CUST_00298,804.89,CANCELLED,2026-03-18,44.99
ETL_ORD_006188,CUST_01057,1188.29,CANCELLED,2026-03-08,31.82
ETL_ORD_006189,CUST_01459,613.55,COMPLETED,2026-03-28,47.79
ETL_ORD_006190,CUST_01336,17.69,COMPLETED,2026-03-17,22.76
ETL_ORD_006191,CUST_00367,1256.87,COMPLETED,2026-03-09,21.85
ETL_ORD_006192,CUST_00611,1487.56,CANCELLED,2026-03-21,36.73
ETL_ORD_006193,CUST_01276,30.23,COMPLETED,2026-03-17,17.33
ETL_ORD_006194,CUST_00816,1163.98,COMPLETED,2026-03-15,17.4
ETL_ORD_006195,CUST_01320,807.28,COMPLETED,2026-03-05,4.21
ETL_ORD_006196,CUST_00724,954.71,PENDING,2026-03-05,15.43
ETL_ORD_006197,CUST_00562,1121.4,COMPLETED,2026-03-26,37.58
ETL_ORD_006198,CUST_00585,1168.57,COMPLETED,2026-03-01,38.22
ETL_ORD_006199,CUST_00910,136.6,COMPLETED,2026-03-21,33.87
ETL_ORD_006200,CUST_01271,472.64,COMPLETED,2026-03-25,46.53
ETL_ORD_006201,CUST_01008,577.21,COMPLETED,2026-03-10,19.35
ETL_ORD_006202,CUST_00673,137.13,COMPLETED,2026-03-21,23.13
ETL_ORD_006203,CUST_00825,696.15,COMPLETED,2026-03-27,10.21
ETL_ORD_006204,CUST_00207,123.51,CANCELLED,2026-03-05,36.13
ETL_ORD_006205,CUST_00460,343.7,COMPLETED,2026-03-17,5.31
ETL_ORD_006206,CUST_01019,779.98,COMPLETED,2026-03-09,7.61
ETL_ORD_006207,CUST_00067,980.54,COMPLETED,2026-03-25,24.2
ETL_ORD_006208,CUST_00975,275.6,PENDING,2026-03-15,8.47
ETL_ORD_006209,CUST_00796,833.33,COMPLETED,2026-03-10,5.76
ETL_ORD_006210,CUST_00095,836.97,COMPLETED,2026-03-05,42.56
ETL_ORD_006211,CUST_01219,1343.1,COMPLETED,2026-03-15,14.92
ETL_ORD_006212,CUST_01052,19.77,COMPLETED,2026-03-15,20.68
ETL_ORD_006213,CUST_02000,1138.99,COMPLETED,2026-03-26,33.6
ETL_ORD_006214,CUST_01312,407.91,COMPLETED,2026-03-23,17.98
ETL_ORD_006215,CUST_00766,469.59,PENDING,2026-03-22,39.19
ETL_ORD_006216,CUST_00578,1304.16,COMPLETED,2026-03-15,35.98
ETL_ORD_006217,CUST_00361,190.92,COMPLETED,2026-03-04,35.02
ETL_ORD_006218,CUST_00703,7.1,COMPLETED,2026-03-24,15.13
ETL_ORD_006219,CUST_01891,411.03,COMPLETED,2026-03-12,16.94
ETL_ORD_006220,CUST_00945,1395.8,COMPLETED,2026-03-26,11.49
ETL_ORD_006221,CUST_01063,796.34,COMPLETED,2026-03-12,16.92
ETL_ORD_006222,CUST_00655,1427.74,PENDING,2026-03-15,1.86
ETL_ORD_006223,CUST_01472,308.1,COMPLETED,2026-03-09,45.56
ETL_ORD_006224,CUST_00513,1379.39,COMPLETED,2026-03-11,35.01
ETL_ORD_006225,CUST_00523,473.11,CANCELLED,2026-03-29,31.31
ETL_ORD_006226,CUST_00312,71.47,CANCELLED,2026-03-08,30.98
ETL_ORD_006227,CUST_01095,242.43,COMPLETED,2026-03-10,8.99
ETL_ORD_006228,CUST_00866,1261.49,COMPLETED,2026-03-12,16.9
ETL_ORD_006229,CUST_00982,199.12,COMPLETED,2026-03-02,32.09
ETL_ORD_006230,CUST_01034,1097.4,COMPLETED,2026-03-18,9.07
ETL_ORD_006231,CUST_01759,487.52,COMPLETED,2026-03-16,16.02
ETL_ORD_006232,CUST_00626,226.36,COMPLETED,2026-03-04,48.12
ETL_ORD_006233,CUST_00795,1176.55,COMPLETED,2026-03-21,40.34
ETL_ORD_006234,CUST_01871,1013.44,COMPLETED,2026-03-03,1.62
ETL_ORD_006235,CUST_00943,1217.23,CANCELLED,2026-03-20,2.73
ETL_ORD_006236,CUST_00077,140.95,COMPLETED,2026-03-24,22.03
ETL_ORD_006237,CUST_00583,864.48,COMPLETED,2026-03-02,21.06
ETL_ORD_006238,CUST_00061,1057.56,COMPLETED,2026-03-15,7.01
ETL_ORD_006239,CUST_00605,671.38,COMPLETED,2026-03-02,10.48
ETL_ORD_006240,CUST_01002,554.13,COMPLETED,2026-03-09,19.76
ETL_ORD_006241,CUST_01648,5.83,PENDING,2026-03-20,38.34
ETL_ORD_006242,CUST_00402,1434.91,COMPLETED,2026-03-04,3.37
ETL_ORD_006243,CUST_01625,293.79,COMPLETED,2026-03-23,3.17
ETL_ORD_006244,CUST_01332,1230.82,COMPLETED,2026-03-16,39.88
ETL_ORD_006245,CUST_01124,270.58,COMPLETED,2026-03-05,37.26
ETL_ORD_006246,CUST_00810,97.98,COMPLETED,2026-03-06,37.22
ETL_ORD_006247,CUST_01847,1097.94,COMPLETED,2026-03-04,0.4
ETL_ORD_006248,CUST_00798,462.45,PENDING,2026-03-15,37.75
ETL_ORD_006249,CUST_00619,674.38,COMPLETED,2026-03-03,6.71
ETL_ORD_006250,CUST_01094,1483.58,PENDING,2026-03-03,3.21
ETL_ORD_006251,CUST_01696,387.22,COMPLETED,2026-03-14,36.7
ETL_ORD_006252,CUST_01331,1420.23,COMPLETED,2026-03-02,36.49
ETL_ORD_006253,CUST_00830,1150.66,COMPLETED,2026-03-21,36.92
ETL_ORD_006254,CUST_01964,1342.21,COMPLETED,2026-03-13,44.55
ETL_ORD_006255,CUST_01557,233.12,COMPLETED,2026-03-10,48.51
ETL_ORD_006256,CUST_00617,72.0,COMPLETED,2026-03-02,7.29
ETL_ORD_006257,CUST_00362,1284.1,COMPLETED,2026-03-16,3.38
ETL_ORD_006258,CUST_00049,793.81,PENDING,2026-03-17,28.97
ETL_ORD_006259,CUST_00404,1429.52,PENDING,2026-03-11,48.47
ETL_ORD_006260,CUST_00877,430.24,CANCELLED,2026-03-14,4.03
ETL_ORD_006261,CUST_01251,766.02,PENDING,2026-03-13,10.39
ETL_ORD_006262,CUST_00457,46.17,COMPLETED,2026-03-17,22.99
ETL_ORD_006263,CUST_00499,1090.17,COMPLETED,2026-03-20,1.38
ETL_ORD_006264,CUST_01642,558.59,COMPLETED,2026-03-26,40.24
ETL_ORD_006265,CUST_01535,1462.69,PENDING,2026-03-28,1.42
ETL_ORD_006266,CUST_00111,1105.14,COMPLETED,2026-03-01,49.92
ETL_ORD_006267,CUST_01502,179.53,COMPLETED,2026-03-12,24.77
ETL_ORD_006268,CUST_00438,220.4,COMPLETED,2026-03-11,33.87
ETL_ORD_006269,CUST_00749,155.59,COMPLETED,2026-03-11,39.83
ETL_ORD_006270,CUST_00581,400.47,CANCELLED,2026-03-07,10.29
ETL_ORD_006271,CUST_01979,458.94,COMPLETED,2026-03-19,26.62
ETL_ORD_006272,CUST_00107,19.74,CANCELLED,2026-03-10,12.11
ETL_ORD_006273,CUST_00474,644.49,PENDING,2026-03-06,42.19
ETL_ORD_006274,CUST_00565,1047.59,PENDING,2026-03-02,14.73
ETL_ORD_006275,CUST_00004,1258.62,COMPLETED,2026-03-29,27.07
ETL_ORD_006276,CUST_01080,143.48,COMPLETED,2026-03-04,37.19
ETL_ORD_006277,CUST_01647,347.99,COMPLETED,2026-03-02,48.92
ETL_ORD_006278,CUST_01486,268.45,COMPLETED,2026-03-15,2.45
ETL_ORD_006279,CUST_00557,1486.82,COMPLETED,2026-03-04,22.96
ETL_ORD_006280,CUST_00919,45.86,COMPLETED,2026-03-11,1.2
ETL_ORD_006281,CUST_01574,377.06,COMPLETED,2026-03-26,8.05
ETL_ORD_006282,CUST_00805,205.33,COMPLETED,2026-03-11,20.37
ETL_ORD_006283,CUST_01781,123.62,COMPLETED,2026-03-29,32.68
ETL_ORD_006284,CUST_00850,1316.35,COMPLETED,2026-03-12,8.2
ETL_ORD_006285,CUST_00610,1475.37,COMPLETED,2026-03-24,49.86
ETL_ORD_006286,CUST_01538,483.49,COMPLETED,2026-03-18,33.98
ETL_ORD_006287,CUST_00074,1488.9,COMPLETED,2026-03-17,42.8
ETL_ORD_006288,CUST_00221,92.8,COMPLETED,2026-03-04,23.79
ETL_ORD_006289,CUST_00206,1428.38,COMPLETED,2026-03-13,28.93
ETL_ORD_006290,CUST_00633,671.66,COMPLETED,2026-03-03,20.75
ETL_ORD_006291,CUST_01335,978.58,COMPLETED,2026-03-14,10.82
ETL_ORD_006292,CUST_01768,212.14,COMPLETED,2026-03-18,48.75
ETL_ORD_006293,CUST_00452,1467.85,COMPLETED,2026-03-05,46.29
ETL_ORD_006294,CUST_01908,1257.56,CANCELLED,2026-03-20,39.53
ETL_ORD_006295,CUST_00243,1268.11,COMPLETED,2026-03-18,5.69
ETL_ORD_006296,CUST_00788,497.77,COMPLETED,2026-03-24,42.1
ETL_ORD_006297,CUST_01812,1488.4,COMPLETED,2026-03-14,46.1
ETL_ORD_006298,CUST_00545,1081.53,PENDING,2026-03-04,1.06
ETL_ORD_006299,CUST_00901,664.37,CANCELLED,2026-03-18,10.22
ETL_ORD_006300,CUST_00912,104.79,COMPLETED,2026-03-25,19.46
ETL_ORD_006301,CUST_00643,1460.6,COMPLETED,2026-03-16,31.4
ETL_ORD_006302,CUST_00440,1456.58,INVALID_STATUS,2026-03-06,43.15
ETL_ORD_006303,CUST_01066,1406.15,COMPLETED,2026-03-10,46.92
ETL_ORD_006304,CUST_01541,1328.21,COMPLETED,2026-03-03,48.01
ETL_ORD_006305,CUST_01600,493.13,COMPLETED,2026-03-12,10.3
ETL_ORD_006306,CUST_00249,1371.49,COMPLETED,2026-03-16,34.77
ETL_ORD_006307,CUST_00625,1188.64,COMPLETED,2026-03-23,48.07
ETL_ORD_006308,CUST_00300,668.67,COMPLETED,2026-03-12,31.65
ETL_ORD_006309,CUST_00135,1018.47,CANCELLED,2026-03-26,30.31
ETL_ORD_006310,CUST_01320,485.67,COMPLETED,2026-03-21,49.99
ETL_ORD_006311,CUST_01057,723.06,COMPLETED,2026-03-07,21.19
ETL_ORD_006312,CUST_00388,718.87,COMPLETED,2026-03-10,14.8
ETL_ORD_006313,CUST_01278,529.96,COMPLETED,2026-03-29,2.77
ETL_ORD_006314,CUST_00972,494.31,COMPLETED,2026-03-06,13.7
ETL_ORD_006315,CUST_01497,210.91,COMPLETED,2026-03-23,8.75
ETL_ORD_006316,CUST_01187,471.64,COMPLETED,2026-03-24,47.21
ETL_ORD_006317,CUST_00674,1023.79,CANCELLED,2026-03-01,24.78
ETL_ORD_006318,CUST_01679,969.76,COMPLETED,2026-03-05,12.1
ETL_ORD_006319,CUST_01870,1425.14,COMPLETED,2026-03-22,40.45
ETL_ORD_006320,CUST_01017,1298.65,COMPLETED,2026-03-10,17.57
ETL_ORD_006321,CUST_01186,479.71,COMPLETED,2026-03-28,29.04
ETL_ORD_006322,CUST_00695,1082.73,COMPLETED,2026-03-18,1.73
ETL_ORD_006323,CUST_01688,402.39,COMPLETED,2026-03-25,31.58
ETL_ORD_006324,CUST_00540,148.68,COMPLETED,2026-03-25,32.78
ETL_ORD_006325,CUST_01515,662.79,COMPLETED,2026-03-20,15.6
ETL_ORD_006326,CUST_00448,-10.0,COMPLETED,2026-03-08,12.31
ETL_ORD_006327,CUST_01878,520.13,COMPLETED,2026-03-14,44.66
ETL_ORD_006328,CUST_00861,969.46,COMPLETED,2026-03-28,34.29
ETL_ORD_006329,CUST_00862,1009.57,COMPLETED,2026-03-28,43.59
ETL_ORD_006330,CUST_00872,1316.13,COMPLETED,2026-03-25,19.13
ETL_ORD_006331,CUST_01904,1378.65,COMPLETED,2026-03-05,18.11
ETL_ORD_006332,CUST_01924,57.04,COMPLETED,2026-03-14,46.59
ETL_ORD_006333,CUST_01333,757.88,COMPLETED,2026-03-08,22.08
ETL_ORD_006334,CUST_00322,631.51,COMPLETED,2026-03-07,26.16
ETL_ORD_006335,CUST_01856,1002.17,COMPLETED,2026-03-26,40.27
ETL_ORD_006336,CUST_00379,846.63,COMPLETED,2026-03-03,18.68
ETL_ORD_006337,CUST_00265,1343.81,COMPLETED,2026-03-20,8.93
ETL_ORD_006338,CUST_01494,123.43,COMPLETED,2026-03-28,26.8
ETL_ORD_006339,CUST_01769,1080.02,COMPLETED,2026-03-25,12.86
ETL_ORD_006340,CUST_01383,1263.6,COMPLETED,2026-03-27,41.12
ETL_ORD_006341,CUST_00058,1088.05,PENDING,2026-03-02,6.2
ETL_ORD_006342,CUST_01905,878.87,COMPLETED,2026-03-17,26.46
ETL_ORD_006343,CUST_01603,1170.8,COMPLETED,2026-03-15,38.73
ETL_ORD_006344,CUST_01839,1187.48,COMPLETED,2026-03-04,15.63
ETL_ORD_006345,CUST_01086,1359.44,COMPLETED,2026-03-10,24.7
ETL_ORD_006346,CUST_01296,70.08,COMPLETED,2026-03-09,18.57
ETL_ORD_006347,CUST_00179,317.58,COMPLETED,2026-03-02,25.8
ETL_ORD_006348,CUST_01881,1392.95,COMPLETED,2026-03-05,11.43
ETL_ORD_006349,CUST_00442,981.85,PENDING,2026-03-16,23.17
ETL_ORD_006350,CUST_01732,590.43,COMPLETED,2026-03-09,32.55
ETL_ORD_006351,CUST_01986,-10.0,COMPLETED,2026-03-14,0.04
ETL_ORD_006352,CUST_00556,888.95,COMPLETED,2026-03-09,24.44
ETL_ORD_006353,CUST_00652,189.24,PENDING,2026-03-02,46.98
ETL_ORD_006354,CUST_01840,158.74,COMPLETED,2026-03-23,30.04
ETL_ORD_006355,CUST_00734,586.35,COMPLETED,2026-03-03,30.86
ETL_ORD_006356,CUST_01642,93.04,COMPLETED,2026-03-01,24.34
ETL_ORD_006357,CUST_00444,354.55,COMPLETED,2026-03-29,6.95
ETL_ORD_006358,CUST_01403,840.93,COMPLETED,2026-03-20,46.45
ETL_ORD_006359,CUST_00061,132.17,COMPLETED,2026-03-08,3.02
ETL_ORD_006360,CUST_01458,539.73,COMPLETED,2026-03-04,22.11
ETL_ORD_006361,CUST_00689,1222.8,CANCELLED,2026-03-08,26.77
ETL_ORD_006362,CUST_01818,468.42,COMPLETED,2026-03-14,47.63
ETL_ORD_006363,CUST_01393,1126.6,COMPLETED,2026-03-17,37.86
ETL_ORD_006364,CUST_00804,476.52,COMPLETED,2026-03-26,31.29
ETL_ORD_006365,CUST_00361,886.6,COMPLETED,2026-03-06,43.81
ETL_ORD_006366,CUST_01950,212.53,CANCELLED,2026-03-19,45.2
ETL_ORD_006367,CUST_00539,469.44,COMPLETED,2026-03-20,5.64
ETL_ORD_006368,CUST_01913,1343.55,COMPLETED,2026-03-24,20.75
ETL_ORD_006369,CUST_01382,257.22,COMPLETED,2026-03-21,25.25
ETL_ORD_006370,CUST_00314,644.58,CANCELLED,2026-03-16,6.15
ETL_ORD_006371,CUST_00039,1413.51,COMPLETED,2026-03-08,37.88
ETL_ORD_006372,CUST_00731,248.7,COMPLETED,2026-03-06,4.41
ETL_ORD_006373,CUST_00921,395.59,PENDING,2026-03-08,12.0
ETL_ORD_006374,CUST_01541,1001.47,COMPLETED,2026-03-14,37.51
ETL_ORD_006375,CUST_00582,953.04,COMPLETED,2026-03-18,41.01
ETL_ORD_006376,CUST_00442,92.66,COMPLETED,2026-03-25,46.23
ETL_ORD_006377,CUST_00428,183.23,COMPLETED,2026-03-18,3.21
ETL_ORD_006378,CUST_01375,697.66,PENDING,2026-03-28,5.72
ETL_ORD_006379,CUST_01023,1480.06,COMPLETED,2026-03-29,18.33
ETL_ORD_006380,CUST_01750,1432.96,COMPLETED,2026-03-03,31.7
ETL_ORD_006381,CUST_00986,495.18,PENDING,2026-03-29,31.69
ETL_ORD_006382,CUST_00659,690.49,COMPLETED,2026-03-18,26.18
ETL_ORD_006383,CUST_01390,1012.39,CANCELLED,2026-03-01,30.71
ETL_ORD_006384,CUST_01438,1302.42,COMPLETED,2026-03-17,21.57
ETL_ORD_006385,CUST_01294,781.99,PENDING,2026-03-02,29.8
ETL_ORD_006386,CUST_01502,736.62,COMPLETED,2026-03-25,35.86
ETL_ORD_006387,CUST_01243,1255.56,COMPLETED,2026-03-24,34.1
ETL_ORD_006388,CUST_00298,56.89,COMPLETED,2026-03-01,5.03
ETL_ORD_006389,CUST_01882,563.46,COMPLETED,2026-03-18,13.09
ETL_ORD_006390,CUST_00681,951.26,COMPLETED,2026-03-17,36.27
ETL_ORD_006391,CUST_01359,1389.0,COMPLETED,2026-03-01,11.81
ETL_ORD_006392,CUST_01954,176.88,COMPLETED,2026-03-19,4.11
ETL_ORD_006393,CUST_00504,745.35,COMPLETED,2026-03-22,31.25
ETL_ORD_006394,CUST_01451,78.13,PENDING,2026-03-01,25.62
ETL_ORD_006395,CUST_01145,547.06,COMPLETED,2026-03-08,33.05
ETL_ORD_006396,CUST_01607,1031.45,PENDING,2026-03-11,27.69
ETL_ORD_006397,CUST_00723,966.14,COMPLETED,2026-03-07,23.22
ETL_ORD_006398,CUST_01302,1498.61,COMPLETED,2026-03-16,28.91
ETL_ORD_006399,CUST_01061,450.36,COMPLETED,2026-03-06,30.85
ETL_ORD_006400,CUST_00604,1121.62,COMPLETED,2026-03-20,48.58
ETL_ORD_006401,CUST_01040,95.86,COMPLETED,2026-03-01,19.58
ETL_ORD_006402,CUST_00341,1256.65,PENDING,2026-03-19,15.5
ETL_ORD_006403,CUST_00536,297.75,COMPLETED,2026-03-13,25.9
ETL_ORD_006404,CUST_01099,497.03,CANCELLED,2026-03-29,44.72
ETL_ORD_006405,CUST_00113,102.53,COMPLETED,2026-03-20,33.27
ETL_ORD_006406,CUST_00964,1461.72,COMPLETED,2026-03-19,7.64
ETL_ORD_006407,CUST_01146,134.56,COMPLETED,2026-03-11,14.24
ETL_ORD_006408,CUST_00100,1070.64,COMPLETED,2026-03-24,10.4
ETL_ORD_006409,CUST_00756,1222.75,COMPLETED,2026-03-27,48.62
ETL_ORD_006410,CUST_00273,799.34,COMPLETED,2026-03-04,3.15
ETL_ORD_006411,CUST_01519,190.51,COMPLETED,2026-03-08,3.26
ETL_ORD_006412,CUST_01114,59.1,PENDING,2026-03-10,9.33
ETL_ORD_006413,CUST_00605,156.97,COMPLETED,2026-03-09,7.2
ETL_ORD_006414,CUST_01940,596.61,COMPLETED,2026-03-13,15.64
ETL_ORD_006415,CUST_01698,1399.06,COMPLETED,2026-03-06,4.47
ETL_ORD_006416,CUST_01273,238.83,COMPLETED,2026-03-29,36.75
ETL_ORD_006417,CUST_00976,604.03,PENDING,2026-03-27,16.84
ETL_ORD_006418,CUST_01752,1415.47,COMPLETED,2026-03-19,47.99
ETL_ORD_006419,CUST_01370,1343.77,COMPLETED,2026-03-24,33.92
ETL_ORD_006420,CUST_00156,89.39,COMPLETED,2026-03-08,49.24
ETL_ORD_006421,CUST_01013,508.39,COMPLETED,2026-03-27,32.83
ETL_ORD_006422,CUST_00159,1250.88,COMPLETED,2026-03-10,25.13
ETL_ORD_006423,CUST_00453,680.32,COMPLETED,2026-03-08,40.92
ETL_ORD_006424,CUST_00144,1498.14,PENDING,2026-03-01,44.29
ETL_ORD_006425,CUST_00638,1260.73,COMPLETED,2026-03-04,45.97
ETL_ORD_006426,CUST_00044,743.65,INVALID_STATUS,2026-03-08,27.41
ETL_ORD_006427,CUST_00484,681.19,COMPLETED,2026-03-19,28.59
ETL_ORD_006428,CUST_01575,234.81,COMPLETED,2026-03-19,41.71
ETL_ORD_006429,CUST_01671,912.53,COMPLETED,2026-03-09,29.93
ETL_ORD_006430,CUST_00191,480.28,COMPLETED,2026-03-06,31.94
ETL_ORD_006431,CUST_01157,923.11,CANCELLED,2026-03-29,3.04
ETL_ORD_006432,CUST_01526,199.06,COMPLETED,2026-03-29,17.18
ETL_ORD_006433,CUST_01248,291.87,COMPLETED,2026-03-05,30.99
ETL_ORD_006434,CUST_00886,355.65,COMPLETED,2026-03-03,21.19
ETL_ORD_006435,CUST_00177,955.22,COMPLETED,2026-03-06,29.06
ETL_ORD_006436,CUST_01574,64.66,COMPLETED,2026-03-29,44.75
ETL_ORD_006437,CUST_00576,1104.64,CANCELLED,2026-03-24,2.85
ETL_ORD_006438,CUST_01705,1375.61,COMPLETED,2026-03-06,4.64
ETL_ORD_006439,CUST_01152,1224.39,COMPLETED,2026-03-17,35.98
ETL_ORD_006440,CUST_01827,1120.67,CANCELLED,2026-03-21,3.9
ETL_ORD_006441,CUST_00988,617.49,COMPLETED,2026-03-05,44.48
ETL_ORD_006442,CUST_01718,820.86,INVALID_STATUS,2026-03-03,25.58
ETL_ORD_006443,CUST_01622,1347.48,PENDING,2026-03-15,18.12
ETL_ORD_006444,CUST_00008,82.09,COMPLETED,2026-03-17,27.74
ETL_ORD_006445,CUST_01404,1054.65,CANCELLED,2026-03-26,7.39
ETL_ORD_006446,CUST_00548,464.7,COMPLETED,2026-03-14,35.14
ETL_ORD_006447,CUST_00102,1090.18,INVALID_STATUS,2026-03-02,15.89
ETL_ORD_006448,CUST_00818,1370.66,CANCELLED,2026-03-10,7.49
ETL_ORD_006449,CUST_00199,921.59,COMPLETED,2026-03-25,4.31
ETL_ORD_006450,CUST_00255,172.11,COMPLETED,2026-03-06,50.0
ETL_ORD_006451,CUST_01668,411.55,INVALID_STATUS,2026-03-02,41.9
ETL_ORD_006452,CUST_00987,638.33,COMPLETED,2026-03-02,32.71
ETL_ORD_006453,CUST_01015,400.66,COMPLETED,2026-03-17,45.58
ETL_ORD_006454,CUST_00417,651.9,COMPLETED,2026-03-02,20.18
ETL_ORD_006455,CUST_00996,1161.71,COMPLETED,2026-03-28,13.08
ETL_ORD_006456,CUST_01391,1088.04,COMPLETED,2026-03-24,38.42
ETL_ORD_006457,CUST_01502,521.27,COMPLETED,2026-03-18,30.11
ETL_ORD_006458,CUST_00854,812.38,COMPLETED,2026-03-12,43.52
ETL_ORD_006459,CUST_01820,816.77,COMPLETED,2026-03-04,38.21
ETL_ORD_006460,CUST_01190,1041.97,INVALID_STATUS,2026-03-08,21.06
ETL_ORD_006461,CUST_01688,1378.47,PENDING,2026-03-29,38.34
ETL_ORD_006462,CUST_01842,1231.23,CANCELLED,2026-03-09,27.8
ETL_ORD_006463,CUST_00621,665.84,COMPLETED,2026-03-27,10.0
ETL_ORD_006464,CUST_01191,1367.16,COMPLETED,2026-03-21,35.09
ETL_ORD_006465,CUST_00309,1248.53,COMPLETED,2026-03-11,24.21
ETL_ORD_006466,CUST_01662,397.24,COMPLETED,2026-03-18,27.16
ETL_ORD_006467,CUST_00387,553.86,COMPLETED,2026-03-02,42.01
ETL_ORD_006468,CUST_00108,556.97,COMPLETED,2026-03-13,4.92
ETL_ORD_006469,CUST_01223,1189.68,COMPLETED,2026-03-07,35.37
ETL_ORD_006470,CUST_01946,253.13,COMPLETED,2026-03-15,13.5
ETL_ORD_006471,CUST_01133,63.88,COMPLETED,2026-03-05,5.73
ETL_ORD_006472,CUST_01314,516.32,COMPLETED,2026-03-15,42.62
ETL_ORD_006473,CUST_00205,629.09,COMPLETED,2026-03-21,34.08
ETL_ORD_006474,CUST_00432,729.1,COMPLETED,2026-03-28,1.44
ETL_ORD_006475,CUST_01647,1171.44,COMPLETED,2026-03-06,30.37
ETL_ORD_006476,CUST_00375,993.02,CANCELLED,2026-03-08,18.68
ETL_ORD_006477,CUST_00951,210.38,COMPLETED,2026-03-20,28.9
ETL_ORD_006478,CUST_00873,742.21,COMPLETED,2026-03-09,15.87
ETL_ORD_006479,CUST_00558,69.81,PENDING,2026-03-18,38.11
ETL_ORD_006480,CUST_00215,547.33,CANCELLED,2026-03-17,13.81
ETL_ORD_006481,CUST_00754,1225.94,COMPLETED,2026-03-13,3.23
ETL_ORD_006482,CUST_01788,818.16,COMPLETED,2026-03-06,48.41
ETL_ORD_006483,CUST_00011,438.37,PENDING,2026-03-01,15.53
ETL_ORD_006484,CUST_00633,1310.1,COMPLETED,2026-03-01,22.73
ETL_ORD_006485,CUST_00016,418.33,COMPLETED,2026-03-13,48.81
ETL_ORD_006486,CUST_00288,799.57,COMPLETED,2026-03-20,13.13
ETL_ORD_006487,CUST_01791,1354.85,COMPLETED,2026-03-03,49.8
ETL_ORD_006488,CUST_01931,1090.67,PENDING,2026-03-14,18.68
ETL_ORD_006489,CUST_00829,350.79,COMPLETED,2026-03-29,16.51
ETL_ORD_006490,CUST_01562,1386.71,COMPLETED,2026-03-14,13.83
ETL_ORD_006491,CUST_00011,-10.0,COMPLETED,2026-03-11,29.16
ETL_ORD_006492,CUST_00269,93.24,COMPLETED,2026-03-26,31.41
ETL_ORD_006493,CUST_00486,663.91,COMPLETED,2026-03-28,4.22
ETL_ORD_006494,CUST_00560,841.01,COMPLETED,2026-03-15,18.48
ETL_ORD_006495,CUST_01647,649.08,COMPLETED,2026-03-24,40.78
ETL_ORD_006496,CUST_00279,904.97,COMPLETED,2026-03-04,17.57
ETL_ORD_006497,CUST_01142,1312.79,COMPLETED,2026-03-19,6.76
ETL_ORD_006498,CUST_00069,278.94,COMPLETED,2026-03-04,47.02
ETL_ORD_006499,CUST_00436,1291.7,CANCELLED,2026-03-18,33.81
ETL_ORD_006500,CUST_00366,1233.95,COMPLETED,2026-03-05,34.63
ETL_ORD_006501,CUST_00827,388.99,COMPLETED,2026-03-07,47.52
ETL_ORD_006502,CUST_01123,531.69,COMPLETED,2026-03-11,35.23
ETL_ORD_006503,CUST_00544,316.47,COMPLETED,2026-03-19,46.45
ETL_ORD_006504,CUST_00651,1041.76,COMPLETED,2026-03-11,4.64
ETL_ORD_006505,CUST_01465,335.0,COMPLETED,2026-03-25,25.4
ETL_ORD_006506,CUST_00854,21.7,COMPLETED,2026-03-06,42.64
ETL_ORD_006507,CUST_00672,1326.63,COMPLETED,2026-03-18,46.4
ETL_ORD_006508,CUST_01247,356.41,PENDING,2026-03-03,48.91
ETL_ORD_006509,CUST_01015,1119.88,CANCELLED,2026-03-20,11.79
ETL_ORD_006510,CUST_01762,1059.3,COMPLETED,2026-03-10,14.47
ETL_ORD_006511,CUST_00278,68.77,CANCELLED,2026-03-07,18.84
ETL_ORD_006512,CUST_00825,960.91,COMPLETED,2026-03-22,16.07
ETL_ORD_006513,CUST_01604,1211.99,COMPLETED,2026-03-10,37.58
ETL_ORD_006514,CUST_01363,687.98,COMPLETED,2026-03-10,12.85
ETL_ORD_006515,CUST_00609,920.57,COMPLETED,2026-03-13,39.84
ETL_ORD_006516,CUST_01384,626.18,COMPLETED,2026-03-08,18.95
ETL_ORD_006517,CUST_01627,136.47,COMPLETED,2026-03-04,25.08
ETL_ORD_006518,CUST_01436,1413.13,CANCELLED,2026-03-05,27.15
ETL_ORD_006519,CUST_00589,94.17,COMPLETED,2026-03-05,17.21
ETL_ORD_006520,CUST_00791,745.94,CANCELLED,2026-03-05,40.43
ETL_ORD_006521,CUST_00047,723.44,COMPLETED,2026-03-07,35.55
ETL_ORD_006522,CUST_00923,1084.92,COMPLETED,2026-03-22,6.91
ETL_ORD_006523,CUST_00730,150.21,COMPLETED,2026-03-11,29.0
ETL_ORD_006524,CUST_00095,549.41,COMPLETED,2026-03-25,44.73
ETL_ORD_006525,CUST_00649,1423.33,CANCELLED,2026-03-02,4.65
ETL_ORD_006526,CUST_00554,1064.77,COMPLETED,2026-03-28,14.71
ETL_ORD_006527,CUST_00561,9.24,COMPLETED,2026-03-12,47.14
ETL_ORD_006528,CUST_01388,638.51,COMPLETED,2026-03-13,26.01
ETL_ORD_006529,CUST_01427,394.92,CANCELLED,2026-03-22,27.32
ETL_ORD_006530,CUST_00268,297.66,COMPLETED,2026-03-05,8.13
ETL_ORD_006531,CUST_01047,310.05,COMPLETED,2026-03-25,37.0
ETL_ORD_006532,CUST_01354,1481.46,COMPLETED,2026-03-12,13.75
ETL_ORD_006533,CUST_00383,889.02,COMPLETED,2026-03-06,15.46
ETL_ORD_006534,CUST_00882,22.66,COMPLETED,2026-03-17,40.76
ETL_ORD_006535,CUST_01508,985.41,CANCELLED,2026-03-21,8.24
ETL_ORD_006536,CUST_00064,1325.6,COMPLETED,2026-03-20,20.45
ETL_ORD_006537,CUST_00246,1432.05,COMPLETED,2026-03-10,25.5
ETL_ORD_006538,CUST_01675,1077.23,COMPLETED,2026-03-27,6.23
ETL_ORD_006539,CUST_01417,598.59,COMPLETED,2026-03-05,0.04
ETL_ORD_006540,CUST_00974,862.48,COMPLETED,2026-03-09,10.85
ETL_ORD_006541,CUST_00509,327.12,COMPLETED,2026-03-24,34.6
ETL_ORD_006542,CUST_00666,1313.31,COMPLETED,2026-03-26,33.6
ETL_ORD_006543,CUST_01913,647.78,PENDING,2026-03-03,31.36
ETL_ORD_006544,CUST_01077,1332.2,COMPLETED,2026-03-02,19.26
ETL_ORD_006545,CUST_00500,898.61,COMPLETED,2026-03-06,13.9
ETL_ORD_006546,CUST_01085,271.05,COMPLETED,2026-03-22,33.12
ETL_ORD_006547,CUST_00757,419.92,PENDING,2026-03-02,18.2
ETL_ORD_006548,CUST_00891,295.34,PENDING,2026-03-13,23.07
ETL_ORD_006549,CUST_00587,710.31,COMPLETED,2026-03-24,11.37
ETL_ORD_006550,CUST_01485,455.11,COMPLETED,2026-03-04,48.24
ETL_ORD_006551,CUST_00010,643.37,PENDING,2026-03-02,48.29
ETL_ORD_006552,CUST_00983,705.54,CANCELLED,2026-03-14,45.1
ETL_ORD_006553,CUST_00427,736.85,COMPLETED,2026-03-14,13.75
ETL_ORD_006554,CUST_01966,353.23,COMPLETED,2026-03-29,25.88
ETL_ORD_006555,CUST_01588,1128.67,COMPLETED,2026-03-04,32.53
ETL_ORD_006556,CUST_00671,44.32,PENDING,2026-03-06,24.29
ETL_ORD_006557,CUST_00779,267.73,COMPLETED,2026-03-24,12.17
ETL_ORD_006558,CUST_00967,828.46,COMPLETED,2026-03-02,7.14
ETL_ORD_006559,CUST_00090,813.98,COMPLETED,2026-03-03,24.72
ETL_ORD_006560,CUST_01974,911.0,COMPLETED,2026-03-01,49.19
ETL_ORD_006561,CUST_00914,1131.59,COMPLETED,2026-03-27,21.38
ETL_ORD_006562,CUST_00715,1200.23,CANCELLED,2026-03-27,34.83
ETL_ORD_006563,CUST_00832,1457.05,COMPLETED,2026-03-21,13.41
ETL_ORD_006564,CUST_00620,836.85,COMPLETED,2026-03-12,46.85
ETL_ORD_006565,CUST_00594,832.74,CANCELLED,2026-03-16,3.52
ETL_ORD_006566,CUST_00468,1438.25,COMPLETED,2026-03-05,5.28
ETL_ORD_006567,CUST_00331,574.29,COMPLETED,2026-03-11,16.22
ETL_ORD_006568,CUST_00012,82.06,COMPLETED,2026-03-16,36.17
ETL_ORD_006569,CUST_00323,8.46,PENDING,2026-03-26,3.67
ETL_ORD_006570,CUST_00767,1018.78,COMPLETED,2026-03-29,40.61
ETL_ORD_006571,CUST_01074,868.98,CANCELLED,2026-03-29,15.74
ETL_ORD_006572,CUST_01904,403.11,COMPLETED,2026-03-19,22.94
ETL_ORD_006573,CUST_01668,852.41,COMPLETED,2026-03-14,49.94
ETL_ORD_006574,CUST_00476,1037.08,COMPLETED,2026-03-05,10.54
ETL_ORD_006575,CUST_01106,831.91,COMPLETED,2026-03-18,11.78
ETL_ORD_006576,CUST_01323,97.47,COMPLETED,2026-03-29,27.04
ETL_ORD_006577,CUST_00930,612.76,COMPLETED,2026-03-09,8.5
ETL_ORD_006578,CUST_01264,1349.13,COMPLETED,2026-03-09,6.82
ETL_ORD_006579,CUST_01375,1349.07,COMPLETED,2026-03-23,28.85
ETL_ORD_006580,CUST_01466,509.03,COMPLETED,2026-03-16,32.14
ETL_ORD_006581,CUST_01775,1427.46,COMPLETED,2026-03-01,40.95
ETL_ORD_006582,CUST_01522,1368.02,COMPLETED,2026-03-02,0.36
ETL_ORD_006583,CUST_01715,436.38,PENDING,2026-03-17,20.3
ETL_ORD_006584,CUST_01859,1233.62,COMPLETED,2026-03-03,13.56
ETL_ORD_006585,CUST_00538,1486.51,COMPLETED,2026-03-13,1.73
ETL_ORD_006586,CUST_00437,593.95,COMPLETED,2026-03-19,28.44
ETL_ORD_006587,CUST_00705,579.39,COMPLETED,2026-03-21,12.55
ETL_ORD_006588,CUST_01764,404.56,COMPLETED,2026-03-06,27.65
ETL_ORD_006589,CUST_01993,439.61,PENDING,2026-03-14,49.91
ETL_ORD_006590,CUST_00770,1451.12,COMPLETED,2026-03-18,34.99
ETL_ORD_006591,CUST_00470,1418.9,COMPLETED,2026-03-28,41.67
ETL_ORD_006592,CUST_00868,1173.86,COMPLETED,2026-03-22,20.42
ETL_ORD_006593,CUST_00960,1146.78,COMPLETED,2026-03-28,8.97
ETL_ORD_006594,CUST_01813,437.45,COMPLETED,2026-03-29,15.55
ETL_ORD_006595,CUST_01139,1464.91,COMPLETED,2026-03-23,22.99
ETL_ORD_006596,CUST_00397,511.66,COMPLETED,2026-03-20,35.69
ETL_ORD_006597,CUST_00073,470.14,COMPLETED,2026-03-03,7.4
ETL_ORD_006598,CUST_01455,577.04,COMPLETED,2026-03-05,39.47
ETL_ORD_006599,CUST_01210,635.4,COMPLETED,2026-03-14,16.35
ETL_ORD_006600,CUST_01791,-10.0,CANCELLED,2026-03-28,23.73
ETL_ORD_006601,CUST_01129,377.96,COMPLETED,2026-03-06,13.38
ETL_ORD_006602,CUST_00183,1274.76,COMPLETED,2026-03-03,36.41
ETL_ORD_006603,CUST_01449,1155.03,COMPLETED,2026-03-23,8.91
ETL_ORD_006604,CUST_01115,562.46,CANCELLED,2026-03-01,39.44
ETL_ORD_006605,CUST_01206,740.42,CANCELLED,2026-03-16,35.46
ETL_ORD_006606,CUST_01920,832.33,COMPLETED,2026-03-25,45.32
ETL_ORD_006607,CUST_00694,187.23,PENDING,2026-03-25,35.89
ETL_ORD_006608,CUST_01555,230.73,COMPLETED,2026-03-07,10.62
ETL_ORD_006609,CUST_00006,86.72,COMPLETED,2026-03-10,1.06
ETL_ORD_006610,CUST_01159,490.48,COMPLETED,2026-03-10,26.41
ETL_ORD_006611,CUST_01307,1170.63,COMPLETED,2026-03-02,26.56
ETL_ORD_006612,CUST_01395,158.17,COMPLETED,2026-03-16,49.05
ETL_ORD_006613,CUST_00542,235.55,COMPLETED,2026-03-26,1.89
ETL_ORD_006614,CUST_01390,691.08,COMPLETED,2026-03-02,28.74
ETL_ORD_006615,CUST_00156,315.26,COMPLETED,2026-03-19,19.23
ETL_ORD_006616,CUST_00017,818.98,INVALID_STATUS,2026-03-20,11.52
ETL_ORD_006617,CUST_00442,682.51,COMPLETED,2026-03-07,16.3
ETL_ORD_006618,CUST_00411,670.55,COMPLETED,2026-03-01,23.36
ETL_ORD_006619,CUST_01259,377.19,COMPLETED,2026-03-15,32.22
ETL_ORD_006620,CUST_01216,887.11,CANCELLED,2026-03-19,26.44
ETL_ORD_006621,CUST_01693,1186.72,COMPLETED,2026-03-14,15.29
ETL_ORD_006622,CUST_00726,1065.09,COMPLETED,2026-03-29,43.9
ETL_ORD_006623,CUST_00557,924.33,COMPLETED,2026-03-01,10.01
ETL_ORD_006624,CUST_00551,683.03,PENDING,2026-03-05,30.72
ETL_ORD_006625,CUST_00715,1336.26,COMPLETED,2026-03-07,22.53
ETL_ORD_006626,CUST_01872,1199.05,COMPLETED,2026-03-11,15.61
ETL_ORD_006627,CUST_00158,438.4,COMPLETED,2026-03-11,2.39
ETL_ORD_006628,CUST_00811,320.55,PENDING,2026-03-07,44.77
ETL_ORD_006629,CUST_01482,849.16,COMPLETED,2026-03-01,42.13
ETL_ORD_006630,CUST_00219,139.16,COMPLETED,2026-03-27,43.13
ETL_ORD_006631,CUST_00602,699.67,COMPLETED,2026-03-18,30.56
ETL_ORD_006632,CUST_01471,1347.35,CANCELLED,2026-03-05,15.52
ETL_ORD_006633,CUST_01838,1377.99,COMPLETED,2026-03-11,16.25
ETL_ORD_006634,CUST_00565,408.7,PENDING,2026-03-09,31.46
ETL_ORD_006635,CUST_01489,886.04,COMPLETED,2026-03-02,6.92
ETL_ORD_006636,CUST_00725,1197.38,COMPLETED,2026-03-26,29.31
ETL_ORD_006637,CUST_00628,594.45,COMPLETED,2026-03-09,48.62
ETL_ORD_006638,CUST_01093,17.86,COMPLETED,2026-03-14,32.03
ETL_ORD_006639,CUST_01447,42.73,COMPLETED,2026-03-07,48.21
ETL_ORD_006640,CUST_00310,997.92,COMPLETED,2026-03-10,27.56
ETL_ORD_006641,CUST_00011,73.43,CANCELLED,2026-03-06,5.4
ETL_ORD_006642,CUST_00369,234.1,CANCELLED,2026-03-02,45.03
ETL_ORD_006643,CUST_00279,126.68,COMPLETED,2026-03-17,8.2
ETL_ORD_006644,CUST_00814,602.45,COMPLETED,2026-03-11,22.95
ETL_ORD_006645,CUST_00504,433.69,COMPLETED,2026-03-21,33.19
ETL_ORD_006646,CUST_01119,525.22,COMPLETED,2026-03-18,5.69
ETL_ORD_006647,CUST_01448,1096.33,COMPLETED,2026-03-04,32.51
ETL_ORD_006648,CUST_01855,839.49,CANCELLED,2026-03-05,28.76
ETL_ORD_006649,CUST_01535,102.85,PENDING,2026-03-29,46.46
ETL_ORD_006650,CUST_00128,925.07,COMPLETED,2026-03-01,26.73
ETL_ORD_006651,CUST_01924,1058.04,COMPLETED,2026-03-05,17.72
ETL_ORD_006652,CUST_00036,537.64,CANCELLED,2026-03-02,22.22
ETL_ORD_006653,CUST_01756,954.97,COMPLETED,2026-03-29,30.27
ETL_ORD_006654,CUST_01809,412.36,COMPLETED,2026-03-11,29.7
ETL_ORD_006655,CUST_00629,1420.63,PENDING,2026-03-04,2.9
ETL_ORD_006656,CUST_00638,1065.08,COMPLETED,2026-03-28,43.38
ETL_ORD_006657,CUST_01573,657.44,COMPLETED,2026-03-02,7.13
ETL_ORD_006658,CUST_00185,326.09,COMPLETED,2026-03-15,36.09
ETL_ORD_006659,CUST_01639,720.65,PENDING,2026-03-08,2.51
ETL_ORD_006660,CUST_00348,725.41,CANCELLED,2026-03-02,31.15
ETL_ORD_006661,CUST_00042,317.96,INVALID_STATUS,2026-03-26,43.93
ETL_ORD_006662,CUST_01398,1352.1,COMPLETED,2026-03-20,6.92
ETL_ORD_006663,CUST_01086,1259.36,COMPLETED,2026-03-27,35.84
ETL_ORD_006664,CUST_01531,1416.53,INVALID_STATUS,2026-03-06,34.98
ETL_ORD_006665,CUST_01130,1007.64,COMPLETED,2026-03-14,6.2
ETL_ORD_006666,CUST_00972,934.62,COMPLETED,2026-03-17,40.85
ETL_ORD_006667,CUST_00670,958.62,COMPLETED,2026-03-13,6.43
ETL_ORD_006668,CUST_00171,904.41,COMPLETED,2026-03-29,8.35
ETL_ORD_006669,CUST_00595,1270.17,COMPLETED,2026-03-27,41.37
ETL_ORD_006670,CUST_00732,473.3,COMPLETED,2026-03-02,32.23
ETL_ORD_006671,CUST_00753,489.4,COMPLETED,2026-03-27,15.54
ETL_ORD_006672,CUST_00722,53.04,COMPLETED,2026-03-27,29.03
ETL_ORD_006673,CUST_01269,684.03,CANCELLED,2026-03-08,47.77
ETL_ORD_006674,CUST_00512,1142.51,CANCELLED,2026-03-13,2.07
ETL_ORD_006675,CUST_01329,532.89,COMPLETED,2026-03-11,9.17
ETL_ORD_006676,CUST_01757,949.99,COMPLETED,2026-03-14,45.69
ETL_ORD_006677,CUST_00672,1400.25,CANCELLED,2026-03-16,28.05
ETL_ORD_006678,CUST_01459,387.72,PENDING,2026-03-26,9.09
ETL_ORD_006679,CUST_01544,147.53,COMPLETED,2026-03-16,48.9
ETL_ORD_006680,CUST_01403,1223.19,COMPLETED,2026-03-03,44.26
ETL_ORD_006681,CUST_01067,762.34,COMPLETED,2026-03-02,27.76
ETL_ORD_006682,CUST_00757,1230.58,CANCELLED,2026-03-17,28.82
ETL_ORD_006683,CUST_00936,887.85,COMPLETED,2026-03-03,11.45
ETL_ORD_006684,CUST_01545,13.84,COMPLETED,2026-03-05,32.86
ETL_ORD_006685,CUST_00084,293.43,PENDING,2026-03-17,45.02
ETL_ORD_006686,CUST_00983,1182.54,INVALID_STATUS,2026-03-23,47.7
ETL_ORD_006687,CUST_01345,787.78,COMPLETED,2026-03-11,5.87
ETL_ORD_006688,CUST_00427,607.54,COMPLETED,2026-03-17,42.46
ETL_ORD_006689,CUST_00485,419.93,COMPLETED,2026-03-25,49.56
ETL_ORD_006690,CUST_00041,226.79,COMPLETED,2026-03-26,47.75
ETL_ORD_006691,CUST_01276,568.36,COMPLETED,2026-03-21,1.54
ETL_ORD_006692,CUST_00102,1375.98,COMPLETED,2026-03-19,30.38
ETL_ORD_006693,CUST_01837,831.15,COMPLETED,2026-03-14,2.78
ETL_ORD_006694,CUST_01615,540.15,COMPLETED,2026-03-22,32.07
ETL_ORD_006695,CUST_00111,227.98,COMPLETED,2026-03-06,21.44
ETL_ORD_006696,CUST_00965,666.31,COMPLETED,2026-03-07,25.12
ETL_ORD_006697,CUST_01889,1052.81,COMPLETED,2026-03-04,29.82
ETL_ORD_006698,CUST_01868,1100.62,COMPLETED,2026-03-03,35.64
ETL_ORD_006699,CUST_01272,344.23,COMPLETED,2026-03-09,35.66
ETL_ORD_006700,CUST_01678,942.11,CANCELLED,2026-03-17,10.43
ETL_ORD_006701,CUST_01022,1492.56,CANCELLED,2026-03-08,45.67
ETL_ORD_006702,CUST_00799,1349.56,CANCELLED,2026-03-13,29.96
ETL_ORD_006703,CUST_01613,1270.49,PENDING,2026-03-08,40.92
ETL_ORD_006704,CUST_00652,1210.53,PENDING,2026-03-27,17.73
ETL_ORD_006705,CUST_00993,718.95,COMPLETED,2026-03-05,47.32
ETL_ORD_006706,CUST_00292,1449.5,COMPLETED,2026-03-22,48.84
ETL_ORD_006707,CUST_01297,389.37,PENDING,2026-03-28,5.98
ETL_ORD_006708,CUST_00395,225.5,COMPLETED,2026-03-05,31.44
ETL_ORD_006709,CUST_01835,669.5,COMPLETED,2026-03-22,4.09
ETL_ORD_006710,CUST_00756,1024.88,COMPLETED,2026-03-14,13.87
ETL_ORD_006711,CUST_01746,1152.94,INVALID_STATUS,2026-03-27,48.66
ETL_ORD_006712,CUST_00024,973.32,COMPLETED,2026-03-14,34.12
ETL_ORD_006713,CUST_00153,1075.64,COMPLETED,2026-03-03,24.43
ETL_ORD_006714,CUST_00877,69.24,COMPLETED,2026-03-13,15.19
ETL_ORD_006715,CUST_00015,492.8,COMPLETED,2026-03-03,13.43
ETL_ORD_006716,CUST_01993,894.01,COMPLETED,2026-03-14,8.39
ETL_ORD_006717,CUST_01994,39.34,COMPLETED,2026-03-04,19.95
ETL_ORD_006718,CUST_01593,1283.45,COMPLETED,2026-03-26,36.01
ETL_ORD_006719,CUST_01509,1097.78,COMPLETED,2026-03-24,8.95
ETL_ORD_006720,CUST_01422,1480.9,COMPLETED,2026-03-15,7.67
ETL_ORD_006721,CUST_01308,261.19,COMPLETED,2026-03-06,16.21
ETL_ORD_006722,CUST_00336,779.83,COMPLETED,2026-03-21,32.95
ETL_ORD_006723,CUST_00591,282.47,PENDING,2026-03-22,20.82
ETL_ORD_006724,CUST_00395,1357.71,COMPLETED,2026-03-18,30.03
ETL_ORD_006725,CUST_01986,31.22,COMPLETED,2026-03-15,43.72
ETL_ORD_006726,CUST_00658,1264.91,COMPLETED,2026-03-13,16.82
ETL_ORD_006727,CUST_01680,1384.48,COMPLETED,2026-03-06,7.18
ETL_ORD_006728,CUST_00580,1175.05,COMPLETED,2026-03-21,10.23
ETL_ORD_006729,CUST_01168,1359.24,INVALID_STATUS,2026-03-01,38.53
ETL_ORD_006730,CUST_01070,1273.58,COMPLETED,2026-03-29,14.65
ETL_ORD_006731,CUST_00794,761.62,PENDING,2026-03-10,27.96
ETL_ORD_006732,CUST_00730,1161.78,COMPLETED,2026-03-17,49.67
ETL_ORD_006733,CUST_00859,534.29,COMPLETED,2026-03-16,1.95
ETL_ORD_006734,CUST_00964,585.04,COMPLETED,2026-03-23,11.94
ETL_ORD_006735,CUST_01544,1116.94,PENDING,2026-03-27,41.58
ETL_ORD_006736,CUST_00283,732.07,COMPLETED,2026-03-27,19.02
ETL_ORD_006737,CUST_00358,580.19,PENDING,2026-03-13,34.55
ETL_ORD_006738,CUST_01912,127.65,PENDING,2026-03-23,36.37
ETL_ORD_006739,CUST_00391,1356.16,CANCELLED,2026-03-29,12.56
ETL_ORD_006740,CUST_00774,566.87,PENDING,2026-03-05,20.39
ETL_ORD_006741,CUST_00438,635.49,COMPLETED,2026-03-18,10.19
ETL_ORD_006742,CUST_00649,108.75,COMPLETED,2026-03-14,5.91
ETL_ORD_006743,CUST_00195,690.22,COMPLETED,2026-03-21,23.02
ETL_ORD_006744,CUST_01691,290.55,COMPLETED,2026-03-04,12.54
ETL_ORD_006745,CUST_01119,166.55,COMPLETED,2026-03-06,16.5
ETL_ORD_006746,CUST_01441,1066.52,COMPLETED,2026-03-11,17.84
ETL_ORD_006747,CUST_00889,1170.54,COMPLETED,2026-03-20,9.66
ETL_ORD_006748,CUST_00917,1262.69,COMPLETED,2026-03-15,22.25
ETL_ORD_006749,CUST_01708,972.63,COMPLETED,2026-03-22,33.54
ETL_ORD_006750,CUST_01949,919.91,COMPLETED,2026-03-01,38.94
ETL_ORD_006751,CUST_00740,1202.75,COMPLETED,2026-03-02,27.05
ETL_ORD_006752,CUST_01699,1406.9,COMPLETED,2026-03-24,32.96
ETL_ORD_006753,CUST_00242,245.8,PENDING,2026-03-02,11.37
ETL_ORD_006754,CUST_00459,742.04,COMPLETED,2026-03-19,8.19
ETL_ORD_006755,CUST_00941,734.08,COMPLETED,2026-03-07,41.2
ETL_ORD_006756,CUST_01503,982.0,COMPLETED,2026-03-02,36.81
ETL_ORD_006757,CUST_01923,-10.0,CANCELLED,2026-03-14,17.93
ETL_ORD_006758,CUST_00027,1484.93,COMPLETED,2026-03-03,32.68
ETL_ORD_006759,CUST_01223,346.03,CANCELLED,2026-03-06,18.94
ETL_ORD_006760,CUST_00910,1032.15,COMPLETED,2026-03-02,12.12
ETL_ORD_006761,CUST_01563,1349.16,COMPLETED,2026-03-28,0.77
ETL_ORD_006762,CUST_00556,373.02,CANCELLED,2026-03-05,11.32
ETL_ORD_006763,CUST_00925,1146.13,PENDING,2026-03-14,7.69
ETL_ORD_006764,CUST_01457,947.09,COMPLETED,2026-03-24,12.97
ETL_ORD_006765,CUST_00182,917.19,COMPLETED,2026-03-01,47.69
ETL_ORD_006766,CUST_00345,719.41,PENDING,2026-03-23,32.4
ETL_ORD_006767,CUST_01820,1071.16,CANCELLED,2026-03-06,13.85
ETL_ORD_006768,CUST_01843,789.28,COMPLETED,2026-03-01,48.43
ETL_ORD_006769,CUST_01326,1319.67,COMPLETED,2026-03-13,24.2
ETL_ORD_006770,CUST_01131,300.86,COMPLETED,2026-03-19,5.02
ETL_ORD_006771,CUST_00842,1142.53,COMPLETED,2026-03-07,31.46
ETL_ORD_006772,CUST_00675,141.48,COMPLETED,2026-03-22,32.79
ETL_ORD_006773,CUST_00144,368.25,CANCELLED,2026-03-28,23.59
ETL_ORD_006774,CUST_00824,43.67,COMPLETED,2026-03-02,34.43
ETL_ORD_006775,CUST_00420,462.04,COMPLETED,2026-03-14,9.53
ETL_ORD_006776,CUST_00195,1066.32,COMPLETED,2026-03-24,15.09
ETL_ORD_006777,CUST_01728,1251.53,COMPLETED,2026-03-24,36.64
ETL_ORD_006778,CUST_00796,480.21,COMPLETED,2026-03-07,36.72
ETL_ORD_006779,CUST_01987,382.41,COMPLETED,2026-03-25,37.93
ETL_ORD_006780,CUST_00917,1311.11,COMPLETED,2026-03-21,12.93
ETL_ORD_006781,CUST_00921,834.99,PENDING,2026-03-02,25.69
ETL_ORD_006782,CUST_01918,249.59,COMPLETED,2026-03-19,43.46
ETL_ORD_006783,CUST_00221,169.0,COMPLETED,2026-03-01,12.9
ETL_ORD_006784,CUST_00167,1205.24,COMPLETED,2026-03-14,0.69
ETL_ORD_006785,CUST_00449,722.8,COMPLETED,2026-03-17,15.53
ETL_ORD_006786,CUST_00906,1353.0,COMPLETED,2026-03-13,33.4
ETL_ORD_006787,CUST_01083,771.88,COMPLETED,2026-03-15,34.38
ETL_ORD_006788,CUST_01298,1251.89,CANCELLED,2026-03-12,1.49
ETL_ORD_006789,CUST_01499,889.02,COMPLETED,2026-03-03,45.38
ETL_ORD_006790,CUST_00564,316.86,COMPLETED,2026-03-05,15.84
ETL_ORD_006791,CUST_01344,1442.56,COMPLETED,2026-03-01,12.32
ETL_ORD_006792,CUST_00673,400.78,COMPLETED,2026-03-10,22.23
ETL_ORD_006793,CUST_01542,1130.27,COMPLETED,2026-03-26,39.17
ETL_ORD_006794,CUST_00349,1403.71,COMPLETED,2026-03-11,44.98
ETL_ORD_006795,CUST_00857,712.9,COMPLETED,2026-03-14,10.75
ETL_ORD_006796,CUST_01666,161.3,PENDING,2026-03-03,26.0
ETL_ORD_006797,CUST_01538,300.13,COMPLETED,2026-03-24,44.97
ETL_ORD_006798,CUST_01169,442.23,COMPLETED,2026-03-20,14.91
ETL_ORD_006799,CUST_01183,388.98,COMPLETED,2026-03-01,35.67
ETL_ORD_006800,CUST_01772,463.14,COMPLETED,2026-03-02,5.49
ETL_ORD_006801,CUST_00150,115.91,COMPLETED,2026-03-23,15.93
ETL_ORD_006802,CUST_01967,328.29,COMPLETED,2026-03-20,24.65
ETL_ORD_006803,CUST_01365,1049.57,COMPLETED,2026-03-08,28.51
ETL_ORD_006804,CUST_00570,1152.53,COMPLETED,2026-03-20,13.37
ETL_ORD_006805,CUST_00218,1064.89,COMPLETED,2026-03-23,33.04
ETL_ORD_006806,CUST_01208,1141.61,COMPLETED,2026-03-01,1.2
ETL_ORD_006807,CUST_00853,781.67,COMPLETED,2026-03-28,1.58
ETL_ORD_006808,CUST_01335,193.67,COMPLETED,2026-03-11,49.93
ETL_ORD_006809,CUST_01470,166.03,COMPLETED,2026-03-20,29.46
ETL_ORD_006810,CUST_00716,314.85,CANCELLED,2026-03-08,30.64
ETL_ORD_006811,CUST_01345,396.87,COMPLETED,2026-03-23,48.99
ETL_ORD_006812,CUST_01587,1120.48,COMPLETED,2026-03-19,29.27
ETL_ORD_006813,CUST_01324,1237.3,COMPLETED,2026-03-18,49.73
ETL_ORD_006814,CUST_00323,1228.18,COMPLETED,2026-03-09,42.22
ETL_ORD_006815,CUST_00483,368.86,COMPLETED,2026-03-20,5.36
ETL_ORD_006816,CUST_00639,665.58,COMPLETED,2026-03-21,37.11
ETL_ORD_006817,CUST_00790,408.65,COMPLETED,2026-03-06,38.05
ETL_ORD_006818,CUST_01029,1132.68,COMPLETED,2026-03-12,10.3
ETL_ORD_006819,CUST_01732,509.34,COMPLETED,2026-03-08,29.21
ETL_ORD_006820,CUST_01466,70.48,COMPLETED,2026-03-13,42.65
ETL_ORD_006821,CUST_01219,576.82,COMPLETED,2026-03-19,2.32
ETL_ORD_006822,CUST_00877,92.55,COMPLETED,2026-03-15,11.17
ETL_ORD_006823,CUST_00802,13.98,COMPLETED,2026-03-01,43.97
ETL_ORD_006824,CUST_00761,485.66,PENDING,2026-03-09,31.54
ETL_ORD_006825,CUST_00603,863.34,COMPLETED,2026-03-28,21.31
ETL_ORD_006826,CUST_01123,412.6,COMPLETED,2026-03-06,42.12
ETL_ORD_006827,CUST_01350,51.4,COMPLETED,2026-03-03,46.75
ETL_ORD_006828,CUST_01263,1241.93,COMPLETED,2026-03-29,13.31
ETL_ORD_006829,CUST_00829,931.62,COMPLETED,2026-03-03,27.84
ETL_ORD_006830,CUST_01640,15.65,COMPLETED,2026-03-22,46.98
ETL_ORD_006831,CUST_01361,264.09,COMPLETED,2026-03-24,4.26
ETL_ORD_006832,CUST_01687,1496.59,COMPLETED,2026-03-20,33.31
ETL_ORD_006833,CUST_00682,881.99,COMPLETED,2026-03-24,43.19
ETL_ORD_006834,CUST_01842,1374.82,PENDING,2026-03-10,41.9
ETL_ORD_006835,CUST_01362,1417.32,PENDING,2026-03-07,41.53
ETL_ORD_006836,CUST_01024,1433.07,COMPLETED,2026-03-19,5.72
ETL_ORD_006837,CUST_00341,236.29,PENDING,2026-03-06,0.62
ETL_ORD_006838,CUST_00061,987.02,COMPLETED,2026-03-28,11.51
ETL_ORD_006839,CUST_00191,127.67,PENDING,2026-03-15,34.25
ETL_ORD_006840,CUST_01972,1304.05,COMPLETED,2026-03-16,15.13
ETL_ORD_006841,CUST_00674,1119.47,COMPLETED,2026-03-22,18.7
ETL_ORD_006842,CUST_00897,388.14,COMPLETED,2026-03-06,18.89
ETL_ORD_006843,CUST_00205,1072.67,COMPLETED,2026-03-05,21.66
ETL_ORD_006844,CUST_00648,789.86,COMPLETED,2026-03-24,37.48
ETL_ORD_006845,CUST_00284,201.48,COMPLETED,2026-03-07,49.99
ETL_ORD_006846,CUST_00374,354.28,COMPLETED,2026-03-28,9.99
ETL_ORD_006847,CUST_01565,254.12,COMPLETED,2026-03-08,42.0
ETL_ORD_006848,CUST_00766,255.96,PENDING,2026-03-18,0.64
ETL_ORD_006849,CUST_01533,759.25,PENDING,2026-03-03,41.41
ETL_ORD_006850,CUST_01568,972.89,COMPLETED,2026-03-07,6.45
ETL_ORD_006851,CUST_00777,5.61,COMPLETED,2026-03-27,46.86
ETL_ORD_006852,CUST_00696,952.76,CANCELLED,2026-03-21,2.36
ETL_ORD_006853,CUST_01321,87.17,COMPLETED,2026-03-01,26.13
ETL_ORD_006854,CUST_01312,1283.15,COMPLETED,2026-03-10,35.48
ETL_ORD_006855,CUST_00178,945.71,COMPLETED,2026-03-18,29.15
ETL_ORD_006856,CUST_01845,1293.39,COMPLETED,2026-03-09,13.45
ETL_ORD_006857,CUST_00208,1029.16,COMPLETED,2026-03-17,8.03
ETL_ORD_006858,CUST_00248,1316.33,PENDING,2026-03-17,9.32
ETL_ORD_006859,CUST_00255,868.43,COMPLETED,2026-03-23,3.56
ETL_ORD_006860,CUST_01734,1403.57,COMPLETED,2026-03-15,38.29
ETL_ORD_006861,CUST_01495,90.67,COMPLETED,2026-03-18,38.53
ETL_ORD_006862,CUST_00578,304.13,COMPLETED,2026-03-02,20.55
ETL_ORD_006863,CUST_01511,804.47,COMPLETED,2026-03-14,3.92
ETL_ORD_006864,CUST_01443,414.21,COMPLETED,2026-03-18,49.18
ETL_ORD_006865,CUST_00161,458.99,COMPLETED,2026-03-06,44.16
ETL_ORD_006866,CUST_00022,279.67,PENDING,2026-03-25,18.95
ETL_ORD_006867,CUST_01604,636.54,CANCELLED,2026-03-28,25.99
ETL_ORD_006868,CUST_00866,1002.66,COMPLETED,2026-03-01,6.5
ETL_ORD_006869,CUST_00834,672.72,COMPLETED,2026-03-20,6.27
ETL_ORD_006870,CUST_00405,1459.61,COMPLETED,2026-03-22,33.64
ETL_ORD_006871,CUST_01715,1284.21,COMPLETED,2026-03-15,18.06
ETL_ORD_006872,CUST_01854,1135.3,COMPLETED,2026-03-16,42.3
ETL_ORD_006873,CUST_00379,239.4,COMPLETED,2026-03-08,25.43
ETL_ORD_006874,CUST_00803,108.0,COMPLETED,2026-03-15,1.28
ETL_ORD_006875,CUST_00568,137.39,COMPLETED,2026-03-07,11.26
ETL_ORD_006876,CUST_00527,394.17,COMPLETED,2026-03-09,12.61
ETL_ORD_006877,CUST_00495,292.17,COMPLETED,2026-03-25,47.67
ETL_ORD_006878,CUST_00520,1044.23,COMPLETED,2026-03-22,25.8
ETL_ORD_006879,CUST_01250,1282.43,COMPLETED,2026-03-12,20.44
ETL_ORD_006880,CUST_00729,630.5,COMPLETED,2026-03-23,14.02
ETL_ORD_006881,CUST_00005,130.29,COMPLETED,2026-03-17,39.37
ETL_ORD_006882,CUST_01565,1213.12,COMPLETED,2026-03-25,12.14
ETL_ORD_006883,CUST_01825,696.89,COMPLETED,2026-03-05,47.98
ETL_ORD_006884,CUST_01988,1142.66,COMPLETED,2026-03-22,41.61
ETL_ORD_006885,CUST_01699,1048.59,COMPLETED,2026-03-26,5.1
ETL_ORD_006886,CUST_00290,367.91,COMPLETED,2026-03-19,27.88
ETL_ORD_006887,CUST_01409,498.04,COMPLETED,2026-03-07,49.6
ETL_ORD_006888,CUST_01877,1478.0,COMPLETED,2026-03-01,38.53
ETL_ORD_006889,CUST_00621,1015.1,CANCELLED,2026-03-07,26.22
ETL_ORD_006890,CUST_01419,296.32,COMPLETED,2026-03-03,23.48
ETL_ORD_006891,CUST_01315,147.61,COMPLETED,2026-03-08,45.2
ETL_ORD_006892,CUST_00273,1316.31,COMPLETED,2026-03-12,11.01
ETL_ORD_006893,CUST_00732,1475.89,COMPLETED,2026-03-12,43.51
ETL_ORD_006894,CUST_00663,732.26,COMPLETED,2026-03-03,45.57
ETL_ORD_006895,CUST_00766,213.2,COMPLETED,2026-03-06,39.35
ETL_ORD_006896,CUST_01593,1054.2,CANCELLED,2026-03-16,9.41
ETL_ORD_006897,CUST_01503,533.12,COMPLETED,2026-03-19,46.57
ETL_ORD_006898,CUST_01735,1365.06,COMPLETED,2026-03-11,30.46
ETL_ORD_006899,CUST_00404,1449.85,COMPLETED,2026-03-05,5.72
ETL_ORD_006900,CUST_00589,934.88,COMPLETED,2026-03-22,16.09
ETL_ORD_006901,CUST_00402,642.29,COMPLETED,2026-03-08,6.12
ETL_ORD_006902,CUST_00396,1355.24,COMPLETED,2026-03-18,44.12
ETL_ORD_006903,CUST_00386,407.68,COMPLETED,2026-03-23,45.41
ETL_ORD_006904,CUST_01925,283.2,COMPLETED,2026-03-03,7.11
ETL_ORD_006905,CUST_00366,733.29,PENDING,2026-03-09,14.88
ETL_ORD_006906,CUST_01272,786.45,COMPLETED,2026-03-05,1.81
ETL_ORD_006907,CUST_00349,66.04,COMPLETED,2026-03-06,31.62
ETL_ORD_006908,CUST_01534,1183.28,COMPLETED,2026-03-12,10.26
ETL_ORD_006909,CUST_00752,778.86,COMPLETED,2026-03-07,35.96
ETL_ORD_006910,CUST_01321,1455.08,COMPLETED,2026-03-25,32.14
ETL_ORD_006911,CUST_01121,260.55,COMPLETED,2026-03-08,6.75
ETL_ORD_006912,CUST_00417,905.86,COMPLETED,2026-03-27,30.33
ETL_ORD_006913,CUST_00477,548.74,COMPLETED,2026-03-28,0.07
ETL_ORD_006914,CUST_01315,295.84,COMPLETED,2026-03-23,23.34
ETL_ORD_006915,CUST_01600,1400.0,COMPLETED,2026-03-22,15.16
ETL_ORD_006916,CUST_00839,1093.5,COMPLETED,2026-03-24,27.34
ETL_ORD_006917,CUST_01946,891.21,PENDING,2026-03-15,0.7
ETL_ORD_006918,CUST_00895,459.54,COMPLETED,2026-03-05,21.92
ETL_ORD_006919,CUST_01352,1098.91,COMPLETED,2026-03-29,27.76
ETL_ORD_006920,CUST_00911,923.15,COMPLETED,2026-03-11,39.86
ETL_ORD_006921,CUST_01546,1349.07,PENDING,2026-03-17,26.5
ETL_ORD_006922,CUST_00908,1481.83,PENDING,2026-03-28,22.67
ETL_ORD_006923,CUST_00254,929.53,COMPLETED,2026-03-07,49.32
ETL_ORD_006924,CUST_00363,292.41,COMPLETED,2026-03-21,17.98
ETL_ORD_006925,CUST_00753,690.77,COMPLETED,2026-03-04,36.39
ETL_ORD_006926,CUST_01355,564.94,COMPLETED,2026-03-29,2.85
ETL_ORD_006927,CUST_00180,20.39,PENDING,2026-03-06,45.78
ETL_ORD_006928,CUST_01708,1199.11,COMPLETED,2026-03-04,16.94
ETL_ORD_006929,CUST_00769,733.29,COMPLETED,2026-03-04,28.62
ETL_ORD_006930,CUST_00550,1125.99,COMPLETED,2026-03-22,42.18
ETL_ORD_006931,CUST_01321,57.86,COMPLETED,2026-03-01,29.87
ETL_ORD_006932,CUST_00558,1154.58,COMPLETED,2026-03-08,22.83
ETL_ORD_006933,CUST_01588,1101.14,COMPLETED,2026-03-02,32.25
ETL_ORD_006934,CUST_00797,1382.89,COMPLETED,2026-03-08,31.68
ETL_ORD_006935,CUST_00844,1013.43,COMPLETED,2026-03-03,48.52
ETL_ORD_006936,CUST_00642,207.75,COMPLETED,2026-03-08,47.81
ETL_ORD_006937,CUST_00756,99.18,COMPLETED,2026-03-06,12.28
ETL_ORD_006938,CUST_00500,1051.63,COMPLETED,2026-03-04,49.26
ETL_ORD_006939,CUST_00812,1133.74,COMPLETED,2026-03-09,0.93
ETL_ORD_006940,CUST_01110,1043.56,PENDING,2026-03-08,6.91
ETL_ORD_006941,CUST_00391,725.16,COMPLETED,2026-03-08,15.9
ETL_ORD_006942,CUST_01286,595.43,COMPLETED,2026-03-14,42.4
ETL_ORD_006943,CUST_01504,1471.61,PENDING,2026-03-20,26.06
ETL_ORD_006944,CUST_00479,1120.29,COMPLETED,2026-03-06,26.63
ETL_ORD_006945,CUST_00716,1493.62,CANCELLED,2026-03-04,7.41
ETL_ORD_006946,CUST_00103,-10.0,COMPLETED,2026-03-07,13.35
ETL_ORD_006947,CUST_01026,1414.88,COMPLETED,2026-03-16,49.98
ETL_ORD_006948,CUST_00216,526.62,COMPLETED,2026-03-03,12.67
ETL_ORD_006949,CUST_01824,1311.11,COMPLETED,2026-03-12,48.67
ETL_ORD_006950,CUST_01142,751.25,COMPLETED,2026-03-27,14.97
ETL_ORD_006951,CUST_00288,756.41,PENDING,2026-03-25,9.17
ETL_ORD_006952,CUST_00879,355.02,COMPLETED,2026-03-10,47.57
ETL_ORD_006953,CUST_01165,1375.8,COMPLETED,2026-03-24,17.82
ETL_ORD_006954,CUST_01962,684.42,COMPLETED,2026-03-08,45.22
ETL_ORD_006955,CUST_01205,493.42,COMPLETED,2026-03-27,7.35
ETL_ORD_006956,CUST_01209,612.2,COMPLETED,2026-03-08,7.44
ETL_ORD_006957,CUST_00963,730.58,COMPLETED,2026-03-09,7.6
ETL_ORD_006958,CUST_01721,961.98,COMPLETED,2026-03-05,25.53
ETL_ORD_006959,CUST_00154,786.05,COMPLETED,2026-03-27,41.1
ETL_ORD_006960,CUST_01878,368.95,COMPLETED,2026-03-18,1.69
ETL_ORD_006961,CUST_00929,866.46,COMPLETED,2026-03-07,18.08
ETL_ORD_006962,CUST_01527,368.17,COMPLETED,2026-03-11,30.2
ETL_ORD_006963,CUST_01267,952.13,COMPLETED,2026-03-14,5.7
ETL_ORD_006964,CUST_00386,668.68,COMPLETED,2026-03-17,41.78
ETL_ORD_006965,CUST_01817,171.69,PENDING,2026-03-03,25.86
ETL_ORD_006966,CUST_01563,1091.83,CANCELLED,2026-03-17,17.99
ETL_ORD_006967,CUST_00256,682.21,COMPLETED,2026-03-07,7.09
ETL_ORD_006968,CUST_00832,174.12,COMPLETED,2026-03-27,13.81
ETL_ORD_006969,CUST_01271,1349.62,COMPLETED,2026-03-16,28.01
ETL_ORD_006970,CUST_01721,479.7,COMPLETED,2026-03-22,35.54
ETL_ORD_006971,CUST_00364,723.71,COMPLETED,2026-03-27,14.59
ETL_ORD_006972,CUST_00851,1122.67,COMPLETED,2026-03-24,15.43
ETL_ORD_006973,CUST_00048,985.84,COMPLETED,2026-03-10,40.96
ETL_ORD_006974,CUST_01948,1260.17,CANCELLED,2026-03-09,27.06
ETL_ORD_006975,CUST_00877,889.14,COMPLETED,2026-03-26,9.14
ETL_ORD_006976,CUST_00136,1287.85,PENDING,2026-03-21,17.63
ETL_ORD_006977,CUST_01723,1358.45,COMPLETED,2026-03-25,14.51
ETL_ORD_006978,CUST_00830,892.92,COMPLETED,2026-03-04,31.79
ETL_ORD_006979,CUST_01886,955.48,COMPLETED,2026-03-22,7.86
ETL_ORD_006980,CUST_00889,698.41,COMPLETED,2026-03-26,15.66
ETL_ORD_006981,CUST_00133,1410.45,COMPLETED,2026-03-09,15.49
ETL_ORD_006982,CUST_00798,143.08,COMPLETED,2026-03-03,10.81
ETL_ORD_006983,CUST_00006,730.03,COMPLETED,2026-03-19,12.11
ETL_ORD_006984,CUST_01063,410.14,COMPLETED,2026-03-22,29.65
ETL_ORD_006985,CUST_01004,1452.29,COMPLETED,2026-03-19,2.92
ETL_ORD_006986,CUST_01296,387.65,COMPLETED,2026-03-25,2.91
ETL_ORD_006987,CUST_01357,1339.66,COMPLETED,2026-03-14,21.79
ETL_ORD_006988,CUST_00379,1374.05,COMPLETED,2026-03-09,21.67
ETL_ORD_006989,CUST_00696,1175.53,COMPLETED,2026-03-20,27.71
ETL_ORD_006990,CUST_00716,853.64,PENDING,2026-03-25,43.73
ETL_ORD_006991,CUST_01164,1277.41,COMPLETED,2026-03-20,22.0
ETL_ORD_006992,CUST_00599,985.15,COMPLETED,2026-03-02,16.07
ETL_ORD_006993,CUST_00051,587.38,COMPLETED,2026-03-02,26.78
ETL_ORD_006994,CUST_01328,1479.95,COMPLETED,2026-03-26,15.63
ETL_ORD_006995,CUST_01764,46.38,COMPLETED,2026-03-17,18.17
ETL_ORD_006996,CUST_00287,1097.62,CANCELLED,2026-03-28,10.63
ETL_ORD_006997,CUST_01961,373.41,COMPLETED,2026-03-19,39.12
ETL_ORD_006998,CUST_00168,891.59,COMPLETED,2026-03-17,25.32
ETL_ORD_006999,CUST_00609,-10.0,COMPLETED,2026-03-29,31.47
ETL_ORD_007000,CUST_00146,350.35,COMPLETED,2026-03-27,38.23
ETL_ORD_007001,CUST_01163,1110.17,COMPLETED,2026-03-28,30.69
ETL_ORD_007002,CUST_01081,608.66,COMPLETED,2026-03-20,22.12
ETL_ORD_007003,CUST_00562,395.62,COMPLETED,2026-03-11,22.1
ETL_ORD_007004,CUST_00825,780.11,COMPLETED,2026-03-08,47.31
ETL_ORD_007005,CUST_00256,527.1,COMPLETED,2026-03-14,43.22
ETL_ORD_007006,CUST_01570,195.66,COMPLETED,2026-03-13,25.19
ETL_ORD_007007,CUST_01763,404.35,COMPLETED,2026-03-16,22.46
ETL_ORD_007008,CUST_01569,480.21,COMPLETED,2026-03-18,45.82
ETL_ORD_007009,CUST_01224,1216.59,COMPLETED,2026-03-07,19.64
ETL_ORD_007010,CUST_01831,582.73,COMPLETED,2026-03-25,1.32
ETL_ORD_007011,CUST_01611,830.21,COMPLETED,2026-03-26,15.78
ETL_ORD_007012,CUST_00176,34.8,COMPLETED,2026-03-28,5.45
ETL_ORD_007013,CUST_01785,388.7,COMPLETED,2026-03-08,43.11
ETL_ORD_007014,CUST_01258,1348.15,COMPLETED,2026-03-27,47.41
ETL_ORD_007015,CUST_00939,1088.91,COMPLETED,2026-03-01,37.02
ETL_ORD_007016,CUST_01880,1370.0,COMPLETED,2026-03-12,34.58
ETL_ORD_007017,CUST_01454,71.52,COMPLETED,2026-03-21,19.87
ETL_ORD_007018,CUST_00297,960.63,COMPLETED,2026-03-28,40.73
ETL_ORD_007019,CUST_00529,1094.29,COMPLETED,2026-03-29,22.9
ETL_ORD_007020,CUST_01382,1076.97,COMPLETED,2026-03-18,4.39
ETL_ORD_007021,CUST_00075,27.2,COMPLETED,2026-03-01,22.81
ETL_ORD_007022,CUST_00054,1242.79,COMPLETED,2026-03-09,21.73
ETL_ORD_007023,CUST_00422,66.36,COMPLETED,2026-03-05,8.86
ETL_ORD_007024,CUST_00632,177.35,COMPLETED,2026-03-21,16.0
ETL_ORD_007025,CUST_01024,219.09,COMPLETED,2026-03-25,45.36
ETL_ORD_007026,CUST_00852,1100.58,COMPLETED,2026-03-12,36.33
ETL_ORD_007027,CUST_00493,-10.0,COMPLETED,2026-03-03,36.83
ETL_ORD_007028,CUST_01776,467.29,COMPLETED,2026-03-27,34.45
ETL_ORD_007029,CUST_01299,1490.77,COMPLETED,2026-03-08,46.48
ETL_ORD_007030,CUST_00198,1181.96,COMPLETED,2026-03-21,0.45
ETL_ORD_007031,CUST_00899,823.54,COMPLETED,2026-03-08,10.51
ETL_ORD_007032,CUST_01570,739.1,COMPLETED,2026-03-02,46.68
ETL_ORD_007033,CUST_00858,1263.36,CANCELLED,2026-03-14,46.12
ETL_ORD_007034,CUST_01904,12.32,COMPLETED,2026-03-13,13.11
ETL_ORD_007035,CUST_01822,520.37,COMPLETED,2026-03-12,0.49
ETL_ORD_007036,CUST_00784,1348.51,COMPLETED,2026-03-05,22.91
ETL_ORD_007037,CUST_00757,1491.02,COMPLETED,2026-03-19,32.01
ETL_ORD_007038,CUST_01304,504.11,COMPLETED,2026-03-26,4.77
ETL_ORD_007039,CUST_00443,1213.56,COMPLETED,2026-03-22,25.64
ETL_ORD_007040,CUST_00231,67.04,COMPLETED,2026-03-26,3.94
ETL_ORD_007041,CUST_00677,1053.03,COMPLETED,2026-03-14,49.09
ETL_ORD_007042,CUST_00967,1145.53,COMPLETED,2026-03-08,42.81
ETL_ORD_007043,CUST_00745,351.1,COMPLETED,2026-03-01,46.08
ETL_ORD_007044,CUST_00604,459.83,COMPLETED,2026-03-22,10.89
ETL_ORD_007045,CUST_00808,131.83,PENDING,2026-03-25,38.69
ETL_ORD_007046,CUST_00904,1095.9,COMPLETED,2026-03-24,3.38
ETL_ORD_007047,CUST_01812,991.6,PENDING,2026-03-06,25.11
ETL_ORD_007048,CUST_01733,535.78,COMPLETED,2026-03-03,38.69
ETL_ORD_007049,CUST_00315,1119.06,CANCELLED,2026-03-14,2.21
ETL_ORD_007050,CUST_00672,388.28,COMPLETED,2026-03-08,3.05
ETL_ORD_007051,CUST_01413,1347.47,COMPLETED,2026-03-25,27.15
ETL_ORD_007052,CUST_01564,1409.28,CANCELLED,2026-03-15,32.66
ETL_ORD_007053,CUST_00224,961.63,CANCELLED,2026-03-01,35.76
ETL_ORD_007054,CUST_00826,1232.73,COMPLETED,2026-03-23,4.18
ETL_ORD_007055,CUST_00224,549.6,COMPLETED,2026-03-01,17.45
ETL_ORD_007056,CUST_00711,1153.53,COMPLETED,2026-03-09,32.04
ETL_ORD_007057,CUST_00338,12.84,CANCELLED,2026-03-22,43.22
ETL_ORD_007058,CUST_00869,466.03,COMPLETED,2026-03-02,42.85
ETL_ORD_007059,CUST_01833,514.3,COMPLETED,2026-03-03,10.44
ETL_ORD_007060,CUST_00487,1236.98,COMPLETED,2026-03-21,48.01
ETL_ORD_007061,CUST_00955,412.54,COMPLETED,2026-03-02,13.24
ETL_ORD_007062,CUST_00249,556.28,COMPLETED,2026-03-05,41.04
ETL_ORD_007063,CUST_01809,890.44,COMPLETED,2026-03-06,30.5
ETL_ORD_007064,CUST_01460,1378.49,COMPLETED,2026-03-01,12.92
ETL_ORD_007065,CUST_00686,1450.96,COMPLETED,2026-03-28,16.45
ETL_ORD_007066,CUST_01133,1331.97,CANCELLED,2026-03-10,45.78
ETL_ORD_007067,CUST_01767,1055.88,COMPLETED,2026-03-03,4.45
ETL_ORD_007068,CUST_00415,629.23,COMPLETED,2026-03-25,20.01
ETL_ORD_007069,CUST_01249,709.66,COMPLETED,2026-03-27,33.76
ETL_ORD_007070,CUST_01481,804.89,COMPLETED,2026-03-18,23.29
ETL_ORD_007071,CUST_01864,1029.16,COMPLETED,2026-03-19,29.8
ETL_ORD_007072,CUST_01830,1383.92,COMPLETED,2026-03-22,20.4
ETL_ORD_007073,CUST_00917,774.23,COMPLETED,2026-03-17,28.78
ETL_ORD_007074,CUST_01105,1442.47,COMPLETED,2026-03-10,0.96
ETL_ORD_007075,CUST_01342,1237.61,COMPLETED,2026-03-12,29.98
ETL_ORD_007076,CUST_01862,1429.03,COMPLETED,2026-03-27,30.92
ETL_ORD_007077,CUST_00575,1042.51,CANCELLED,2026-03-08,39.8
ETL_ORD_007078,CUST_00066,602.63,COMPLETED,2026-03-02,41.05
ETL_ORD_007079,CUST_00373,132.92,COMPLETED,2026-03-25,42.02
ETL_ORD_007080,CUST_00894,961.5,COMPLETED,2026-03-27,9.72
ETL_ORD_007081,CUST_00689,316.2,PENDING,2026-03-26,28.32
ETL_ORD_007082,CUST_00462,48.22,PENDING,2026-03-03,30.68
ETL_ORD_007083,CUST_00706,1046.05,COMPLETED,2026-03-14,38.87
ETL_ORD_007084,CUST_00485,611.72,COMPLETED,2026-03-22,30.19
ETL_ORD_007085,CUST_01648,1488.83,COMPLETED,2026-03-15,37.25
ETL_ORD_007086,CUST_00808,1336.16,COMPLETED,2026-03-14,39.84
ETL_ORD_007087,CUST_00910,318.28,COMPLETED,2026-03-23,21.13
ETL_ORD_007088,CUST_00115,1045.73,PENDING,2026-03-05,11.0
ETL_ORD_007089,CUST_01618,114.85,INVALID_STATUS,2026-03-15,36.05
ETL_ORD_007090,CUST_00652,486.24,COMPLETED,2026-03-06,14.65
ETL_ORD_007091,CUST_01311,626.94,COMPLETED,2026-03-17,34.64
ETL_ORD_007092,CUST_01407,247.0,COMPLETED,2026-03-25,36.82
ETL_ORD_007093,CUST_00149,851.06,COMPLETED,2026-03-18,12.57
ETL_ORD_007094,CUST_01410,1222.98,COMPLETED,2026-03-14,17.34
ETL_ORD_007095,CUST_00366,553.89,COMPLETED,2026-03-27,8.8
ETL_ORD_007096,CUST_00944,250.25,CANCELLED,2026-03-22,0.4
ETL_ORD_007097,CUST_01517,1100.5,COMPLETED,2026-03-19,11.78
ETL_ORD_007098,CUST_01192,1399.69,COMPLETED,2026-03-09,13.95
ETL_ORD_007099,CUST_00903,1069.53,COMPLETED,2026-03-16,33.0
ETL_ORD_007100,CUST_01003,549.42,COMPLETED,2026-03-22,32.99
ETL_ORD_007101,CUST_01262,542.57,COMPLETED,2026-03-05,46.55
ETL_ORD_007102,CUST_00217,235.54,CANCELLED,2026-03-11,34.28
ETL_ORD_007103,CUST_00986,967.86,COMPLETED,2026-03-06,40.24
ETL_ORD_007104,CUST_00782,1180.26,COMPLETED,2026-03-16,35.4
ETL_ORD_007105,CUST_00882,626.87,PENDING,2026-03-11,10.67
ETL_ORD_007106,CUST_01625,494.45,INVALID_STATUS,2026-03-16,7.68
ETL_ORD_007107,CUST_01448,1291.04,COMPLETED,2026-03-18,18.26
ETL_ORD_007108,CUST_00516,553.62,PENDING,2026-03-23,39.64
ETL_ORD_007109,CUST_00081,75.99,PENDING,2026-03-05,26.17
ETL_ORD_007110,CUST_00277,992.83,COMPLETED,2026-03-17,39.68
ETL_ORD_007111,CUST_01980,385.51,COMPLETED,2026-03-02,9.07
ETL_ORD_007112,CUST_01633,266.58,COMPLETED,2026-03-12,42.21
ETL_ORD_007113,CUST_01008,1129.3,COMPLETED,2026-03-17,49.19
ETL_ORD_007114,CUST_00966,30.96,COMPLETED,2026-03-13,43.67
ETL_ORD_007115,CUST_01163,672.74,COMPLETED,2026-03-18,17.65
ETL_ORD_007116,CUST_01445,1252.61,COMPLETED,2026-03-04,45.06
ETL_ORD_007117,CUST_01931,660.88,COMPLETED,2026-03-08,37.03
ETL_ORD_007118,CUST_01890,1023.03,COMPLETED,2026-03-29,39.47
ETL_ORD_007119,CUST_01065,813.34,CANCELLED,2026-03-28,44.23
ETL_ORD_007120,CUST_01732,10.87,COMPLETED,2026-03-17,31.91
ETL_ORD_007121,CUST_01543,447.61,COMPLETED,2026-03-10,9.21
ETL_ORD_007122,CUST_00592,109.98,COMPLETED,2026-03-06,13.47
ETL_ORD_007123,CUST_01309,1131.27,COMPLETED,2026-03-29,41.75
ETL_ORD_007124,CUST_01917,376.55,COMPLETED,2026-03-20,49.69
ETL_ORD_007125,CUST_00656,696.58,COMPLETED,2026-03-22,16.72
ETL_ORD_007126,CUST_00709,730.72,COMPLETED,2026-03-11,37.83
ETL_ORD_007127,CUST_01585,446.06,COMPLETED,2026-03-10,31.82
ETL_ORD_007128,CUST_00913,180.07,COMPLETED,2026-03-08,1.34
ETL_ORD_007129,CUST_00981,1212.0,COMPLETED,2026-03-29,31.96
ETL_ORD_007130,CUST_00616,945.27,COMPLETED,2026-03-03,28.6
ETL_ORD_007131,CUST_01593,689.6,COMPLETED,2026-03-18,24.57
ETL_ORD_007132,CUST_01060,1249.18,PENDING,2026-03-18,24.3
ETL_ORD_007133,CUST_01495,1155.29,COMPLETED,2026-03-09,36.65
ETL_ORD_007134,CUST_01180,1288.55,COMPLETED,2026-03-03,11.52
ETL_ORD_007135,CUST_01666,1011.59,INVALID_STATUS,2026-03-10,28.25
ETL_ORD_007136,CUST_01186,1010.35,COMPLETED,2026-03-13,37.39
ETL_ORD_007137,CUST_01831,506.44,COMPLETED,2026-03-13,11.13
ETL_ORD_007138,CUST_00882,1422.36,COMPLETED,2026-03-16,30.13
ETL_ORD_007139,CUST_01070,1180.64,CANCELLED,2026-03-03,41.65
ETL_ORD_007140,CUST_01437,1172.41,COMPLETED,2026-03-14,37.8
ETL_ORD_007141,CUST_01071,314.7,COMPLETED,2026-03-25,29.26
ETL_ORD_007142,CUST_01661,338.27,COMPLETED,2026-03-01,11.99
ETL_ORD_007143,CUST_01483,704.83,INVALID_STATUS,2026-03-04,13.65
ETL_ORD_007144,CUST_01017,397.28,COMPLETED,2026-03-02,36.0
ETL_ORD_007145,CUST_00355,1365.79,COMPLETED,2026-03-06,39.91
ETL_ORD_007146,CUST_01661,1384.53,COMPLETED,2026-03-22,43.19
ETL_ORD_007147,CUST_01358,714.16,COMPLETED,2026-03-16,8.22
ETL_ORD_007148,CUST_01816,1437.21,COMPLETED,2026-03-08,31.99
ETL_ORD_007149,CUST_01850,765.51,COMPLETED,2026-03-14,17.27
ETL_ORD_007150,CUST_00506,1374.67,COMPLETED,2026-03-05,25.84
ETL_ORD_007151,CUST_00670,577.71,COMPLETED,2026-03-07,28.9
ETL_ORD_007152,CUST_00850,1023.62,COMPLETED,2026-03-25,22.61
ETL_ORD_007153,CUST_00972,974.48,COMPLETED,2026-03-15,49.1
ETL_ORD_007154,CUST_00686,341.44,CANCELLED,2026-03-23,10.33
ETL_ORD_007155,CUST_00039,455.93,COMPLETED,2026-03-25,29.61
ETL_ORD_007156,CUST_01695,744.67,PENDING,2026-03-11,4.87
ETL_ORD_007157,CUST_01406,651.88,COMPLETED,2026-03-05,24.25
ETL_ORD_007158,CUST_01938,1044.46,COMPLETED,2026-03-07,21.47
ETL_ORD_007159,CUST_00358,532.65,CANCELLED,2026-03-17,39.22
ETL_ORD_007160,CUST_01357,876.4,COMPLETED,2026-03-29,8.01
ETL_ORD_007161,CUST_00871,988.74,CANCELLED,2026-03-11,3.96
ETL_ORD_007162,CUST_00298,1159.94,CANCELLED,2026-03-02,18.29
ETL_ORD_007163,CUST_01535,1137.61,COMPLETED,2026-03-07,48.06
ETL_ORD_007164,CUST_00282,1364.7,COMPLETED,2026-03-01,11.75
ETL_ORD_007165,CUST_00019,1268.5,COMPLETED,2026-03-08,37.04
ETL_ORD_007166,CUST_00744,249.7,COMPLETED,2026-03-26,44.45
ETL_ORD_007167,CUST_00959,23.99,COMPLETED,2026-03-25,15.36
ETL_ORD_007168,CUST_01761,1416.95,COMPLETED,2026-03-15,11.39
ETL_ORD_007169,CUST_01588,1032.38,INVALID_STATUS,2026-03-11,9.61
ETL_ORD_007170,CUST_01266,524.6,COMPLETED,2026-03-11,49.99
ETL_ORD_007171,CUST_00904,321.92,COMPLETED,2026-03-27,21.76
ETL_ORD_007172,CUST_01532,1095.27,COMPLETED,2026-03-21,9.13
ETL_ORD_007173,CUST_00602,948.08,COMPLETED,2026-03-27,8.17
ETL_ORD_007174,CUST_00924,965.03,COMPLETED,2026-03-20,44.17
ETL_ORD_007175,CUST_01306,549.59,COMPLETED,2026-03-15,34.82
ETL_ORD_007176,CUST_00600,1214.09,COMPLETED,2026-03-05,31.81
ETL_ORD_007177,CUST_01712,1124.2,COMPLETED,2026-03-29,16.76
ETL_ORD_007178,CUST_00633,1116.97,COMPLETED,2026-03-01,7.92
ETL_ORD_007179,CUST_01529,479.73,CANCELLED,2026-03-18,26.44
ETL_ORD_007180,CUST_01761,480.82,COMPLETED,2026-03-10,48.78
ETL_ORD_007181,CUST_01293,938.41,COMPLETED,2026-03-04,41.26
ETL_ORD_007182,CUST_01184,387.97,COMPLETED,2026-03-28,31.54
ETL_ORD_007183,CUST_00051,100.99,CANCELLED,2026-03-18,34.82
ETL_ORD_007184,CUST_01783,1073.76,COMPLETED,2026-03-02,17.86
ETL_ORD_007185,CUST_01378,487.56,PENDING,2026-03-16,44.65
ETL_ORD_007186,CUST_00580,683.59,COMPLETED,2026-03-15,45.28
ETL_ORD_007187,CUST_01367,389.96,COMPLETED,2026-03-14,37.6
ETL_ORD_007188,CUST_01156,194.84,COMPLETED,2026-03-09,34.74
ETL_ORD_007189,CUST_01687,990.93,INVALID_STATUS,2026-03-26,1.21
ETL_ORD_007190,CUST_00635,1380.7,CANCELLED,2026-03-21,22.7
ETL_ORD_007191,CUST_00397,1414.53,COMPLETED,2026-03-11,42.97
ETL_ORD_007192,CUST_00085,125.31,COMPLETED,2026-03-06,15.18
ETL_ORD_007193,CUST_01333,206.58,COMPLETED,2026-03-28,20.31
ETL_ORD_007194,CUST_00495,857.08,COMPLETED,2026-03-12,32.22
ETL_ORD_007195,CUST_00639,630.98,COMPLETED,2026-03-01,19.86
ETL_ORD_007196,CUST_00931,843.95,COMPLETED,2026-03-21,21.77
ETL_ORD_007197,CUST_00627,1223.59,COMPLETED,2026-03-02,31.94
ETL_ORD_007198,CUST_00912,18.1,COMPLETED,2026-03-07,14.83
ETL_ORD_007199,CUST_01855,1029.58,COMPLETED,2026-03-15,38.92
ETL_ORD_007200,CUST_00006,255.04,COMPLETED,2026-03-13,26.68
ETL_ORD_007201,CUST_00113,1462.98,CANCELLED,2026-03-13,10.31
ETL_ORD_007202,CUST_00945,730.97,COMPLETED,2026-03-24,49.86
ETL_ORD_007203,CUST_01082,760.03,COMPLETED,2026-03-03,25.13
ETL_ORD_007204,CUST_01165,36.51,INVALID_STATUS,2026-03-20,28.21
ETL_ORD_007205,CUST_00696,693.43,COMPLETED,2026-03-16,17.96
ETL_ORD_007206,CUST_00944,577.37,PENDING,2026-03-26,43.54
ETL_ORD_007207,CUST_00238,586.6,COMPLETED,2026-03-26,2.84
ETL_ORD_007208,CUST_00499,1227.82,COMPLETED,2026-03-02,26.82
ETL_ORD_007209,CUST_00218,1379.07,COMPLETED,2026-03-20,3.17
ETL_ORD_007210,CUST_00006,1126.32,COMPLETED,2026-03-15,34.17
ETL_ORD_007211,CUST_01993,1404.53,COMPLETED,2026-03-21,19.67
ETL_ORD_007212,CUST_00099,1264.11,COMPLETED,2026-03-28,22.11
ETL_ORD_007213,CUST_01828,1270.81,COMPLETED,2026-03-08,14.99
ETL_ORD_007214,CUST_01964,461.68,COMPLETED,2026-03-24,13.91
ETL_ORD_007215,CUST_01768,747.78,COMPLETED,2026-03-10,6.81
ETL_ORD_007216,CUST_00736,1466.96,COMPLETED,2026-03-10,42.78
ETL_ORD_007217,CUST_01572,836.29,COMPLETED,2026-03-08,10.37
ETL_ORD_007218,CUST_00005,-10.0,PENDING,2026-03-14,2.12
ETL_ORD_007219,CUST_00949,1089.26,COMPLETED,2026-03-12,45.93
ETL_ORD_007220,CUST_01758,1449.87,COMPLETED,2026-03-28,34.18
ETL_ORD_007221,CUST_01307,298.65,COMPLETED,2026-03-12,19.1
ETL_ORD_007222,CUST_01473,55.69,COMPLETED,2026-03-06,23.09
ETL_ORD_007223,CUST_00600,193.25,COMPLETED,2026-03-28,24.1
ETL_ORD_007224,CUST_01541,1199.35,COMPLETED,2026-03-15,12.09
ETL_ORD_007225,CUST_00786,432.73,COMPLETED,2026-03-06,20.07
ETL_ORD_007226,CUST_01160,339.16,COMPLETED,2026-03-18,31.77
ETL_ORD_007227,CUST_00109,584.99,COMPLETED,2026-03-05,41.74
ETL_ORD_007228,CUST_00022,609.78,COMPLETED,2026-03-24,13.61
ETL_ORD_007229,CUST_01591,944.86,COMPLETED,2026-03-03,2.62
ETL_ORD_007230,CUST_00053,1302.95,COMPLETED,2026-03-26,29.1
ETL_ORD_007231,CUST_01384,1489.85,COMPLETED,2026-03-13,40.63
ETL_ORD_007232,CUST_00237,631.83,COMPLETED,2026-03-14,27.84
ETL_ORD_007233,CUST_01385,-10.0,COMPLETED,2026-03-21,6.48
ETL_ORD_007234,CUST_00084,718.12,INVALID_STATUS,2026-03-22,43.06
ETL_ORD_007235,CUST_00898,240.75,COMPLETED,2026-03-11,45.69
ETL_ORD_007236,CUST_01393,367.53,COMPLETED,2026-03-17,14.54
ETL_ORD_007237,CUST_00357,905.57,COMPLETED,2026-03-27,33.58
ETL_ORD_007238,CUST_00337,354.81,CANCELLED,2026-03-11,25.06
ETL_ORD_007239,CUST_00505,1401.35,COMPLETED,2026-03-13,38.1
ETL_ORD_007240,CUST_01819,931.34,COMPLETED,2026-03-05,35.75
ETL_ORD_007241,CUST_01934,-10.0,COMPLETED,2026-03-24,18.5
ETL_ORD_007242,CUST_01839,1237.81,COMPLETED,2026-03-10,43.26
ETL_ORD_007243,CUST_01197,750.3,CANCELLED,2026-03-01,3.52
ETL_ORD_007244,CUST_00250,965.27,COMPLETED,2026-03-08,4.51
ETL_ORD_007245,CUST_00496,514.93,COMPLETED,2026-03-11,4.45
ETL_ORD_007246,CUST_01822,791.88,COMPLETED,2026-03-21,20.75
ETL_ORD_007247,CUST_00282,1222.55,COMPLETED,2026-03-15,46.84
ETL_ORD_007248,CUST_00517,31.24,COMPLETED,2026-03-08,47.23
ETL_ORD_007249,CUST_00712,1012.63,INVALID_STATUS,2026-03-25,9.5
ETL_ORD_007250,CUST_01031,193.21,COMPLETED,2026-03-24,45.65
ETL_ORD_007251,CUST_00126,507.3,COMPLETED,2026-03-06,36.12
ETL_ORD_007252,CUST_00772,194.23,COMPLETED,2026-03-29,40.03
ETL_ORD_007253,CUST_01438,1452.52,COMPLETED,2026-03-08,2.15
ETL_ORD_007254,CUST_01146,558.23,COMPLETED,2026-03-23,40.96
ETL_ORD_007255,CUST_00808,1453.86,CANCELLED,2026-03-06,5.39
ETL_ORD_007256,CUST_01931,1069.87,COMPLETED,2026-03-09,14.68
ETL_ORD_007257,CUST_01543,1171.43,COMPLETED,2026-03-19,30.17
ETL_ORD_007258,CUST_01388,77.47,COMPLETED,2026-03-05,27.04
ETL_ORD_007259,CUST_01139,1263.17,CANCELLED,2026-03-25,34.61
ETL_ORD_007260,CUST_00617,525.66,COMPLETED,2026-03-17,18.44
ETL_ORD_007261,CUST_00252,1373.32,COMPLETED,2026-03-20,35.66
ETL_ORD_007262,CUST_01613,345.97,COMPLETED,2026-03-17,42.87
ETL_ORD_007263,CUST_01848,992.88,COMPLETED,2026-03-06,33.52
ETL_ORD_007264,CUST_01994,1076.87,COMPLETED,2026-03-24,15.52
ETL_ORD_007265,CUST_01958,101.29,COMPLETED,2026-03-10,25.71
ETL_ORD_007266,CUST_01359,50.61,CANCELLED,2026-03-14,48.69
ETL_ORD_007267,CUST_01890,308.05,COMPLETED,2026-03-27,49.08
ETL_ORD_007268,CUST_00595,1275.46,COMPLETED,2026-03-02,39.68
ETL_ORD_007269,CUST_00482,172.82,COMPLETED,2026-03-27,35.8
ETL_ORD_007270,CUST_01013,1275.51,COMPLETED,2026-03-28,48.76
ETL_ORD_007271,CUST_01176,896.81,COMPLETED,2026-03-24,11.77
ETL_ORD_007272,CUST_01236,134.34,COMPLETED,2026-03-22,22.49
ETL_ORD_007273,CUST_00273,999.54,COMPLETED,2026-03-06,34.26
ETL_ORD_007274,CUST_01104,562.81,COMPLETED,2026-03-26,39.97
ETL_ORD_007275,CUST_01931,236.94,COMPLETED,2026-03-16,25.18
ETL_ORD_007276,CUST_00509,1381.24,COMPLETED,2026-03-18,28.96
ETL_ORD_007277,CUST_01970,853.69,COMPLETED,2026-03-24,28.55
ETL_ORD_007278,CUST_01670,1037.4,COMPLETED,2026-03-14,5.15
ETL_ORD_007279,CUST_00760,399.51,COMPLETED,2026-03-18,38.89
ETL_ORD_007280,CUST_01568,1024.91,COMPLETED,2026-03-03,11.4
ETL_ORD_007281,CUST_01285,916.46,COMPLETED,2026-03-04,45.31
ETL_ORD_007282,CUST_01880,783.33,COMPLETED,2026-03-26,43.4
ETL_ORD_007283,CUST_01162,173.19,COMPLETED,2026-03-07,28.25
ETL_ORD_007284,CUST_01985,1410.88,COMPLETED,2026-03-21,34.12
ETL_ORD_007285,CUST_01839,785.79,CANCELLED,2026-03-05,46.94
ETL_ORD_007286,CUST_01532,1475.24,COMPLETED,2026-03-05,24.08
ETL_ORD_007287,CUST_01187,1114.8,COMPLETED,2026-03-15,0.37
ETL_ORD_007288,CUST_01389,379.97,COMPLETED,2026-03-02,9.68
ETL_ORD_007289,CUST_00323,1188.85,PENDING,2026-03-17,46.89
ETL_ORD_007290,CUST_01690,31.04,COMPLETED,2026-03-12,13.04
ETL_ORD_007291,CUST_01109,168.93,PENDING,2026-03-21,37.77
ETL_ORD_007292,CUST_01366,600.45,COMPLETED,2026-03-11,15.96
ETL_ORD_007293,CUST_01724,253.74,COMPLETED,2026-03-17,19.15
ETL_ORD_007294,CUST_00556,829.93,COMPLETED,2026-03-26,16.83
ETL_ORD_007295,CUST_00240,1310.18,COMPLETED,2026-03-28,26.91
ETL_ORD_007296,CUST_00011,1098.95,COMPLETED,2026-03-18,13.1
ETL_ORD_007297,CUST_00331,1330.91,COMPLETED,2026-03-08,43.19
ETL_ORD_007298,CUST_00507,201.55,COMPLETED,2026-03-15,21.46
ETL_ORD_007299,CUST_00349,926.25,COMPLETED,2026-03-25,33.97
ETL_ORD_007300,CUST_00773,763.46,COMPLETED,2026-03-24,40.71
ETL_ORD_007301,CUST_00556,466.15,COMPLETED,2026-03-06,0.93
ETL_ORD_007302,CUST_00836,1132.49,COMPLETED,2026-03-23,21.65
ETL_ORD_007303,CUST_00256,902.13,COMPLETED,2026-03-20,3.56
ETL_ORD_007304,CUST_00447,288.46,COMPLETED,2026-03-19,19.3
ETL_ORD_007305,CUST_00880,931.05,COMPLETED,2026-03-19,44.77
ETL_ORD_007306,CUST_00850,61.21,CANCELLED,2026-03-12,29.82
ETL_ORD_007307,CUST_01828,155.1,COMPLETED,2026-03-23,6.46
ETL_ORD_007308,CUST_00126,1485.57,COMPLETED,2026-03-21,43.02
ETL_ORD_007309,CUST_00485,1374.98,COMPLETED,2026-03-28,27.76
ETL_ORD_007310,CUST_01264,737.39,COMPLETED,2026-03-08,5.0
ETL_ORD_007311,CUST_01569,1439.49,COMPLETED,2026-03-29,40.7
ETL_ORD_007312,CUST_01539,567.88,COMPLETED,2026-03-12,17.64
ETL_ORD_007313,CUST_00351,278.07,COMPLETED,2026-03-18,18.66
ETL_ORD_007314,CUST_01990,467.86,COMPLETED,2026-03-12,23.35
ETL_ORD_007315,CUST_00572,587.74,COMPLETED,2026-03-03,32.8
ETL_ORD_007316,CUST_01640,268.81,COMPLETED,2026-03-18,21.67
ETL_ORD_007317,CUST_01482,1043.54,COMPLETED,2026-03-20,28.6
ETL_ORD_007318,CUST_00156,665.78,COMPLETED,2026-03-08,25.56
ETL_ORD_007319,CUST_00711,1286.86,COMPLETED,2026-03-26,33.34
ETL_ORD_007320,CUST_01032,1261.25,COMPLETED,2026-03-09,36.75
ETL_ORD_007321,CUST_01064,510.67,CANCELLED,2026-03-27,42.3
ETL_ORD_007322,CUST_00420,288.6,COMPLETED,2026-03-21,30.77
ETL_ORD_007323,CUST_01625,1126.72,COMPLETED,2026-03-03,10.67
ETL_ORD_007324,CUST_00423,1109.95,COMPLETED,2026-03-27,32.54
ETL_ORD_007325,CUST_01038,988.57,COMPLETED,2026-03-03,20.09
ETL_ORD_007326,CUST_01705,269.97,PENDING,2026-03-01,11.06
ETL_ORD_007327,CUST_01376,1405.55,COMPLETED,2026-03-24,21.54
ETL_ORD_007328,CUST_01317,302.61,COMPLETED,2026-03-07,21.66
ETL_ORD_007329,CUST_00602,1368.93,COMPLETED,2026-03-03,40.5
ETL_ORD_007330,CUST_01604,1454.29,COMPLETED,2026-03-14,4.72
ETL_ORD_007331,CUST_00505,904.47,COMPLETED,2026-03-13,37.1
ETL_ORD_007332,CUST_00792,960.23,COMPLETED,2026-03-06,49.85
ETL_ORD_007333,CUST_01897,853.95,COMPLETED,2026-03-24,2.79
ETL_ORD_007334,CUST_01181,919.25,COMPLETED,2026-03-29,49.68
ETL_ORD_007335,CUST_01471,652.98,INVALID_STATUS,2026-03-26,33.42
ETL_ORD_007336,CUST_00241,833.38,PENDING,2026-03-22,13.75
ETL_ORD_007337,CUST_01643,1194.78,COMPLETED,2026-03-25,17.19
ETL_ORD_007338,CUST_00714,1280.08,CANCELLED,2026-03-06,30.64
ETL_ORD_007339,CUST_01603,-10.0,COMPLETED,2026-03-28,1.5
ETL_ORD_007340,CUST_01648,1476.77,COMPLETED,2026-03-05,8.83
ETL_ORD_007341,CUST_01358,433.44,COMPLETED,2026-03-28,20.9
ETL_ORD_007342,CUST_01408,385.02,COMPLETED,2026-03-25,32.98
ETL_ORD_007343,CUST_01764,258.39,COMPLETED,2026-03-02,5.78
ETL_ORD_007344,CUST_01535,178.35,COMPLETED,2026-03-20,41.73
ETL_ORD_007345,CUST_00482,798.44,COMPLETED,2026-03-17,4.85
ETL_ORD_007346,CUST_01104,142.77,COMPLETED,2026-03-07,30.31
ETL_ORD_007347,CUST_01944,1238.06,COMPLETED,2026-03-05,40.37
ETL_ORD_007348,CUST_01732,536.92,COMPLETED,2026-03-13,49.1
ETL_ORD_007349,CUST_01532,-10.0,COMPLETED,2026-03-25,18.69
ETL_ORD_007350,CUST_01265,1264.76,COMPLETED,2026-03-06,39.46
ETL_ORD_007351,CUST_01843,206.22,COMPLETED,2026-03-07,12.6
ETL_ORD_007352,CUST_00029,48.99,INVALID_STATUS,2026-03-12,4.24
ETL_ORD_007353,CUST_00494,404.29,COMPLETED,2026-03-17,45.96
ETL_ORD_007354,CUST_00094,671.09,COMPLETED,2026-03-09,12.03
ETL_ORD_007355,CUST_00983,635.75,COMPLETED,2026-03-27,29.63
ETL_ORD_007356,CUST_01788,1377.81,COMPLETED,2026-03-04,14.23
ETL_ORD_007357,CUST_00329,1246.15,COMPLETED,2026-03-15,12.15
ETL_ORD_007358,CUST_01646,680.69,COMPLETED,2026-03-23,44.75
ETL_ORD_007359,CUST_01192,97.42,PENDING,2026-03-08,24.55
ETL_ORD_007360,CUST_00992,1190.93,COMPLETED,2026-03-12,4.23
ETL_ORD_007361,CUST_00939,106.82,COMPLETED,2026-03-02,23.55
ETL_ORD_007362,CUST_01948,1290.56,COMPLETED,2026-03-20,23.05
ETL_ORD_007363,CUST_00446,1027.64,COMPLETED,2026-03-26,17.6
ETL_ORD_007364,CUST_00222,403.9,COMPLETED,2026-03-03,25.39
ETL_ORD_007365,CUST_00094,270.16,COMPLETED,2026-03-13,31.23
ETL_ORD_007366,CUST_01567,1358.85,PENDING,2026-03-29,24.96
ETL_ORD_007367,CUST_01918,1004.84,COMPLETED,2026-03-21,7.75
ETL_ORD_007368,CUST_00218,1085.35,COMPLETED,2026-03-07,30.78
ETL_ORD_007369,CUST_01840,1285.38,COMPLETED,2026-03-29,48.97
ETL_ORD_007370,CUST_01375,1195.52,PENDING,2026-03-29,16.74
ETL_ORD_007371,CUST_01501,1318.73,COMPLETED,2026-03-02,25.24
ETL_ORD_007372,CUST_00410,1271.93,COMPLETED,2026-03-28,25.51
ETL_ORD_007373,CUST_00519,16.33,COMPLETED,2026-03-12,36.26
ETL_ORD_007374,CUST_00308,789.27,CANCELLED,2026-03-01,27.89
ETL_ORD_007375,CUST_01837,319.12,PENDING,2026-03-09,21.27
ETL_ORD_007376,CUST_00289,1164.57,COMPLETED,2026-03-12,34.5
ETL_ORD_007377,CUST_00025,431.42,COMPLETED,2026-03-26,47.86
ETL_ORD_007378,CUST_01812,788.97,COMPLETED,2026-03-21,6.61
ETL_ORD_007379,CUST_00201,1071.73,COMPLETED,2026-03-04,35.77
ETL_ORD_007380,CUST_01334,1173.42,COMPLETED,2026-03-02,40.76
ETL_ORD_007381,CUST_01793,550.83,COMPLETED,2026-03-22,35.4
ETL_ORD_007382,CUST_01582,880.15,COMPLETED,2026-03-21,45.38
ETL_ORD_007383,CUST_01987,344.21,COMPLETED,2026-03-01,10.56
ETL_ORD_007384,CUST_00141,481.53,INVALID_STATUS,2026-03-17,34.14
ETL_ORD_007385,CUST_00415,54.14,COMPLETED,2026-03-25,13.61
ETL_ORD_007386,CUST_00653,1410.56,COMPLETED,2026-03-22,0.64
ETL_ORD_007387,CUST_01594,1398.92,COMPLETED,2026-03-15,18.72
ETL_ORD_007388,CUST_01708,902.58,COMPLETED,2026-03-01,3.98
ETL_ORD_007389,CUST_01271,1249.01,COMPLETED,2026-03-26,34.55
ETL_ORD_007390,CUST_01656,509.87,CANCELLED,2026-03-11,44.4
ETL_ORD_007391,CUST_01120,355.46,CANCELLED,2026-03-25,3.67
ETL_ORD_007392,CUST_01043,538.85,PENDING,2026-03-06,7.93
ETL_ORD_007393,CUST_01065,975.48,PENDING,2026-03-21,20.11
ETL_ORD_007394,CUST_00575,596.52,COMPLETED,2026-03-15,16.83
ETL_ORD_007395,CUST_01414,870.88,INVALID_STATUS,2026-03-07,49.2
ETL_ORD_007396,CUST_01416,268.45,COMPLETED,2026-03-07,18.81
ETL_ORD_007397,CUST_01491,493.99,COMPLETED,2026-03-01,27.91
ETL_ORD_007398,CUST_01684,189.41,COMPLETED,2026-03-06,38.51
ETL_ORD_007399,CUST_00475,967.07,COMPLETED,2026-03-05,48.99
ETL_ORD_007400,CUST_00659,1438.77,PENDING,2026-03-18,17.46
ETL_ORD_007401,CUST_00863,130.81,COMPLETED,2026-03-12,38.61
ETL_ORD_007402,CUST_00170,1375.98,COMPLETED,2026-03-03,19.61
ETL_ORD_007403,CUST_00722,217.81,COMPLETED,2026-03-12,40.43
ETL_ORD_007404,CUST_01781,1068.8,COMPLETED,2026-03-21,17.13
ETL_ORD_007405,CUST_01858,1491.73,COMPLETED,2026-03-09,17.36
ETL_ORD_007406,CUST_01347,725.61,CANCELLED,2026-03-16,32.44
ETL_ORD_007407,CUST_00625,904.25,CANCELLED,2026-03-01,18.7
ETL_ORD_007408,CUST_01893,1113.04,COMPLETED,2026-03-02,28.5
ETL_ORD_007409,CUST_00772,236.82,COMPLETED,2026-03-01,22.49
ETL_ORD_007410,CUST_01233,-10.0,COMPLETED,2026-03-07,38.32
ETL_ORD_007411,CUST_01182,678.88,PENDING,2026-03-11,35.1
ETL_ORD_007412,CUST_01283,220.36,PENDING,2026-03-07,2.86
ETL_ORD_007413,CUST_01473,1335.77,COMPLETED,2026-03-28,25.6
ETL_ORD_007414,CUST_00269,217.22,CANCELLED,2026-03-24,17.98
ETL_ORD_007415,CUST_01878,1116.44,COMPLETED,2026-03-28,13.32
ETL_ORD_007416,CUST_00224,112.83,COMPLETED,2026-03-02,14.32
ETL_ORD_007417,CUST_00539,291.23,COMPLETED,2026-03-06,19.2
ETL_ORD_007418,CUST_01541,617.61,COMPLETED,2026-03-03,49.24
ETL_ORD_007419,CUST_01914,780.54,INVALID_STATUS,2026-03-01,1.3
ETL_ORD_007420,CUST_00603,1217.27,COMPLETED,2026-03-12,32.13
ETL_ORD_007421,CUST_01832,284.67,CANCELLED,2026-03-06,44.81
ETL_ORD_007422,CUST_00480,174.79,COMPLETED,2026-03-17,20.99
ETL_ORD_007423,CUST_00791,733.28,COMPLETED,2026-03-29,26.16
ETL_ORD_007424,CUST_01727,366.22,COMPLETED,2026-03-05,29.47
ETL_ORD_007425,CUST_00898,286.63,COMPLETED,2026-03-10,18.62
ETL_ORD_007426,CUST_00990,574.66,COMPLETED,2026-03-07,4.54
ETL_ORD_007427,CUST_00721,1109.96,COMPLETED,2026-03-16,10.96
ETL_ORD_007428,CUST_00073,271.2,COMPLETED,2026-03-21,24.6
ETL_ORD_007429,CUST_00378,559.65,PENDING,2026-03-12,45.66
ETL_ORD_007430,CUST_01891,1413.73,COMPLETED,2026-03-09,35.07
ETL_ORD_007431,CUST_01623,849.86,COMPLETED,2026-03-04,33.18
ETL_ORD_007432,CUST_00893,1378.7,COMPLETED,2026-03-09,33.46
ETL_ORD_007433,CUST_01788,194.07,CANCELLED,2026-03-27,9.91
ETL_ORD_007434,CUST_01345,836.39,COMPLETED,2026-03-07,26.6
ETL_ORD_007435,CUST_00403,246.77,COMPLETED,2026-03-25,15.52
ETL_ORD_007436,CUST_00517,1437.37,COMPLETED,2026-03-29,5.04
ETL_ORD_007437,CUST_01192,346.55,CANCELLED,2026-03-23,3.53
ETL_ORD_007438,CUST_00926,1251.03,COMPLETED,2026-03-24,19.67
ETL_ORD_007439,CUST_00274,1441.5,COMPLETED,2026-03-14,45.45
ETL_ORD_007440,CUST_01706,183.93,CANCELLED,2026-03-17,44.78
ETL_ORD_007441,CUST_01807,940.81,COMPLETED,2026-03-10,45.94
ETL_ORD_007442,CUST_00703,1423.88,COMPLETED,2026-03-03,14.95
ETL_ORD_007443,CUST_01819,102.9,COMPLETED,2026-03-27,43.99
ETL_ORD_007444,CUST_01565,70.8,COMPLETED,2026-03-12,10.15
ETL_ORD_007445,CUST_00509,1323.2,CANCELLED,2026-03-29,0.48
ETL_ORD_007446,CUST_01664,1262.54,COMPLETED,2026-03-23,2.09
ETL_ORD_007447,CUST_01423,193.25,COMPLETED,2026-03-12,40.37
ETL_ORD_007448,CUST_01136,1133.07,CANCELLED,2026-03-12,7.8
ETL_ORD_007449,CUST_01364,1422.14,COMPLETED,2026-03-08,25.5
ETL_ORD_007450,CUST_00302,-10.0,COMPLETED,2026-03-08,23.87
ETL_ORD_007451,CUST_01676,722.03,CANCELLED,2026-03-14,43.38
ETL_ORD_007452,CUST_01632,543.88,COMPLETED,2026-03-23,27.77
ETL_ORD_007453,CUST_01399,436.98,COMPLETED,2026-03-26,8.53
ETL_ORD_007454,CUST_01341,519.3,INVALID_STATUS,2026-03-24,44.57
ETL_ORD_007455,CUST_00944,839.67,COMPLETED,2026-03-13,47.15
ETL_ORD_007456,CUST_01930,1398.54,COMPLETED,2026-03-24,39.58
ETL_ORD_007457,CUST_01039,38.81,COMPLETED,2026-03-29,0.41
ETL_ORD_007458,CUST_00035,925.93,INVALID_STATUS,2026-03-29,39.72
ETL_ORD_007459,CUST_01599,457.14,CANCELLED,2026-03-18,35.42
ETL_ORD_007460,CUST_01712,924.53,COMPLETED,2026-03-19,10.95
ETL_ORD_007461,CUST_00743,1494.68,COMPLETED,2026-03-13,32.56
ETL_ORD_007462,CUST_01540,1321.06,COMPLETED,2026-03-10,39.99
ETL_ORD_007463,CUST_00930,837.36,COMPLETED,2026-03-15,46.93
ETL_ORD_007464,CUST_01290,781.17,COMPLETED,2026-03-15,43.01
ETL_ORD_007465,CUST_01354,735.52,COMPLETED,2026-03-20,49.36
ETL_ORD_007466,CUST_00767,241.09,PENDING,2026-03-03,14.66
ETL_ORD_007467,CUST_01887,122.72,COMPLETED,2026-03-17,1.41
ETL_ORD_007468,CUST_01523,55.04,COMPLETED,2026-03-02,13.74
ETL_ORD_007469,CUST_01329,1106.16,COMPLETED,2026-03-13,13.76
ETL_ORD_007470,CUST_01720,-10.0,COMPLETED,2026-03-27,26.79
ETL_ORD_007471,CUST_01309,1375.88,COMPLETED,2026-03-24,2.26
ETL_ORD_007472,CUST_00759,19.7,COMPLETED,2026-03-17,23.1
ETL_ORD_007473,CUST_00068,706.63,COMPLETED,2026-03-01,45.68
ETL_ORD_007474,CUST_00915,834.39,COMPLETED,2026-03-20,17.33
ETL_ORD_007475,CUST_01258,712.56,COMPLETED,2026-03-08,36.58
ETL_ORD_007476,CUST_00939,1401.95,COMPLETED,2026-03-12,9.82
ETL_ORD_007477,CUST_01091,1498.03,COMPLETED,2026-03-15,23.64
ETL_ORD_007478,CUST_00159,1266.26,COMPLETED,2026-03-26,6.18
ETL_ORD_007479,CUST_00088,237.33,COMPLETED,2026-03-24,34.69
ETL_ORD_007480,CUST_00884,1479.26,COMPLETED,2026-03-21,35.22
ETL_ORD_007481,CUST_01925,1266.6,COMPLETED,2026-03-13,13.68
ETL_ORD_007482,CUST_01947,965.36,COMPLETED,2026-03-16,37.0
ETL_ORD_007483,CUST_01154,964.84,PENDING,2026-03-17,20.75
ETL_ORD_007484,CUST_00954,729.21,CANCELLED,2026-03-18,40.42
ETL_ORD_007485,CUST_01672,351.98,COMPLETED,2026-03-13,9.12
ETL_ORD_007486,CUST_01778,1176.53,COMPLETED,2026-03-25,6.34
ETL_ORD_007487,CUST_01783,1350.41,PENDING,2026-03-07,9.67
ETL_ORD_007488,CUST_01316,928.71,COMPLETED,2026-03-18,34.5
ETL_ORD_007489,CUST_00810,934.8,COMPLETED,2026-03-20,1.04
ETL_ORD_007490,CUST_00233,1322.5,CANCELLED,2026-03-07,22.59
ETL_ORD_007491,CUST_01311,476.93,PENDING,2026-03-10,9.26
ETL_ORD_007492,CUST_00658,1274.43,COMPLETED,2026-03-22,27.94
ETL_ORD_007493,CUST_01735,599.51,COMPLETED,2026-03-15,8.75
ETL_ORD_007494,CUST_01488,957.46,INVALID_STATUS,2026-03-29,23.16
ETL_ORD_007495,CUST_00813,186.51,CANCELLED,2026-03-02,7.22
ETL_ORD_007496,CUST_01593,1031.32,COMPLETED,2026-03-08,31.55
ETL_ORD_007497,CUST_00670,1274.92,COMPLETED,2026-03-03,42.19
ETL_ORD_007498,CUST_00308,310.59,COMPLETED,2026-03-27,22.47
ETL_ORD_007499,CUST_00490,569.12,COMPLETED,2026-03-15,24.0
ETL_ORD_007500,CUST_01098,1168.34,COMPLETED,2026-03-29,41.63
ETL_ORD_007501,CUST_01184,323.42,COMPLETED,2026-03-14,37.7
ETL_ORD_007502,CUST_00009,409.04,COMPLETED,2026-03-22,6.16
ETL_ORD_007503,CUST_01058,143.56,PENDING,2026-03-08,32.09
ETL_ORD_007504,CUST_00306,405.56,COMPLETED,2026-03-09,13.38
ETL_ORD_007505,CUST_01848,84.79,COMPLETED,2026-03-19,27.58
ETL_ORD_007506,CUST_00307,175.63,PENDING,2026-03-24,44.53
ETL_ORD_007507,CUST_00741,451.31,COMPLETED,2026-03-06,32.65
ETL_ORD_007508,CUST_01136,984.06,COMPLETED,2026-03-26,31.35
ETL_ORD_007509,CUST_01717,1491.39,COMPLETED,2026-03-03,45.38
ETL_ORD_007510,CUST_01749,451.8,COMPLETED,2026-03-03,10.18
ETL_ORD_007511,CUST_00634,140.47,COMPLETED,2026-03-09,40.4
ETL_ORD_007512,CUST_00838,777.95,COMPLETED,2026-03-06,6.46
ETL_ORD_007513,CUST_01875,789.72,COMPLETED,2026-03-28,23.24
ETL_ORD_007514,CUST_01037,959.38,COMPLETED,2026-03-29,41.49
ETL_ORD_007515,CUST_00534,436.63,COMPLETED,2026-03-24,47.52
ETL_ORD_007516,CUST_01475,176.64,COMPLETED,2026-03-01,45.06
ETL_ORD_007517,CUST_00406,483.82,COMPLETED,2026-03-29,16.76
ETL_ORD_007518,CUST_00408,-10.0,PENDING,2026-03-07,34.73
ETL_ORD_007519,CUST_01175,1381.06,COMPLETED,2026-03-12,21.94
ETL_ORD_007520,CUST_00391,345.52,PENDING,2026-03-11,37.23
ETL_ORD_007521,CUST_01645,25.67,CANCELLED,2026-03-15,16.68
ETL_ORD_007522,CUST_01867,1462.17,COMPLETED,2026-03-11,14.78
ETL_ORD_007523,CUST_00470,1181.99,CANCELLED,2026-03-12,33.52
ETL_ORD_007524,CUST_01176,75.38,COMPLETED,2026-03-04,13.28
ETL_ORD_007525,CUST_00382,976.23,COMPLETED,2026-03-02,40.9
ETL_ORD_007526,CUST_00288,1230.9,COMPLETED,2026-03-14,24.59
ETL_ORD_007527,CUST_01134,1166.99,COMPLETED,2026-03-09,10.57
ETL_ORD_007528,CUST_01002,868.85,COMPLETED,2026-03-22,45.54
ETL_ORD_007529,CUST_01047,874.33,COMPLETED,2026-03-06,9.58
ETL_ORD_007530,CUST_00490,317.68,COMPLETED,2026-03-12,43.1
ETL_ORD_007531,CUST_01024,408.23,COMPLETED,2026-03-17,12.94
ETL_ORD_007532,CUST_01927,686.78,COMPLETED,2026-03-29,16.39
ETL_ORD_007533,CUST_00905,746.26,COMPLETED,2026-03-22,10.77
ETL_ORD_007534,CUST_01482,1267.91,COMPLETED,2026-03-04,4.38
ETL_ORD_007535,CUST_01056,1174.18,INVALID_STATUS,2026-03-24,39.51
ETL_ORD_007536,CUST_01167,1204.71,COMPLETED,2026-03-24,15.49
ETL_ORD_007537,CUST_01590,904.61,COMPLETED,2026-03-22,43.87
ETL_ORD_007538,CUST_01415,1439.15,COMPLETED,2026-03-02,12.7
ETL_ORD_007539,CUST_01777,535.87,PENDING,2026-03-04,15.53
ETL_ORD_007540,CUST_01213,1375.04,COMPLETED,2026-03-23,11.61
ETL_ORD_007541,CUST_00730,1116.49,COMPLETED,2026-03-13,1.2
ETL_ORD_007542,CUST_00097,1226.23,COMPLETED,2026-03-19,17.8
ETL_ORD_007543,CUST_01672,314.57,COMPLETED,2026-03-11,37.08
ETL_ORD_007544,CUST_00757,439.46,COMPLETED,2026-03-25,3.12
ETL_ORD_007545,CUST_01257,365.01,COMPLETED,2026-03-08,40.11
ETL_ORD_007546,CUST_01806,1344.17,COMPLETED,2026-03-06,43.8
ETL_ORD_007547,CUST_01899,596.38,COMPLETED,2026-03-03,26.36
ETL_ORD_007548,CUST_00424,191.81,COMPLETED,2026-03-09,8.8
ETL_ORD_007549,CUST_01667,1241.43,COMPLETED,2026-03-04,40.67
ETL_ORD_007550,CUST_01686,907.25,COMPLETED,2026-03-04,17.44
ETL_ORD_007551,CUST_00514,548.3,CANCELLED,2026-03-28,42.43
ETL_ORD_007552,CUST_01052,1096.79,PENDING,2026-03-17,26.85
ETL_ORD_007553,CUST_00255,773.21,CANCELLED,2026-03-06,3.12
ETL_ORD_007554,CUST_01858,385.63,COMPLETED,2026-03-09,26.48
ETL_ORD_007555,CUST_00414,685.81,COMPLETED,2026-03-26,25.32
ETL_ORD_007556,CUST_00112,1290.76,COMPLETED,2026-03-26,48.91
ETL_ORD_007557,CUST_00940,782.76,COMPLETED,2026-03-26,43.25
ETL_ORD_007558,CUST_00884,1360.29,COMPLETED,2026-03-03,7.39
ETL_ORD_007559,CUST_01182,-10.0,COMPLETED,2026-03-06,29.69
ETL_ORD_007560,CUST_01712,560.0,COMPLETED,2026-03-20,46.82
ETL_ORD_007561,CUST_00298,931.64,COMPLETED,2026-03-28,41.18
ETL_ORD_007562,CUST_00486,423.35,COMPLETED,2026-03-20,34.07
ETL_ORD_007563,CUST_01620,517.95,COMPLETED,2026-03-01,11.28
ETL_ORD_007564,CUST_01013,1142.25,COMPLETED,2026-03-04,9.34
ETL_ORD_007565,CUST_00612,-10.0,COMPLETED,2026-03-02,38.07
ETL_ORD_007566,CUST_00843,1236.1,CANCELLED,2026-03-16,8.52
ETL_ORD_007567,CUST_00865,1178.41,COMPLETED,2026-03-15,29.19
ETL_ORD_007568,CUST_00188,813.77,COMPLETED,2026-03-17,28.99
ETL_ORD_007569,CUST_01514,1287.24,COMPLETED,2026-03-09,3.47
ETL_ORD_007570,CUST_01824,569.97,INVALID_STATUS,2026-03-21,17.95
ETL_ORD_007571,CUST_01075,787.05,COMPLETED,2026-03-06,25.79
ETL_ORD_007572,CUST_00043,1063.08,PENDING,2026-03-29,25.54
ETL_ORD_007573,CUST_00880,1268.38,COMPLETED,2026-03-19,40.58
ETL_ORD_007574,CUST_01114,981.98,COMPLETED,2026-03-12,21.25
ETL_ORD_007575,CUST_01935,1062.05,PENDING,2026-03-22,19.06
ETL_ORD_007576,CUST_00793,1465.12,COMPLETED,2026-03-22,45.71
ETL_ORD_007577,CUST_01903,970.49,PENDING,2026-03-17,22.52
ETL_ORD_007578,CUST_01407,1168.99,PENDING,2026-03-22,35.2
ETL_ORD_007579,CUST_01046,986.08,COMPLETED,2026-03-14,39.42
ETL_ORD_007580,CUST_00433,287.83,COMPLETED,2026-03-25,16.57
ETL_ORD_007581,CUST_01007,347.87,COMPLETED,2026-03-11,0.99
ETL_ORD_007582,CUST_00175,101.8,COMPLETED,2026-03-14,5.87
ETL_ORD_007583,CUST_01560,1467.18,COMPLETED,2026-03-10,45.22
ETL_ORD_007584,CUST_00558,749.02,CANCELLED,2026-03-20,36.24
ETL_ORD_007585,CUST_00783,28.82,PENDING,2026-03-05,11.44
ETL_ORD_007586,CUST_00009,509.54,COMPLETED,2026-03-01,7.06
ETL_ORD_007587,CUST_01218,1102.48,COMPLETED,2026-03-10,26.92
ETL_ORD_007588,CUST_01039,379.54,COMPLETED,2026-03-19,33.39
ETL_ORD_007589,CUST_00496,1198.27,COMPLETED,2026-03-16,48.94
ETL_ORD_007590,CUST_00490,1346.21,COMPLETED,2026-03-04,39.65
ETL_ORD_007591,CUST_01510,264.62,COMPLETED,2026-03-07,15.1
ETL_ORD_007592,CUST_00682,1446.08,COMPLETED,2026-03-25,15.54
ETL_ORD_007593,CUST_01041,1073.3,COMPLETED,2026-03-08,41.56
ETL_ORD_007594,CUST_00530,841.33,COMPLETED,2026-03-14,18.85
ETL_ORD_007595,CUST_00829,1440.19,COMPLETED,2026-03-16,6.07
ETL_ORD_007596,CUST_01151,645.49,COMPLETED,2026-03-18,43.16
ETL_ORD_007597,CUST_00088,1162.0,PENDING,2026-03-12,18.1
ETL_ORD_007598,CUST_00384,768.25,COMPLETED,2026-03-26,27.27
ETL_ORD_007599,CUST_01300,563.39,COMPLETED,2026-03-27,47.92
ETL_ORD_007600,CUST_00935,549.8,COMPLETED,2026-03-20,16.89
ETL_ORD_007601,CUST_00808,633.05,CANCELLED,2026-03-20,43.27
ETL_ORD_007602,CUST_00424,1369.62,PENDING,2026-03-11,16.0
ETL_ORD_007603,CUST_00889,486.09,COMPLETED,2026-03-19,29.92
ETL_ORD_007604,CUST_00345,267.92,COMPLETED,2026-03-17,10.5
ETL_ORD_007605,CUST_01599,864.45,COMPLETED,2026-03-06,42.17
ETL_ORD_007606,CUST_01830,432.1,COMPLETED,2026-03-10,28.45
ETL_ORD_007607,CUST_01902,307.63,COMPLETED,2026-03-06,15.99
ETL_ORD_007608,CUST_00201,1292.31,COMPLETED,2026-03-25,15.42
ETL_ORD_007609,CUST_01155,1002.87,COMPLETED,2026-03-14,14.81
ETL_ORD_007610,CUST_01265,431.47,COMPLETED,2026-03-22,6.6
ETL_ORD_007611,CUST_00722,1142.63,COMPLETED,2026-03-11,37.87
ETL_ORD_007612,CUST_01874,1341.06,COMPLETED,2026-03-17,25.35
ETL_ORD_007613,CUST_01083,59.12,COMPLETED,2026-03-19,48.5
ETL_ORD_007614,CUST_01367,609.77,COMPLETED,2026-03-07,27.84
ETL_ORD_007615,CUST_01035,1041.66,COMPLETED,2026-03-12,31.41
ETL_ORD_007616,CUST_01448,508.92,PENDING,2026-03-28,35.51
ETL_ORD_007617,CUST_00845,1216.87,COMPLETED,2026-03-15,29.79
ETL_ORD_007618,CUST_00581,1136.19,COMPLETED,2026-03-03,45.82
ETL_ORD_007619,CUST_01079,1181.15,COMPLETED,2026-03-18,2.59
ETL_ORD_007620,CUST_00793,161.49,COMPLETED,2026-03-25,39.51
ETL_ORD_007621,CUST_01761,7.87,COMPLETED,2026-03-08,30.53
ETL_ORD_007622,CUST_00141,330.54,COMPLETED,2026-03-03,29.09
ETL_ORD_007623,CUST_00962,380.33,COMPLETED,2026-03-12,49.41
ETL_ORD_007624,CUST_00279,21.87,COMPLETED,2026-03-18,35.52
ETL_ORD_007625,CUST_00279,1048.09,COMPLETED,2026-03-27,41.23
ETL_ORD_007626,CUST_00717,726.24,COMPLETED,2026-03-15,20.35
ETL_ORD_007627,CUST_01926,1041.81,COMPLETED,2026-03-17,5.56
ETL_ORD_007628,CUST_00233,685.27,COMPLETED,2026-03-05,44.76
ETL_ORD_007629,CUST_00371,383.36,CANCELLED,2026-03-10,42.89
ETL_ORD_007630,CUST_00390,1267.38,COMPLETED,2026-03-01,46.81
ETL_ORD_007631,CUST_01856,1475.32,COMPLETED,2026-03-12,12.4
ETL_ORD_007632,CUST_00564,621.78,PENDING,2026-03-03,44.76
ETL_ORD_007633,CUST_00885,1152.24,INVALID_STATUS,2026-03-09,41.01
ETL_ORD_007634,CUST_01579,92.29,COMPLETED,2026-03-25,39.74
ETL_ORD_007635,CUST_01498,496.06,COMPLETED,2026-03-20,46.68
ETL_ORD_007636,CUST_00523,169.94,COMPLETED,2026-03-26,26.03
ETL_ORD_007637,CUST_01786,714.36,COMPLETED,2026-03-17,33.68
ETL_ORD_007638,CUST_01617,738.27,COMPLETED,2026-03-20,42.09
ETL_ORD_007639,CUST_01944,1438.84,COMPLETED,2026-03-07,44.27
ETL_ORD_007640,CUST_01103,702.82,PENDING,2026-03-09,25.13
ETL_ORD_007641,CUST_01161,979.86,COMPLETED,2026-03-04,45.07
ETL_ORD_007642,CUST_01271,1401.4,COMPLETED,2026-03-24,1.79
ETL_ORD_007643,CUST_01347,1043.63,COMPLETED,2026-03-05,42.57
ETL_ORD_007644,CUST_00057,1108.6,PENDING,2026-03-23,16.65
ETL_ORD_007645,CUST_00861,1494.71,COMPLETED,2026-03-09,11.34
ETL_ORD_007646,CUST_01017,758.38,COMPLETED,2026-03-05,18.41
ETL_ORD_007647,CUST_01501,1018.86,COMPLETED,2026-03-07,47.56
ETL_ORD_007648,CUST_00936,1373.86,COMPLETED,2026-03-05,14.35
ETL_ORD_007649,CUST_01496,235.27,COMPLETED,2026-03-21,31.53
ETL_ORD_007650,CUST_00452,528.4,CANCELLED,2026-03-07,31.01
ETL_ORD_007651,CUST_00208,401.32,CANCELLED,2026-03-03,4.53
ETL_ORD_007652,CUST_00267,106.3,COMPLETED,2026-03-17,3.49
ETL_ORD_007653,CUST_00072,713.49,CANCELLED,2026-03-27,7.95
ETL_ORD_007654,CUST_01319,631.82,CANCELLED,2026-03-28,48.64
ETL_ORD_007655,CUST_01681,302.54,INVALID_STATUS,2026-03-18,13.06
ETL_ORD_007656,CUST_01533,888.76,COMPLETED,2026-03-07,27.05
ETL_ORD_007657,CUST_01364,636.23,COMPLETED,2026-03-08,21.24
ETL_ORD_007658,CUST_00833,254.11,COMPLETED,2026-03-09,19.02
ETL_ORD_007659,CUST_00694,195.82,COMPLETED,2026-03-19,19.33
ETL_ORD_007660,CUST_00676,408.67,COMPLETED,2026-03-15,15.73
ETL_ORD_007661,CUST_01531,330.03,COMPLETED,2026-03-09,0.88
ETL_ORD_007662,CUST_01451,1366.15,COMPLETED,2026-03-15,10.82
ETL_ORD_007663,CUST_00676,617.81,CANCELLED,2026-03-03,15.47
ETL_ORD_007664,CUST_00986,838.73,COMPLETED,2026-03-02,37.89
ETL_ORD_007665,CUST_01842,649.37,COMPLETED,2026-03-05,19.31
ETL_ORD_007666,CUST_00456,1399.13,COMPLETED,2026-03-01,47.31
ETL_ORD_007667,CUST_00537,186.91,COMPLETED,2026-03-13,26.48
ETL_ORD_007668,CUST_00123,1058.38,COMPLETED,2026-03-02,42.59
ETL_ORD_007669,CUST_01451,1202.08,COMPLETED,2026-03-21,2.17
ETL_ORD_007670,CUST_01676,53.37,PENDING,2026-03-27,18.27
ETL_ORD_007671,CUST_01613,776.9,COMPLETED,2026-03-19,0.07
ETL_ORD_007672,CUST_01285,95.56,COMPLETED,2026-03-23,2.62
ETL_ORD_007673,CUST_01867,142.21,COMPLETED,2026-03-01,42.57
ETL_ORD_007674,CUST_00726,399.99,CANCELLED,2026-03-23,37.62
ETL_ORD_007675,CUST_00940,57.89,COMPLETED,2026-03-02,5.34
ETL_ORD_007676,CUST_00706,398.7,PENDING,2026-03-14,18.85
ETL_ORD_007677,CUST_01667,237.41,COMPLETED,2026-03-17,33.76
ETL_ORD_007678,CUST_01019,1390.45,COMPLETED,2026-03-23,15.69
ETL_ORD_007679,CUST_00154,474.4,PENDING,2026-03-19,20.86
ETL_ORD_007680,CUST_00556,935.95,CANCELLED,2026-03-29,36.14
ETL_ORD_007681,CUST_00578,548.25,COMPLETED,2026-03-20,43.3
ETL_ORD_007682,CUST_00955,1359.57,CANCELLED,2026-03-24,12.65
ETL_ORD_007683,CUST_00465,176.55,COMPLETED,2026-03-19,19.2
ETL_ORD_007684,CUST_00108,573.3,COMPLETED,2026-03-10,38.52
ETL_ORD_007685,CUST_01471,995.58,COMPLETED,2026-03-26,20.89
ETL_ORD_007686,CUST_00768,85.53,COMPLETED,2026-03-11,45.64
ETL_ORD_007687,CUST_01985,761.09,COMPLETED,2026-03-06,41.65
ETL_ORD_007688,CUST_01739,195.33,COMPLETED,2026-03-14,36.19
ETL_ORD_007689,CUST_00363,331.21,COMPLETED,2026-03-05,20.61
ETL_ORD_007690,CUST_00693,514.34,COMPLETED,2026-03-25,37.85
ETL_ORD_007691,CUST_00297,466.51,COMPLETED,2026-03-19,10.39
ETL_ORD_007692,CUST_00352,706.1,COMPLETED,2026-03-11,23.21
ETL_ORD_007693,CUST_00116,477.89,PENDING,2026-03-01,35.03
ETL_ORD_007694,CUST_01380,1439.09,COMPLETED,2026-03-21,13.4
ETL_ORD_007695,CUST_01700,45.76,COMPLETED,2026-03-26,50.0
ETL_ORD_007696,CUST_01980,410.53,COMPLETED,2026-03-02,2.11
ETL_ORD_007697,CUST_01228,1357.2,COMPLETED,2026-03-25,19.27
ETL_ORD_007698,CUST_00446,-10.0,COMPLETED,2026-03-27,43.08
ETL_ORD_007699,CUST_00722,1233.48,COMPLETED,2026-03-11,31.07
ETL_ORD_007700,CUST_00489,731.17,COMPLETED,2026-03-07,33.41
ETL_ORD_007701,CUST_01217,988.9,PENDING,2026-03-18,21.58
ETL_ORD_007702,CUST_01573,671.28,COMPLETED,2026-03-12,13.18
ETL_ORD_007703,CUST_00519,1131.51,COMPLETED,2026-03-29,43.39
ETL_ORD_007704,CUST_01641,776.06,COMPLETED,2026-03-23,33.55
ETL_ORD_007705,CUST_00726,767.28,COMPLETED,2026-03-21,0.02
ETL_ORD_007706,CUST_00606,710.32,CANCELLED,2026-03-12,31.72
ETL_ORD_007707,CUST_00596,837.78,COMPLETED,2026-03-20,36.74
ETL_ORD_007708,CUST_00193,810.39,COMPLETED,2026-03-11,34.66
ETL_ORD_007709,CUST_01464,1491.5,COMPLETED,2026-03-07,47.17
ETL_ORD_007710,CUST_00626,13.61,PENDING,2026-03-24,2.19
ETL_ORD_007711,CUST_00940,1394.68,COMPLETED,2026-03-23,2.03
ETL_ORD_007712,CUST_00527,828.44,COMPLETED,2026-03-18,14.22
ETL_ORD_007713,CUST_01817,1150.62,COMPLETED,2026-03-11,37.05
ETL_ORD_007714,CUST_00582,238.19,COMPLETED,2026-03-26,33.62
ETL_ORD_007715,CUST_00170,600.03,COMPLETED,2026-03-05,40.41
ETL_ORD_007716,CUST_01219,518.63,COMPLETED,2026-03-25,4.41
ETL_ORD_007717,CUST_00972,927.17,COMPLETED,2026-03-07,22.34
ETL_ORD_007718,CUST_01044,1379.46,CANCELLED,2026-03-15,49.31
ETL_ORD_007719,CUST_00033,1167.68,COMPLETED,2026-03-18,9.28
ETL_ORD_007720,CUST_00967,473.93,COMPLETED,2026-03-19,1.93
ETL_ORD_007721,CUST_00854,1390.22,COMPLETED,2026-03-10,29.53
ETL_ORD_007722,CUST_01258,193.32,COMPLETED,2026-03-23,40.3
ETL_ORD_007723,CUST_01183,1236.93,COMPLETED,2026-03-02,37.31
ETL_ORD_007724,CUST_00662,382.03,COMPLETED,2026-03-29,26.97
ETL_ORD_007725,CUST_01506,97.24,COMPLETED,2026-03-14,10.59
ETL_ORD_007726,CUST_00423,521.63,COMPLETED,2026-03-10,13.34
ETL_ORD_007727,CUST_00076,53.05,COMPLETED,2026-03-06,47.26
ETL_ORD_007728,CUST_01786,285.29,COMPLETED,2026-03-22,21.68
ETL_ORD_007729,CUST_01355,1243.6,INVALID_STATUS,2026-03-02,4.67
ETL_ORD_007730,CUST_00528,857.15,COMPLETED,2026-03-08,14.56
ETL_ORD_007731,CUST_00566,1410.13,COMPLETED,2026-03-19,38.46
ETL_ORD_007732,CUST_00440,147.53,COMPLETED,2026-03-01,4.24
ETL_ORD_007733,CUST_00489,1453.05,COMPLETED,2026-03-17,46.77
ETL_ORD_007734,CUST_01857,191.77,COMPLETED,2026-03-09,4.66
ETL_ORD_007735,CUST_01817,176.5,COMPLETED,2026-03-01,31.19
ETL_ORD_007736,CUST_01467,579.01,COMPLETED,2026-03-13,9.66
ETL_ORD_007737,CUST_00331,839.54,COMPLETED,2026-03-27,43.61
ETL_ORD_007738,CUST_01740,75.9,COMPLETED,2026-03-06,21.95
ETL_ORD_007739,CUST_00974,1326.56,INVALID_STATUS,2026-03-10,21.5
ETL_ORD_007740,CUST_01308,1202.98,COMPLETED,2026-03-29,49.54
ETL_ORD_007741,CUST_01266,-10.0,COMPLETED,2026-03-08,14.29
ETL_ORD_007742,CUST_01069,461.09,COMPLETED,2026-03-14,11.37
ETL_ORD_007743,CUST_01245,1319.81,COMPLETED,2026-03-12,8.36
ETL_ORD_007744,CUST_00163,689.89,COMPLETED,2026-03-24,27.56
ETL_ORD_007745,CUST_00830,1152.26,CANCELLED,2026-03-03,45.47
ETL_ORD_007746,CUST_01294,1345.01,COMPLETED,2026-03-12,26.35
ETL_ORD_007747,CUST_00438,779.19,PENDING,2026-03-25,25.08
ETL_ORD_007748,CUST_01358,598.14,CANCELLED,2026-03-11,9.0
ETL_ORD_007749,CUST_01181,640.35,PENDING,2026-03-18,33.57
ETL_ORD_007750,CUST_01924,1433.21,COMPLETED,2026-03-16,35.24
ETL_ORD_007751,CUST_01405,280.0,COMPLETED,2026-03-23,24.81
ETL_ORD_007752,CUST_01819,1301.69,COMPLETED,2026-03-17,3.26
ETL_ORD_007753,CUST_01081,217.97,COMPLETED,2026-03-19,27.64
ETL_ORD_007754,CUST_01254,412.49,COMPLETED,2026-03-14,28.47
ETL_ORD_007755,CUST_00343,652.6,COMPLETED,2026-03-25,37.97
ETL_ORD_007756,CUST_00161,248.34,COMPLETED,2026-03-10,28.01
ETL_ORD_007757,CUST_01586,98.16,COMPLETED,2026-03-09,16.78
ETL_ORD_007758,CUST_00460,593.39,COMPLETED,2026-03-26,37.03
ETL_ORD_007759,CUST_01374,1308.92,COMPLETED,2026-03-20,40.41
ETL_ORD_007760,CUST_01015,70.36,COMPLETED,2026-03-05,16.09
ETL_ORD_007761,CUST_01503,612.06,CANCELLED,2026-03-09,35.9
ETL_ORD_007762,CUST_01376,856.8,COMPLETED,2026-03-26,19.63
ETL_ORD_007763,CUST_00896,935.01,COMPLETED,2026-03-13,39.26
ETL_ORD_007764,CUST_00701,1287.79,COMPLETED,2026-03-17,5.27
ETL_ORD_007765,CUST_01627,721.14,CANCELLED,2026-03-29,13.4
ETL_ORD_007766,CUST_01363,911.76,COMPLETED,2026-03-02,23.86
ETL_ORD_007767,CUST_00159,888.9,COMPLETED,2026-03-18,43.45
ETL_ORD_007768,CUST_01932,169.12,COMPLETED,2026-03-02,15.78
ETL_ORD_007769,CUST_00536,658.44,COMPLETED,2026-03-03,7.99
ETL_ORD_007770,CUST_00140,449.04,COMPLETED,2026-03-27,46.67
ETL_ORD_007771,CUST_00907,1083.38,CANCELLED,2026-03-26,7.92
ETL_ORD_007772,CUST_01611,501.67,COMPLETED,2026-03-25,26.61
ETL_ORD_007773,CUST_01882,1021.58,COMPLETED,2026-03-16,5.1
ETL_ORD_007774,CUST_00309,1496.61,COMPLETED,2026-03-28,3.22
ETL_ORD_007775,CUST_00183,16.49,COMPLETED,2026-03-23,1.0
ETL_ORD_007776,CUST_00751,1250.87,INVALID_STATUS,2026-03-13,39.3
ETL_ORD_007777,CUST_01030,996.27,COMPLETED,2026-03-24,1.27
ETL_ORD_007778,CUST_01863,358.0,COMPLETED,2026-03-23,34.28
ETL_ORD_007779,CUST_01805,55.98,COMPLETED,2026-03-11,25.13
ETL_ORD_007780,CUST_00612,1366.92,COMPLETED,2026-03-22,28.43
ETL_ORD_007781,CUST_01783,623.85,COMPLETED,2026-03-04,47.68
ETL_ORD_007782,CUST_01050,710.92,COMPLETED,2026-03-10,10.67
ETL_ORD_007783,CUST_01241,1445.09,COMPLETED,2026-03-09,34.74
ETL_ORD_007784,CUST_01369,734.05,COMPLETED,2026-03-13,20.22
ETL_ORD_007785,CUST_01604,546.2,COMPLETED,2026-03-25,35.17
ETL_ORD_007786,CUST_00226,640.8,PENDING,2026-03-17,29.5
ETL_ORD_007787,CUST_00910,255.88,COMPLETED,2026-03-09,3.44
ETL_ORD_007788,CUST_00284,435.67,COMPLETED,2026-03-02,18.01
ETL_ORD_007789,CUST_01956,626.38,COMPLETED,2026-03-08,44.75
ETL_ORD_007790,CUST_00611,968.3,COMPLETED,2026-03-12,45.41
ETL_ORD_007791,CUST_00470,255.56,COMPLETED,2026-03-14,7.6
ETL_ORD_007792,CUST_01659,1368.61,PENDING,2026-03-19,43.18
ETL_ORD_007793,CUST_01872,58.89,COMPLETED,2026-03-22,33.13
ETL_ORD_007794,CUST_00013,522.44,COMPLETED,2026-03-15,24.97
ETL_ORD_007795,CUST_00874,1431.4,PENDING,2026-03-06,5.86
ETL_ORD_007796,CUST_01617,1432.3,COMPLETED,2026-03-20,2.26
ETL_ORD_007797,CUST_00540,571.67,COMPLETED,2026-03-07,33.07
ETL_ORD_007798,CUST_01318,10.14,COMPLETED,2026-03-11,23.88
ETL_ORD_007799,CUST_01512,844.03,COMPLETED,2026-03-16,48.69
ETL_ORD_007800,CUST_00679,212.74,COMPLETED,2026-03-16,7.48
ETL_ORD_007801,CUST_01275,546.68,COMPLETED,2026-03-28,34.05
ETL_ORD_007802,CUST_00205,172.68,COMPLETED,2026-03-06,49.62
ETL_ORD_007803,CUST_01401,643.46,PENDING,2026-03-06,5.93
ETL_ORD_007804,CUST_00908,1439.21,COMPLETED,2026-03-25,14.37
ETL_ORD_007805,CUST_01860,776.45,CANCELLED,2026-03-18,22.42
ETL_ORD_007806,CUST_00252,719.91,COMPLETED,2026-03-03,24.07
ETL_ORD_007807,CUST_00620,437.56,COMPLETED,2026-03-17,18.6
ETL_ORD_007808,CUST_00856,790.6,COMPLETED,2026-03-25,28.9
ETL_ORD_007809,CUST_01152,1024.61,COMPLETED,2026-03-02,11.18
ETL_ORD_007810,CUST_01433,1448.31,PENDING,2026-03-29,19.15
ETL_ORD_007811,CUST_00274,127.44,COMPLETED,2026-03-12,31.36
ETL_ORD_007812,CUST_01144,20.24,PENDING,2026-03-02,39.19
ETL_ORD_007813,CUST_01416,923.83,COMPLETED,2026-03-11,2.62
ETL_ORD_007814,CUST_00891,384.8,COMPLETED,2026-03-18,29.52
ETL_ORD_007815,CUST_00321,926.5,COMPLETED,2026-03-27,5.19
ETL_ORD_007816,CUST_00037,427.08,PENDING,2026-03-11,6.27
ETL_ORD_007817,CUST_01547,1302.16,COMPLETED,2026-03-23,9.78
ETL_ORD_007818,CUST_00068,1196.91,COMPLETED,2026-03-14,34.5
ETL_ORD_007819,CUST_01788,180.19,COMPLETED,2026-03-17,34.45
ETL_ORD_007820,CUST_00496,898.57,COMPLETED,2026-03-23,19.33
ETL_ORD_007821,CUST_01227,327.22,COMPLETED,2026-03-07,10.56
ETL_ORD_007822,CUST_00182,265.25,COMPLETED,2026-03-19,30.46
ETL_ORD_007823,CUST_00744,754.24,COMPLETED,2026-03-23,34.13
ETL_ORD_007824,CUST_01852,428.56,COMPLETED,2026-03-04,39.08
ETL_ORD_007825,CUST_00828,101.68,COMPLETED,2026-03-28,25.89
ETL_ORD_007826,CUST_01787,604.22,COMPLETED,2026-03-14,22.36
ETL_ORD_007827,CUST_00357,520.02,PENDING,2026-03-16,27.96
ETL_ORD_007828,CUST_01020,826.99,COMPLETED,2026-03-05,7.24
ETL_ORD_007829,CUST_00322,332.76,COMPLETED,2026-03-26,27.85
ETL_ORD_007830,CUST_01551,624.77,COMPLETED,2026-03-06,2.97
ETL_ORD_007831,CUST_01687,63.42,COMPLETED,2026-03-12,31.57
ETL_ORD_007832,CUST_01260,139.61,COMPLETED,2026-03-02,17.28
ETL_ORD_007833,CUST_00700,1318.43,COMPLETED,2026-03-15,44.48
ETL_ORD_007834,CUST_01847,228.52,COMPLETED,2026-03-05,13.29
ETL_ORD_007835,CUST_01345,1120.46,COMPLETED,2026-03-16,42.2
ETL_ORD_007836,CUST_01373,1170.87,COMPLETED,2026-03-07,9.58
ETL_ORD_007837,CUST_01605,163.02,COMPLETED,2026-03-22,25.73
ETL_ORD_007838,CUST_01085,464.73,COMPLETED,2026-03-05,7.98
ETL_ORD_007839,CUST_01704,1446.03,PENDING,2026-03-19,7.52
ETL_ORD_007840,CUST_00961,88.77,COMPLETED,2026-03-04,33.65
ETL_ORD_007841,CUST_00802,715.48,COMPLETED,2026-03-09,0.33
ETL_ORD_007842,CUST_01583,781.35,COMPLETED,2026-03-04,48.42
ETL_ORD_007843,CUST_01405,428.89,COMPLETED,2026-03-15,44.13
ETL_ORD_007844,CUST_00431,774.17,COMPLETED,2026-03-18,14.72
ETL_ORD_007845,CUST_01849,1102.24,COMPLETED,2026-03-16,13.71
ETL_ORD_007846,CUST_00611,1026.46,COMPLETED,2026-03-28,12.87
ETL_ORD_007847,CUST_00554,248.85,COMPLETED,2026-03-22,33.19
ETL_ORD_007848,CUST_00425,1442.57,COMPLETED,2026-03-17,1.12
ETL_ORD_007849,CUST_01748,886.79,COMPLETED,2026-03-13,26.64
ETL_ORD_007850,CUST_00233,398.8,COMPLETED,2026-03-08,16.76
ETL_ORD_007851,CUST_00958,243.03,COMPLETED,2026-03-19,14.15
ETL_ORD_007852,CUST_01420,1490.68,COMPLETED,2026-03-09,18.04
ETL_ORD_007853,CUST_01526,958.18,COMPLETED,2026-03-29,11.82
ETL_ORD_007854,CUST_01324,587.21,COMPLETED,2026-03-08,13.95
ETL_ORD_007855,CUST_01566,436.28,COMPLETED,2026-03-07,29.84
ETL_ORD_007856,CUST_00222,945.4,COMPLETED,2026-03-17,44.36
ETL_ORD_007857,CUST_00796,25.69,COMPLETED,2026-03-27,13.52
ETL_ORD_007858,CUST_00918,243.36,COMPLETED,2026-03-20,40.36
ETL_ORD_007859,CUST_00889,696.51,INVALID_STATUS,2026-03-28,49.99
ETL_ORD_007860,CUST_01881,1172.48,COMPLETED,2026-03-22,14.08
ETL_ORD_007861,CUST_01883,691.32,COMPLETED,2026-03-22,30.51
ETL_ORD_007862,CUST_00917,1417.52,COMPLETED,2026-03-22,42.27
ETL_ORD_007863,CUST_00886,833.19,COMPLETED,2026-03-14,19.99
ETL_ORD_007864,CUST_00231,1049.8,COMPLETED,2026-03-24,27.38
ETL_ORD_007865,CUST_01597,494.09,COMPLETED,2026-03-22,8.8
ETL_ORD_007866,CUST_00393,1412.05,COMPLETED,2026-03-22,2.65
ETL_ORD_007867,CUST_01137,1149.62,PENDING,2026-03-02,15.68
ETL_ORD_007868,CUST_01850,1300.31,COMPLETED,2026-03-28,31.85
ETL_ORD_007869,CUST_00245,307.7,PENDING,2026-03-25,15.53
ETL_ORD_007870,CUST_01591,1207.46,COMPLETED,2026-03-08,12.0
ETL_ORD_007871,CUST_00208,1276.58,COMPLETED,2026-03-04,39.4
ETL_ORD_007872,CUST_01207,682.26,COMPLETED,2026-03-11,9.79
ETL_ORD_007873,CUST_01688,706.0,COMPLETED,2026-03-20,39.67
ETL_ORD_007874,CUST_00283,1169.58,COMPLETED,2026-03-02,4.99
ETL_ORD_007875,CUST_00728,174.81,COMPLETED,2026-03-29,27.8
ETL_ORD_007876,CUST_01592,1121.7,CANCELLED,2026-03-07,39.66
ETL_ORD_007877,CUST_01903,439.96,COMPLETED,2026-03-04,41.65
ETL_ORD_007878,CUST_00500,213.01,PENDING,2026-03-13,4.51
ETL_ORD_007879,CUST_01917,863.0,COMPLETED,2026-03-03,2.33
ETL_ORD_007880,CUST_01771,1438.91,COMPLETED,2026-03-29,47.49
ETL_ORD_007881,CUST_00438,831.82,COMPLETED,2026-03-11,14.29
ETL_ORD_007882,CUST_01385,453.9,COMPLETED,2026-03-25,48.33
ETL_ORD_007883,CUST_00489,163.42,COMPLETED,2026-03-04,13.36
ETL_ORD_007884,CUST_00228,57.95,CANCELLED,2026-03-23,19.18
ETL_ORD_007885,CUST_00442,979.16,COMPLETED,2026-03-28,24.55
ETL_ORD_007886,CUST_01658,1035.52,COMPLETED,2026-03-14,15.95
ETL_ORD_007887,CUST_01152,540.44,CANCELLED,2026-03-28,21.14
ETL_ORD_007888,CUST_01907,1307.0,PENDING,2026-03-27,18.01
ETL_ORD_007889,CUST_00840,1341.85,PENDING,2026-03-13,38.16
ETL_ORD_007890,CUST_01929,328.52,COMPLETED,2026-03-28,44.72
ETL_ORD_007891,CUST_01715,1280.57,COMPLETED,2026-03-11,22.05
ETL_ORD_007892,CUST_00986,1006.85,COMPLETED,2026-03-07,17.26
ETL_ORD_007893,CUST_01678,133.94,COMPLETED,2026-03-29,42.37
ETL_ORD_007894,CUST_01682,801.69,COMPLETED,2026-03-17,26.8
ETL_ORD_007895,CUST_01629,1056.79,COMPLETED,2026-03-09,28.22
ETL_ORD_007896,CUST_00243,1116.48,COMPLETED,2026-03-03,19.88
ETL_ORD_007897,CUST_01175,941.27,COMPLETED,2026-03-27,19.38
ETL_ORD_007898,CUST_01025,716.82,COMPLETED,2026-03-29,36.87
ETL_ORD_007899,CUST_01501,1129.58,COMPLETED,2026-03-21,16.47
ETL_ORD_007900,CUST_01453,792.88,COMPLETED,2026-03-05,1.73
ETL_ORD_007901,CUST_00661,1136.54,CANCELLED,2026-03-13,43.18
ETL_ORD_007902,CUST_00479,791.09,COMPLETED,2026-03-05,19.54
ETL_ORD_007903,CUST_00506,913.43,COMPLETED,2026-03-19,42.71
ETL_ORD_007904,CUST_00829,1343.73,COMPLETED,2026-03-23,39.82
ETL_ORD_007905,CUST_01825,932.24,COMPLETED,2026-03-20,31.07
ETL_ORD_007906,CUST_00729,638.44,COMPLETED,2026-03-03,46.05
ETL_ORD_007907,CUST_01691,541.41,COMPLETED,2026-03-28,44.41
ETL_ORD_007908,CUST_00401,718.63,PENDING,2026-03-08,24.89
ETL_ORD_007909,CUST_00394,1259.98,COMPLETED,2026-03-22,45.38
ETL_ORD_007910,CUST_01461,1190.41,COMPLETED,2026-03-03,35.45
ETL_ORD_007911,CUST_01524,1022.65,COMPLETED,2026-03-02,14.02
ETL_ORD_007912,CUST_00546,58.77,COMPLETED,2026-03-07,24.02
ETL_ORD_007913,CUST_01955,999.11,CANCELLED,2026-03-20,40.02
ETL_ORD_007914,CUST_01265,512.79,PENDING,2026-03-20,26.07
ETL_ORD_007915,CUST_00233,826.79,COMPLETED,2026-03-25,34.13
ETL_ORD_007916,CUST_00529,57.62,COMPLETED,2026-03-13,4.78
ETL_ORD_007917,CUST_01371,509.61,COMPLETED,2026-03-12,11.76
ETL_ORD_007918,CUST_00989,-10.0,COMPLETED,2026-03-08,3.06
ETL_ORD_007919,CUST_01802,637.28,COMPLETED,2026-03-10,35.91
ETL_ORD_007920,CUST_00963,1433.12,COMPLETED,2026-03-16,2.85
ETL_ORD_007921,CUST_00314,436.95,COMPLETED,2026-03-08,17.26
ETL_ORD_007922,CUST_01809,995.21,COMPLETED,2026-03-17,22.46
ETL_ORD_007923,CUST_00990,1300.37,COMPLETED,2026-03-05,16.91
ETL_ORD_007924,CUST_01104,283.78,PENDING,2026-03-29,44.41
ETL_ORD_007925,CUST_01189,1470.52,COMPLETED,2026-03-21,48.23
ETL_ORD_007926,CUST_01991,1483.96,CANCELLED,2026-03-26,28.05
ETL_ORD_007927,CUST_01591,1059.63,COMPLETED,2026-03-29,26.13
ETL_ORD_007928,CUST_01791,960.96,COMPLETED,2026-03-04,25.77
ETL_ORD_007929,CUST_00452,785.01,COMPLETED,2026-03-22,1.69
ETL_ORD_007930,CUST_00925,356.16,COMPLETED,2026-03-25,19.58
ETL_ORD_007931,CUST_01522,169.75,COMPLETED,2026-03-25,25.06
ETL_ORD_007932,CUST_00755,782.78,CANCELLED,2026-03-02,27.79
ETL_ORD_007933,CUST_00328,843.54,CANCELLED,2026-03-05,4.38
ETL_ORD_007934,CUST_01870,11.95,PENDING,2026-03-05,32.3
ETL_ORD_007935,CUST_00658,1043.53,COMPLETED,2026-03-21,37.84
ETL_ORD_007936,CUST_01275,1192.68,COMPLETED,2026-03-25,3.74
ETL_ORD_007937,CUST_01170,793.53,COMPLETED,2026-03-01,9.78
ETL_ORD_007938,CUST_00972,258.08,COMPLETED,2026-03-28,15.28
ETL_ORD_007939,CUST_00138,34.88,COMPLETED,2026-03-21,14.28
ETL_ORD_007940,CUST_01522,239.04,COMPLETED,2026-03-12,22.23
ETL_ORD_007941,CUST_00359,940.09,CANCELLED,2026-03-05,47.45
ETL_ORD_007942,CUST_01248,1061.65,COMPLETED,2026-03-20,1.18
ETL_ORD_007943,CUST_00212,1468.58,PENDING,2026-03-29,4.95
ETL_ORD_007944,CUST_01846,670.03,COMPLETED,2026-03-02,32.04
ETL_ORD_007945,CUST_01347,517.71,COMPLETED,2026-03-01,46.18
ETL_ORD_007946,CUST_01193,1469.1,CANCELLED,2026-03-26,6.3
ETL_ORD_007947,CUST_01183,1067.33,COMPLETED,2026-03-12,42.3
ETL_ORD_007948,CUST_01423,232.32,PENDING,2026-03-09,27.17
ETL_ORD_007949,CUST_01634,1301.51,COMPLETED,2026-03-04,2.47
ETL_ORD_007950,CUST_01252,1167.02,COMPLETED,2026-03-08,11.83
ETL_ORD_007951,CUST_01793,503.79,COMPLETED,2026-03-19,39.05
ETL_ORD_007952,CUST_00122,242.34,COMPLETED,2026-03-18,4.58
ETL_ORD_007953,CUST_01430,948.1,COMPLETED,2026-03-24,9.72
ETL_ORD_007954,CUST_00540,26.84,COMPLETED,2026-03-06,26.9
ETL_ORD_007955,CUST_00712,1142.39,COMPLETED,2026-03-25,32.38
ETL_ORD_007956,CUST_00579,102.86,PENDING,2026-03-18,23.68
ETL_ORD_007957,CUST_01211,620.46,COMPLETED,2026-03-04,15.89
ETL_ORD_007958,CUST_00508,391.17,COMPLETED,2026-03-16,2.79
ETL_ORD_007959,CUST_00355,559.14,COMPLETED,2026-03-05,16.11
ETL_ORD_007960,CUST_00929,981.87,COMPLETED,2026-03-08,19.27
ETL_ORD_007961,CUST_01742,143.92,COMPLETED,2026-03-20,21.99
ETL_ORD_007962,CUST_01774,135.61,COMPLETED,2026-03-03,26.48
ETL_ORD_007963,CUST_00505,1316.65,COMPLETED,2026-03-13,30.93
ETL_ORD_007964,CUST_00383,1491.1,COMPLETED,2026-03-15,10.14
ETL_ORD_007965,CUST_01924,206.32,COMPLETED,2026-03-09,36.19
ETL_ORD_007966,CUST_00111,723.73,COMPLETED,2026-03-07,15.68
ETL_ORD_007967,CUST_00533,1004.72,CANCELLED,2026-03-06,9.86
ETL_ORD_007968,CUST_00347,369.03,PENDING,2026-03-14,28.08
ETL_ORD_007969,CUST_01859,61.17,CANCELLED,2026-03-01,40.05
ETL_ORD_007970,CUST_00528,898.73,COMPLETED,2026-03-22,32.18
ETL_ORD_007971,CUST_00138,1033.23,COMPLETED,2026-03-22,30.72
ETL_ORD_007972,CUST_01282,204.99,COMPLETED,2026-03-24,24.25
ETL_ORD_007973,CUST_01716,547.86,COMPLETED,2026-03-15,8.51
ETL_ORD_007974,CUST_01674,1172.19,COMPLETED,2026-03-26,8.19
ETL_ORD_007975,CUST_00231,716.74,COMPLETED,2026-03-02,2.78
ETL_ORD_007976,CUST_00428,1013.18,INVALID_STATUS,2026-03-19,24.77
ETL_ORD_007977,CUST_00574,531.84,COMPLETED,2026-03-24,22.39
ETL_ORD_007978,CUST_00883,1442.32,COMPLETED,2026-03-12,27.3
ETL_ORD_007979,CUST_00120,90.63,COMPLETED,2026-03-19,42.68
ETL_ORD_007980,CUST_01420,1108.08,COMPLETED,2026-03-10,44.03
ETL_ORD_007981,CUST_00087,954.62,COMPLETED,2026-03-06,13.37
ETL_ORD_007982,CUST_00569,1489.12,COMPLETED,2026-03-05,12.38
ETL_ORD_007983,CUST_00072,357.61,COMPLETED,2026-03-10,41.26
ETL_ORD_007984,CUST_00473,1440.82,CANCELLED,2026-03-19,39.51
ETL_ORD_007985,CUST_00524,199.47,CANCELLED,2026-03-13,47.28
ETL_ORD_007986,CUST_00148,1166.19,COMPLETED,2026-03-16,0.77
ETL_ORD_007987,CUST_01568,688.83,COMPLETED,2026-03-09,40.41
ETL_ORD_007988,CUST_00295,607.36,COMPLETED,2026-03-11,22.22
ETL_ORD_007989,CUST_01729,120.45,COMPLETED,2026-03-04,36.96
ETL_ORD_007990,CUST_00079,685.81,COMPLETED,2026-03-24,4.04
ETL_ORD_007991,CUST_00451,1409.14,PENDING,2026-03-09,35.61
ETL_ORD_007992,CUST_01103,992.89,COMPLETED,2026-03-04,5.38
ETL_ORD_007993,CUST_01574,891.95,COMPLETED,2026-03-12,25.38
ETL_ORD_007994,CUST_01533,1404.9,PENDING,2026-03-08,41.64
ETL_ORD_007995,CUST_01559,1288.37,COMPLETED,2026-03-04,5.63
ETL_ORD_007996,CUST_00812,271.16,COMPLETED,2026-03-25,23.92
ETL_ORD_007997,CUST_01201,1112.94,COMPLETED,2026-03-18,24.71
ETL_ORD_007998,CUST_01195,621.97,COMPLETED,2026-03-29,26.58
ETL_ORD_007999,CUST_00075,1083.28,COMPLETED,2026-03-26,3.21
ETL_ORD_008000,CUST_01668,1344.3,CANCELLED,2026-03-06,25.52
ETL_ORD_008001,CUST_00130,186.21,COMPLETED,2026-03-09,47.93
ETL_ORD_008002,CUST_00479,957.42,COMPLETED,2026-03-14,48.34
ETL_ORD_008003,CUST_01154,1020.38,COMPLETED,2026-03-03,38.53
ETL_ORD_008004,CUST_01173,168.88,COMPLETED,2026-03-25,18.78
ETL_ORD_008005,CUST_00636,444.93,COMPLETED,2026-03-20,42.65
ETL_ORD_008006,CUST_00709,849.31,COMPLETED,2026-03-05,48.86
ETL_ORD_008007,CUST_01145,1064.23,COMPLETED,2026-03-16,13.58
ETL_ORD_008008,CUST_01662,196.91,COMPLETED,2026-03-13,16.43
ETL_ORD_008009,CUST_00503,809.66,COMPLETED,2026-03-08,13.11
ETL_ORD_008010,CUST_01752,853.62,COMPLETED,2026-03-18,13.95
ETL_ORD_008011,CUST_00972,661.3,COMPLETED,2026-03-04,13.36
ETL_ORD_008012,CUST_00124,277.67,CANCELLED,2026-03-04,13.38
ETL_ORD_008013,CUST_00592,236.3,COMPLETED,2026-03-11,34.52
ETL_ORD_008014,CUST_00031,928.29,COMPLETED,2026-03-17,24.5
ETL_ORD_008015,CUST_00907,477.8,COMPLETED,2026-03-25,35.42
ETL_ORD_008016,CUST_01831,200.64,COMPLETED,2026-03-01,46.31
ETL_ORD_008017,CUST_01613,90.48,COMPLETED,2026-03-12,43.74
ETL_ORD_008018,CUST_00415,1289.72,COMPLETED,2026-03-22,17.76
ETL_ORD_008019,CUST_01208,1008.21,COMPLETED,2026-03-26,36.71
ETL_ORD_008020,CUST_00452,729.95,COMPLETED,2026-03-06,0.47
ETL_ORD_008021,CUST_00774,1493.54,CANCELLED,2026-03-02,47.12
ETL_ORD_008022,CUST_01361,104.47,COMPLETED,2026-03-19,49.05
ETL_ORD_008023,CUST_01289,502.09,COMPLETED,2026-03-03,23.02
ETL_ORD_008024,CUST_01067,963.78,CANCELLED,2026-03-27,13.77
ETL_ORD_008025,CUST_01307,1486.92,CANCELLED,2026-03-09,29.86
ETL_ORD_008026,CUST_01679,638.56,COMPLETED,2026-03-09,5.62
ETL_ORD_008027,CUST_01635,664.58,COMPLETED,2026-03-21,27.98
ETL_ORD_008028,CUST_01794,1141.31,COMPLETED,2026-03-24,30.24
ETL_ORD_008029,CUST_01510,927.18,COMPLETED,2026-03-12,46.83
ETL_ORD_008030,CUST_01002,-10.0,COMPLETED,2026-03-03,26.47
ETL_ORD_008031,CUST_01541,533.28,PENDING,2026-03-19,44.27
ETL_ORD_008032,CUST_01885,853.23,COMPLETED,2026-03-07,48.14
ETL_ORD_008033,CUST_01859,991.55,PENDING,2026-03-21,21.45
ETL_ORD_008034,CUST_01651,1010.27,COMPLETED,2026-03-25,10.62
ETL_ORD_008035,CUST_00079,689.66,COMPLETED,2026-03-19,18.12
ETL_ORD_008036,CUST_00753,642.4,PENDING,2026-03-29,47.19
ETL_ORD_008037,CUST_01953,1097.69,COMPLETED,2026-03-22,44.34
ETL_ORD_008038,CUST_01831,972.26,COMPLETED,2026-03-17,3.85
ETL_ORD_008039,CUST_00193,1449.22,CANCELLED,2026-03-09,31.66
ETL_ORD_008040,CUST_00377,10.53,COMPLETED,2026-03-18,47.69
ETL_ORD_008041,CUST_01185,1246.93,CANCELLED,2026-03-12,32.73
ETL_ORD_008042,CUST_00651,923.63,COMPLETED,2026-03-21,18.98
ETL_ORD_008043,CUST_00806,502.07,COMPLETED,2026-03-08,33.0
ETL_ORD_008044,CUST_00350,714.93,COMPLETED,2026-03-22,16.84
ETL_ORD_008045,CUST_00409,1292.45,COMPLETED,2026-03-03,33.11
ETL_ORD_008046,CUST_00248,245.33,PENDING,2026-03-05,17.98
ETL_ORD_008047,CUST_01168,1180.85,COMPLETED,2026-03-18,36.53
ETL_ORD_008048,CUST_00236,64.21,COMPLETED,2026-03-26,16.25
ETL_ORD_008049,CUST_01461,889.35,COMPLETED,2026-03-03,17.82
ETL_ORD_008050,CUST_00803,1046.12,COMPLETED,2026-03-25,14.87
ETL_ORD_008051,CUST_01959,483.4,COMPLETED,2026-03-19,46.37
ETL_ORD_008052,CUST_01162,732.25,COMPLETED,2026-03-23,48.07
ETL_ORD_008053,CUST_01293,1036.91,COMPLETED,2026-03-03,6.89
ETL_ORD_008054,CUST_00769,1260.71,COMPLETED,2026-03-02,16.68
ETL_ORD_008055,CUST_00989,614.39,COMPLETED,2026-03-26,42.4
ETL_ORD_008056,CUST_01463,173.43,COMPLETED,2026-03-12,32.66
ETL_ORD_008057,CUST_01556,1471.81,COMPLETED,2026-03-22,24.34
ETL_ORD_008058,CUST_01756,86.46,COMPLETED,2026-03-25,24.5
ETL_ORD_008059,CUST_00403,1407.05,COMPLETED,2026-03-28,42.6
ETL_ORD_008060,CUST_01616,1456.09,COMPLETED,2026-03-15,43.14
ETL_ORD_008061,CUST_00924,1284.19,COMPLETED,2026-03-16,9.5
ETL_ORD_008062,CUST_00509,1384.77,COMPLETED,2026-03-23,20.98
ETL_ORD_008063,CUST_01884,333.61,COMPLETED,2026-03-15,39.39
ETL_ORD_008064,CUST_01596,340.61,COMPLETED,2026-03-25,20.18
ETL_ORD_008065,CUST_01480,1438.73,COMPLETED,2026-03-11,19.38
ETL_ORD_008066,CUST_01026,911.01,CANCELLED,2026-03-11,18.05
ETL_ORD_008067,CUST_00395,532.42,COMPLETED,2026-03-10,9.8
ETL_ORD_008068,CUST_01828,-10.0,COMPLETED,2026-03-12,35.2
ETL_ORD_008069,CUST_01212,1446.21,COMPLETED,2026-03-13,10.24
ETL_ORD_008070,CUST_00970,-10.0,COMPLETED,2026-03-23,48.21
ETL_ORD_008071,CUST_01117,640.53,COMPLETED,2026-03-13,24.86
ETL_ORD_008072,CUST_01922,1307.1,COMPLETED,2026-03-01,6.37
ETL_ORD_008073,CUST_01337,236.39,COMPLETED,2026-03-17,13.99
ETL_ORD_008074,CUST_00391,668.82,COMPLETED,2026-03-08,4.93
ETL_ORD_008075,CUST_00239,1018.26,COMPLETED,2026-03-27,10.81
ETL_ORD_008076,CUST_01807,164.72,COMPLETED,2026-03-20,33.29
ETL_ORD_008077,CUST_00292,927.36,INVALID_STATUS,2026-03-23,46.03
ETL_ORD_008078,CUST_00376,597.95,COMPLETED,2026-03-08,32.77
ETL_ORD_008079,CUST_00904,1322.94,COMPLETED,2026-03-08,0.02
ETL_ORD_008080,CUST_00507,853.19,COMPLETED,2026-03-29,27.08
ETL_ORD_008081,CUST_01591,48.62,COMPLETED,2026-03-13,19.15
ETL_ORD_008082,CUST_01584,1462.3,COMPLETED,2026-03-08,2.92
ETL_ORD_008083,CUST_00100,341.14,COMPLETED,2026-03-24,41.86
ETL_ORD_008084,CUST_00489,649.51,COMPLETED,2026-03-26,10.82
ETL_ORD_008085,CUST_01991,949.79,COMPLETED,2026-03-24,7.25
ETL_ORD_008086,CUST_01484,577.9,CANCELLED,2026-03-29,20.71
ETL_ORD_008087,CUST_00868,-10.0,CANCELLED,2026-03-13,21.72
ETL_ORD_008088,CUST_00119,-10.0,COMPLETED,2026-03-24,21.79
ETL_ORD_008089,CUST_01673,727.48,COMPLETED,2026-03-28,14.41
ETL_ORD_008090,CUST_01853,6.58,COMPLETED,2026-03-23,33.23
ETL_ORD_008091,CUST_01686,764.34,COMPLETED,2026-03-12,2.48
ETL_ORD_008092,CUST_00653,412.19,COMPLETED,2026-03-12,17.31
ETL_ORD_008093,CUST_00215,1048.28,CANCELLED,2026-03-05,8.1
ETL_ORD_008094,CUST_01238,312.69,COMPLETED,2026-03-04,18.45
ETL_ORD_008095,CUST_00536,1452.28,COMPLETED,2026-03-16,47.97
ETL_ORD_008096,CUST_00616,1386.23,COMPLETED,2026-03-10,45.47
ETL_ORD_008097,CUST_01159,557.19,COMPLETED,2026-03-16,14.9
ETL_ORD_008098,CUST_01424,1380.31,COMPLETED,2026-03-21,32.39
ETL_ORD_008099,CUST_00509,1091.15,COMPLETED,2026-03-26,49.06
ETL_ORD_008100,CUST_01981,648.59,COMPLETED,2026-03-16,8.94
ETL_ORD_008101,CUST_00183,44.1,INVALID_STATUS,2026-03-05,42.71
ETL_ORD_008102,CUST_00557,622.18,COMPLETED,2026-03-03,16.21
ETL_ORD_008103,CUST_00603,84.97,CANCELLED,2026-03-16,44.75
ETL_ORD_008104,CUST_01395,-10.0,COMPLETED,2026-03-17,46.7
ETL_ORD_008105,CUST_00906,232.83,COMPLETED,2026-03-01,23.34
ETL_ORD_008106,CUST_01753,1196.62,COMPLETED,2026-03-11,17.41
ETL_ORD_008107,CUST_00613,1171.5,COMPLETED,2026-03-09,5.59
ETL_ORD_008108,CUST_00684,858.47,COMPLETED,2026-03-01,1.37
ETL_ORD_008109,CUST_00947,301.93,COMPLETED,2026-03-02,21.48
ETL_ORD_008110,CUST_00362,1106.07,COMPLETED,2026-03-18,28.33
ETL_ORD_008111,CUST_00394,178.02,COMPLETED,2026-03-21,0.28
ETL_ORD_008112,CUST_00880,444.81,COMPLETED,2026-03-28,29.83
ETL_ORD_008113,CUST_00508,1028.91,INVALID_STATUS,2026-03-19,4.63
ETL_ORD_008114,CUST_00162,935.82,PENDING,2026-03-20,14.5
ETL_ORD_008115,CUST_00826,338.77,CANCELLED,2026-03-09,24.82
ETL_ORD_008116,CUST_01185,45.34,COMPLETED,2026-03-13,38.01
ETL_ORD_008117,CUST_00929,277.51,COMPLETED,2026-03-24,35.73
ETL_ORD_008118,CUST_00715,728.03,COMPLETED,2026-03-06,24.27
ETL_ORD_008119,CUST_00151,1053.47,CANCELLED,2026-03-21,9.61
ETL_ORD_008120,CUST_01438,878.18,COMPLETED,2026-03-10,38.0
ETL_ORD_008121,CUST_01227,987.34,COMPLETED,2026-03-09,38.86
ETL_ORD_008122,CUST_00496,1046.41,COMPLETED,2026-03-05,42.5
ETL_ORD_008123,CUST_00363,579.41,COMPLETED,2026-03-11,31.43
ETL_ORD_008124,CUST_00291,188.96,COMPLETED,2026-03-13,45.61
ETL_ORD_008125,CUST_01996,609.14,COMPLETED,2026-03-24,48.13
ETL_ORD_008126,CUST_01179,607.14,COMPLETED,2026-03-02,23.5
ETL_ORD_008127,CUST_00460,868.85,INVALID_STATUS,2026-03-04,38.94
ETL_ORD_008128,CUST_00901,788.43,COMPLETED,2026-03-14,40.99
ETL_ORD_008129,CUST_00558,698.75,COMPLETED,2026-03-07,31.63
ETL_ORD_008130,CUST_00491,231.49,COMPLETED,2026-03-16,37.5
ETL_ORD_008131,CUST_01951,486.53,COMPLETED,2026-03-25,39.94
ETL_ORD_008132,CUST_00836,1235.78,COMPLETED,2026-03-19,44.46
ETL_ORD_008133,CUST_01082,420.55,COMPLETED,2026-03-14,42.26
ETL_ORD_008134,CUST_01302,638.28,COMPLETED,2026-03-19,36.62
ETL_ORD_008135,CUST_00897,1299.33,COMPLETED,2026-03-07,9.62
ETL_ORD_008136,CUST_01082,906.64,COMPLETED,2026-03-09,12.95
ETL_ORD_008137,CUST_01049,246.9,COMPLETED,2026-03-07,48.15
ETL_ORD_008138,CUST_01849,215.3,COMPLETED,2026-03-26,39.55
ETL_ORD_008139,CUST_00399,731.6,COMPLETED,2026-03-18,11.47
ETL_ORD_008140,CUST_01991,1052.32,COMPLETED,2026-03-17,32.2
ETL_ORD_008141,CUST_01863,697.61,INVALID_STATUS,2026-03-21,0.5
ETL_ORD_008142,CUST_00600,1167.21,COMPLETED,2026-03-16,0.86
ETL_ORD_008143,CUST_01391,305.31,COMPLETED,2026-03-15,34.95
ETL_ORD_008144,CUST_01050,1282.91,COMPLETED,2026-03-25,27.58
ETL_ORD_008145,CUST_00025,166.66,COMPLETED,2026-03-22,10.47
ETL_ORD_008146,CUST_00001,725.98,PENDING,2026-03-27,40.47
ETL_ORD_008147,CUST_01402,1056.33,PENDING,2026-03-20,32.21
ETL_ORD_008148,CUST_01133,851.84,COMPLETED,2026-03-17,41.9
ETL_ORD_008149,CUST_00532,537.57,CANCELLED,2026-03-17,37.08
ETL_ORD_008150,CUST_01340,912.09,INVALID_STATUS,2026-03-16,34.36
ETL_ORD_008151,CUST_01514,201.9,COMPLETED,2026-03-17,15.98
ETL_ORD_008152,CUST_01030,1395.11,COMPLETED,2026-03-01,42.56
ETL_ORD_008153,CUST_01182,1417.71,COMPLETED,2026-03-01,20.4
ETL_ORD_008154,CUST_00446,1076.39,COMPLETED,2026-03-15,29.67
ETL_ORD_008155,CUST_00007,803.27,COMPLETED,2026-03-12,5.01
ETL_ORD_008156,CUST_01158,1315.41,COMPLETED,2026-03-18,42.54
ETL_ORD_008157,CUST_01070,1198.23,PENDING,2026-03-22,11.08
ETL_ORD_008158,CUST_01440,744.63,COMPLETED,2026-03-29,34.51
ETL_ORD_008159,CUST_00889,521.4,COMPLETED,2026-03-03,9.19
ETL_ORD_008160,CUST_01059,83.45,COMPLETED,2026-03-03,33.55
ETL_ORD_008161,CUST_01271,1084.9,COMPLETED,2026-03-22,28.57
ETL_ORD_008162,CUST_00277,74.01,COMPLETED,2026-03-21,21.14
ETL_ORD_008163,CUST_00501,894.32,COMPLETED,2026-03-25,5.13
ETL_ORD_008164,CUST_00682,388.67,INVALID_STATUS,2026-03-08,9.12
ETL_ORD_008165,CUST_01171,996.85,COMPLETED,2026-03-15,43.67
ETL_ORD_008166,CUST_00230,1020.47,COMPLETED,2026-03-25,39.05
ETL_ORD_008167,CUST_00277,266.49,COMPLETED,2026-03-06,28.3
ETL_ORD_008168,CUST_00567,408.04,COMPLETED,2026-03-08,43.68
ETL_ORD_008169,CUST_01246,746.44,COMPLETED,2026-03-07,43.68
ETL_ORD_008170,CUST_00147,591.37,PENDING,2026-03-28,1.78
ETL_ORD_008171,CUST_01943,805.81,COMPLETED,2026-03-27,39.78
ETL_ORD_008172,CUST_01142,1062.16,COMPLETED,2026-03-27,43.45
ETL_ORD_008173,CUST_01383,1381.64,COMPLETED,2026-03-12,40.35
ETL_ORD_008174,CUST_00439,47.27,COMPLETED,2026-03-02,45.02
ETL_ORD_008175,CUST_01889,191.41,COMPLETED,2026-03-27,29.76
ETL_ORD_008176,CUST_00928,913.42,COMPLETED,2026-03-18,10.27
ETL_ORD_008177,CUST_01315,277.68,COMPLETED,2026-03-16,11.59
ETL_ORD_008178,CUST_01785,910.91,COMPLETED,2026-03-28,47.67
ETL_ORD_008179,CUST_01025,1416.91,COMPLETED,2026-03-21,16.12
ETL_ORD_008180,CUST_00220,621.74,COMPLETED,2026-03-08,16.53
ETL_ORD_008181,CUST_00226,1108.15,COMPLETED,2026-03-25,45.83
ETL_ORD_008182,CUST_00635,838.94,COMPLETED,2026-03-20,29.35
ETL_ORD_008183,CUST_01264,156.63,COMPLETED,2026-03-20,24.46
ETL_ORD_008184,CUST_00043,905.97,COMPLETED,2026-03-18,38.57
ETL_ORD_008185,CUST_00689,1033.9,COMPLETED,2026-03-05,14.02
ETL_ORD_008186,CUST_01368,-10.0,COMPLETED,2026-03-14,33.71
ETL_ORD_008187,CUST_01699,537.45,COMPLETED,2026-03-07,12.81
ETL_ORD_008188,CUST_00276,981.06,CANCELLED,2026-03-04,13.32
ETL_ORD_008189,CUST_00587,1340.5,COMPLETED,2026-03-15,9.53
ETL_ORD_008190,CUST_00886,558.12,COMPLETED,2026-03-28,5.16
ETL_ORD_008191,CUST_00927,1165.99,COMPLETED,2026-03-27,44.73
ETL_ORD_008192,CUST_00750,1060.11,CANCELLED,2026-03-11,19.74
ETL_ORD_008193,CUST_00491,914.51,COMPLETED,2026-03-10,45.37
ETL_ORD_008194,CUST_00235,441.02,COMPLETED,2026-03-08,38.17
ETL_ORD_008195,CUST_00181,1335.75,COMPLETED,2026-03-29,8.43
ETL_ORD_008196,CUST_00438,1244.71,COMPLETED,2026-03-01,3.98
ETL_ORD_008197,CUST_00734,779.89,COMPLETED,2026-03-03,45.68
ETL_ORD_008198,CUST_00958,906.03,COMPLETED,2026-03-01,24.39
ETL_ORD_008199,CUST_01668,1170.43,COMPLETED,2026-03-09,18.01
ETL_ORD_008200,CUST_00816,333.02,COMPLETED,2026-03-08,12.1
ETL_ORD_008201,CUST_00249,93.48,COMPLETED,2026-03-08,35.64
ETL_ORD_008202,CUST_00589,760.4,COMPLETED,2026-03-22,41.05
ETL_ORD_008203,CUST_00274,-10.0,COMPLETED,2026-03-23,4.35
ETL_ORD_008204,CUST_01218,1085.06,COMPLETED,2026-03-22,10.61
ETL_ORD_008205,CUST_00549,612.54,COMPLETED,2026-03-18,32.81
ETL_ORD_008206,CUST_01175,146.23,COMPLETED,2026-03-16,4.13
ETL_ORD_008207,CUST_00065,15.92,COMPLETED,2026-03-29,29.56
ETL_ORD_008208,CUST_01315,1420.25,COMPLETED,2026-03-12,46.0
ETL_ORD_008209,CUST_01717,1486.31,COMPLETED,2026-03-05,12.12
ETL_ORD_008210,CUST_01606,1446.41,INVALID_STATUS,2026-03-21,37.32
ETL_ORD_008211,CUST_00882,503.69,COMPLETED,2026-03-17,36.69
ETL_ORD_008212,CUST_01883,1260.01,COMPLETED,2026-03-10,26.98
ETL_ORD_008213,CUST_00617,563.36,CANCELLED,2026-03-11,5.47
ETL_ORD_008214,CUST_00698,787.34,COMPLETED,2026-03-27,5.86
ETL_ORD_008215,CUST_01061,824.01,COMPLETED,2026-03-13,14.08
ETL_ORD_008216,CUST_00644,1072.09,COMPLETED,2026-03-26,46.53
ETL_ORD_008217,CUST_01139,511.59,PENDING,2026-03-04,34.88
ETL_ORD_008218,CUST_01504,1231.66,CANCELLED,2026-03-29,3.72
ETL_ORD_008219,CUST_01112,116.27,COMPLETED,2026-03-06,8.54
ETL_ORD_008220,CUST_00071,115.85,PENDING,2026-03-20,6.11
ETL_ORD_008221,CUST_00923,998.49,COMPLETED,2026-03-21,37.15
ETL_ORD_008222,CUST_01747,-10.0,PENDING,2026-03-10,20.24
ETL_ORD_008223,CUST_00424,1201.49,COMPLETED,2026-03-09,11.51
ETL_ORD_008224,CUST_01250,838.03,PENDING,2026-03-15,20.26
ETL_ORD_008225,CUST_00096,121.63,COMPLETED,2026-03-19,31.87
ETL_ORD_008226,CUST_00831,1168.13,COMPLETED,2026-03-02,5.47
ETL_ORD_008227,CUST_01564,921.9,PENDING,2026-03-11,18.88
ETL_ORD_008228,CUST_00566,10.02,CANCELLED,2026-03-18,38.75
ETL_ORD_008229,CUST_01124,632.64,COMPLETED,2026-03-09,31.07
ETL_ORD_008230,CUST_01837,46.84,COMPLETED,2026-03-19,34.07
ETL_ORD_008231,CUST_00207,206.64,COMPLETED,2026-03-04,47.59
ETL_ORD_008232,CUST_00179,120.21,COMPLETED,2026-03-08,28.6
ETL_ORD_008233,CUST_00158,873.51,COMPLETED,2026-03-24,26.28
ETL_ORD_008234,CUST_01482,946.78,COMPLETED,2026-03-10,18.83
ETL_ORD_008235,CUST_01427,461.43,COMPLETED,2026-03-18,8.44
ETL_ORD_008236,CUST_01149,183.47,COMPLETED,2026-03-05,22.34
ETL_ORD_008237,CUST_01086,302.62,COMPLETED,2026-03-03,37.97
ETL_ORD_008238,CUST_00344,1142.52,COMPLETED,2026-03-22,19.23
ETL_ORD_008239,CUST_01519,1062.43,PENDING,2026-03-01,8.92
ETL_ORD_008240,CUST_00625,353.69,COMPLETED,2026-03-27,42.08
ETL_ORD_008241,CUST_01111,128.51,INVALID_STATUS,2026-03-10,29.23
ETL_ORD_008242,CUST_00001,802.49,PENDING,2026-03-13,26.56
ETL_ORD_008243,CUST_01936,237.52,COMPLETED,2026-03-13,19.96
ETL_ORD_008244,CUST_00912,1374.74,COMPLETED,2026-03-15,36.8
ETL_ORD_008245,CUST_00840,1218.09,CANCELLED,2026-03-28,14.31
ETL_ORD_008246,CUST_00704,923.25,COMPLETED,2026-03-18,31.47
ETL_ORD_008247,CUST_00319,886.25,COMPLETED,2026-03-23,18.26
ETL_ORD_008248,CUST_00614,1469.29,COMPLETED,2026-03-16,18.45
ETL_ORD_008249,CUST_00117,40.91,COMPLETED,2026-03-05,28.97
ETL_ORD_008250,CUST_00974,-10.0,CANCELLED,2026-03-20,29.3
ETL_ORD_008251,CUST_00610,1091.78,COMPLETED,2026-03-27,23.93
ETL_ORD_008252,CUST_01157,982.57,COMPLETED,2026-03-10,24.17
ETL_ORD_008253,CUST_01539,112.64,COMPLETED,2026-03-27,13.75
ETL_ORD_008254,CUST_00030,59.89,COMPLETED,2026-03-12,6.16
ETL_ORD_008255,CUST_00356,32.7,COMPLETED,2026-03-07,13.32
ETL_ORD_008256,CUST_01428,195.42,COMPLETED,2026-03-26,48.28
ETL_ORD_008257,CUST_01543,594.59,COMPLETED,2026-03-16,49.55
ETL_ORD_008258,CUST_01447,1399.47,COMPLETED,2026-03-02,33.19
ETL_ORD_008259,CUST_01912,295.35,COMPLETED,2026-03-06,33.74
ETL_ORD_008260,CUST_00597,534.51,COMPLETED,2026-03-27,10.38
ETL_ORD_008261,CUST_00929,234.44,COMPLETED,2026-03-18,24.92
ETL_ORD_008262,CUST_00996,253.34,COMPLETED,2026-03-04,37.7
ETL_ORD_008263,CUST_00988,382.91,COMPLETED,2026-03-15,23.07
ETL_ORD_008264,CUST_01034,359.26,COMPLETED,2026-03-06,6.76
ETL_ORD_008265,CUST_00909,358.17,COMPLETED,2026-03-05,26.15
ETL_ORD_008266,CUST_00468,937.95,COMPLETED,2026-03-22,42.49
ETL_ORD_008267,CUST_01600,1326.62,COMPLETED,2026-03-13,45.62
ETL_ORD_008268,CUST_01303,1441.45,INVALID_STATUS,2026-03-05,27.76
ETL_ORD_008269,CUST_01074,1099.26,COMPLETED,2026-03-21,2.8
ETL_ORD_008270,CUST_01459,935.91,COMPLETED,2026-03-29,16.81
ETL_ORD_008271,CUST_00430,39.82,COMPLETED,2026-03-08,40.14
ETL_ORD_008272,CUST_01048,712.55,COMPLETED,2026-03-21,9.35
ETL_ORD_008273,CUST_01059,512.42,COMPLETED,2026-03-13,44.14
ETL_ORD_008274,CUST_00148,1334.21,COMPLETED,2026-03-06,28.19
ETL_ORD_008275,CUST_01738,7.38,COMPLETED,2026-03-14,10.65
ETL_ORD_008276,CUST_00024,869.69,COMPLETED,2026-03-08,38.28
ETL_ORD_008277,CUST_01476,180.76,COMPLETED,2026-03-15,27.14
ETL_ORD_008278,CUST_01482,469.75,COMPLETED,2026-03-06,17.58
ETL_ORD_008279,CUST_01582,650.96,COMPLETED,2026-03-15,29.57
ETL_ORD_008280,CUST_01337,1223.24,PENDING,2026-03-06,4.58
ETL_ORD_008281,CUST_00411,622.47,COMPLETED,2026-03-09,1.14
ETL_ORD_008282,CUST_00894,731.65,COMPLETED,2026-03-08,32.0
ETL_ORD_008283,CUST_01249,1242.91,COMPLETED,2026-03-16,19.86
ETL_ORD_008284,CUST_01281,1211.64,CANCELLED,2026-03-09,27.49
ETL_ORD_008285,CUST_01118,46.83,COMPLETED,2026-03-21,17.83
ETL_ORD_008286,CUST_01647,420.99,COMPLETED,2026-03-26,21.4
ETL_ORD_008287,CUST_00683,1079.21,COMPLETED,2026-03-19,17.93
ETL_ORD_008288,CUST_00103,203.93,COMPLETED,2026-03-12,26.83
ETL_ORD_008289,CUST_01377,154.32,COMPLETED,2026-03-04,40.37
ETL_ORD_008290,CUST_00074,1170.77,COMPLETED,2026-03-03,37.74
ETL_ORD_008291,CUST_00725,1469.84,COMPLETED,2026-03-01,26.43
ETL_ORD_008292,CUST_01637,-10.0,COMPLETED,2026-03-23,14.46
ETL_ORD_008293,CUST_00592,1063.34,COMPLETED,2026-03-07,13.77
ETL_ORD_008294,CUST_01666,1223.95,COMPLETED,2026-03-20,5.54
ETL_ORD_008295,CUST_00476,1155.82,COMPLETED,2026-03-28,42.41
ETL_ORD_008296,CUST_01214,265.25,COMPLETED,2026-03-05,27.1
ETL_ORD_008297,CUST_00080,511.1,COMPLETED,2026-03-11,45.9
ETL_ORD_008298,CUST_00227,167.57,COMPLETED,2026-03-23,47.36
ETL_ORD_008299,CUST_01014,282.42,COMPLETED,2026-03-25,14.5
ETL_ORD_008300,CUST_01036,1351.14,COMPLETED,2026-03-25,48.73
ETL_ORD_008301,CUST_01336,554.18,COMPLETED,2026-03-23,37.15
ETL_ORD_008302,CUST_01153,37.71,PENDING,2026-03-22,26.27
ETL_ORD_008303,CUST_00181,913.19,COMPLETED,2026-03-25,42.39
ETL_ORD_008304,CUST_01912,577.16,COMPLETED,2026-03-29,5.01
ETL_ORD_008305,CUST_01027,1273.83,COMPLETED,2026-03-07,48.22
ETL_ORD_008306,CUST_00497,1258.17,COMPLETED,2026-03-11,35.34
ETL_ORD_008307,CUST_01051,119.08,COMPLETED,2026-03-29,30.82
ETL_ORD_008308,CUST_01542,1230.29,CANCELLED,2026-03-28,26.96
ETL_ORD_008309,CUST_01145,1280.02,COMPLETED,2026-03-28,34.11
ETL_ORD_008310,CUST_00020,489.91,COMPLETED,2026-03-19,28.52
ETL_ORD_008311,CUST_01221,790.23,COMPLETED,2026-03-01,35.64
ETL_ORD_008312,CUST_01568,1346.56,PENDING,2026-03-15,4.25
ETL_ORD_008313,CUST_00252,558.22,COMPLETED,2026-03-10,17.2
ETL_ORD_008314,CUST_00968,1114.5,COMPLETED,2026-03-22,23.67
ETL_ORD_008315,CUST_01558,545.39,COMPLETED,2026-03-10,27.2
ETL_ORD_008316,CUST_01371,1420.49,COMPLETED,2026-03-23,38.04
ETL_ORD_008317,CUST_00414,178.81,COMPLETED,2026-03-08,10.8
ETL_ORD_008318,CUST_01009,399.82,COMPLETED,2026-03-09,42.08
ETL_ORD_008319,CUST_00421,811.02,COMPLETED,2026-03-26,19.31
ETL_ORD_008320,CUST_01418,90.13,PENDING,2026-03-24,46.05
ETL_ORD_008321,CUST_01570,711.72,COMPLETED,2026-03-23,41.42
ETL_ORD_008322,CUST_00234,692.34,COMPLETED,2026-03-07,18.9
ETL_ORD_008323,CUST_01274,697.54,COMPLETED,2026-03-05,0.39
ETL_ORD_008324,CUST_00894,627.62,PENDING,2026-03-23,37.67
ETL_ORD_008325,CUST_00564,1356.43,COMPLETED,2026-03-20,27.71
ETL_ORD_008326,CUST_00252,-10.0,COMPLETED,2026-03-29,37.59
ETL_ORD_008327,CUST_01241,749.69,COMPLETED,2026-03-18,34.72
ETL_ORD_008328,CUST_01125,1043.63,COMPLETED,2026-03-27,41.57
ETL_ORD_008329,CUST_01054,1333.57,COMPLETED,2026-03-25,18.54
ETL_ORD_008330,CUST_00073,101.97,COMPLETED,2026-03-19,32.63
ETL_ORD_008331,CUST_00336,703.21,COMPLETED,2026-03-06,34.77
ETL_ORD_008332,CUST_00218,1420.21,COMPLETED,2026-03-18,12.71
ETL_ORD_008333,CUST_00477,366.42,COMPLETED,2026-03-05,25.96
ETL_ORD_008334,CUST_00972,228.55,COMPLETED,2026-03-19,9.05
ETL_ORD_008335,CUST_01047,1479.03,COMPLETED,2026-03-14,5.14
ETL_ORD_008336,CUST_01002,1373.46,COMPLETED,2026-03-17,37.33
ETL_ORD_008337,CUST_01794,1498.78,COMPLETED,2026-03-25,10.56
ETL_ORD_008338,CUST_00705,73.87,COMPLETED,2026-03-19,27.38
ETL_ORD_008339,CUST_01028,1239.57,COMPLETED,2026-03-06,5.12
ETL_ORD_008340,CUST_01428,191.12,COMPLETED,2026-03-08,26.45
ETL_ORD_008341,CUST_01214,1343.43,COMPLETED,2026-03-03,23.25
ETL_ORD_008342,CUST_00682,30.17,CANCELLED,2026-03-15,3.76
ETL_ORD_008343,CUST_00839,1389.36,COMPLETED,2026-03-26,34.8
ETL_ORD_008344,CUST_01652,818.63,COMPLETED,2026-03-18,45.22
ETL_ORD_008345,CUST_01807,881.77,COMPLETED,2026-03-26,11.33
ETL_ORD_008346,CUST_01954,1045.73,COMPLETED,2026-03-19,14.35
ETL_ORD_008347,CUST_00439,101.26,COMPLETED,2026-03-16,22.19
ETL_ORD_008348,CUST_01249,251.25,COMPLETED,2026-03-09,13.97
ETL_ORD_008349,CUST_00518,363.41,COMPLETED,2026-03-01,18.55
ETL_ORD_008350,CUST_01626,340.56,COMPLETED,2026-03-17,42.59
ETL_ORD_008351,CUST_01786,898.41,COMPLETED,2026-03-13,49.34
ETL_ORD_008352,CUST_01763,291.37,CANCELLED,2026-03-02,25.12
ETL_ORD_008353,CUST_00718,17.07,COMPLETED,2026-03-12,20.99
ETL_ORD_008354,CUST_01627,717.29,CANCELLED,2026-03-29,48.23
ETL_ORD_008355,CUST_00668,837.92,COMPLETED,2026-03-21,1.25
ETL_ORD_008356,CUST_01398,287.17,INVALID_STATUS,2026-03-12,28.47
ETL_ORD_008357,CUST_00211,227.37,INVALID_STATUS,2026-03-15,44.91
ETL_ORD_008358,CUST_01889,446.09,CANCELLED,2026-03-04,42.72
ETL_ORD_008359,CUST_01516,1282.6,COMPLETED,2026-03-27,47.86
ETL_ORD_008360,CUST_01057,-10.0,COMPLETED,2026-03-08,20.79
ETL_ORD_008361,CUST_00094,400.06,COMPLETED,2026-03-10,26.07
ETL_ORD_008362,CUST_01076,825.38,COMPLETED,2026-03-09,20.96
ETL_ORD_008363,CUST_00726,160.87,COMPLETED,2026-03-23,37.89
ETL_ORD_008364,CUST_00041,930.75,COMPLETED,2026-03-27,31.48
ETL_ORD_008365,CUST_01839,616.63,COMPLETED,2026-03-08,23.55
ETL_ORD_008366,CUST_00661,647.9,PENDING,2026-03-15,10.9
ETL_ORD_008367,CUST_00441,23.72,COMPLETED,2026-03-24,21.07
ETL_ORD_008368,CUST_01532,563.93,COMPLETED,2026-03-23,24.62
ETL_ORD_008369,CUST_01761,710.41,PENDING,2026-03-25,43.97
ETL_ORD_008370,CUST_01540,1472.44,COMPLETED,2026-03-13,45.78
ETL_ORD_008371,CUST_00688,1369.33,PENDING,2026-03-03,24.35
ETL_ORD_008372,CUST_01035,794.97,COMPLETED,2026-03-08,3.62
ETL_ORD_008373,CUST_00275,738.47,COMPLETED,2026-03-07,3.93
ETL_ORD_008374,CUST_01678,406.34,COMPLETED,2026-03-08,10.35
ETL_ORD_008375,CUST_00457,773.46,COMPLETED,2026-03-28,3.2
ETL_ORD_008376,CUST_00332,167.75,COMPLETED,2026-03-18,29.01
ETL_ORD_008377,CUST_01495,279.96,COMPLETED,2026-03-22,39.94
ETL_ORD_008378,CUST_00178,1413.35,PENDING,2026-03-21,29.17
ETL_ORD_008379,CUST_00603,857.11,COMPLETED,2026-03-26,37.16
ETL_ORD_008380,CUST_00827,1107.16,COMPLETED,2026-03-02,48.37
ETL_ORD_008381,CUST_01765,118.43,COMPLETED,2026-03-15,24.81
ETL_ORD_008382,CUST_00858,1391.9,COMPLETED,2026-03-18,21.99
ETL_ORD_008383,CUST_01036,923.22,COMPLETED,2026-03-13,48.05
ETL_ORD_008384,CUST_01931,989.51,PENDING,2026-03-25,15.21
ETL_ORD_008385,CUST_00907,1463.8,CANCELLED,2026-03-24,19.17
ETL_ORD_008386,CUST_01774,1259.16,COMPLETED,2026-03-07,33.28
ETL_ORD_008387,CUST_00779,1355.03,COMPLETED,2026-03-28,43.17
ETL_ORD_008388,CUST_01005,782.58,COMPLETED,2026-03-27,2.34
ETL_ORD_008389,CUST_01726,498.64,COMPLETED,2026-03-13,35.95
ETL_ORD_008390,CUST_01188,1006.99,CANCELLED,2026-03-20,44.45
ETL_ORD_008391,CUST_01379,1139.11,PENDING,2026-03-19,9.21
ETL_ORD_008392,CUST_00182,608.33,COMPLETED,2026-03-27,20.34
ETL_ORD_008393,CUST_00850,785.6,COMPLETED,2026-03-27,21.82
ETL_ORD_008394,CUST_01153,1225.18,CANCELLED,2026-03-05,43.26
ETL_ORD_008395,CUST_00868,213.99,COMPLETED,2026-03-10,22.97
ETL_ORD_008396,CUST_00781,330.77,COMPLETED,2026-03-11,9.45
ETL_ORD_008397,CUST_01451,254.21,COMPLETED,2026-03-23,26.62
ETL_ORD_008398,CUST_01556,858.63,COMPLETED,2026-03-01,30.28
ETL_ORD_008399,CUST_00835,957.93,COMPLETED,2026-03-24,39.89
ETL_ORD_008400,CUST_01530,530.24,COMPLETED,2026-03-19,2.07
ETL_ORD_008401,CUST_01206,253.96,COMPLETED,2026-03-23,15.65
ETL_ORD_008402,CUST_01694,567.82,PENDING,2026-03-14,29.25
ETL_ORD_008403,CUST_00749,33.15,PENDING,2026-03-01,5.28
ETL_ORD_008404,CUST_01346,788.73,COMPLETED,2026-03-02,7.35
ETL_ORD_008405,CUST_00427,728.97,COMPLETED,2026-03-03,48.37
ETL_ORD_008406,CUST_00284,1024.27,CANCELLED,2026-03-28,13.99
ETL_ORD_008407,CUST_00370,482.28,PENDING,2026-03-28,2.06
ETL_ORD_008408,CUST_00358,847.03,COMPLETED,2026-03-21,36.17
ETL_ORD_008409,CUST_00096,234.94,COMPLETED,2026-03-24,30.76
ETL_ORD_008410,CUST_00521,92.0,PENDING,2026-03-23,5.25
ETL_ORD_008411,CUST_01598,125.04,CANCELLED,2026-03-14,6.16
ETL_ORD_008412,CUST_00817,269.41,COMPLETED,2026-03-07,23.13
ETL_ORD_008413,CUST_00473,1037.55,COMPLETED,2026-03-26,19.35
ETL_ORD_008414,CUST_01181,249.37,COMPLETED,2026-03-14,22.22
ETL_ORD_008415,CUST_00580,297.27,COMPLETED,2026-03-28,36.84
ETL_ORD_008416,CUST_01202,767.96,COMPLETED,2026-03-17,15.17
ETL_ORD_008417,CUST_01920,1168.73,COMPLETED,2026-03-13,17.9
ETL_ORD_008418,CUST_00378,386.94,CANCELLED,2026-03-29,9.38
ETL_ORD_008419,CUST_01503,674.08,COMPLETED,2026-03-26,20.34
ETL_ORD_008420,CUST_01179,1378.98,COMPLETED,2026-03-04,39.31
ETL_ORD_008421,CUST_01430,251.12,COMPLETED,2026-03-27,13.53
ETL_ORD_008422,CUST_01937,473.55,COMPLETED,2026-03-02,2.53
ETL_ORD_008423,CUST_00390,1391.48,COMPLETED,2026-03-02,49.82
ETL_ORD_008424,CUST_01031,1321.31,COMPLETED,2026-03-14,12.87
ETL_ORD_008425,CUST_01014,522.71,CANCELLED,2026-03-09,18.41
ETL_ORD_008426,CUST_01821,552.7,COMPLETED,2026-03-06,38.48
ETL_ORD_008427,CUST_01371,1196.8,COMPLETED,2026-03-18,40.58
ETL_ORD_008428,CUST_01631,656.73,COMPLETED,2026-03-13,24.09
ETL_ORD_008429,CUST_00667,988.01,COMPLETED,2026-03-12,35.15
ETL_ORD_008430,CUST_00019,547.52,COMPLETED,2026-03-29,12.55
ETL_ORD_008431,CUST_00842,1249.4,COMPLETED,2026-03-21,44.99
ETL_ORD_008432,CUST_00780,850.87,COMPLETED,2026-03-03,25.74
ETL_ORD_008433,CUST_00796,1375.79,COMPLETED,2026-03-05,30.84
ETL_ORD_008434,CUST_00583,735.61,COMPLETED,2026-03-06,6.82
ETL_ORD_008435,CUST_00387,568.68,INVALID_STATUS,2026-03-16,36.29
ETL_ORD_008436,CUST_00180,1375.72,COMPLETED,2026-03-21,22.71
ETL_ORD_008437,CUST_01864,1234.55,COMPLETED,2026-03-08,14.21
ETL_ORD_008438,CUST_01467,742.01,PENDING,2026-03-27,40.61
ETL_ORD_008439,CUST_01726,1157.41,COMPLETED,2026-03-20,5.48
ETL_ORD_008440,CUST_00413,-10.0,CANCELLED,2026-03-16,3.72
ETL_ORD_008441,CUST_00654,1447.59,INVALID_STATUS,2026-03-05,5.02
ETL_ORD_008442,CUST_00830,101.53,COMPLETED,2026-03-15,0.21
ETL_ORD_008443,CUST_01858,794.67,COMPLETED,2026-03-10,44.74
ETL_ORD_008444,CUST_00379,46.38,COMPLETED,2026-03-12,12.82
ETL_ORD_008445,CUST_01686,708.51,COMPLETED,2026-03-28,21.39
ETL_ORD_008446,CUST_01012,12.41,COMPLETED,2026-03-16,3.85
ETL_ORD_008447,CUST_00295,189.65,COMPLETED,2026-03-20,28.46
ETL_ORD_008448,CUST_00136,368.62,PENDING,2026-03-23,41.04
ETL_ORD_008449,CUST_01387,757.7,COMPLETED,2026-03-11,4.93
ETL_ORD_008450,CUST_01510,1314.38,COMPLETED,2026-03-12,30.29
ETL_ORD_008451,CUST_00568,822.54,PENDING,2026-03-02,26.42
ETL_ORD_008452,CUST_01868,172.31,COMPLETED,2026-03-27,27.51
ETL_ORD_008453,CUST_01280,1480.0,COMPLETED,2026-03-04,13.85
ETL_ORD_008454,CUST_01197,653.79,COMPLETED,2026-03-20,1.11
ETL_ORD_008455,CUST_00339,451.95,COMPLETED,2026-03-18,1.49
ETL_ORD_008456,CUST_00471,358.64,COMPLETED,2026-03-11,15.42
ETL_ORD_008457,CUST_01821,395.43,COMPLETED,2026-03-10,11.89
ETL_ORD_008458,CUST_01920,497.22,COMPLETED,2026-03-06,6.34
ETL_ORD_008459,CUST_01442,1143.38,COMPLETED,2026-03-22,10.49
ETL_ORD_008460,CUST_00032,469.6,COMPLETED,2026-03-01,4.55
ETL_ORD_008461,CUST_00681,1497.15,COMPLETED,2026-03-24,43.77
ETL_ORD_008462,CUST_00155,929.13,PENDING,2026-03-29,37.91
ETL_ORD_008463,CUST_00417,124.46,COMPLETED,2026-03-26,45.79
ETL_ORD_008464,CUST_00188,-10.0,PENDING,2026-03-20,4.4
ETL_ORD_008465,CUST_00187,673.09,COMPLETED,2026-03-23,12.55
ETL_ORD_008466,CUST_00844,1471.48,COMPLETED,2026-03-18,41.05
ETL_ORD_008467,CUST_00184,47.77,COMPLETED,2026-03-29,21.91
ETL_ORD_008468,CUST_00605,475.33,COMPLETED,2026-03-22,21.11
ETL_ORD_008469,CUST_01112,373.77,COMPLETED,2026-03-11,2.35
ETL_ORD_008470,CUST_00479,56.69,PENDING,2026-03-25,2.01
ETL_ORD_008471,CUST_00230,788.83,COMPLETED,2026-03-11,19.79
ETL_ORD_008472,CUST_00343,725.39,COMPLETED,2026-03-29,38.11
ETL_ORD_008473,CUST_01539,486.44,COMPLETED,2026-03-26,16.81
ETL_ORD_008474,CUST_01990,476.84,COMPLETED,2026-03-02,2.01
ETL_ORD_008475,CUST_00501,830.4,CANCELLED,2026-03-22,33.18
ETL_ORD_008476,CUST_01935,1026.49,COMPLETED,2026-03-06,26.54
ETL_ORD_008477,CUST_01313,181.93,COMPLETED,2026-03-16,47.63
ETL_ORD_008478,CUST_00406,511.52,COMPLETED,2026-03-13,20.44
ETL_ORD_008479,CUST_00036,1097.53,CANCELLED,2026-03-05,3.09
ETL_ORD_008480,CUST_00144,43.33,COMPLETED,2026-03-05,36.65
ETL_ORD_008481,CUST_01148,96.37,COMPLETED,2026-03-13,23.33
ETL_ORD_008482,CUST_00192,385.92,CANCELLED,2026-03-01,25.72
ETL_ORD_008483,CUST_01715,254.73,PENDING,2026-03-18,21.4
ETL_ORD_008484,CUST_01122,47.26,COMPLETED,2026-03-20,15.66
ETL_ORD_008485,CUST_01452,511.51,COMPLETED,2026-03-11,8.16
ETL_ORD_008486,CUST_01069,1381.76,COMPLETED,2026-03-20,18.83
ETL_ORD_008487,CUST_01911,318.34,COMPLETED,2026-03-18,2.09
ETL_ORD_008488,CUST_00467,416.78,COMPLETED,2026-03-19,27.6
ETL_ORD_008489,CUST_00154,455.63,COMPLETED,2026-03-07,31.08
ETL_ORD_008490,CUST_01394,122.76,COMPLETED,2026-03-14,26.76
ETL_ORD_008491,CUST_00214,888.68,COMPLETED,2026-03-02,41.9
ETL_ORD_008492,CUST_00714,657.24,COMPLETED,2026-03-27,41.55
ETL_ORD_008493,CUST_01767,90.08,CANCELLED,2026-03-12,19.37
ETL_ORD_008494,CUST_00023,1262.85,COMPLETED,2026-03-11,2.28
ETL_ORD_008495,CUST_01001,631.83,COMPLETED,2026-03-20,7.31
ETL_ORD_008496,CUST_01184,482.99,COMPLETED,2026-03-16,44.36
ETL_ORD_008497,CUST_01982,1079.27,COMPLETED,2026-03-17,31.44
ETL_ORD_008498,CUST_00416,1320.21,COMPLETED,2026-03-04,36.65
ETL_ORD_008499,CUST_00708,800.56,COMPLETED,2026-03-26,32.28
ETL_ORD_008500,CUST_00379,1005.21,COMPLETED,2026-03-27,25.61
ETL_ORD_008501,CUST_01673,386.58,PENDING,2026-03-27,13.03
ETL_ORD_008502,CUST_01159,790.46,COMPLETED,2026-03-21,8.35
ETL_ORD_008503,CUST_01580,1192.32,COMPLETED,2026-03-10,40.67
ETL_ORD_008504,CUST_00936,158.29,COMPLETED,2026-03-23,36.4
ETL_ORD_008505,CUST_01577,454.18,COMPLETED,2026-03-20,14.45
ETL_ORD_008506,CUST_01793,425.69,COMPLETED,2026-03-18,39.18
ETL_ORD_008507,CUST_00027,698.91,COMPLETED,2026-03-03,26.28
ETL_ORD_008508,CUST_01846,534.87,COMPLETED,2026-03-08,10.33
ETL_ORD_008509,CUST_01838,1240.64,COMPLETED,2026-03-21,1.14
ETL_ORD_008510,CUST_01682,1479.1,PENDING,2026-03-28,14.02
ETL_ORD_008511,CUST_00875,731.31,COMPLETED,2026-03-09,7.94
ETL_ORD_008512,CUST_00370,115.97,COMPLETED,2026-03-16,9.44
ETL_ORD_008513,CUST_00730,1186.86,COMPLETED,2026-03-29,15.54
ETL_ORD_008514,CUST_01432,1491.78,COMPLETED,2026-03-01,25.79
ETL_ORD_008515,CUST_01640,822.67,COMPLETED,2026-03-16,5.88
ETL_ORD_008516,CUST_00103,559.74,COMPLETED,2026-03-15,35.26
ETL_ORD_008517,CUST_01158,1456.67,COMPLETED,2026-03-06,6.64
ETL_ORD_008518,CUST_01952,629.32,COMPLETED,2026-03-01,36.48
ETL_ORD_008519,CUST_01253,969.84,COMPLETED,2026-03-01,30.26
ETL_ORD_008520,CUST_01260,974.75,CANCELLED,2026-03-22,21.16
ETL_ORD_008521,CUST_00280,1375.08,PENDING,2026-03-26,16.42
ETL_ORD_008522,CUST_00728,1351.51,COMPLETED,2026-03-06,30.28
ETL_ORD_008523,CUST_01889,424.73,COMPLETED,2026-03-07,12.8
ETL_ORD_008524,CUST_00659,1008.81,COMPLETED,2026-03-26,15.46
ETL_ORD_008525,CUST_00129,204.36,COMPLETED,2026-03-25,25.03
ETL_ORD_008526,CUST_00802,1064.81,COMPLETED,2026-03-10,29.45
ETL_ORD_008527,CUST_01401,1164.24,COMPLETED,2026-03-10,44.52
ETL_ORD_008528,CUST_01373,-10.0,COMPLETED,2026-03-16,20.45
ETL_ORD_008529,CUST_01847,1101.79,COMPLETED,2026-03-16,32.92
ETL_ORD_008530,CUST_01606,938.95,COMPLETED,2026-03-22,45.84
ETL_ORD_008531,CUST_00987,1061.27,COMPLETED,2026-03-17,17.77
ETL_ORD_008532,CUST_00014,123.92,COMPLETED,2026-03-04,38.72
ETL_ORD_008533,CUST_01604,879.7,COMPLETED,2026-03-05,34.46
ETL_ORD_008534,CUST_01612,471.69,COMPLETED,2026-03-25,7.68
ETL_ORD_008535,CUST_01615,153.21,COMPLETED,2026-03-05,43.98
ETL_ORD_008536,CUST_00176,65.29,COMPLETED,2026-03-28,24.72
ETL_ORD_008537,CUST_00986,1061.8,COMPLETED,2026-03-26,19.46
ETL_ORD_008538,CUST_00386,187.69,COMPLETED,2026-03-11,39.33
ETL_ORD_008539,CUST_01006,303.04,PENDING,2026-03-04,16.08
ETL_ORD_008540,CUST_01249,1482.71,COMPLETED,2026-03-12,30.05
ETL_ORD_008541,CUST_01495,474.26,COMPLETED,2026-03-29,16.23
ETL_ORD_008542,CUST_01329,734.21,COMPLETED,2026-03-21,30.04
ETL_ORD_008543,CUST_00016,530.32,COMPLETED,2026-03-17,8.03
ETL_ORD_008544,CUST_01581,519.08,COMPLETED,2026-03-21,30.69
ETL_ORD_008545,CUST_01085,903.89,COMPLETED,2026-03-07,8.19
ETL_ORD_008546,CUST_01153,500.96,COMPLETED,2026-03-26,25.52
ETL_ORD_008547,CUST_01957,74.61,COMPLETED,2026-03-28,24.66
ETL_ORD_008548,CUST_00418,239.93,COMPLETED,2026-03-15,41.6
ETL_ORD_008549,CUST_01626,548.12,COMPLETED,2026-03-11,22.37
ETL_ORD_008550,CUST_00335,-10.0,COMPLETED,2026-03-21,10.53
ETL_ORD_008551,CUST_00718,1258.87,COMPLETED,2026-03-08,29.11
ETL_ORD_008552,CUST_00038,29.69,COMPLETED,2026-03-26,1.67
ETL_ORD_008553,CUST_01244,-10.0,COMPLETED,2026-03-29,48.08
ETL_ORD_008554,CUST_01341,556.04,COMPLETED,2026-03-17,15.54
ETL_ORD_008555,CUST_01397,217.69,COMPLETED,2026-03-17,38.27
ETL_ORD_008556,CUST_01018,82.5,COMPLETED,2026-03-19,7.79
ETL_ORD_008557,CUST_01382,1371.21,COMPLETED,2026-03-02,3.71
ETL_ORD_008558,CUST_01240,1331.99,PENDING,2026-03-09,6.95
ETL_ORD_008559,CUST_01109,1066.39,COMPLETED,2026-03-24,47.77
ETL_ORD_008560,CUST_00713,812.47,COMPLETED,2026-03-20,42.04
ETL_ORD_008561,CUST_01585,249.67,COMPLETED,2026-03-24,37.33
ETL_ORD_008562,CUST_01822,952.33,COMPLETED,2026-03-23,20.05
ETL_ORD_008563,CUST_01794,1457.21,COMPLETED,2026-03-15,28.36
ETL_ORD_008564,CUST_00064,1404.0,COMPLETED,2026-03-24,48.91
ETL_ORD_008565,CUST_01148,205.95,COMPLETED,2026-03-09,18.98
ETL_ORD_008566,CUST_01674,302.25,COMPLETED,2026-03-17,0.84
ETL_ORD_008567,CUST_00757,1182.18,CANCELLED,2026-03-04,32.44
ETL_ORD_008568,CUST_00146,1292.75,COMPLETED,2026-03-18,47.43
ETL_ORD_008569,CUST_01803,846.32,COMPLETED,2026-03-25,18.9
ETL_ORD_008570,CUST_01987,879.32,COMPLETED,2026-03-29,26.27
ETL_ORD_008571,CUST_01887,98.79,PENDING,2026-03-07,36.96
ETL_ORD_008572,CUST_01001,1318.77,COMPLETED,2026-03-29,38.13
ETL_ORD_008573,CUST_01916,1057.75,COMPLETED,2026-03-25,36.65
ETL_ORD_008574,CUST_01239,1494.52,COMPLETED,2026-03-22,9.07
ETL_ORD_008575,CUST_00936,1230.01,COMPLETED,2026-03-04,8.71
ETL_ORD_008576,CUST_01343,581.74,COMPLETED,2026-03-24,20.56
ETL_ORD_008577,CUST_01104,1138.42,COMPLETED,2026-03-07,42.46
ETL_ORD_008578,CUST_00139,509.19,COMPLETED,2026-03-19,34.52
ETL_ORD_008579,CUST_01316,1041.05,COMPLETED,2026-03-19,27.09
ETL_ORD_008580,CUST_01058,76.1,COMPLETED,2026-03-27,41.22
ETL_ORD_008581,CUST_00410,1258.13,COMPLETED,2026-03-25,6.8
ETL_ORD_008582,CUST_01434,1456.71,COMPLETED,2026-03-02,28.2
ETL_ORD_008583,CUST_00944,375.78,COMPLETED,2026-03-20,13.1
ETL_ORD_008584,CUST_01388,1158.55,COMPLETED,2026-03-20,39.19
ETL_ORD_008585,CUST_01268,72.7,CANCELLED,2026-03-03,44.2
ETL_ORD_008586,CUST_01868,62.95,COMPLETED,2026-03-23,1.41
ETL_ORD_008587,CUST_01360,1004.49,COMPLETED,2026-03-23,17.75
ETL_ORD_008588,CUST_00513,750.86,COMPLETED,2026-03-29,45.27
ETL_ORD_008589,CUST_00943,1387.88,COMPLETED,2026-03-29,20.62
ETL_ORD_008590,CUST_00687,1457.01,COMPLETED,2026-03-18,31.83
ETL_ORD_008591,CUST_00003,568.68,PENDING,2026-03-18,26.35
ETL_ORD_008592,CUST_01075,695.26,CANCELLED,2026-03-14,26.0
ETL_ORD_008593,CUST_00500,426.5,CANCELLED,2026-03-25,17.47
ETL_ORD_008594,CUST_01899,1243.66,PENDING,2026-03-14,34.2
ETL_ORD_008595,CUST_01419,1395.07,COMPLETED,2026-03-29,34.2
ETL_ORD_008596,CUST_01850,750.11,PENDING,2026-03-02,8.72
ETL_ORD_008597,CUST_00206,1477.98,COMPLETED,2026-03-05,36.22
ETL_ORD_008598,CUST_01507,375.41,PENDING,2026-03-13,10.88
ETL_ORD_008599,CUST_01894,1437.05,COMPLETED,2026-03-01,48.19
ETL_ORD_008600,CUST_01148,206.52,COMPLETED,2026-03-29,48.4
ETL_ORD_008601,CUST_01821,495.79,PENDING,2026-03-25,3.7
ETL_ORD_008602,CUST_01817,962.78,COMPLETED,2026-03-22,32.88
ETL_ORD_008603,CUST_01606,880.48,COMPLETED,2026-03-03,34.46
ETL_ORD_008604,CUST_01793,810.1,PENDING,2026-03-07,33.8
ETL_ORD_008605,CUST_01689,350.5,CANCELLED,2026-03-12,19.95
ETL_ORD_008606,CUST_01973,978.38,COMPLETED,2026-03-20,44.02
ETL_ORD_008607,CUST_00686,353.82,COMPLETED,2026-03-26,17.8
ETL_ORD_008608,CUST_01853,1095.15,COMPLETED,2026-03-19,33.07
ETL_ORD_008609,CUST_00784,985.57,COMPLETED,2026-03-04,46.15
ETL_ORD_008610,CUST_00879,889.25,COMPLETED,2026-03-12,2.68
ETL_ORD_008611,CUST_01859,839.26,COMPLETED,2026-03-16,18.62
ETL_ORD_008612,CUST_01077,449.01,COMPLETED,2026-03-22,47.84
ETL_ORD_008613,CUST_01675,7.79,COMPLETED,2026-03-25,1.36
ETL_ORD_008614,CUST_01446,791.72,COMPLETED,2026-03-27,16.1
ETL_ORD_008615,CUST_00595,913.77,COMPLETED,2026-03-15,13.41
ETL_ORD_008616,CUST_01843,191.5,COMPLETED,2026-03-08,24.14
ETL_ORD_008617,CUST_00045,-10.0,COMPLETED,2026-03-28,39.95
ETL_ORD_008618,CUST_00256,217.7,COMPLETED,2026-03-10,30.65
ETL_ORD_008619,CUST_00748,518.56,COMPLETED,2026-03-02,28.71
ETL_ORD_008620,CUST_01919,1193.04,COMPLETED,2026-03-27,7.82
ETL_ORD_008621,CUST_01843,1117.56,PENDING,2026-03-21,23.48
ETL_ORD_008622,CUST_01341,1009.64,COMPLETED,2026-03-12,49.79
ETL_ORD_008623,CUST_01701,317.15,CANCELLED,2026-03-12,9.56
ETL_ORD_008624,CUST_00893,134.66,COMPLETED,2026-03-03,0.12
ETL_ORD_008625,CUST_00175,835.12,COMPLETED,2026-03-17,29.9
ETL_ORD_008626,CUST_01456,211.28,CANCELLED,2026-03-27,11.57
ETL_ORD_008627,CUST_00731,335.66,PENDING,2026-03-11,44.57
ETL_ORD_008628,CUST_01566,1292.28,COMPLETED,2026-03-05,10.9
ETL_ORD_008629,CUST_00086,1064.99,COMPLETED,2026-03-24,28.51
ETL_ORD_008630,CUST_01306,536.07,COMPLETED,2026-03-03,33.43
ETL_ORD_008631,CUST_00613,316.95,COMPLETED,2026-03-02,23.91
ETL_ORD_008632,CUST_00067,1129.89,COMPLETED,2026-03-11,49.46
ETL_ORD_008633,CUST_01385,569.78,COMPLETED,2026-03-11,18.84
ETL_ORD_008634,CUST_01225,1190.36,COMPLETED,2026-03-21,43.98
ETL_ORD_008635,CUST_01981,1147.49,PENDING,2026-03-18,40.28
ETL_ORD_008636,CUST_01836,1109.76,COMPLETED,2026-03-28,32.47
ETL_ORD_008637,CUST_00149,969.16,COMPLETED,2026-03-12,25.32
ETL_ORD_008638,CUST_01900,1202.73,COMPLETED,2026-03-09,3.38
ETL_ORD_008639,CUST_01354,650.83,COMPLETED,2026-03-29,48.92
ETL_ORD_008640,CUST_01616,1337.34,COMPLETED,2026-03-13,20.78
ETL_ORD_008641,CUST_01954,912.45,COMPLETED,2026-03-07,22.58
ETL_ORD_008642,CUST_01239,1124.34,COMPLETED,2026-03-19,38.07
ETL_ORD_008643,CUST_01962,51.89,COMPLETED,2026-03-24,42.2
ETL_ORD_008644,CUST_01824,406.67,COMPLETED,2026-03-03,22.62
ETL_ORD_008645,CUST_00666,7.78,COMPLETED,2026-03-05,47.18
ETL_ORD_008646,CUST_01385,1256.35,COMPLETED,2026-03-18,33.39
ETL_ORD_008647,CUST_01773,530.48,COMPLETED,2026-03-18,7.52
ETL_ORD_008648,CUST_01215,742.46,COMPLETED,2026-03-23,30.26
ETL_ORD_008649,CUST_01942,173.62,COMPLETED,2026-03-15,15.47
ETL_ORD_008650,CUST_00432,381.72,COMPLETED,2026-03-02,5.7
ETL_ORD_008651,CUST_00210,996.57,COMPLETED,2026-03-28,24.13
ETL_ORD_008652,CUST_01613,469.85,PENDING,2026-03-13,2.63
ETL_ORD_008653,CUST_00598,1070.7,COMPLETED,2026-03-25,4.88
ETL_ORD_008654,CUST_01375,897.62,COMPLETED,2026-03-11,37.15
ETL_ORD_008655,CUST_00623,252.81,COMPLETED,2026-03-21,42.41
ETL_ORD_008656,CUST_00793,524.56,COMPLETED,2026-03-18,11.84
ETL_ORD_008657,CUST_01866,970.11,COMPLETED,2026-03-08,37.49
ETL_ORD_008658,CUST_00581,545.55,COMPLETED,2026-03-27,23.57
ETL_ORD_008659,CUST_00672,791.07,COMPLETED,2026-03-20,33.5
ETL_ORD_008660,CUST_01881,812.57,COMPLETED,2026-03-15,21.28
ETL_ORD_008661,CUST_01278,912.72,COMPLETED,2026-03-19,36.67
ETL_ORD_008662,CUST_00889,372.97,COMPLETED,2026-03-25,12.28
ETL_ORD_008663,CUST_01108,1333.22,PENDING,2026-03-17,35.76
ETL_ORD_008664,CUST_00835,1111.48,COMPLETED,2026-03-08,39.56
ETL_ORD_008665,CUST_01626,1303.76,CANCELLED,2026-03-13,19.74
ETL_ORD_008666,CUST_01472,1412.01,COMPLETED,2026-03-25,22.32
ETL_ORD_008667,CUST_01093,369.73,COMPLETED,2026-03-20,46.31
ETL_ORD_008668,CUST_01319,1326.27,CANCELLED,2026-03-25,2.54
ETL_ORD_008669,CUST_00876,663.9,COMPLETED,2026-03-27,22.79
ETL_ORD_008670,CUST_00141,225.99,COMPLETED,2026-03-03,1.4
ETL_ORD_008671,CUST_01186,242.55,COMPLETED,2026-03-08,23.99
ETL_ORD_008672,CUST_01368,135.83,COMPLETED,2026-03-13,19.65
ETL_ORD_008673,CUST_01909,1419.61,COMPLETED,2026-03-15,10.81
ETL_ORD_008674,CUST_00492,1179.69,COMPLETED,2026-03-12,16.2
ETL_ORD_008675,CUST_00782,109.85,COMPLETED,2026-03-03,24.86
ETL_ORD_008676,CUST_00342,-10.0,COMPLETED,2026-03-09,11.36
ETL_ORD_008677,CUST_00782,519.42,COMPLETED,2026-03-19,5.51
ETL_ORD_008678,CUST_01282,886.98,COMPLETED,2026-03-15,42.63
ETL_ORD_008679,CUST_01532,880.99,COMPLETED,2026-03-29,10.32
ETL_ORD_008680,CUST_00961,688.52,CANCELLED,2026-03-22,4.1
ETL_ORD_008681,CUST_01093,1123.23,COMPLETED,2026-03-07,27.84
ETL_ORD_008682,CUST_00416,1320.79,COMPLETED,2026-03-13,0.17
ETL_ORD_008683,CUST_01570,778.23,COMPLETED,2026-03-10,23.73
ETL_ORD_008684,CUST_00928,642.29,COMPLETED,2026-03-08,18.82
ETL_ORD_008685,CUST_01366,698.81,PENDING,2026-03-13,26.41
ETL_ORD_008686,CUST_00447,530.05,COMPLETED,2026-03-25,8.99
ETL_ORD_008687,CUST_00381,1119.53,COMPLETED,2026-03-15,45.11
ETL_ORD_008688,CUST_00552,756.9,COMPLETED,2026-03-21,37.8
ETL_ORD_008689,CUST_00339,545.21,PENDING,2026-03-16,13.96
ETL_ORD_008690,CUST_01167,1226.76,COMPLETED,2026-03-17,4.48
ETL_ORD_008691,CUST_01176,80.81,COMPLETED,2026-03-03,26.46
ETL_ORD_008692,CUST_00970,152.23,COMPLETED,2026-03-15,9.3
ETL_ORD_008693,CUST_00307,185.13,PENDING,2026-03-04,35.83
ETL_ORD_008694,CUST_00763,756.74,COMPLETED,2026-03-06,38.6
ETL_ORD_008695,CUST_01470,988.61,COMPLETED,2026-03-29,9.19
ETL_ORD_008696,CUST_01975,863.65,COMPLETED,2026-03-02,43.96
ETL_ORD_008697,CUST_01735,823.26,COMPLETED,2026-03-09,18.51
ETL_ORD_008698,CUST_01232,1251.95,CANCELLED,2026-03-01,32.83
ETL_ORD_008699,CUST_01235,1421.96,COMPLETED,2026-03-12,20.87
ETL_ORD_008700,CUST_00024,429.38,COMPLETED,2026-03-04,27.73
ETL_ORD_008701,CUST_01021,1039.74,COMPLETED,2026-03-25,4.76
ETL_ORD_008702,CUST_00519,1106.04,COMPLETED,2026-03-19,0.61
ETL_ORD_008703,CUST_01211,140.34,COMPLETED,2026-03-07,5.71
ETL_ORD_008704,CUST_00563,259.46,CANCELLED,2026-03-29,34.07
ETL_ORD_008705,CUST_00541,484.56,PENDING,2026-03-13,9.54
ETL_ORD_008706,CUST_01437,1250.34,COMPLETED,2026-03-12,31.54
ETL_ORD_008707,CUST_00454,836.35,COMPLETED,2026-03-18,10.88
ETL_ORD_008708,CUST_00951,863.57,COMPLETED,2026-03-03,26.65
ETL_ORD_008709,CUST_01078,1365.44,COMPLETED,2026-03-11,24.84
ETL_ORD_008710,CUST_01951,451.08,COMPLETED,2026-03-16,38.46
ETL_ORD_008711,CUST_01560,1214.19,PENDING,2026-03-18,30.72
ETL_ORD_008712,CUST_00297,1445.5,COMPLETED,2026-03-03,13.18
ETL_ORD_008713,CUST_01081,429.83,CANCELLED,2026-03-01,37.88
ETL_ORD_008714,CUST_01019,1232.72,COMPLETED,2026-03-10,17.5
ETL_ORD_008715,CUST_00302,255.93,COMPLETED,2026-03-07,1.94
ETL_ORD_008716,CUST_01806,209.65,COMPLETED,2026-03-27,4.69
ETL_ORD_008717,CUST_01948,1123.8,COMPLETED,2026-03-11,9.15
ETL_ORD_008718,CUST_01497,573.32,COMPLETED,2026-03-21,2.47
ETL_ORD_008719,CUST_00592,474.79,COMPLETED,2026-03-26,31.05
ETL_ORD_008720,CUST_01444,249.28,PENDING,2026-03-18,0.72
ETL_ORD_008721,CUST_00070,1384.55,COMPLETED,2026-03-29,8.82
ETL_ORD_008722,CUST_00633,604.83,COMPLETED,2026-03-18,6.35
ETL_ORD_008723,CUST_01600,1244.2,COMPLETED,2026-03-24,49.89
ETL_ORD_008724,CUST_00749,49.99,COMPLETED,2026-03-16,31.48
ETL_ORD_008725,CUST_00017,444.08,COMPLETED,2026-03-25,2.99
ETL_ORD_008726,CUST_01525,1422.43,COMPLETED,2026-03-24,7.89
ETL_ORD_008727,CUST_00837,839.66,COMPLETED,2026-03-29,32.4
ETL_ORD_008728,CUST_01175,844.17,COMPLETED,2026-03-03,13.09
ETL_ORD_008729,CUST_00282,266.23,COMPLETED,2026-03-24,8.1
ETL_ORD_008730,CUST_00551,157.24,PENDING,2026-03-11,30.27
ETL_ORD_008731,CUST_01375,1062.84,PENDING,2026-03-06,46.77
ETL_ORD_008732,CUST_00831,651.71,COMPLETED,2026-03-04,3.95
ETL_ORD_008733,CUST_00539,246.8,COMPLETED,2026-03-01,45.91
ETL_ORD_008734,CUST_01892,35.25,COMPLETED,2026-03-02,46.35
ETL_ORD_008735,CUST_00076,1466.39,COMPLETED,2026-03-25,38.63
ETL_ORD_008736,CUST_01459,1060.02,COMPLETED,2026-03-24,48.19
ETL_ORD_008737,CUST_00772,530.8,COMPLETED,2026-03-26,5.12
ETL_ORD_008738,CUST_01944,1316.3,COMPLETED,2026-03-09,25.65
ETL_ORD_008739,CUST_01472,1357.18,COMPLETED,2026-03-19,41.3
ETL_ORD_008740,CUST_01119,774.37,PENDING,2026-03-24,6.57
ETL_ORD_008741,CUST_01192,499.2,COMPLETED,2026-03-08,34.54
ETL_ORD_008742,CUST_01553,86.08,COMPLETED,2026-03-19,19.7
ETL_ORD_008743,CUST_01647,96.36,PENDING,2026-03-26,49.26
ETL_ORD_008744,CUST_00543,503.47,COMPLETED,2026-03-12,0.85
ETL_ORD_008745,CUST_00467,207.5,COMPLETED,2026-03-27,19.45
ETL_ORD_008746,CUST_00124,1258.11,CANCELLED,2026-03-20,14.49
ETL_ORD_008747,CUST_01516,189.29,COMPLETED,2026-03-07,33.9
ETL_ORD_008748,CUST_01903,210.66,CANCELLED,2026-03-13,35.41
ETL_ORD_008749,CUST_00849,119.37,COMPLETED,2026-03-25,45.84
ETL_ORD_008750,CUST_01758,508.8,COMPLETED,2026-03-02,7.83
ETL_ORD_008751,CUST_01327,60.9,COMPLETED,2026-03-24,5.23
ETL_ORD_008752,CUST_00180,547.76,COMPLETED,2026-03-29,7.19
ETL_ORD_008753,CUST_01629,92.65,PENDING,2026-03-09,27.96
ETL_ORD_008754,CUST_01861,581.84,COMPLETED,2026-03-23,39.91
ETL_ORD_008755,CUST_00439,810.69,COMPLETED,2026-03-02,33.95
ETL_ORD_008756,CUST_01061,852.67,COMPLETED,2026-03-26,33.29
ETL_ORD_008757,CUST_01794,1052.25,COMPLETED,2026-03-10,3.95
ETL_ORD_008758,CUST_01034,1233.17,COMPLETED,2026-03-02,3.29
ETL_ORD_008759,CUST_00443,-10.0,COMPLETED,2026-03-16,1.59
ETL_ORD_008760,CUST_01595,1289.02,COMPLETED,2026-03-21,27.46
ETL_ORD_008761,CUST_01242,759.17,COMPLETED,2026-03-09,0.41
ETL_ORD_008762,CUST_01283,270.99,COMPLETED,2026-03-02,41.88
ETL_ORD_008763,CUST_00062,1235.37,COMPLETED,2026-03-13,15.78
ETL_ORD_008764,CUST_01836,902.91,COMPLETED,2026-03-05,25.28
ETL_ORD_008765,CUST_01216,189.77,COMPLETED,2026-03-27,29.06
ETL_ORD_008766,CUST_01662,1388.76,COMPLETED,2026-03-04,29.14
ETL_ORD_008767,CUST_01748,1167.78,INVALID_STATUS,2026-03-10,33.66
ETL_ORD_008768,CUST_01146,1497.33,COMPLETED,2026-03-15,20.97
ETL_ORD_008769,CUST_00626,374.38,PENDING,2026-03-28,4.77
ETL_ORD_008770,CUST_01643,1394.16,COMPLETED,2026-03-02,27.77
ETL_ORD_008771,CUST_01472,79.14,COMPLETED,2026-03-14,10.19
ETL_ORD_008772,CUST_00471,71.46,PENDING,2026-03-06,49.69
ETL_ORD_008773,CUST_01000,565.46,COMPLETED,2026-03-02,47.89
ETL_ORD_008774,CUST_00609,949.3,CANCELLED,2026-03-13,31.0
ETL_ORD_008775,CUST_01362,794.95,COMPLETED,2026-03-29,5.69
ETL_ORD_008776,CUST_01008,811.98,COMPLETED,2026-03-08,4.17
ETL_ORD_008777,CUST_00887,-10.0,COMPLETED,2026-03-22,30.08
ETL_ORD_008778,CUST_01341,948.36,COMPLETED,2026-03-29,0.76
ETL_ORD_008779,CUST_00635,525.84,COMPLETED,2026-03-25,0.53
ETL_ORD_008780,CUST_01892,1348.9,PENDING,2026-03-12,27.37
ETL_ORD_008781,CUST_00976,423.01,COMPLETED,2026-03-16,19.94
ETL_ORD_008782,CUST_00827,267.71,CANCELLED,2026-03-27,18.6
ETL_ORD_008783,CUST_01115,274.08,COMPLETED,2026-03-11,29.02
ETL_ORD_008784,CUST_00628,1381.66,COMPLETED,2026-03-06,41.47
ETL_ORD_008785,CUST_00617,1073.53,COMPLETED,2026-03-24,11.36
ETL_ORD_008786,CUST_01646,480.8,COMPLETED,2026-03-21,37.72
ETL_ORD_008787,CUST_00082,282.51,COMPLETED,2026-03-20,22.93
ETL_ORD_008788,CUST_01860,1117.65,CANCELLED,2026-03-22,9.79
ETL_ORD_008789,CUST_01062,101.92,COMPLETED,2026-03-22,2.85
ETL_ORD_008790,CUST_00971,1062.45,COMPLETED,2026-03-19,1.89
ETL_ORD_008791,CUST_00285,1310.75,COMPLETED,2026-03-28,20.67
ETL_ORD_008792,CUST_01087,835.49,COMPLETED,2026-03-04,5.85
ETL_ORD_008793,CUST_01608,725.68,COMPLETED,2026-03-04,2.36
ETL_ORD_008794,CUST_02000,1088.38,COMPLETED,2026-03-10,29.0
ETL_ORD_008795,CUST_00750,1050.34,COMPLETED,2026-03-02,40.69
ETL_ORD_008796,CUST_01633,1138.94,COMPLETED,2026-03-13,23.08
ETL_ORD_008797,CUST_01233,119.95,COMPLETED,2026-03-24,37.09
ETL_ORD_008798,CUST_00546,517.73,COMPLETED,2026-03-06,16.49
ETL_ORD_008799,CUST_01187,467.31,COMPLETED,2026-03-17,48.42
ETL_ORD_008800,CUST_01710,697.87,COMPLETED,2026-03-01,27.56
ETL_ORD_008801,CUST_00829,1203.57,COMPLETED,2026-03-17,34.66
ETL_ORD_008802,CUST_00907,1416.99,COMPLETED,2026-03-23,35.85
ETL_ORD_008803,CUST_00078,869.6,PENDING,2026-03-09,35.1
ETL_ORD_008804,CUST_00446,725.51,CANCELLED,2026-03-16,18.16
ETL_ORD_008805,CUST_01818,699.35,COMPLETED,2026-03-05,5.94
ETL_ORD_008806,CUST_00181,528.59,COMPLETED,2026-03-29,29.79
ETL_ORD_008807,CUST_01940,964.18,CANCELLED,2026-03-25,47.95
ETL_ORD_008808,CUST_00515,838.35,COMPLETED,2026-03-18,19.8
ETL_ORD_008809,CUST_01717,1071.97,PENDING,2026-03-16,1.64
ETL_ORD_008810,CUST_01430,218.14,CANCELLED,2026-03-09,21.51
ETL_ORD_008811,CUST_00717,805.38,COMPLETED,2026-03-12,41.84
ETL_ORD_008812,CUST_01771,735.33,COMPLETED,2026-03-25,23.91
ETL_ORD_008813,CUST_01859,111.74,PENDING,2026-03-03,16.11
ETL_ORD_008814,CUST_00220,615.71,COMPLETED,2026-03-21,9.94
ETL_ORD_008815,CUST_01961,1201.38,COMPLETED,2026-03-15,29.44
ETL_ORD_008816,CUST_01369,777.42,COMPLETED,2026-03-20,18.44
ETL_ORD_008817,CUST_00077,765.14,COMPLETED,2026-03-09,8.4
ETL_ORD_008818,CUST_00835,647.84,COMPLETED,2026-03-22,48.91
ETL_ORD_008819,CUST_00458,405.01,COMPLETED,2026-03-08,31.26
ETL_ORD_008820,CUST_00977,829.43,PENDING,2026-03-15,31.83
ETL_ORD_008821,CUST_00377,391.73,CANCELLED,2026-03-20,6.94
ETL_ORD_008822,CUST_01243,679.39,COMPLETED,2026-03-27,5.83
ETL_ORD_008823,CUST_01395,442.63,COMPLETED,2026-03-26,9.77
ETL_ORD_008824,CUST_01178,260.75,COMPLETED,2026-03-17,29.29
ETL_ORD_008825,CUST_00777,280.27,COMPLETED,2026-03-02,45.31
ETL_ORD_008826,CUST_00518,930.51,COMPLETED,2026-03-22,37.78
ETL_ORD_008827,CUST_01330,672.21,PENDING,2026-03-17,48.43
ETL_ORD_008828,CUST_00598,870.99,CANCELLED,2026-03-09,37.15
ETL_ORD_008829,CUST_01766,153.95,PENDING,2026-03-04,44.93
ETL_ORD_008830,CUST_00249,611.43,COMPLETED,2026-03-16,15.6
ETL_ORD_008831,CUST_00721,26.73,COMPLETED,2026-03-06,12.45
ETL_ORD_008832,CUST_01947,974.7,CANCELLED,2026-03-26,0.75
ETL_ORD_008833,CUST_00110,763.74,COMPLETED,2026-03-29,20.33
ETL_ORD_008834,CUST_00589,714.51,COMPLETED,2026-03-23,40.84
ETL_ORD_008835,CUST_01592,113.54,COMPLETED,2026-03-03,37.4
ETL_ORD_008836,CUST_00008,549.52,COMPLETED,2026-03-26,38.42
ETL_ORD_008837,CUST_00056,468.45,PENDING,2026-03-08,43.35
ETL_ORD_008838,CUST_00742,1191.56,CANCELLED,2026-03-25,13.02
ETL_ORD_008839,CUST_01283,-10.0,COMPLETED,2026-03-13,49.7
ETL_ORD_008840,CUST_00331,331.58,COMPLETED,2026-03-07,14.47
ETL_ORD_008841,CUST_00253,627.59,COMPLETED,2026-03-16,2.29
ETL_ORD_008842,CUST_01290,200.89,COMPLETED,2026-03-25,44.45
ETL_ORD_008843,CUST_00407,1076.81,COMPLETED,2026-03-11,37.66
ETL_ORD_008844,CUST_01835,513.7,COMPLETED,2026-03-26,2.42
ETL_ORD_008845,CUST_01105,783.47,CANCELLED,2026-03-04,10.11
ETL_ORD_008846,CUST_00284,306.19,COMPLETED,2026-03-25,45.02
ETL_ORD_008847,CUST_01500,80.08,COMPLETED,2026-03-23,10.8
ETL_ORD_008848,CUST_00743,612.22,COMPLETED,2026-03-07,42.37
ETL_ORD_008849,CUST_01442,1451.11,COMPLETED,2026-03-10,23.68
ETL_ORD_008850,CUST_00082,1004.31,COMPLETED,2026-03-26,16.97
ETL_ORD_008851,CUST_01507,1001.91,COMPLETED,2026-03-28,5.79
ETL_ORD_008852,CUST_00628,980.3,PENDING,2026-03-06,28.25
ETL_ORD_008853,CUST_00303,10.93,COMPLETED,2026-03-01,20.02
ETL_ORD_008854,CUST_00398,842.34,COMPLETED,2026-03-22,13.04
ETL_ORD_008855,CUST_01286,733.5,COMPLETED,2026-03-08,48.43
ETL_ORD_008856,CUST_01152,993.06,CANCELLED,2026-03-23,30.55
ETL_ORD_008857,CUST_00249,855.67,COMPLETED,2026-03-19,10.82
ETL_ORD_008858,CUST_01740,1459.24,COMPLETED,2026-03-24,44.92
ETL_ORD_008859,CUST_00072,526.38,COMPLETED,2026-03-14,42.71
ETL_ORD_008860,CUST_00755,343.35,COMPLETED,2026-03-26,19.45
ETL_ORD_008861,CUST_01916,902.48,COMPLETED,2026-03-03,2.8
ETL_ORD_008862,CUST_01511,1496.52,COMPLETED,2026-03-07,22.43
ETL_ORD_008863,CUST_00754,731.14,PENDING,2026-03-13,0.26
ETL_ORD_008864,CUST_00609,1139.76,COMPLETED,2026-03-14,3.04
ETL_ORD_008865,CUST_00104,664.16,CANCELLED,2026-03-18,35.48
ETL_ORD_008866,CUST_00555,1401.44,COMPLETED,2026-03-27,19.84
ETL_ORD_008867,CUST_00777,713.06,COMPLETED,2026-03-03,26.75
ETL_ORD_008868,CUST_01043,326.12,COMPLETED,2026-03-24,4.57
ETL_ORD_008869,CUST_01642,38.28,COMPLETED,2026-03-18,8.87
ETL_ORD_008870,CUST_01704,728.83,PENDING,2026-03-05,32.17
ETL_ORD_008871,CUST_01974,231.72,COMPLETED,2026-03-18,8.73
ETL_ORD_008872,CUST_00041,45.99,COMPLETED,2026-03-20,24.52
ETL_ORD_008873,CUST_01957,1402.19,COMPLETED,2026-03-04,23.82
ETL_ORD_008874,CUST_01627,40.71,COMPLETED,2026-03-03,38.58
ETL_ORD_008875,CUST_01316,190.84,COMPLETED,2026-03-25,12.88
ETL_ORD_008876,CUST_00363,27.26,COMPLETED,2026-03-05,4.83
ETL_ORD_008877,CUST_01796,270.19,COMPLETED,2026-03-16,47.14
ETL_ORD_008878,CUST_01370,808.47,COMPLETED,2026-03-01,22.05
ETL_ORD_008879,CUST_01404,645.36,COMPLETED,2026-03-01,4.64
ETL_ORD_008880,CUST_00760,1213.36,COMPLETED,2026-03-25,7.15
ETL_ORD_008881,CUST_01327,139.9,INVALID_STATUS,2026-03-25,28.63
ETL_ORD_008882,CUST_01306,661.04,COMPLETED,2026-03-08,35.31
ETL_ORD_008883,CUST_00267,930.36,COMPLETED,2026-03-27,43.73
ETL_ORD_008884,CUST_00516,336.46,COMPLETED,2026-03-25,31.26
ETL_ORD_008885,CUST_00308,1154.77,COMPLETED,2026-03-18,22.16
ETL_ORD_008886,CUST_00953,1186.68,COMPLETED,2026-03-29,49.78
ETL_ORD_008887,CUST_01589,510.09,CANCELLED,2026-03-16,10.54
ETL_ORD_008888,CUST_00697,918.02,COMPLETED,2026-03-05,27.73
ETL_ORD_008889,CUST_01135,498.63,COMPLETED,2026-03-24,15.01
ETL_ORD_008890,CUST_00046,452.91,COMPLETED,2026-03-03,45.34
ETL_ORD_008891,CUST_00227,911.6,COMPLETED,2026-03-01,31.27
ETL_ORD_008892,CUST_00771,771.53,COMPLETED,2026-03-04,18.13
ETL_ORD_008893,CUST_01254,1140.66,COMPLETED,2026-03-19,17.26
ETL_ORD_008894,CUST_00582,1362.46,COMPLETED,2026-03-29,37.63
ETL_ORD_008895,CUST_00003,1353.05,COMPLETED,2026-03-26,48.37
ETL_ORD_008896,CUST_01313,1065.36,COMPLETED,2026-03-20,5.48
ETL_ORD_008897,CUST_01662,528.42,COMPLETED,2026-03-12,23.48
ETL_ORD_008898,CUST_01820,161.72,COMPLETED,2026-03-28,12.31
ETL_ORD_008899,CUST_00839,1157.45,PENDING,2026-03-02,33.33
ETL_ORD_008900,CUST_00877,755.84,PENDING,2026-03-15,15.86
ETL_ORD_008901,CUST_01751,1077.64,COMPLETED,2026-03-10,26.35
ETL_ORD_008902,CUST_00383,1154.96,COMPLETED,2026-03-13,4.46
ETL_ORD_008903,CUST_01777,509.71,COMPLETED,2026-03-01,19.19
ETL_ORD_008904,CUST_01506,726.75,COMPLETED,2026-03-23,40.32
ETL_ORD_008905,CUST_01305,763.85,CANCELLED,2026-03-16,46.62
ETL_ORD_008906,CUST_01180,587.98,COMPLETED,2026-03-14,14.4
ETL_ORD_008907,CUST_01761,362.93,COMPLETED,2026-03-11,31.88
ETL_ORD_008908,CUST_00571,329.52,COMPLETED,2026-03-24,23.33
ETL_ORD_008909,CUST_01157,788.15,COMPLETED,2026-03-08,31.52
ETL_ORD_008910,CUST_01623,791.91,COMPLETED,2026-03-09,9.68
ETL_ORD_008911,CUST_01902,1304.6,COMPLETED,2026-03-25,34.16
ETL_ORD_008912,CUST_01361,1237.0,PENDING,2026-03-21,6.56
ETL_ORD_008913,CUST_00493,747.13,CANCELLED,2026-03-02,18.27
ETL_ORD_008914,CUST_01194,1077.24,COMPLETED,2026-03-29,46.47
ETL_ORD_008915,CUST_00818,1076.83,PENDING,2026-03-29,15.49
ETL_ORD_008916,CUST_01072,407.14,COMPLETED,2026-03-25,14.88
ETL_ORD_008917,CUST_01966,644.9,COMPLETED,2026-03-17,8.16
ETL_ORD_008918,CUST_01438,918.5,COMPLETED,2026-03-13,0.97
ETL_ORD_008919,CUST_01559,1269.56,CANCELLED,2026-03-11,49.52
ETL_ORD_008920,CUST_00990,-10.0,COMPLETED,2026-03-18,1.4
ETL_ORD_008921,CUST_01932,102.2,CANCELLED,2026-03-22,17.75
ETL_ORD_008922,CUST_00581,11.47,COMPLETED,2026-03-17,41.69
ETL_ORD_008923,CUST_01016,375.98,COMPLETED,2026-03-24,13.24
ETL_ORD_008924,CUST_01845,167.94,COMPLETED,2026-03-18,31.6
ETL_ORD_008925,CUST_00925,1094.21,COMPLETED,2026-03-23,48.67
ETL_ORD_008926,CUST_00638,498.35,COMPLETED,2026-03-12,33.05
ETL_ORD_008927,CUST_01584,1139.5,COMPLETED,2026-03-11,18.76
ETL_ORD_008928,CUST_02000,88.68,CANCELLED,2026-03-01,38.03
ETL_ORD_008929,CUST_00324,1145.6,COMPLETED,2026-03-07,26.62
ETL_ORD_008930,CUST_00380,1227.31,COMPLETED,2026-03-24,32.09
ETL_ORD_008931,CUST_00143,1133.56,PENDING,2026-03-20,13.24
ETL_ORD_008932,CUST_01401,989.39,COMPLETED,2026-03-27,29.27
ETL_ORD_008933,CUST_00989,811.9,CANCELLED,2026-03-27,6.59
ETL_ORD_008934,CUST_00792,1258.81,COMPLETED,2026-03-06,11.13
ETL_ORD_008935,CUST_00925,226.55,PENDING,2026-03-24,9.89
ETL_ORD_008936,CUST_00231,360.17,COMPLETED,2026-03-10,5.76
ETL_ORD_008937,CUST_01621,1196.91,PENDING,2026-03-10,16.2
ETL_ORD_008938,CUST_01328,1254.15,COMPLETED,2026-03-19,27.57
ETL_ORD_008939,CUST_00406,449.52,COMPLETED,2026-03-20,3.66
ETL_ORD_008940,CUST_01002,1041.58,COMPLETED,2026-03-25,3.38
ETL_ORD_008941,CUST_01433,1008.21,COMPLETED,2026-03-01,33.3
ETL_ORD_008942,CUST_01773,1166.75,PENDING,2026-03-03,11.25
ETL_ORD_008943,CUST_00336,1030.36,COMPLETED,2026-03-07,4.5
ETL_ORD_008944,CUST_01165,1177.58,COMPLETED,2026-03-20,32.38
ETL_ORD_008945,CUST_01105,459.94,COMPLETED,2026-03-08,7.11
ETL_ORD_008946,CUST_01836,1244.36,COMPLETED,2026-03-11,49.89
ETL_ORD_008947,CUST_01242,1268.54,COMPLETED,2026-03-28,20.35
ETL_ORD_008948,CUST_01460,691.12,COMPLETED,2026-03-27,49.89
ETL_ORD_008949,CUST_01448,639.82,COMPLETED,2026-03-21,13.26
ETL_ORD_008950,CUST_00046,866.38,COMPLETED,2026-03-15,21.33
ETL_ORD_008951,CUST_00250,1245.35,COMPLETED,2026-03-26,14.15
ETL_ORD_008952,CUST_00191,848.49,COMPLETED,2026-03-05,8.75
ETL_ORD_008953,CUST_01230,709.28,COMPLETED,2026-03-04,26.61
ETL_ORD_008954,CUST_00475,1061.96,COMPLETED,2026-03-11,30.16
ETL_ORD_008955,CUST_00864,1018.03,COMPLETED,2026-03-20,8.44
ETL_ORD_008956,CUST_00011,1249.55,COMPLETED,2026-03-01,48.2
ETL_ORD_008957,CUST_00142,424.91,PENDING,2026-03-16,16.31
ETL_ORD_008958,CUST_01759,1487.93,CANCELLED,2026-03-24,17.81
ETL_ORD_008959,CUST_01213,430.95,PENDING,2026-03-20,41.02
ETL_ORD_008960,CUST_00725,-10.0,COMPLETED,2026-03-02,39.92
ETL_ORD_008961,CUST_01495,1117.54,PENDING,2026-03-15,49.65
ETL_ORD_008962,CUST_00943,179.99,COMPLETED,2026-03-20,16.78
ETL_ORD_008963,CUST_01319,1249.2,COMPLETED,2026-03-16,24.42
ETL_ORD_008964,CUST_00844,317.58,COMPLETED,2026-03-12,6.44
ETL_ORD_008965,CUST_00852,1405.23,COMPLETED,2026-03-20,45.12
ETL_ORD_008966,CUST_01368,1399.87,PENDING,2026-03-02,10.68
ETL_ORD_008967,CUST_01510,217.07,COMPLETED,2026-03-03,25.02
ETL_ORD_008968,CUST_01710,125.01,COMPLETED,2026-03-15,49.07
ETL_ORD_008969,CUST_00711,1347.53,COMPLETED,2026-03-01,21.63
ETL_ORD_008970,CUST_01478,682.94,COMPLETED,2026-03-05,32.18
ETL_ORD_008971,CUST_01619,504.56,COMPLETED,2026-03-04,24.62
ETL_ORD_008972,CUST_00575,271.46,PENDING,2026-03-18,17.43
ETL_ORD_008973,CUST_00850,285.63,COMPLETED,2026-03-17,41.52
ETL_ORD_008974,CUST_00227,1124.05,COMPLETED,2026-03-17,47.31
ETL_ORD_008975,CUST_01668,960.99,PENDING,2026-03-22,0.69
ETL_ORD_008976,CUST_01463,1247.33,COMPLETED,2026-03-26,47.46
ETL_ORD_008977,CUST_01381,503.15,COMPLETED,2026-03-26,22.33
ETL_ORD_008978,CUST_01135,1239.02,COMPLETED,2026-03-28,4.65
ETL_ORD_008979,CUST_00955,829.38,PENDING,2026-03-20,25.41
ETL_ORD_008980,CUST_01358,855.87,COMPLETED,2026-03-07,2.78
ETL_ORD_008981,CUST_00743,90.96,CANCELLED,2026-03-21,29.52
ETL_ORD_008982,CUST_01372,787.74,COMPLETED,2026-03-25,31.33
ETL_ORD_008983,CUST_00888,419.96,COMPLETED,2026-03-21,17.99
ETL_ORD_008984,CUST_01681,446.78,INVALID_STATUS,2026-03-16,25.83
ETL_ORD_008985,CUST_00959,843.7,COMPLETED,2026-03-12,46.95
ETL_ORD_008986,CUST_01148,1370.99,CANCELLED,2026-03-06,1.02
ETL_ORD_008987,CUST_00457,1298.17,COMPLETED,2026-03-21,31.59
ETL_ORD_008988,CUST_00095,852.56,COMPLETED,2026-03-20,49.12
ETL_ORD_008989,CUST_01533,1053.19,COMPLETED,2026-03-11,27.83
ETL_ORD_008990,CUST_00573,287.77,COMPLETED,2026-03-11,8.36
ETL_ORD_008991,CUST_01222,1496.54,COMPLETED,2026-03-07,29.74
ETL_ORD_008992,CUST_01916,1441.73,COMPLETED,2026-03-11,43.02
ETL_ORD_008993,CUST_01031,269.37,COMPLETED,2026-03-14,6.89
ETL_ORD_008994,CUST_00237,355.17,COMPLETED,2026-03-25,24.62
ETL_ORD_008995,CUST_00865,388.25,COMPLETED,2026-03-27,10.06
ETL_ORD_008996,CUST_01921,1034.05,INVALID_STATUS,2026-03-25,2.86
ETL_ORD_008997,CUST_01265,1273.97,COMPLETED,2026-03-10,46.55
ETL_ORD_008998,CUST_01220,130.6,COMPLETED,2026-03-05,27.99
ETL_ORD_008999,CUST_00659,366.86,COMPLETED,2026-03-18,44.38
ETL_ORD_009000,CUST_00220,533.02,CANCELLED,2026-03-16,46.09
ETL_ORD_009001,CUST_01087,728.12,COMPLETED,2026-03-17,22.47
ETL_ORD_009002,CUST_01479,215.73,COMPLETED,2026-03-23,10.09
ETL_ORD_009003,CUST_01725,527.9,COMPLETED,2026-03-14,33.29
ETL_ORD_009004,CUST_01130,1441.34,COMPLETED,2026-03-26,28.1
ETL_ORD_009005,CUST_01244,918.86,PENDING,2026-03-15,48.39
ETL_ORD_009006,CUST_00973,1498.84,COMPLETED,2026-03-24,29.93
ETL_ORD_009007,CUST_01604,1499.89,CANCELLED,2026-03-14,20.47
ETL_ORD_009008,CUST_00330,1244.87,PENDING,2026-03-15,21.38
ETL_ORD_009009,CUST_01266,549.31,COMPLETED,2026-03-20,36.53
ETL_ORD_009010,CUST_00230,228.82,COMPLETED,2026-03-25,3.6
ETL_ORD_009011,CUST_01396,156.3,COMPLETED,2026-03-28,24.14
ETL_ORD_009012,CUST_00233,77.17,COMPLETED,2026-03-01,2.24
ETL_ORD_009013,CUST_01826,-10.0,PENDING,2026-03-02,15.93
ETL_ORD_009014,CUST_00079,1005.39,COMPLETED,2026-03-05,39.99
ETL_ORD_009015,CUST_01026,1123.95,COMPLETED,2026-03-10,39.29
ETL_ORD_009016,CUST_00214,1448.66,COMPLETED,2026-03-07,7.17
ETL_ORD_009017,CUST_01369,888.92,COMPLETED,2026-03-24,6.77
ETL_ORD_009018,CUST_00484,948.89,COMPLETED,2026-03-25,8.76
ETL_ORD_009019,CUST_01925,94.36,CANCELLED,2026-03-18,20.09
ETL_ORD_009020,CUST_00719,222.69,CANCELLED,2026-03-10,24.33
ETL_ORD_009021,CUST_01410,583.87,INVALID_STATUS,2026-03-22,49.2
ETL_ORD_009022,CUST_01721,1227.5,COMPLETED,2026-03-10,47.62
ETL_ORD_009023,CUST_00300,83.24,COMPLETED,2026-03-13,36.3
ETL_ORD_009024,CUST_00332,1468.35,COMPLETED,2026-03-18,12.52
ETL_ORD_009025,CUST_01226,1429.22,COMPLETED,2026-03-09,14.64
ETL_ORD_009026,CUST_01767,1244.07,COMPLETED,2026-03-01,42.07
ETL_ORD_009027,CUST_00332,788.81,COMPLETED,2026-03-02,20.59
ETL_ORD_009028,CUST_01564,515.71,COMPLETED,2026-03-17,9.32
ETL_ORD_009029,CUST_01873,906.4,COMPLETED,2026-03-03,37.47
ETL_ORD_009030,CUST_01165,184.96,COMPLETED,2026-03-19,37.51
ETL_ORD_009031,CUST_00987,1080.7,COMPLETED,2026-03-07,27.59
ETL_ORD_009032,CUST_01842,1401.73,COMPLETED,2026-03-22,32.03
ETL_ORD_009033,CUST_01033,932.99,COMPLETED,2026-03-02,29.15
ETL_ORD_009034,CUST_01161,703.86,COMPLETED,2026-03-25,35.36
ETL_ORD_009035,CUST_01983,1375.66,COMPLETED,2026-03-18,33.33
ETL_ORD_009036,CUST_01304,1303.65,COMPLETED,2026-03-15,37.4
ETL_ORD_009037,CUST_01147,1247.97,INVALID_STATUS,2026-03-03,24.26
ETL_ORD_009038,CUST_00515,302.4,PENDING,2026-03-20,10.34
ETL_ORD_009039,CUST_01353,1131.5,CANCELLED,2026-03-23,40.0
ETL_ORD_009040,CUST_01203,166.89,COMPLETED,2026-03-14,42.19
ETL_ORD_009041,CUST_01769,193.98,COMPLETED,2026-03-25,38.25
ETL_ORD_009042,CUST_00963,1225.57,COMPLETED,2026-03-01,25.91
ETL_ORD_009043,CUST_00911,812.34,COMPLETED,2026-03-13,34.84
ETL_ORD_009044,CUST_00594,716.05,CANCELLED,2026-03-29,29.46
ETL_ORD_009045,CUST_01989,26.73,CANCELLED,2026-03-09,21.59
ETL_ORD_009046,CUST_00194,859.75,COMPLETED,2026-03-18,32.21
ETL_ORD_009047,CUST_01016,1098.62,COMPLETED,2026-03-21,1.04
ETL_ORD_009048,CUST_01485,551.64,CANCELLED,2026-03-18,28.91
ETL_ORD_009049,CUST_00474,1229.62,COMPLETED,2026-03-01,6.07
ETL_ORD_009050,CUST_00127,619.52,COMPLETED,2026-03-11,2.29
ETL_ORD_009051,CUST_01609,1053.87,COMPLETED,2026-03-05,34.48
ETL_ORD_009052,CUST_01556,264.02,COMPLETED,2026-03-29,43.16
ETL_ORD_009053,CUST_00515,133.42,COMPLETED,2026-03-01,13.52
ETL_ORD_009054,CUST_00473,946.06,COMPLETED,2026-03-05,1.77
ETL_ORD_009055,CUST_01067,193.95,COMPLETED,2026-03-21,33.18
ETL_ORD_009056,CUST_01281,1236.36,COMPLETED,2026-03-15,6.4
ETL_ORD_009057,CUST_01017,5.24,COMPLETED,2026-03-29,30.76
ETL_ORD_009058,CUST_01483,1419.92,COMPLETED,2026-03-16,48.2
ETL_ORD_009059,CUST_00817,1001.43,COMPLETED,2026-03-27,11.05
ETL_ORD_009060,CUST_01216,1370.84,COMPLETED,2026-03-08,32.47
ETL_ORD_009061,CUST_01457,987.4,CANCELLED,2026-03-08,43.99
ETL_ORD_009062,CUST_00283,823.42,COMPLETED,2026-03-03,34.5
ETL_ORD_009063,CUST_01730,1044.81,COMPLETED,2026-03-08,18.82
ETL_ORD_009064,CUST_00881,1228.69,COMPLETED,2026-03-03,39.4
ETL_ORD_009065,CUST_00136,460.16,COMPLETED,2026-03-21,13.75
ETL_ORD_009066,CUST_01306,763.29,PENDING,2026-03-23,22.86
ETL_ORD_009067,CUST_01184,975.11,COMPLETED,2026-03-01,27.58
ETL_ORD_009068,CUST_01844,281.32,COMPLETED,2026-03-07,28.08
ETL_ORD_009069,CUST_01227,456.21,COMPLETED,2026-03-22,37.98
ETL_ORD_009070,CUST_01336,93.41,COMPLETED,2026-03-16,28.42
ETL_ORD_009071,CUST_01015,1328.67,COMPLETED,2026-03-15,11.1
ETL_ORD_009072,CUST_01890,476.54,COMPLETED,2026-03-27,13.04
ETL_ORD_009073,CUST_01679,205.41,COMPLETED,2026-03-15,1.62
ETL_ORD_009074,CUST_00330,549.46,COMPLETED,2026-03-07,37.03
ETL_ORD_009075,CUST_00233,152.06,COMPLETED,2026-03-09,35.49
ETL_ORD_009076,CUST_01752,467.89,COMPLETED,2026-03-13,49.84
ETL_ORD_009077,CUST_00386,1036.02,CANCELLED,2026-03-06,29.38
ETL_ORD_009078,CUST_01007,255.13,COMPLETED,2026-03-11,36.31
ETL_ORD_009079,CUST_00536,622.03,COMPLETED,2026-03-29,16.09
ETL_ORD_009080,CUST_00510,1274.64,COMPLETED,2026-03-06,13.63
ETL_ORD_009081,CUST_00780,156.26,COMPLETED,2026-03-03,22.16
ETL_ORD_009082,CUST_01241,262.22,COMPLETED,2026-03-28,6.08
ETL_ORD_009083,CUST_01105,1478.13,INVALID_STATUS,2026-03-25,12.34
ETL_ORD_009084,CUST_00895,684.71,COMPLETED,2026-03-09,34.49
ETL_ORD_009085,CUST_00079,924.58,COMPLETED,2026-03-28,16.7
ETL_ORD_009086,CUST_01837,1100.07,CANCELLED,2026-03-03,48.6
ETL_ORD_009087,CUST_01072,963.07,COMPLETED,2026-03-17,10.61
ETL_ORD_009088,CUST_01619,80.25,COMPLETED,2026-03-07,29.67
ETL_ORD_009089,CUST_01246,15.01,COMPLETED,2026-03-15,14.06
ETL_ORD_009090,CUST_01765,1208.78,COMPLETED,2026-03-22,34.75
ETL_ORD_009091,CUST_01717,14.56,PENDING,2026-03-26,47.11
ETL_ORD_009092,CUST_00671,801.97,COMPLETED,2026-03-11,5.7
ETL_ORD_009093,CUST_01574,270.84,COMPLETED,2026-03-23,4.32
ETL_ORD_009094,CUST_00400,509.89,COMPLETED,2026-03-11,17.37
ETL_ORD_009095,CUST_01871,513.92,COMPLETED,2026-03-14,37.63
ETL_ORD_009096,CUST_00147,765.08,COMPLETED,2026-03-15,14.94
ETL_ORD_009097,CUST_01607,1177.01,COMPLETED,2026-03-27,42.85
ETL_ORD_009098,CUST_00030,505.07,COMPLETED,2026-03-22,37.41
ETL_ORD_009099,CUST_01334,1428.35,COMPLETED,2026-03-12,42.39
ETL_ORD_009100,CUST_01290,930.1,COMPLETED,2026-03-23,47.22
ETL_ORD_009101,CUST_01904,328.65,COMPLETED,2026-03-14,17.34
ETL_ORD_009102,CUST_00137,1058.36,COMPLETED,2026-03-22,34.81
ETL_ORD_009103,CUST_00050,1029.08,COMPLETED,2026-03-06,16.81
ETL_ORD_009104,CUST_01996,1012.64,COMPLETED,2026-03-19,8.61
ETL_ORD_009105,CUST_00619,564.27,COMPLETED,2026-03-26,41.48
ETL_ORD_009106,CUST_00060,108.96,COMPLETED,2026-03-22,22.05
ETL_ORD_009107,CUST_01471,1201.95,COMPLETED,2026-03-18,23.43
ETL_ORD_009108,CUST_00655,547.05,COMPLETED,2026-03-16,46.33
ETL_ORD_009109,CUST_01564,1017.06,COMPLETED,2026-03-06,44.55
ETL_ORD_009110,CUST_01858,1485.23,CANCELLED,2026-03-25,15.96
ETL_ORD_009111,CUST_00937,463.71,COMPLETED,2026-03-23,3.12
ETL_ORD_009112,CUST_00540,175.69,COMPLETED,2026-03-01,33.01
ETL_ORD_009113,CUST_00282,578.65,COMPLETED,2026-03-15,16.68
ETL_ORD_009114,CUST_00792,1495.91,PENDING,2026-03-28,48.24
ETL_ORD_009115,CUST_01422,489.68,PENDING,2026-03-17,24.21
ETL_ORD_009116,CUST_01832,797.77,COMPLETED,2026-03-27,4.05
ETL_ORD_009117,CUST_00423,890.9,COMPLETED,2026-03-26,36.2
ETL_ORD_009118,CUST_00130,594.48,COMPLETED,2026-03-28,32.06
ETL_ORD_009119,CUST_00045,983.55,COMPLETED,2026-03-16,36.78
ETL_ORD_009120,CUST_01106,1297.12,PENDING,2026-03-08,48.14
ETL_ORD_009121,CUST_00712,1457.69,COMPLETED,2026-03-06,39.9
ETL_ORD_009122,CUST_00827,615.9,COMPLETED,2026-03-11,24.39
ETL_ORD_009123,CUST_01169,316.53,COMPLETED,2026-03-07,24.87
ETL_ORD_009124,CUST_01115,267.36,COMPLETED,2026-03-03,12.99
ETL_ORD_009125,CUST_00447,332.83,COMPLETED,2026-03-26,50.0
ETL_ORD_009126,CUST_01477,1233.22,COMPLETED,2026-03-06,20.39
ETL_ORD_009127,CUST_00082,1004.12,COMPLETED,2026-03-28,28.77
ETL_ORD_009128,CUST_01205,40.96,COMPLETED,2026-03-27,38.16
ETL_ORD_009129,CUST_01818,244.1,COMPLETED,2026-03-09,11.11
ETL_ORD_009130,CUST_01679,505.71,COMPLETED,2026-03-12,29.09
ETL_ORD_009131,CUST_01545,745.25,COMPLETED,2026-03-25,14.46
ETL_ORD_009132,CUST_01358,612.47,COMPLETED,2026-03-05,45.63
ETL_ORD_009133,CUST_01282,599.11,COMPLETED,2026-03-15,27.83
ETL_ORD_009134,CUST_01641,1396.57,COMPLETED,2026-03-18,16.87
ETL_ORD_009135,CUST_01961,887.15,COMPLETED,2026-03-12,45.8
ETL_ORD_009136,CUST_01997,1293.0,COMPLETED,2026-03-04,20.61
ETL_ORD_009137,CUST_01292,927.11,COMPLETED,2026-03-11,32.6
ETL_ORD_009138,CUST_00438,7.07,PENDING,2026-03-18,1.36
ETL_ORD_009139,CUST_00017,1455.51,COMPLETED,2026-03-23,12.27
ETL_ORD_009140,CUST_01571,506.95,COMPLETED,2026-03-22,8.98
ETL_ORD_009141,CUST_01143,663.99,COMPLETED,2026-03-21,21.03
ETL_ORD_009142,CUST_00176,249.19,COMPLETED,2026-03-03,43.15
ETL_ORD_009143,CUST_01682,1207.38,COMPLETED,2026-03-03,45.24
ETL_ORD_009144,CUST_01610,1004.48,COMPLETED,2026-03-13,24.96
ETL_ORD_009145,CUST_01461,53.49,COMPLETED,2026-03-08,39.24
ETL_ORD_009146,CUST_00303,13.71,COMPLETED,2026-03-14,2.21
ETL_ORD_009147,CUST_01285,79.7,COMPLETED,2026-03-13,9.86
ETL_ORD_009148,CUST_00406,579.09,COMPLETED,2026-03-11,38.67
ETL_ORD_009149,CUST_01327,303.7,COMPLETED,2026-03-18,20.23
ETL_ORD_009150,CUST_01483,1243.6,PENDING,2026-03-29,46.92
ETL_ORD_009151,CUST_01246,177.74,COMPLETED,2026-03-28,9.28
ETL_ORD_009152,CUST_00879,1271.55,PENDING,2026-03-03,43.56
ETL_ORD_009153,CUST_01803,759.22,COMPLETED,2026-03-09,36.28
ETL_ORD_009154,CUST_01061,955.25,COMPLETED,2026-03-11,34.35
ETL_ORD_009155,CUST_00782,84.75,COMPLETED,2026-03-08,45.3
ETL_ORD_009156,CUST_00895,962.63,COMPLETED,2026-03-26,29.57
ETL_ORD_009157,CUST_01479,745.92,COMPLETED,2026-03-14,48.04
ETL_ORD_009158,CUST_00740,530.32,CANCELLED,2026-03-21,3.41
ETL_ORD_009159,CUST_01516,635.55,COMPLETED,2026-03-17,12.86
ETL_ORD_009160,CUST_01333,1407.7,PENDING,2026-03-08,11.78
ETL_ORD_009161,CUST_01185,601.13,COMPLETED,2026-03-13,10.06
ETL_ORD_009162,CUST_00837,544.92,COMPLETED,2026-03-03,18.36
ETL_ORD_009163,CUST_01683,401.91,COMPLETED,2026-03-22,2.52
ETL_ORD_009164,CUST_01186,482.68,COMPLETED,2026-03-26,41.5
ETL_ORD_009165,CUST_01814,556.5,COMPLETED,2026-03-27,7.02
ETL_ORD_009166,CUST_01484,1419.6,COMPLETED,2026-03-12,33.54
ETL_ORD_009167,CUST_00060,1261.72,COMPLETED,2026-03-22,24.55
ETL_ORD_009168,CUST_00931,333.74,COMPLETED,2026-03-20,7.69
ETL_ORD_009169,CUST_00325,570.15,CANCELLED,2026-03-27,35.89
ETL_ORD_009170,CUST_00173,986.77,CANCELLED,2026-03-24,13.08
ETL_ORD_009171,CUST_00328,378.14,COMPLETED,2026-03-22,30.05
ETL_ORD_009172,CUST_00639,312.96,COMPLETED,2026-03-15,0.95
ETL_ORD_009173,CUST_01623,727.68,COMPLETED,2026-03-04,36.43
ETL_ORD_009174,CUST_00788,418.81,COMPLETED,2026-03-09,11.66
ETL_ORD_009175,CUST_01010,740.17,CANCELLED,2026-03-21,30.08
ETL_ORD_009176,CUST_01218,1190.58,COMPLETED,2026-03-28,38.21
ETL_ORD_009177,CUST_00920,161.71,COMPLETED,2026-03-01,25.32
ETL_ORD_009178,CUST_01165,-10.0,COMPLETED,2026-03-11,6.39
ETL_ORD_009179,CUST_01811,545.75,COMPLETED,2026-03-25,25.28
ETL_ORD_009180,CUST_00591,1354.72,COMPLETED,2026-03-18,37.25
ETL_ORD_009181,CUST_00501,487.1,INVALID_STATUS,2026-03-10,9.92
ETL_ORD_009182,CUST_01400,137.68,COMPLETED,2026-03-08,23.98
ETL_ORD_009183,CUST_00290,1157.24,COMPLETED,2026-03-22,25.39
ETL_ORD_009184,CUST_00586,1160.71,PENDING,2026-03-27,31.62
ETL_ORD_009185,CUST_01680,1171.73,COMPLETED,2026-03-05,2.38
ETL_ORD_009186,CUST_01732,1073.95,COMPLETED,2026-03-03,47.24
ETL_ORD_009187,CUST_00119,603.21,COMPLETED,2026-03-14,17.25
ETL_ORD_009188,CUST_01865,1434.74,COMPLETED,2026-03-03,14.29
ETL_ORD_009189,CUST_01079,958.0,COMPLETED,2026-03-24,10.8
ETL_ORD_009190,CUST_01139,1309.29,PENDING,2026-03-18,2.43
ETL_ORD_009191,CUST_00610,1309.02,COMPLETED,2026-03-18,43.62
ETL_ORD_009192,CUST_00902,628.72,COMPLETED,2026-03-15,27.62
ETL_ORD_009193,CUST_00489,697.55,PENDING,2026-03-27,26.97
ETL_ORD_009194,CUST_00972,1424.52,COMPLETED,2026-03-24,42.4
ETL_ORD_009195,CUST_01225,1146.48,COMPLETED,2026-03-17,46.16
ETL_ORD_009196,CUST_01456,683.06,COMPLETED,2026-03-02,14.21
ETL_ORD_009197,CUST_01100,875.7,COMPLETED,2026-03-14,15.08
ETL_ORD_009198,CUST_00696,1129.19,COMPLETED,2026-03-08,8.74
ETL_ORD_009199,CUST_00782,212.64,COMPLETED,2026-03-11,31.35
ETL_ORD_009200,CUST_00091,373.69,COMPLETED,2026-03-25,19.57
ETL_ORD_009201,CUST_01765,970.21,COMPLETED,2026-03-18,5.89
ETL_ORD_009202,CUST_00214,1480.54,COMPLETED,2026-03-12,3.12
ETL_ORD_009203,CUST_00540,387.14,COMPLETED,2026-03-29,19.12
ETL_ORD_009204,CUST_01202,1379.65,COMPLETED,2026-03-05,31.94
ETL_ORD_009205,CUST_00037,650.69,COMPLETED,2026-03-24,45.57
ETL_ORD_009206,CUST_01422,451.47,COMPLETED,2026-03-02,24.61
ETL_ORD_009207,CUST_01243,1240.74,COMPLETED,2026-03-11,9.61
ETL_ORD_009208,CUST_00305,92.03,COMPLETED,2026-03-18,3.17
ETL_ORD_009209,CUST_00640,105.23,COMPLETED,2026-03-20,2.56
ETL_ORD_009210,CUST_01603,1453.03,COMPLETED,2026-03-24,9.92
ETL_ORD_009211,CUST_01501,1310.48,COMPLETED,2026-03-20,19.57
ETL_ORD_009212,CUST_01843,702.85,COMPLETED,2026-03-14,0.83
ETL_ORD_009213,CUST_01943,439.52,COMPLETED,2026-03-24,45.47
ETL_ORD_009214,CUST_01149,52.85,COMPLETED,2026-03-01,0.71
ETL_ORD_009215,CUST_00852,609.85,COMPLETED,2026-03-29,0.15
ETL_ORD_009216,CUST_01421,493.79,COMPLETED,2026-03-17,44.0
ETL_ORD_009217,CUST_01967,186.29,COMPLETED,2026-03-26,26.83
ETL_ORD_009218,CUST_01817,1197.84,COMPLETED,2026-03-02,17.17
ETL_ORD_009219,CUST_01309,1088.02,COMPLETED,2026-03-10,12.92
ETL_ORD_009220,CUST_01084,742.87,COMPLETED,2026-03-23,15.94
ETL_ORD_009221,CUST_01418,1345.48,COMPLETED,2026-03-04,27.9
ETL_ORD_009222,CUST_01677,-10.0,COMPLETED,2026-03-13,48.56
ETL_ORD_009223,CUST_01590,311.04,COMPLETED,2026-03-04,43.43
ETL_ORD_009224,CUST_00551,438.04,COMPLETED,2026-03-18,47.44
ETL_ORD_009225,CUST_01014,364.17,COMPLETED,2026-03-26,28.23
ETL_ORD_009226,CUST_01060,712.16,COMPLETED,2026-03-03,0.44
ETL_ORD_009227,CUST_00370,833.32,COMPLETED,2026-03-25,6.08
ETL_ORD_009228,CUST_00982,557.63,CANCELLED,2026-03-19,37.15
ETL_ORD_009229,CUST_00818,274.3,COMPLETED,2026-03-13,7.89
ETL_ORD_009230,CUST_00989,1376.55,COMPLETED,2026-03-29,27.85
ETL_ORD_009231,CUST_00347,28.46,COMPLETED,2026-03-14,42.82
ETL_ORD_009232,CUST_00170,255.43,CANCELLED,2026-03-25,20.12
ETL_ORD_009233,CUST_00314,573.81,COMPLETED,2026-03-02,44.17
ETL_ORD_009234,CUST_01877,649.02,INVALID_STATUS,2026-03-22,21.1
ETL_ORD_009235,CUST_00752,774.34,COMPLETED,2026-03-18,29.92
ETL_ORD_009236,CUST_01162,321.28,COMPLETED,2026-03-07,0.53
ETL_ORD_009237,CUST_01952,267.91,COMPLETED,2026-03-13,31.65
ETL_ORD_009238,CUST_00975,135.49,COMPLETED,2026-03-26,47.69
ETL_ORD_009239,CUST_00350,525.25,COMPLETED,2026-03-05,48.83
ETL_ORD_009240,CUST_01527,79.05,COMPLETED,2026-03-22,23.2
ETL_ORD_009241,CUST_01775,722.58,CANCELLED,2026-03-12,3.24
ETL_ORD_009242,CUST_00694,840.39,PENDING,2026-03-27,12.04
ETL_ORD_009243,CUST_01506,650.46,COMPLETED,2026-03-05,37.76
ETL_ORD_009244,CUST_01513,1065.84,COMPLETED,2026-03-15,35.37
ETL_ORD_009245,CUST_00830,1277.4,CANCELLED,2026-03-25,48.36
ETL_ORD_009246,CUST_00255,1411.34,PENDING,2026-03-26,39.25
ETL_ORD_009247,CUST_00640,235.02,COMPLETED,2026-03-07,43.83
ETL_ORD_009248,CUST_00798,1435.87,COMPLETED,2026-03-28,30.11
ETL_ORD_009249,CUST_00882,1128.86,COMPLETED,2026-03-29,34.45
ETL_ORD_009250,CUST_00437,678.03,COMPLETED,2026-03-13,5.89
ETL_ORD_009251,CUST_00968,735.45,COMPLETED,2026-03-12,22.39
ETL_ORD_009252,CUST_01577,1462.84,COMPLETED,2026-03-20,17.42
ETL_ORD_009253,CUST_01048,1339.56,COMPLETED,2026-03-14,22.86
ETL_ORD_009254,CUST_01617,-10.0,CANCELLED,2026-03-10,8.07
ETL_ORD_009255,CUST_00158,969.47,COMPLETED,2026-03-14,2.52
ETL_ORD_009256,CUST_01530,1038.52,COMPLETED,2026-03-28,39.19
ETL_ORD_009257,CUST_00564,296.1,CANCELLED,2026-03-12,28.99
ETL_ORD_009258,CUST_00033,9.83,COMPLETED,2026-03-06,45.19
ETL_ORD_009259,CUST_00459,108.4,COMPLETED,2026-03-24,1.17
ETL_ORD_009260,CUST_00439,390.91,COMPLETED,2026-03-18,1.71
ETL_ORD_009261,CUST_00624,805.8,COMPLETED,2026-03-09,13.07
ETL_ORD_009262,CUST_01588,1123.73,COMPLETED,2026-03-26,46.84
ETL_ORD_009263,CUST_00625,337.24,COMPLETED,2026-03-07,41.71
ETL_ORD_009264,CUST_00990,88.64,COMPLETED,2026-03-17,12.57
ETL_ORD_009265,CUST_01756,819.67,COMPLETED,2026-03-07,17.6
ETL_ORD_009266,CUST_01348,172.66,COMPLETED,2026-03-01,34.51
ETL_ORD_009267,CUST_01338,775.91,COMPLETED,2026-03-15,4.3
ETL_ORD_009268,CUST_00494,679.38,COMPLETED,2026-03-10,28.96
ETL_ORD_009269,CUST_01019,329.9,COMPLETED,2026-03-24,1.16
ETL_ORD_009270,CUST_00371,991.53,COMPLETED,2026-03-27,46.38
ETL_ORD_009271,CUST_00191,1325.49,COMPLETED,2026-03-26,35.07
ETL_ORD_009272,CUST_00618,914.82,COMPLETED,2026-03-20,30.2
ETL_ORD_009273,CUST_00991,943.31,COMPLETED,2026-03-21,45.73
ETL_ORD_009274,CUST_01173,562.85,COMPLETED,2026-03-29,11.76
ETL_ORD_009275,CUST_00063,978.62,PENDING,2026-03-21,41.2
ETL_ORD_009276,CUST_01686,-10.0,COMPLETED,2026-03-17,15.97
ETL_ORD_009277,CUST_01897,126.92,COMPLETED,2026-03-18,29.44
ETL_ORD_009278,CUST_01555,1396.37,COMPLETED,2026-03-20,49.07
ETL_ORD_009279,CUST_01124,1473.24,COMPLETED,2026-03-26,30.06
ETL_ORD_009280,CUST_00946,1420.76,COMPLETED,2026-03-26,47.07
ETL_ORD_009281,CUST_01468,1007.47,COMPLETED,2026-03-19,26.59
ETL_ORD_009282,CUST_00974,1352.19,CANCELLED,2026-03-11,43.32
ETL_ORD_009283,CUST_00574,562.69,COMPLETED,2026-03-14,31.82
ETL_ORD_009284,CUST_01036,807.81,COMPLETED,2026-03-06,1.29
ETL_ORD_009285,CUST_01816,825.87,COMPLETED,2026-03-07,10.23
ETL_ORD_009286,CUST_00520,749.58,COMPLETED,2026-03-24,8.6
ETL_ORD_009287,CUST_00328,67.39,COMPLETED,2026-03-28,21.58
ETL_ORD_009288,CUST_01118,1038.55,PENDING,2026-03-14,12.92
ETL_ORD_009289,CUST_00659,66.97,COMPLETED,2026-03-12,11.09
ETL_ORD_009290,CUST_01030,361.52,COMPLETED,2026-03-22,43.03
ETL_ORD_009291,CUST_00347,1055.8,COMPLETED,2026-03-16,16.71
ETL_ORD_009292,CUST_01142,460.37,COMPLETED,2026-03-08,15.16
ETL_ORD_009293,CUST_01227,507.86,COMPLETED,2026-03-20,29.46
ETL_ORD_009294,CUST_01847,59.43,COMPLETED,2026-03-20,14.45
ETL_ORD_009295,CUST_00915,461.33,COMPLETED,2026-03-16,12.88
ETL_ORD_009296,CUST_01946,182.21,COMPLETED,2026-03-16,1.27
ETL_ORD_009297,CUST_00948,1181.81,COMPLETED,2026-03-04,27.66
ETL_ORD_009298,CUST_01630,384.03,COMPLETED,2026-03-15,26.31
ETL_ORD_009299,CUST_00845,1316.91,CANCELLED,2026-03-02,14.98
ETL_ORD_009300,CUST_01360,1050.73,COMPLETED,2026-03-05,12.52
ETL_ORD_009301,CUST_01532,1189.63,COMPLETED,2026-03-10,16.63
ETL_ORD_009302,CUST_01139,736.98,COMPLETED,2026-03-21,42.43
ETL_ORD_009303,CUST_01438,1420.54,COMPLETED,2026-03-17,4.61
ETL_ORD_009304,CUST_00016,1453.83,COMPLETED,2026-03-15,17.0
ETL_ORD_009305,CUST_01157,749.04,COMPLETED,2026-03-10,29.25
ETL_ORD_009306,CUST_00057,524.51,COMPLETED,2026-03-09,40.67
ETL_ORD_009307,CUST_00154,287.07,CANCELLED,2026-03-06,4.63
ETL_ORD_009308,CUST_00986,1349.88,CANCELLED,2026-03-13,29.02
ETL_ORD_009309,CUST_01435,802.14,PENDING,2026-03-17,9.26
ETL_ORD_009310,CUST_01739,1177.01,COMPLETED,2026-03-07,10.38
ETL_ORD_009311,CUST_00621,-10.0,COMPLETED,2026-03-24,42.93
ETL_ORD_009312,CUST_00981,1329.2,PENDING,2026-03-26,15.8
ETL_ORD_009313,CUST_00592,960.34,COMPLETED,2026-03-09,35.48
ETL_ORD_009314,CUST_01640,931.06,COMPLETED,2026-03-15,26.71
ETL_ORD_009315,CUST_01723,141.61,COMPLETED,2026-03-16,3.92
ETL_ORD_009316,CUST_01986,1032.03,COMPLETED,2026-03-28,23.95
ETL_ORD_009317,CUST_01982,581.53,COMPLETED,2026-03-21,29.48
ETL_ORD_009318,CUST_01411,1298.4,COMPLETED,2026-03-28,11.1
ETL_ORD_009319,CUST_01324,692.34,COMPLETED,2026-03-11,35.93
ETL_ORD_009320,CUST_01502,1228.19,COMPLETED,2026-03-14,1.24
ETL_ORD_009321,CUST_00380,1093.77,COMPLETED,2026-03-17,0.83
ETL_ORD_009322,CUST_00003,1098.46,COMPLETED,2026-03-09,48.51
ETL_ORD_009323,CUST_00227,183.58,COMPLETED,2026-03-10,19.79
ETL_ORD_009324,CUST_00444,330.96,COMPLETED,2026-03-23,1.93
ETL_ORD_009325,CUST_01460,1403.26,CANCELLED,2026-03-26,9.14
ETL_ORD_009326,CUST_01675,859.6,COMPLETED,2026-03-04,0.07
ETL_ORD_009327,CUST_00072,677.71,COMPLETED,2026-03-18,41.9
ETL_ORD_009328,CUST_01048,807.4,COMPLETED,2026-03-11,26.2
ETL_ORD_009329,CUST_00774,1350.75,COMPLETED,2026-03-22,22.23
ETL_ORD_009330,CUST_00425,259.21,COMPLETED,2026-03-01,16.14
ETL_ORD_009331,CUST_01854,1393.66,COMPLETED,2026-03-20,0.05
ETL_ORD_009332,CUST_01221,129.88,COMPLETED,2026-03-15,15.0
ETL_ORD_009333,CUST_01273,840.8,COMPLETED,2026-03-05,40.06
ETL_ORD_009334,CUST_00069,355.82,CANCELLED,2026-03-27,40.07
ETL_ORD_009335,CUST_01916,513.1,COMPLETED,2026-03-28,6.69
ETL_ORD_009336,CUST_01900,228.0,COMPLETED,2026-03-16,37.64
ETL_ORD_009337,CUST_01468,1059.76,COMPLETED,2026-03-23,6.39
ETL_ORD_009338,CUST_01354,324.55,COMPLETED,2026-03-16,24.09
ETL_ORD_009339,CUST_00867,716.55,COMPLETED,2026-03-16,32.63
ETL_ORD_009340,CUST_01029,223.0,COMPLETED,2026-03-11,37.36
ETL_ORD_009341,CUST_00460,125.73,COMPLETED,2026-03-19,40.83
ETL_ORD_009342,CUST_01019,103.05,COMPLETED,2026-03-23,21.97
ETL_ORD_009343,CUST_01048,1255.97,COMPLETED,2026-03-20,15.31
ETL_ORD_009344,CUST_00224,845.61,COMPLETED,2026-03-17,13.4
ETL_ORD_009345,CUST_00747,413.76,COMPLETED,2026-03-24,25.86
ETL_ORD_009346,CUST_01710,1323.01,COMPLETED,2026-03-14,22.02
ETL_ORD_009347,CUST_00579,36.29,COMPLETED,2026-03-04,45.02
ETL_ORD_009348,CUST_00364,950.88,PENDING,2026-03-20,35.2
ETL_ORD_009349,CUST_01566,820.33,COMPLETED,2026-03-05,42.84
ETL_ORD_009350,CUST_01618,1265.53,COMPLETED,2026-03-23,34.64
ETL_ORD_009351,CUST_01676,84.41,COMPLETED,2026-03-03,31.36
ETL_ORD_009352,CUST_01763,1316.12,COMPLETED,2026-03-23,2.67
ETL_ORD_009353,CUST_01337,1291.41,COMPLETED,2026-03-21,21.76
ETL_ORD_009354,CUST_01691,346.58,COMPLETED,2026-03-26,46.78
ETL_ORD_009355,CUST_00511,1237.26,COMPLETED,2026-03-24,11.44
ETL_ORD_009356,CUST_01821,1431.82,COMPLETED,2026-03-21,24.3
ETL_ORD_009357,CUST_01925,1445.81,COMPLETED,2026-03-16,13.41
ETL_ORD_009358,CUST_01638,1238.1,COMPLETED,2026-03-23,49.47
ETL_ORD_009359,CUST_00977,670.99,COMPLETED,2026-03-18,16.6
ETL_ORD_009360,CUST_01099,640.34,COMPLETED,2026-03-01,48.97
ETL_ORD_009361,CUST_00362,108.07,COMPLETED,2026-03-24,31.69
ETL_ORD_009362,CUST_00482,-10.0,COMPLETED,2026-03-09,17.2
ETL_ORD_009363,CUST_00087,1021.1,COMPLETED,2026-03-25,19.68
ETL_ORD_009364,CUST_00169,1206.28,COMPLETED,2026-03-25,38.28
ETL_ORD_009365,CUST_00157,1264.45,COMPLETED,2026-03-06,46.04
ETL_ORD_009366,CUST_01144,263.93,COMPLETED,2026-03-22,46.66
ETL_ORD_009367,CUST_00356,1213.24,CANCELLED,2026-03-10,10.11
ETL_ORD_009368,CUST_01929,219.83,COMPLETED,2026-03-28,22.36
ETL_ORD_009369,CUST_01356,1451.3,COMPLETED,2026-03-13,42.94
ETL_ORD_009370,CUST_01337,1426.71,COMPLETED,2026-03-18,14.21
ETL_ORD_009371,CUST_00945,1198.75,COMPLETED,2026-03-13,29.35
ETL_ORD_009372,CUST_00420,717.12,COMPLETED,2026-03-07,34.87
ETL_ORD_009373,CUST_01424,704.56,COMPLETED,2026-03-29,15.65
ETL_ORD_009374,CUST_00662,305.07,COMPLETED,2026-03-15,0.32
ETL_ORD_009375,CUST_01148,531.94,COMPLETED,2026-03-02,16.32
ETL_ORD_009376,CUST_00624,1252.08,COMPLETED,2026-03-16,24.86
ETL_ORD_009377,CUST_01939,909.75,COMPLETED,2026-03-23,32.4
ETL_ORD_009378,CUST_01641,957.05,COMPLETED,2026-03-24,38.95
ETL_ORD_009379,CUST_00904,1196.44,COMPLETED,2026-03-27,7.65
ETL_ORD_009380,CUST_00471,196.92,COMPLETED,2026-03-02,23.9
ETL_ORD_009381,CUST_01630,56.94,COMPLETED,2026-03-03,14.45
ETL_ORD_009382,CUST_00624,686.95,COMPLETED,2026-03-13,20.56
ETL_ORD_009383,CUST_01341,1134.77,COMPLETED,2026-03-16,5.22
ETL_ORD_009384,CUST_01663,372.8,PENDING,2026-03-04,34.75
ETL_ORD_009385,CUST_01502,22.55,COMPLETED,2026-03-17,12.73
ETL_ORD_009386,CUST_01730,1186.59,COMPLETED,2026-03-04,11.97
ETL_ORD_009387,CUST_01114,1232.87,COMPLETED,2026-03-21,47.94
ETL_ORD_009388,CUST_00066,1188.46,COMPLETED,2026-03-12,0.74
ETL_ORD_009389,CUST_01538,419.09,COMPLETED,2026-03-15,26.06
ETL_ORD_009390,CUST_00930,902.97,COMPLETED,2026-03-20,33.91
ETL_ORD_009391,CUST_01319,1231.31,COMPLETED,2026-03-26,26.32
ETL_ORD_009392,CUST_01752,1278.26,COMPLETED,2026-03-13,49.05
ETL_ORD_009393,CUST_01456,1123.78,COMPLETED,2026-03-28,39.74
ETL_ORD_009394,CUST_01979,840.01,COMPLETED,2026-03-15,2.55
ETL_ORD_009395,CUST_01098,720.7,COMPLETED,2026-03-23,44.85
ETL_ORD_009396,CUST_00703,492.21,COMPLETED,2026-03-24,2.71
ETL_ORD_009397,CUST_01381,778.46,COMPLETED,2026-03-11,1.86
ETL_ORD_009398,CUST_01589,1457.1,COMPLETED,2026-03-19,37.65
ETL_ORD_009399,CUST_00593,653.13,COMPLETED,2026-03-04,35.23
ETL_ORD_009400,CUST_00541,-10.0,COMPLETED,2026-03-26,48.17
ETL_ORD_009401,CUST_00933,1496.7,COMPLETED,2026-03-07,27.33
ETL_ORD_009402,CUST_01793,881.9,CANCELLED,2026-03-09,33.09
ETL_ORD_009403,CUST_01253,1234.79,CANCELLED,2026-03-10,20.5
ETL_ORD_009404,CUST_00455,1446.76,COMPLETED,2026-03-25,11.92
ETL_ORD_009405,CUST_00246,621.25,COMPLETED,2026-03-27,46.4
ETL_ORD_009406,CUST_01024,991.63,COMPLETED,2026-03-21,20.99
ETL_ORD_009407,CUST_00483,244.88,COMPLETED,2026-03-20,42.37
ETL_ORD_009408,CUST_01618,865.97,PENDING,2026-03-06,17.42
ETL_ORD_009409,CUST_01903,1037.99,COMPLETED,2026-03-03,31.27
ETL_ORD_009410,CUST_00671,925.63,COMPLETED,2026-03-28,39.7
ETL_ORD_009411,CUST_00598,571.67,CANCELLED,2026-03-06,44.89
ETL_ORD_009412,CUST_01851,580.69,INVALID_STATUS,2026-03-03,18.25
ETL_ORD_009413,CUST_01815,-10.0,COMPLETED,2026-03-18,15.25
ETL_ORD_009414,CUST_01474,1161.7,COMPLETED,2026-03-17,35.03
ETL_ORD_009415,CUST_00838,405.96,INVALID_STATUS,2026-03-05,28.51
ETL_ORD_009416,CUST_00275,510.43,COMPLETED,2026-03-15,49.6
ETL_ORD_009417,CUST_00906,936.97,COMPLETED,2026-03-11,31.9
ETL_ORD_009418,CUST_00104,855.5,COMPLETED,2026-03-14,5.58
ETL_ORD_009419,CUST_00133,705.33,COMPLETED,2026-03-25,37.41
ETL_ORD_009420,CUST_01233,1022.24,INVALID_STATUS,2026-03-17,12.83
ETL_ORD_009421,CUST_00511,1083.17,COMPLETED,2026-03-07,5.0
ETL_ORD_009422,CUST_00421,217.34,COMPLETED,2026-03-05,38.44
ETL_ORD_009423,CUST_01564,274.35,PENDING,2026-03-15,2.66
ETL_ORD_009424,CUST_00621,1235.71,PENDING,2026-03-27,6.65
ETL_ORD_009425,CUST_00441,901.04,COMPLETED,2026-03-26,15.15
ETL_ORD_009426,CUST_00345,597.49,COMPLETED,2026-03-21,4.49
ETL_ORD_009427,CUST_01908,85.42,COMPLETED,2026-03-09,49.32
ETL_ORD_009428,CUST_01479,935.16,COMPLETED,2026-03-23,14.85
ETL_ORD_009429,CUST_00742,672.42,COMPLETED,2026-03-20,33.8
ETL_ORD_009430,CUST_00734,396.83,COMPLETED,2026-03-29,32.35
ETL_ORD_009431,CUST_01043,915.72,COMPLETED,2026-03-12,3.65
ETL_ORD_009432,CUST_01418,917.62,COMPLETED,2026-03-05,18.89
ETL_ORD_009433,CUST_01514,960.47,PENDING,2026-03-02,23.13
ETL_ORD_009434,CUST_01054,7.64,COMPLETED,2026-03-14,20.89
ETL_ORD_009435,CUST_01650,812.22,COMPLETED,2026-03-23,40.35
ETL_ORD_009436,CUST_01883,547.12,COMPLETED,2026-03-17,23.97
ETL_ORD_009437,CUST_01918,179.87,COMPLETED,2026-03-20,24.76
ETL_ORD_009438,CUST_01381,623.29,PENDING,2026-03-27,0.94
ETL_ORD_009439,CUST_00575,766.31,COMPLETED,2026-03-29,20.67
ETL_ORD_009440,CUST_00985,856.2,PENDING,2026-03-22,3.46
ETL_ORD_009441,CUST_01468,272.54,COMPLETED,2026-03-04,11.98
ETL_ORD_009442,CUST_00792,1146.31,COMPLETED,2026-03-08,5.55
ETL_ORD_009443,CUST_00736,611.02,COMPLETED,2026-03-20,6.39
ETL_ORD_009444,CUST_01759,61.65,COMPLETED,2026-03-29,25.28
ETL_ORD_009445,CUST_01712,596.49,CANCELLED,2026-03-06,11.4
ETL_ORD_009446,CUST_01841,961.43,COMPLETED,2026-03-01,42.39
ETL_ORD_009447,CUST_00780,758.11,COMPLETED,2026-03-11,30.87
ETL_ORD_009448,CUST_00210,77.6,COMPLETED,2026-03-09,18.73
ETL_ORD_009449,CUST_01883,1045.19,COMPLETED,2026-03-18,40.71
ETL_ORD_009450,CUST_00668,324.11,COMPLETED,2026-03-09,24.51
ETL_ORD_009451,CUST_01450,319.97,COMPLETED,2026-03-28,1.0
ETL_ORD_009452,CUST_00450,925.9,COMPLETED,2026-03-25,11.99
ETL_ORD_009453,CUST_00027,10.48,PENDING,2026-03-15,49.41
ETL_ORD_009454,CUST_00202,280.03,COMPLETED,2026-03-08,12.38
ETL_ORD_009455,CUST_01854,1051.2,COMPLETED,2026-03-20,12.31
ETL_ORD_009456,CUST_01235,483.14,COMPLETED,2026-03-08,0.59
ETL_ORD_009457,CUST_00830,1313.27,COMPLETED,2026-03-16,45.13
ETL_ORD_009458,CUST_00354,1197.24,COMPLETED,2026-03-13,34.24
ETL_ORD_009459,CUST_01130,226.53,COMPLETED,2026-03-25,38.26
ETL_ORD_009460,CUST_01054,966.58,COMPLETED,2026-03-17,37.73
ETL_ORD_009461,CUST_01084,1329.71,COMPLETED,2026-03-29,4.89
ETL_ORD_009462,CUST_00167,1302.21,COMPLETED,2026-03-19,16.24
ETL_ORD_009463,CUST_00704,1487.0,COMPLETED,2026-03-25,13.86
ETL_ORD_009464,CUST_01002,1379.17,CANCELLED,2026-03-27,17.19
ETL_ORD_009465,CUST_01167,1349.23,CANCELLED,2026-03-21,34.39
ETL_ORD_009466,CUST_01150,380.27,PENDING,2026-03-25,26.74
ETL_ORD_009467,CUST_01155,145.39,COMPLETED,2026-03-17,0.21
ETL_ORD_009468,CUST_01847,1065.37,COMPLETED,2026-03-12,27.75
ETL_ORD_009469,CUST_01784,1194.27,COMPLETED,2026-03-05,13.09
ETL_ORD_009470,CUST_00411,964.95,COMPLETED,2026-03-21,30.69
ETL_ORD_009471,CUST_01514,975.14,CANCELLED,2026-03-18,37.95
ETL_ORD_009472,CUST_01838,485.96,COMPLETED,2026-03-16,24.99
ETL_ORD_009473,CUST_00147,40.4,COMPLETED,2026-03-22,15.75
ETL_ORD_009474,CUST_01378,217.4,COMPLETED,2026-03-17,46.16
ETL_ORD_009475,CUST_01983,1445.43,PENDING,2026-03-27,30.06
ETL_ORD_009476,CUST_01998,1396.13,COMPLETED,2026-03-05,29.69
ETL_ORD_009477,CUST_01128,771.06,COMPLETED,2026-03-15,42.66
ETL_ORD_009478,CUST_00136,551.36,COMPLETED,2026-03-26,25.53
ETL_ORD_009479,CUST_00321,990.18,COMPLETED,2026-03-25,16.71
ETL_ORD_009480,CUST_01678,937.96,COMPLETED,2026-03-07,34.27
ETL_ORD_009481,CUST_00957,408.4,COMPLETED,2026-03-02,9.66
ETL_ORD_009482,CUST_00536,387.55,COMPLETED,2026-03-23,44.5
ETL_ORD_009483,CUST_00439,653.88,COMPLETED,2026-03-13,26.21
ETL_ORD_009484,CUST_00018,461.63,COMPLETED,2026-03-25,48.0
ETL_ORD_009485,CUST_00967,1250.84,PENDING,2026-03-15,47.54
ETL_ORD_009486,CUST_01182,624.29,COMPLETED,2026-03-17,33.15
ETL_ORD_009487,CUST_01101,746.59,COMPLETED,2026-03-24,25.77
ETL_ORD_009488,CUST_01635,668.2,COMPLETED,2026-03-27,18.84
ETL_ORD_009489,CUST_00999,130.1,COMPLETED,2026-03-02,1.46
ETL_ORD_009490,CUST_00592,108.63,CANCELLED,2026-03-06,16.59
ETL_ORD_009491,CUST_00488,943.83,COMPLETED,2026-03-08,23.73
ETL_ORD_009492,CUST_00115,409.76,INVALID_STATUS,2026-03-16,47.48
ETL_ORD_009493,CUST_00151,-10.0,COMPLETED,2026-03-13,16.53
ETL_ORD_009494,CUST_00807,531.51,CANCELLED,2026-03-21,2.04
ETL_ORD_009495,CUST_01283,395.07,COMPLETED,2026-03-05,12.22
ETL_ORD_009496,CUST_01028,618.66,COMPLETED,2026-03-07,30.41
ETL_ORD_009497,CUST_00277,1230.5,COMPLETED,2026-03-07,11.59
ETL_ORD_009498,CUST_01546,689.68,COMPLETED,2026-03-17,30.69
ETL_ORD_009499,CUST_00484,760.03,COMPLETED,2026-03-15,31.56
ETL_ORD_009500,CUST_00935,838.98,PENDING,2026-03-03,25.87
ETL_ORD_009501,CUST_00613,58.14,COMPLETED,2026-03-06,29.33
ETL_ORD_009502,CUST_01951,515.46,COMPLETED,2026-03-09,12.9
ETL_ORD_009503,CUST_00378,794.61,PENDING,2026-03-22,21.39
ETL_ORD_009504,CUST_00732,783.0,COMPLETED,2026-03-28,39.9
ETL_ORD_009505,CUST_01802,668.41,COMPLETED,2026-03-04,29.7
ETL_ORD_009506,CUST_01118,117.68,COMPLETED,2026-03-08,2.06
ETL_ORD_009507,CUST_00970,1218.33,COMPLETED,2026-03-15,44.29
ETL_ORD_009508,CUST_01202,1431.62,COMPLETED,2026-03-24,27.09
ETL_ORD_009509,CUST_00950,1051.64,COMPLETED,2026-03-01,27.27
ETL_ORD_009510,CUST_00653,569.2,COMPLETED,2026-03-11,42.5
ETL_ORD_009511,CUST_01750,941.54,PENDING,2026-03-10,9.76
ETL_ORD_009512,CUST_01271,1118.13,COMPLETED,2026-03-23,32.0
ETL_ORD_009513,CUST_01343,852.58,COMPLETED,2026-03-01,16.98
ETL_ORD_009514,CUST_01307,818.15,PENDING,2026-03-16,14.68
ETL_ORD_009515,CUST_00422,1026.75,COMPLETED,2026-03-10,43.6
ETL_ORD_009516,CUST_00095,1435.38,COMPLETED,2026-03-18,6.36
ETL_ORD_009517,CUST_00888,1207.75,COMPLETED,2026-03-28,29.11
ETL_ORD_009518,CUST_00894,54.94,COMPLETED,2026-03-08,26.88
ETL_ORD_009519,CUST_00069,275.57,COMPLETED,2026-03-06,29.99
ETL_ORD_009520,CUST_00377,1121.11,PENDING,2026-03-04,43.75
ETL_ORD_009521,CUST_00909,1122.38,COMPLETED,2026-03-08,21.31
ETL_ORD_009522,CUST_00603,464.13,COMPLETED,2026-03-27,23.09
ETL_ORD_009523,CUST_00250,380.03,COMPLETED,2026-03-26,35.53
ETL_ORD_009524,CUST_00769,1382.5,CANCELLED,2026-03-27,22.83
ETL_ORD_009525,CUST_01675,1401.82,COMPLETED,2026-03-28,16.33
ETL_ORD_009526,CUST_01510,1139.16,COMPLETED,2026-03-01,44.14
ETL_ORD_009527,CUST_01042,973.58,CANCELLED,2026-03-15,1.67
ETL_ORD_009528,CUST_00401,692.42,COMPLETED,2026-03-14,4.15
ETL_ORD_009529,CUST_01749,1325.96,COMPLETED,2026-03-14,41.39
ETL_ORD_009530,CUST_01837,38.16,COMPLETED,2026-03-26,20.43
ETL_ORD_009531,CUST_00777,426.99,COMPLETED,2026-03-02,9.4
ETL_ORD_009532,CUST_01007,961.76,PENDING,2026-03-27,7.06
ETL_ORD_009533,CUST_01718,1486.22,COMPLETED,2026-03-29,49.72
ETL_ORD_009534,CUST_01366,281.37,COMPLETED,2026-03-18,8.12
ETL_ORD_009535,CUST_01830,1095.66,COMPLETED,2026-03-15,26.99
ETL_ORD_009536,CUST_01059,673.17,COMPLETED,2026-03-26,2.52
ETL_ORD_009537,CUST_00719,903.45,PENDING,2026-03-07,7.89
ETL_ORD_009538,CUST_01848,685.65,COMPLETED,2026-03-22,0.58
ETL_ORD_009539,CUST_00543,98.9,COMPLETED,2026-03-21,28.18
ETL_ORD_009540,CUST_00275,929.65,COMPLETED,2026-03-12,9.39
ETL_ORD_009541,CUST_00300,32.04,COMPLETED,2026-03-28,35.85
ETL_ORD_009542,CUST_01903,383.68,COMPLETED,2026-03-09,5.12
ETL_ORD_009543,CUST_00033,1088.27,COMPLETED,2026-03-03,6.17
ETL_ORD_009544,CUST_00184,1217.33,COMPLETED,2026-03-15,32.74
ETL_ORD_009545,CUST_00744,1010.19,COMPLETED,2026-03-12,48.53
ETL_ORD_009546,CUST_00606,869.2,PENDING,2026-03-18,42.31
ETL_ORD_009547,CUST_01024,952.09,COMPLETED,2026-03-23,19.66
ETL_ORD_009548,CUST_00656,1160.88,PENDING,2026-03-17,17.04
ETL_ORD_009549,CUST_00587,1487.16,COMPLETED,2026-03-12,46.55
ETL_ORD_009550,CUST_01183,1000.51,COMPLETED,2026-03-10,46.77
ETL_ORD_009551,CUST_00189,625.78,PENDING,2026-03-02,8.82
ETL_ORD_009552,CUST_01867,1167.78,COMPLETED,2026-03-25,38.49
ETL_ORD_009553,CUST_01877,1183.37,PENDING,2026-03-22,31.2
ETL_ORD_009554,CUST_01549,153.16,COMPLETED,2026-03-25,47.64
ETL_ORD_009555,CUST_01147,1282.78,COMPLETED,2026-03-13,16.41
ETL_ORD_009556,CUST_00829,318.56,COMPLETED,2026-03-10,29.87
ETL_ORD_009557,CUST_00252,1463.22,INVALID_STATUS,2026-03-28,23.61
ETL_ORD_009558,CUST_00245,1239.91,COMPLETED,2026-03-04,15.91
ETL_ORD_009559,CUST_01983,1160.56,COMPLETED,2026-03-08,39.46
ETL_ORD_009560,CUST_01715,1316.88,CANCELLED,2026-03-01,22.85
ETL_ORD_009561,CUST_01735,1188.02,COMPLETED,2026-03-04,6.92
ETL_ORD_009562,CUST_01605,689.23,CANCELLED,2026-03-11,43.26
ETL_ORD_009563,CUST_01344,939.21,COMPLETED,2026-03-14,29.31
ETL_ORD_009564,CUST_01988,1263.81,CANCELLED,2026-03-27,29.88
ETL_ORD_009565,CUST_00167,559.98,PENDING,2026-03-21,26.17
ETL_ORD_009566,CUST_01440,849.51,COMPLETED,2026-03-24,28.24
ETL_ORD_009567,CUST_00471,700.68,COMPLETED,2026-03-11,11.17
ETL_ORD_009568,CUST_00948,482.31,COMPLETED,2026-03-06,26.73
ETL_ORD_009569,CUST_00062,454.6,INVALID_STATUS,2026-03-13,14.62
ETL_ORD_009570,CUST_00607,398.97,COMPLETED,2026-03-15,19.95
ETL_ORD_009571,CUST_00239,277.43,INVALID_STATUS,2026-03-07,19.17
ETL_ORD_009572,CUST_00554,313.74,CANCELLED,2026-03-23,14.61
ETL_ORD_009573,CUST_01338,391.68,PENDING,2026-03-05,25.5
ETL_ORD_009574,CUST_00492,1056.99,COMPLETED,2026-03-10,34.34
ETL_ORD_009575,CUST_01871,1104.84,CANCELLED,2026-03-01,15.1
ETL_ORD_009576,CUST_00364,62.34,COMPLETED,2026-03-07,12.15
ETL_ORD_009577,CUST_01966,394.38,PENDING,2026-03-19,14.75
ETL_ORD_009578,CUST_00811,560.71,CANCELLED,2026-03-14,44.28
ETL_ORD_009579,CUST_01129,157.44,COMPLETED,2026-03-20,24.72
ETL_ORD_009580,CUST_01217,748.28,COMPLETED,2026-03-17,49.56
ETL_ORD_009581,CUST_00894,500.56,COMPLETED,2026-03-28,8.72
ETL_ORD_009582,CUST_00260,1214.68,COMPLETED,2026-03-11,43.08
ETL_ORD_009583,CUST_01734,180.41,COMPLETED,2026-03-07,8.66
ETL_ORD_009584,CUST_01948,239.5,PENDING,2026-03-16,35.94
ETL_ORD_009585,CUST_01754,1345.85,COMPLETED,2026-03-15,4.59
ETL_ORD_009586,CUST_01220,569.52,PENDING,2026-03-01,36.02
ETL_ORD_009587,CUST_01513,137.71,COMPLETED,2026-03-26,19.68
ETL_ORD_009588,CUST_00786,305.02,COMPLETED,2026-03-24,44.06
ETL_ORD_009589,CUST_01387,192.18,COMPLETED,2026-03-28,26.26
ETL_ORD_009590,CUST_01346,988.78,INVALID_STATUS,2026-03-20,26.4
ETL_ORD_009591,CUST_00872,1105.48,PENDING,2026-03-09,0.42
ETL_ORD_009592,CUST_01487,119.74,COMPLETED,2026-03-24,16.57
ETL_ORD_009593,CUST_00399,564.92,COMPLETED,2026-03-25,47.37
ETL_ORD_009594,CUST_01105,933.46,COMPLETED,2026-03-09,19.45
ETL_ORD_009595,CUST_00870,894.82,COMPLETED,2026-03-10,39.92
ETL_ORD_009596,CUST_01259,185.58,COMPLETED,2026-03-24,47.64
ETL_ORD_009597,CUST_01051,780.36,COMPLETED,2026-03-22,32.98
ETL_ORD_009598,CUST_01695,175.55,CANCELLED,2026-03-23,40.62
ETL_ORD_009599,CUST_01395,1260.45,COMPLETED,2026-03-01,27.98
ETL_ORD_009600,CUST_01032,1156.19,COMPLETED,2026-03-23,41.83
ETL_ORD_009601,CUST_01884,1210.8,COMPLETED,2026-03-12,48.84
ETL_ORD_009602,CUST_01115,285.66,COMPLETED,2026-03-18,7.33
ETL_ORD_009603,CUST_00225,1100.62,COMPLETED,2026-03-18,33.23
ETL_ORD_009604,CUST_01548,82.77,PENDING,2026-03-05,12.48
ETL_ORD_009605,CUST_01073,799.08,COMPLETED,2026-03-15,26.43
ETL_ORD_009606,CUST_00624,1409.6,COMPLETED,2026-03-13,15.97
ETL_ORD_009607,CUST_00973,262.05,COMPLETED,2026-03-14,3.08
ETL_ORD_009608,CUST_00090,1025.18,COMPLETED,2026-03-20,35.47
ETL_ORD_009609,CUST_00025,1197.39,COMPLETED,2026-03-06,26.34
ETL_ORD_009610,CUST_00342,950.31,COMPLETED,2026-03-18,34.04
ETL_ORD_009611,CUST_01520,122.93,COMPLETED,2026-03-14,37.47
ETL_ORD_009612,CUST_00145,600.7,COMPLETED,2026-03-02,23.59
ETL_ORD_009613,CUST_01273,947.76,COMPLETED,2026-03-06,37.15
ETL_ORD_009614,CUST_00477,1148.95,PENDING,2026-03-11,14.15
ETL_ORD_009615,CUST_01926,962.58,COMPLETED,2026-03-21,45.65
ETL_ORD_009616,CUST_00119,862.68,COMPLETED,2026-03-27,2.57
ETL_ORD_009617,CUST_01074,1400.29,COMPLETED,2026-03-08,1.74
ETL_ORD_009618,CUST_01928,655.89,COMPLETED,2026-03-25,34.59
ETL_ORD_009619,CUST_00695,803.43,COMPLETED,2026-03-27,15.07
ETL_ORD_009620,CUST_01422,1124.9,COMPLETED,2026-03-19,32.15
ETL_ORD_009621,CUST_01726,122.63,COMPLETED,2026-03-03,19.33
ETL_ORD_009622,CUST_01591,450.74,COMPLETED,2026-03-06,9.68
ETL_ORD_009623,CUST_01865,1470.81,COMPLETED,2026-03-20,25.37
ETL_ORD_009624,CUST_01097,407.77,CANCELLED,2026-03-04,44.29
ETL_ORD_009625,CUST_00879,57.03,PENDING,2026-03-03,37.91
ETL_ORD_009626,CUST_01984,1205.88,COMPLETED,2026-03-29,3.42
ETL_ORD_009627,CUST_01952,408.83,COMPLETED,2026-03-09,9.79
ETL_ORD_009628,CUST_00195,1443.76,COMPLETED,2026-03-24,44.7
ETL_ORD_009629,CUST_01424,1357.25,COMPLETED,2026-03-21,1.19
ETL_ORD_009630,CUST_01684,1359.95,CANCELLED,2026-03-09,6.35
ETL_ORD_009631,CUST_00120,653.56,COMPLETED,2026-03-21,8.37
ETL_ORD_009632,CUST_00307,1291.15,COMPLETED,2026-03-21,1.8
ETL_ORD_009633,CUST_00511,-10.0,COMPLETED,2026-03-20,17.5
ETL_ORD_009634,CUST_01337,639.77,COMPLETED,2026-03-29,4.68
ETL_ORD_009635,CUST_00061,509.78,COMPLETED,2026-03-15,45.32
ETL_ORD_009636,CUST_01653,473.46,COMPLETED,2026-03-27,40.56
ETL_ORD_009637,CUST_00122,9.16,COMPLETED,2026-03-16,30.76
ETL_ORD_009638,CUST_01979,1152.56,COMPLETED,2026-03-09,36.92
ETL_ORD_009639,CUST_00681,937.21,COMPLETED,2026-03-03,30.37
ETL_ORD_009640,CUST_00017,1176.77,COMPLETED,2026-03-09,30.1
ETL_ORD_009641,CUST_00777,653.81,COMPLETED,2026-03-09,13.34
ETL_ORD_009642,CUST_00705,1392.17,COMPLETED,2026-03-29,37.57
ETL_ORD_009643,CUST_01352,961.32,PENDING,2026-03-12,31.54
ETL_ORD_009644,CUST_00834,576.56,COMPLETED,2026-03-03,34.16
ETL_ORD_009645,CUST_01054,1177.73,COMPLETED,2026-03-13,11.67
ETL_ORD_009646,CUST_01125,330.53,COMPLETED,2026-03-24,9.04
ETL_ORD_009647,CUST_00625,400.34,PENDING,2026-03-14,46.54
ETL_ORD_009648,CUST_00007,900.21,COMPLETED,2026-03-15,16.85
ETL_ORD_009649,CUST_00001,271.68,COMPLETED,2026-03-20,15.02
ETL_ORD_009650,CUST_00567,836.76,COMPLETED,2026-03-05,12.69
ETL_ORD_009651,CUST_01724,1429.63,COMPLETED,2026-03-05,5.59
ETL_ORD_009652,CUST_01151,654.08,COMPLETED,2026-03-18,24.82
ETL_ORD_009653,CUST_00408,156.54,COMPLETED,2026-03-16,43.77
ETL_ORD_009654,CUST_00583,16.53,COMPLETED,2026-03-11,30.97
ETL_ORD_009655,CUST_01401,1057.69,CANCELLED,2026-03-03,7.53
ETL_ORD_009656,CUST_00736,1390.83,COMPLETED,2026-03-23,4.71
ETL_ORD_009657,CUST_01824,1061.57,COMPLETED,2026-03-25,27.84
ETL_ORD_009658,CUST_01375,732.04,CANCELLED,2026-03-25,29.67
ETL_ORD_009659,CUST_01315,521.43,COMPLETED,2026-03-19,46.08
ETL_ORD_009660,CUST_00266,1171.71,COMPLETED,2026-03-22,17.97
ETL_ORD_009661,CUST_01874,620.13,COMPLETED,2026-03-20,35.52
ETL_ORD_009662,CUST_01358,1225.24,COMPLETED,2026-03-02,35.67
ETL_ORD_009663,CUST_00707,942.12,COMPLETED,2026-03-05,32.63
ETL_ORD_009664,CUST_01699,610.43,COMPLETED,2026-03-24,48.44
ETL_ORD_009665,CUST_01480,1259.02,COMPLETED,2026-03-26,39.86
ETL_ORD_009666,CUST_00569,476.77,CANCELLED,2026-03-01,48.5
ETL_ORD_009667,CUST_01903,638.08,COMPLETED,2026-03-06,14.6
ETL_ORD_009668,CUST_00461,221.69,COMPLETED,2026-03-27,1.89
ETL_ORD_009669,CUST_00038,1482.48,COMPLETED,2026-03-01,48.92
ETL_ORD_009670,CUST_01538,701.45,CANCELLED,2026-03-18,1.5
ETL_ORD_009671,CUST_00171,485.32,PENDING,2026-03-06,38.99
ETL_ORD_009672,CUST_00484,278.29,COMPLETED,2026-03-10,35.44
ETL_ORD_009673,CUST_01029,642.66,COMPLETED,2026-03-05,44.13
ETL_ORD_009674,CUST_00549,1366.03,COMPLETED,2026-03-09,35.3
ETL_ORD_009675,CUST_00063,40.25,COMPLETED,2026-03-03,46.86
ETL_ORD_009676,CUST_00917,163.36,COMPLETED,2026-03-12,14.01
ETL_ORD_009677,CUST_00546,1370.76,COMPLETED,2026-03-26,17.8
ETL_ORD_009678,CUST_01955,978.29,COMPLETED,2026-03-18,33.9
ETL_ORD_009679,CUST_00778,860.21,COMPLETED,2026-03-03,10.16
ETL_ORD_009680,CUST_01016,520.48,COMPLETED,2026-03-04,49.87
ETL_ORD_009681,CUST_00335,981.66,COMPLETED,2026-03-18,3.23
ETL_ORD_009682,CUST_01194,1218.08,COMPLETED,2026-03-24,0.96
ETL_ORD_009683,CUST_00593,670.41,COMPLETED,2026-03-08,9.01
ETL_ORD_009684,CUST_00304,1278.09,COMPLETED,2026-03-19,14.19
ETL_ORD_009685,CUST_00481,671.32,COMPLETED,2026-03-12,24.04
ETL_ORD_009686,CUST_01585,556.25,COMPLETED,2026-03-22,43.89
ETL_ORD_009687,CUST_01807,67.27,COMPLETED,2026-03-01,45.56
ETL_ORD_009688,CUST_00393,268.42,PENDING,2026-03-25,30.35
ETL_ORD_009689,CUST_00144,732.55,COMPLETED,2026-03-12,18.34
ETL_ORD_009690,CUST_01115,557.37,COMPLETED,2026-03-20,16.8
ETL_ORD_009691,CUST_00240,756.19,COMPLETED,2026-03-26,0.43
ETL_ORD_009692,CUST_01621,885.41,COMPLETED,2026-03-26,0.29
ETL_ORD_009693,CUST_01691,1416.64,INVALID_STATUS,2026-03-03,20.91
ETL_ORD_009694,CUST_00657,267.39,COMPLETED,2026-03-01,35.22
ETL_ORD_009695,CUST_00811,1132.5,COMPLETED,2026-03-16,24.38
ETL_ORD_009696,CUST_01576,1475.41,COMPLETED,2026-03-12,49.85
ETL_ORD_009697,CUST_01821,376.13,INVALID_STATUS,2026-03-22,20.0
ETL_ORD_009698,CUST_00185,1086.84,COMPLETED,2026-03-19,27.19
ETL_ORD_009699,CUST_00213,638.35,COMPLETED,2026-03-24,22.23
ETL_ORD_009700,CUST_01417,1342.82,PENDING,2026-03-23,43.98
ETL_ORD_009701,CUST_01525,1358.11,COMPLETED,2026-03-18,35.81
ETL_ORD_009702,CUST_01310,953.33,COMPLETED,2026-03-26,11.94
ETL_ORD_009703,CUST_00037,379.99,COMPLETED,2026-03-02,7.54
ETL_ORD_009704,CUST_01413,237.45,COMPLETED,2026-03-06,34.61
ETL_ORD_009705,CUST_00328,1411.78,COMPLETED,2026-03-04,40.86
ETL_ORD_009706,CUST_00599,191.1,CANCELLED,2026-03-25,7.56
ETL_ORD_009707,CUST_01469,783.76,COMPLETED,2026-03-29,23.41
ETL_ORD_009708,CUST_00180,74.68,COMPLETED,2026-03-10,30.45
ETL_ORD_009709,CUST_01652,1288.49,CANCELLED,2026-03-21,0.05
ETL_ORD_009710,CUST_00626,215.85,COMPLETED,2026-03-10,45.24
ETL_ORD_009711,CUST_01657,107.25,COMPLETED,2026-03-18,25.06
ETL_ORD_009712,CUST_01655,804.1,CANCELLED,2026-03-15,41.98
ETL_ORD_009713,CUST_00766,1396.48,COMPLETED,2026-03-26,2.67
ETL_ORD_009714,CUST_00914,167.92,PENDING,2026-03-18,8.3
ETL_ORD_009715,CUST_01996,112.56,COMPLETED,2026-03-15,48.69
ETL_ORD_009716,CUST_00227,5.77,COMPLETED,2026-03-08,35.57
ETL_ORD_009717,CUST_01820,1473.0,COMPLETED,2026-03-10,22.68
ETL_ORD_009718,CUST_01219,666.91,COMPLETED,2026-03-22,27.81
ETL_ORD_009719,CUST_01928,749.54,COMPLETED,2026-03-07,39.44
ETL_ORD_009720,CUST_01757,213.66,INVALID_STATUS,2026-03-10,37.92
ETL_ORD_009721,CUST_00837,571.24,PENDING,2026-03-09,46.87
ETL_ORD_009722,CUST_00947,1382.8,COMPLETED,2026-03-20,19.47
ETL_ORD_009723,CUST_01637,471.54,COMPLETED,2026-03-07,26.84
ETL_ORD_009724,CUST_00893,1344.83,COMPLETED,2026-03-03,22.54
ETL_ORD_009725,CUST_01315,1013.8,COMPLETED,2026-03-03,19.73
ETL_ORD_009726,CUST_01093,1341.87,COMPLETED,2026-03-15,46.37
ETL_ORD_009727,CUST_00670,790.2,COMPLETED,2026-03-08,2.74
ETL_ORD_009728,CUST_01958,707.0,COMPLETED,2026-03-10,17.61
ETL_ORD_009729,CUST_01587,83.35,COMPLETED,2026-03-18,46.83
ETL_ORD_009730,CUST_00231,1334.55,COMPLETED,2026-03-07,42.77
ETL_ORD_009731,CUST_00586,423.97,PENDING,2026-03-24,21.26
ETL_ORD_009732,CUST_01742,788.34,COMPLETED,2026-03-05,27.63
ETL_ORD_009733,CUST_00464,424.65,PENDING,2026-03-17,34.49
ETL_ORD_009734,CUST_00005,1148.13,COMPLETED,2026-03-05,29.66
ETL_ORD_009735,CUST_00352,343.14,COMPLETED,2026-03-06,5.52
ETL_ORD_009736,CUST_01698,172.84,COMPLETED,2026-03-14,14.59
ETL_ORD_009737,CUST_00439,101.89,PENDING,2026-03-16,33.42
ETL_ORD_009738,CUST_00361,1372.75,COMPLETED,2026-03-12,6.55
ETL_ORD_009739,CUST_00749,444.86,COMPLETED,2026-03-07,15.65
ETL_ORD_009740,CUST_00990,1328.23,PENDING,2026-03-17,43.66
ETL_ORD_009741,CUST_01854,949.67,COMPLETED,2026-03-25,4.7
ETL_ORD_009742,CUST_01079,669.87,COMPLETED,2026-03-01,47.79
ETL_ORD_009743,CUST_00388,433.65,PENDING,2026-03-29,11.68
ETL_ORD_009744,CUST_00663,978.27,COMPLETED,2026-03-05,44.95
ETL_ORD_009745,CUST_01240,48.41,CANCELLED,2026-03-22,39.89
ETL_ORD_009746,CUST_01129,422.54,COMPLETED,2026-03-03,37.95
ETL_ORD_009747,CUST_00176,508.16,COMPLETED,2026-03-02,0.1
ETL_ORD_009748,CUST_01088,1354.08,PENDING,2026-03-08,26.82
ETL_ORD_009749,CUST_01148,735.42,COMPLETED,2026-03-19,46.4
ETL_ORD_009750,CUST_01912,1074.34,COMPLETED,2026-03-17,33.91
ETL_ORD_009751,CUST_00417,1275.37,PENDING,2026-03-13,21.31
ETL_ORD_009752,CUST_01362,1089.16,COMPLETED,2026-03-29,7.93
ETL_ORD_009753,CUST_01466,1396.64,PENDING,2026-03-02,14.59
ETL_ORD_009754,CUST_01180,173.5,COMPLETED,2026-03-25,45.78
ETL_ORD_009755,CUST_00906,339.9,COMPLETED,2026-03-12,25.3
ETL_ORD_009756,CUST_00823,357.71,PENDING,2026-03-08,8.2
ETL_ORD_009757,CUST_00446,1326.09,COMPLETED,2026-03-24,43.88
ETL_ORD_009758,CUST_01426,1379.15,COMPLETED,2026-03-26,29.86
ETL_ORD_009759,CUST_00502,221.67,COMPLETED,2026-03-29,46.69
ETL_ORD_009760,CUST_00512,1112.19,COMPLETED,2026-03-12,36.31
ETL_ORD_009761,CUST_00147,605.13,COMPLETED,2026-03-21,10.73
ETL_ORD_009762,CUST_00563,1140.95,COMPLETED,2026-03-11,29.26
ETL_ORD_009763,CUST_00960,41.34,COMPLETED,2026-03-06,47.03
ETL_ORD_009764,CUST_01393,39.7,COMPLETED,2026-03-10,26.3
ETL_ORD_009765,CUST_01025,826.13,COMPLETED,2026-03-04,11.92
ETL_ORD_009766,CUST_01644,44.65,COMPLETED,2026-03-12,44.13
ETL_ORD_009767,CUST_01003,759.45,COMPLETED,2026-03-21,27.89
ETL_ORD_009768,CUST_00099,182.87,PENDING,2026-03-15,21.89
ETL_ORD_009769,CUST_01459,974.28,COMPLETED,2026-03-01,0.87
ETL_ORD_009770,CUST_00835,666.77,COMPLETED,2026-03-29,38.01
ETL_ORD_009771,CUST_00463,1104.14,COMPLETED,2026-03-14,6.12
ETL_ORD_009772,CUST_00487,42.21,COMPLETED,2026-03-05,42.66
ETL_ORD_009773,CUST_00327,626.12,CANCELLED,2026-03-16,30.34
ETL_ORD_009774,CUST_01788,96.79,COMPLETED,2026-03-29,6.88
ETL_ORD_009775,CUST_01715,947.6,COMPLETED,2026-03-12,13.93
ETL_ORD_009776,CUST_00821,296.5,COMPLETED,2026-03-14,21.96
ETL_ORD_009777,CUST_01445,992.88,COMPLETED,2026-03-13,43.34
ETL_ORD_009778,CUST_00480,1105.78,CANCELLED,2026-03-09,1.28
ETL_ORD_009779,CUST_00265,864.23,COMPLETED,2026-03-18,12.91
ETL_ORD_009780,CUST_00915,496.2,COMPLETED,2026-03-12,41.48
ETL_ORD_009781,CUST_00192,610.76,COMPLETED,2026-03-16,16.83
ETL_ORD_009782,CUST_00759,462.2,COMPLETED,2026-03-18,29.25
ETL_ORD_009783,CUST_00210,1056.32,COMPLETED,2026-03-04,8.36
ETL_ORD_009784,CUST_01193,1426.36,PENDING,2026-03-19,34.74
ETL_ORD_009785,CUST_01664,205.96,CANCELLED,2026-03-02,48.44
ETL_ORD_009786,CUST_00703,285.68,COMPLETED,2026-03-26,24.84
ETL_ORD_009787,CUST_00199,186.11,COMPLETED,2026-03-22,34.87
ETL_ORD_009788,CUST_00606,32.99,COMPLETED,2026-03-18,47.3
ETL_ORD_009789,CUST_01744,739.84,COMPLETED,2026-03-23,0.21
ETL_ORD_009790,CUST_00467,1307.8,COMPLETED,2026-03-08,3.47
ETL_ORD_009791,CUST_00225,277.07,COMPLETED,2026-03-09,18.64
ETL_ORD_009792,CUST_00226,1104.99,CANCELLED,2026-03-09,13.65
ETL_ORD_009793,CUST_01619,417.65,COMPLETED,2026-03-27,32.94
ETL_ORD_009794,CUST_01930,738.4,COMPLETED,2026-03-11,28.81
ETL_ORD_009795,CUST_01350,268.1,COMPLETED,2026-03-04,20.22
ETL_ORD_009796,CUST_01766,923.28,COMPLETED,2026-03-11,23.15
ETL_ORD_009797,CUST_00641,1396.78,COMPLETED,2026-03-29,12.76
ETL_ORD_009798,CUST_01580,483.29,COMPLETED,2026-03-19,22.52
ETL_ORD_009799,CUST_01576,49.96,COMPLETED,2026-03-18,33.44
ETL_ORD_009800,CUST_01861,632.72,PENDING,2026-03-02,26.76
ETL_ORD_009801,CUST_01795,623.66,COMPLETED,2026-03-10,33.33
ETL_ORD_009802,CUST_00826,1485.48,COMPLETED,2026-03-16,32.25
ETL_ORD_009803,CUST_01839,867.4,COMPLETED,2026-03-16,45.06
ETL_ORD_009804,CUST_01588,712.11,COMPLETED,2026-03-14,33.18
ETL_ORD_009805,CUST_00422,394.92,COMPLETED,2026-03-19,3.94
ETL_ORD_009806,CUST_00556,1247.14,COMPLETED,2026-03-07,39.35
ETL_ORD_009807,CUST_01981,363.2,COMPLETED,2026-03-13,20.18
ETL_ORD_009808,CUST_00480,538.33,COMPLETED,2026-03-20,4.96
ETL_ORD_009809,CUST_01235,1054.77,COMPLETED,2026-03-29,16.44
ETL_ORD_009810,CUST_00218,1244.29,COMPLETED,2026-03-02,2.19
ETL_ORD_009811,CUST_01622,665.37,COMPLETED,2026-03-14,47.8
ETL_ORD_009812,CUST_00952,1482.18,CANCELLED,2026-03-07,25.52
ETL_ORD_009813,CUST_00454,262.25,COMPLETED,2026-03-11,0.41
ETL_ORD_009814,CUST_01726,515.14,COMPLETED,2026-03-16,0.78
ETL_ORD_009815,CUST_00868,702.04,COMPLETED,2026-03-05,40.49
ETL_ORD_009816,CUST_00496,1052.08,COMPLETED,2026-03-29,45.61
ETL_ORD_009817,CUST_00135,1446.92,PENDING,2026-03-14,42.67
ETL_ORD_009818,CUST_00054,1468.33,COMPLETED,2026-03-24,4.91
ETL_ORD_009819,CUST_01074,322.99,COMPLETED,2026-03-23,3.15
ETL_ORD_009820,CUST_01884,836.0,COMPLETED,2026-03-23,46.51
ETL_ORD_009821,CUST_00597,1120.12,INVALID_STATUS,2026-03-14,38.36
ETL_ORD_009822,CUST_01295,144.28,COMPLETED,2026-03-21,32.46
ETL_ORD_009823,CUST_00167,625.91,COMPLETED,2026-03-25,22.17
ETL_ORD_009824,CUST_00317,1220.31,COMPLETED,2026-03-06,10.41
ETL_ORD_009825,CUST_00295,925.77,COMPLETED,2026-03-03,16.68
ETL_ORD_009826,CUST_00615,393.46,COMPLETED,2026-03-04,9.4
ETL_ORD_009827,CUST_00715,1397.77,COMPLETED,2026-03-06,19.66
ETL_ORD_009828,CUST_01949,608.44,COMPLETED,2026-03-29,22.72
ETL_ORD_009829,CUST_00965,344.21,COMPLETED,2026-03-15,16.54
ETL_ORD_009830,CUST_01637,706.06,COMPLETED,2026-03-15,35.92
ETL_ORD_009831,CUST_01670,549.46,COMPLETED,2026-03-02,27.64
ETL_ORD_009832,CUST_01733,596.57,COMPLETED,2026-03-17,27.67
ETL_ORD_009833,CUST_01701,1116.91,PENDING,2026-03-28,17.39
ETL_ORD_009834,CUST_00726,893.48,COMPLETED,2026-03-24,11.1
ETL_ORD_009835,CUST_00102,1103.54,COMPLETED,2026-03-19,8.04
ETL_ORD_009836,CUST_01351,687.77,COMPLETED,2026-03-27,42.33
ETL_ORD_009837,CUST_00846,899.19,CANCELLED,2026-03-03,49.38
ETL_ORD_009838,CUST_01928,319.76,COMPLETED,2026-03-17,23.22
ETL_ORD_009839,CUST_01723,304.1,COMPLETED,2026-03-14,49.05
ETL_ORD_009840,CUST_00345,866.64,COMPLETED,2026-03-15,28.99
ETL_ORD_009841,CUST_00640,1290.93,COMPLETED,2026-03-14,21.58
ETL_ORD_009842,CUST_00555,372.99,COMPLETED,2026-03-12,9.67
ETL_ORD_009843,CUST_01935,1330.2,COMPLETED,2026-03-07,17.44
ETL_ORD_009844,CUST_01314,239.85,COMPLETED,2026-03-19,10.79
ETL_ORD_009845,CUST_00541,400.67,PENDING,2026-03-21,47.17
ETL_ORD_009846,CUST_00853,-10.0,COMPLETED,2026-03-15,22.12
ETL_ORD_009847,CUST_01268,1361.8,COMPLETED,2026-03-16,16.95
ETL_ORD_009848,CUST_01614,78.14,COMPLETED,2026-03-29,49.17
ETL_ORD_009849,CUST_01276,280.08,COMPLETED,2026-03-13,34.76
ETL_ORD_009850,CUST_01759,392.09,COMPLETED,2026-03-24,32.93
ETL_ORD_009851,CUST_00679,1303.52,COMPLETED,2026-03-25,13.59
ETL_ORD_009852,CUST_01436,1329.43,COMPLETED,2026-03-26,9.13
ETL_ORD_009853,CUST_01352,258.84,COMPLETED,2026-03-20,13.46
ETL_ORD_009854,CUST_01229,1106.57,COMPLETED,2026-03-22,20.32
ETL_ORD_009855,CUST_00943,463.05,COMPLETED,2026-03-09,9.75
ETL_ORD_009856,CUST_00970,948.25,COMPLETED,2026-03-24,38.61
ETL_ORD_009857,CUST_00098,309.18,COMPLETED,2026-03-06,7.96
ETL_ORD_009858,CUST_00333,994.11,COMPLETED,2026-03-05,0.35
ETL_ORD_009859,CUST_01912,1044.74,COMPLETED,2026-03-10,41.83
ETL_ORD_009860,CUST_00491,1462.48,COMPLETED,2026-03-24,42.76
ETL_ORD_009861,CUST_00331,1105.5,COMPLETED,2026-03-23,21.14
ETL_ORD_009862,CUST_01091,223.61,COMPLETED,2026-03-29,39.23
ETL_ORD_009863,CUST_01314,1157.71,COMPLETED,2026-03-11,48.99
ETL_ORD_009864,CUST_00663,944.53,COMPLETED,2026-03-14,0.32
ETL_ORD_009865,CUST_00474,67.94,INVALID_STATUS,2026-03-11,28.18
ETL_ORD_009866,CUST_00395,1285.86,COMPLETED,2026-03-15,23.9
ETL_ORD_009867,CUST_01404,41.45,CANCELLED,2026-03-13,25.69
ETL_ORD_009868,CUST_01006,1219.05,COMPLETED,2026-03-02,16.23
ETL_ORD_009869,CUST_01473,906.72,COMPLETED,2026-03-10,21.7
ETL_ORD_009870,CUST_01952,832.09,INVALID_STATUS,2026-03-09,13.87
ETL_ORD_009871,CUST_00243,472.02,COMPLETED,2026-03-07,24.22
ETL_ORD_009872,CUST_00178,1208.68,COMPLETED,2026-03-19,21.55
ETL_ORD_009873,CUST_00518,1024.22,COMPLETED,2026-03-09,9.51
ETL_ORD_009874,CUST_00691,528.94,PENDING,2026-03-09,32.34
ETL_ORD_009875,CUST_00146,769.08,COMPLETED,2026-03-23,31.36
ETL_ORD_009876,CUST_01811,1209.35,COMPLETED,2026-03-23,8.76
ETL_ORD_009877,CUST_00412,920.88,COMPLETED,2026-03-07,6.46
ETL_ORD_009878,CUST_01695,1486.55,COMPLETED,2026-03-27,5.9
ETL_ORD_009879,CUST_01771,465.36,COMPLETED,2026-03-11,14.98
ETL_ORD_009880,CUST_01205,416.67,COMPLETED,2026-03-25,24.13
ETL_ORD_009881,CUST_01768,443.98,COMPLETED,2026-03-04,22.76
ETL_ORD_009882,CUST_00181,213.33,COMPLETED,2026-03-29,38.77
ETL_ORD_009883,CUST_00305,52.26,COMPLETED,2026-03-13,26.13
ETL_ORD_009884,CUST_00494,344.1,COMPLETED,2026-03-17,40.24
ETL_ORD_009885,CUST_00220,1060.12,COMPLETED,2026-03-10,45.71
ETL_ORD_009886,CUST_00652,374.23,COMPLETED,2026-03-26,37.1
ETL_ORD_009887,CUST_01030,1342.11,CANCELLED,2026-03-14,29.79
ETL_ORD_009888,CUST_01869,1016.72,COMPLETED,2026-03-06,8.25
ETL_ORD_009889,CUST_00477,1084.99,COMPLETED,2026-03-10,17.51
ETL_ORD_009890,CUST_01161,353.4,COMPLETED,2026-03-29,5.05
ETL_ORD_009891,CUST_01112,634.06,COMPLETED,2026-03-22,6.56
ETL_ORD_009892,CUST_01603,666.86,COMPLETED,2026-03-29,39.99
ETL_ORD_009893,CUST_01622,68.12,PENDING,2026-03-12,28.66
ETL_ORD_009894,CUST_01998,405.16,COMPLETED,2026-03-03,39.25
ETL_ORD_009895,CUST_00712,590.94,CANCELLED,2026-03-11,8.36
ETL_ORD_009896,CUST_01405,1206.18,COMPLETED,2026-03-19,31.9
ETL_ORD_009897,CUST_00150,188.38,COMPLETED,2026-03-02,3.84
ETL_ORD_009898,CUST_01744,1048.56,COMPLETED,2026-03-26,43.8
ETL_ORD_009899,CUST_01750,1015.99,PENDING,2026-03-13,39.51
ETL_ORD_009900,CUST_01071,718.33,COMPLETED,2026-03-10,5.97
ETL_ORD_009901,CUST_00905,1237.81,COMPLETED,2026-03-09,31.34
ETL_ORD_009902,CUST_01258,1257.91,PENDING,2026-03-02,21.45
ETL_ORD_009903,CUST_01615,702.83,COMPLETED,2026-03-02,12.82
ETL_ORD_009904,CUST_00137,1458.21,COMPLETED,2026-03-04,10.37
ETL_ORD_009905,CUST_00038,1180.82,COMPLETED,2026-03-23,11.69
ETL_ORD_009906,CUST_01739,1070.19,PENDING,2026-03-04,39.6
ETL_ORD_009907,CUST_01153,1239.8,COMPLETED,2026-03-07,36.95
ETL_ORD_009908,CUST_00957,1048.42,INVALID_STATUS,2026-03-13,37.17
ETL_ORD_009909,CUST_00231,262.92,COMPLETED,2026-03-24,26.61
ETL_ORD_009910,CUST_00940,647.07,COMPLETED,2026-03-18,6.05
ETL_ORD_009911,CUST_00506,943.69,CANCELLED,2026-03-12,20.34
ETL_ORD_009912,CUST_01322,1100.57,COMPLETED,2026-03-24,13.64
ETL_ORD_009913,CUST_00255,201.27,COMPLETED,2026-03-24,37.29
ETL_ORD_009914,CUST_01708,1048.17,COMPLETED,2026-03-04,21.84
ETL_ORD_009915,CUST_01968,1090.09,COMPLETED,2026-03-12,27.33
ETL_ORD_009916,CUST_01486,1302.5,COMPLETED,2026-03-16,2.11
ETL_ORD_009917,CUST_00420,1327.94,COMPLETED,2026-03-08,14.09
ETL_ORD_009918,CUST_01830,96.56,COMPLETED,2026-03-28,18.37
ETL_ORD_009919,CUST_00530,896.09,COMPLETED,2026-03-25,22.06
ETL_ORD_009920,CUST_00313,438.99,COMPLETED,2026-03-16,7.94
ETL_ORD_009921,CUST_00796,1297.14,COMPLETED,2026-03-17,30.3
ETL_ORD_009922,CUST_00810,713.84,CANCELLED,2026-03-08,39.23
ETL_ORD_009923,CUST_01283,368.87,COMPLETED,2026-03-15,20.47
ETL_ORD_009924,CUST_00994,1256.28,COMPLETED,2026-03-28,46.21
ETL_ORD_009925,CUST_01362,1468.56,COMPLETED,2026-03-24,35.07
ETL_ORD_009926,CUST_00112,576.27,COMPLETED,2026-03-08,31.42
ETL_ORD_009927,CUST_01795,580.19,COMPLETED,2026-03-06,24.99
ETL_ORD_009928,CUST_01027,473.73,COMPLETED,2026-03-03,16.14
ETL_ORD_009929,CUST_01734,1096.83,COMPLETED,2026-03-02,19.67
ETL_ORD_009930,CUST_01250,1246.59,COMPLETED,2026-03-18,9.28
ETL_ORD_009931,CUST_01517,911.62,COMPLETED,2026-03-26,39.84
ETL_ORD_009932,CUST_01067,397.06,COMPLETED,2026-03-09,10.63
ETL_ORD_009933,CUST_00043,-10.0,COMPLETED,2026-03-13,43.16
ETL_ORD_009934,CUST_00743,92.34,COMPLETED,2026-03-23,37.93
ETL_ORD_009935,CUST_00692,1013.54,COMPLETED,2026-03-24,24.42
ETL_ORD_009936,CUST_01748,836.63,COMPLETED,2026-03-18,20.88
ETL_ORD_009937,CUST_00435,403.16,COMPLETED,2026-03-22,0.82
ETL_ORD_009938,CUST_00076,782.81,COMPLETED,2026-03-20,28.6
ETL_ORD_009939,CUST_01117,1012.56,PENDING,2026-03-11,37.69
ETL_ORD_009940,CUST_00180,723.6,COMPLETED,2026-03-02,44.96
ETL_ORD_009941,CUST_00236,1296.32,COMPLETED,2026-03-07,31.74
ETL_ORD_009942,CUST_01165,1032.66,PENDING,2026-03-27,32.38
ETL_ORD_009943,CUST_01472,958.15,COMPLETED,2026-03-04,45.98
ETL_ORD_009944,CUST_01765,1490.26,COMPLETED,2026-03-24,28.76
ETL_ORD_009945,CUST_00715,243.05,PENDING,2026-03-03,33.83
ETL_ORD_009946,CUST_01463,42.4,COMPLETED,2026-03-24,6.77
ETL_ORD_009947,CUST_00007,-10.0,COMPLETED,2026-03-14,34.38
ETL_ORD_009948,CUST_01948,1266.37,COMPLETED,2026-03-10,46.05
ETL_ORD_009949,CUST_01158,1386.45,COMPLETED,2026-03-22,14.19
ETL_ORD_009950,CUST_00035,353.7,COMPLETED,2026-03-14,33.97
ETL_ORD_009951,CUST_01761,262.59,COMPLETED,2026-03-29,19.29
ETL_ORD_009952,CUST_00828,1233.81,COMPLETED,2026-03-24,2.35
ETL_ORD_009953,CUST_01471,1222.1,PENDING,2026-03-19,31.01
ETL_ORD_009954,CUST_00814,787.17,COMPLETED,2026-03-01,31.32
ETL_ORD_009955,CUST_01842,81.01,COMPLETED,2026-03-22,33.29
ETL_ORD_009956,CUST_00486,112.78,COMPLETED,2026-03-28,18.44
ETL_ORD_009957,CUST_01937,1079.16,COMPLETED,2026-03-10,46.08
ETL_ORD_009958,CUST_00625,1368.42,CANCELLED,2026-03-28,34.56
ETL_ORD_009959,CUST_01878,1276.95,COMPLETED,2026-03-27,36.61
ETL_ORD_009960,CUST_00423,1349.04,COMPLETED,2026-03-02,39.23
ETL_ORD_009961,CUST_01312,970.54,COMPLETED,2026-03-03,22.42
ETL_ORD_009962,CUST_01018,1136.12,CANCELLED,2026-03-19,1.92
ETL_ORD_009963,CUST_01996,301.57,PENDING,2026-03-08,19.01
ETL_ORD_009964,CUST_00272,28.26,COMPLETED,2026-03-11,24.1
ETL_ORD_009965,CUST_00778,1262.67,COMPLETED,2026-03-24,4.24
ETL_ORD_009966,CUST_01028,827.75,PENDING,2026-03-29,12.02
ETL_ORD_009967,CUST_01501,-10.0,COMPLETED,2026-03-25,4.21
ETL_ORD_009968,CUST_00199,713.65,COMPLETED,2026-03-06,5.25
ETL_ORD_009969,CUST_01707,1402.93,COMPLETED,2026-03-15,20.86
ETL_ORD_009970,CUST_00764,46.23,COMPLETED,2026-03-18,21.74
ETL_ORD_009971,CUST_01576,444.04,COMPLETED,2026-03-22,3.06
ETL_ORD_009972,CUST_01884,1435.4,COMPLETED,2026-03-08,40.63
ETL_ORD_009973,CUST_00331,968.8,COMPLETED,2026-03-03,41.76
ETL_ORD_009974,CUST_01881,313.37,COMPLETED,2026-03-23,47.5
ETL_ORD_009975,CUST_00650,-10.0,COMPLETED,2026-03-25,36.55
ETL_ORD_009976,CUST_00605,891.83,COMPLETED,2026-03-22,47.33
ETL_ORD_009977,CUST_01270,132.93,CANCELLED,2026-03-15,2.25
ETL_ORD_009978,CUST_00024,1157.38,COMPLETED,2026-03-06,32.05
ETL_ORD_009979,CUST_00101,524.51,COMPLETED,2026-03-22,43.41
ETL_ORD_009980,CUST_00805,998.24,COMPLETED,2026-03-06,32.45
ETL_ORD_009981,CUST_01403,1226.08,COMPLETED,2026-03-10,19.24
ETL_ORD_009982,CUST_01159,240.53,INVALID_STATUS,2026-03-25,1.17
ETL_ORD_009983,CUST_01173,104.76,COMPLETED,2026-03-25,37.68
ETL_ORD_009984,CUST_00937,32.36,COMPLETED,2026-03-09,48.46
ETL_ORD_009985,CUST_01494,1186.13,COMPLETED,2026-03-17,42.23
ETL_ORD_009986,CUST_00370,1052.98,COMPLETED,2026-03-13,7.28
ETL_ORD_009987,CUST_01966,467.24,COMPLETED,2026-03-28,31.51
ETL_ORD_009988,CUST_01257,353.5,COMPLETED,2026-03-08,36.07
ETL_ORD_009989,CUST_00457,207.07,COMPLETED,2026-03-23,17.48
ETL_ORD_009990,CUST_01947,440.64,COMPLETED,2026-03-27,4.51
ETL_ORD_009991,CUST_00500,161.24,PENDING,2026-03-28,44.8
ETL_ORD_009992,CUST_00539,1196.69,PENDING,2026-03-19,48.26
ETL_ORD_009993,CUST_00108,49.62,COMPLETED,2026-03-20,35.91
ETL_ORD_009994,CUST_00749,1461.64,COMPLETED,2026-03-08,24.48
ETL_ORD_009995,CUST_01971,457.66,CANCELLED,2026-03-15,45.99
ETL_ORD_009996,CUST_00317,546.07,COMPLETED,2026-03-03,5.9
ETL_ORD_009997,CUST_00934,94.89,PENDING,2026-03-22,40.0
ETL_ORD_009998,CUST_01742,1403.29,COMPLETED,2026-03-04,9.22
ETL_ORD_009999,CUST_00628,288.34,COMPLETED,2026-03-26,7.88
ETL_ORD_010000,CUST_00653,523.59,COMPLETED,2026-03-04,30.98
